[
  {
    "url": "http://hd.8264.com/xianlu-169309",
    "img": "http://img.qunawan.com/ecmme/wan/xl/goods/20170720/201707201300159820_listfull.jpg",
    "title": "雪山之巅 冰雪技术山峰 骆驼峰攀登计划（6日行程）",
    "money": "5800",
    "date": "10/13",
    "city": "成都"
  },
  {
    "url": "http://hd.8264.com/xianlu-169665",
    "img": "http://img.qunawan.com/ecmme/wan/xl/goods/20170728/201707281533242696_listfull.jpg",
    "title": "稻亚经典 海螺沟 新都桥 稻城亚深度摄影（7日行程）",
    "money": "3280",
    "date": "09/22",
    "city": "成都"
  },
  {
    "url": "http://hd.8264.com/xianlu-114383",
    "img": "http://img.qunawan.com/ecmme/wan/xl/goods/20160721/201607211507304803_listfull.jpg",
    "title": "云南虎跳峡 香格里拉 梅里雪山 雨崩徒步（6日行程）",
    "money": "1600",
    "date": "09/24",
    "city": "丽江"
  },
  {
    "url": "http://hd.8264.com/xianlu-233",
    "img": "http://img.qunawan.com/ecmme/wan/xl/goods/20170719/201707191628145339_listfull.jpg",
    "title": "珠峰东坡嘎玛沟徒步（13日行程）",
    "money": "8980",
    "date": "09/30",
    "city": "拉萨"
  },
  {
    "url": "http://hd.8264.com/xianlu-5220",
    "img": "http://img.qunawan.com/ecmme/wan/xl/goods/20170719/201707191617161109_listfull.jpg",
    "title": "四姑娘雪山之巅长坪沟徒步适 二峰攀登（5日行程）",
    "money": "2180",
    "date": "09/22",
    "city": "成都"
  },
  {
    "url": "http://hd.8264.com/xianlu-160855",
    "img": "http://img.qunawan.com/ecmme/wan/xl/goods/20170324/201703241132121750_listfull.jpg",
    "title": "秘境系列 横断最美 党岭仙境葫芦海 卓雍措（3日行程）",
    "money": "880",
    "date": "09/22",
    "city": "成都"
  },
  {
    "url": "http://hd.8264.com/xianlu-171533",
    "img": "http://img.qunawan.com/ecmme/wan/xl/goods/20170905/201709051902225907_listfull.png",
    "title": "2017 经典徒步路线四姑娘山长坪沟穿越毕棚沟（6日行程）",
    "money": "2380",
    "date": "09/22",
    "city": "成都"
  },
  {
    "url": "http://hd.8264.com/xianlu-170490",
    "img": "http://img.qunawan.com/ecmme/wan/xl/goods/20170817/201708172006242253_listfull.jpg",
    "title": "2017国庆阿里 冈仁波齐那年转山只为贴着你的温暖（16日行程）",
    "money": "6600",
    "date": "09/23",
    "city": "拉萨"
  },
  {
    "url": "http://hd.8264.com/xianlu-5143",
    "img": "http://img.qunawan.com/ecmme/wan/xl/goods/20170719/201707191622421872_listfull.jpg",
    "title": "国庆节 标准团四姑娘雪山之巅三峰5355攀登计划（4日行程）",
    "money": "2580",
    "date": "09/25",
    "city": "成都"
  },
  {
    "url": "http://hd.8264.com/xianlu-164994",
    "img": "http://img.qunawan.com/ecmme/wan/xl/goods/20170517/201705171617552804_listfull.jpeg",
    "title": "秘境穿越B线 天人合一的秘境 莫斯卡 金川情人海深度穿越（7日行程）",
    "money": "2780",
    "date": "10/01",
    "city": "成都"
  },
  {
    "url": "http://hd.8264.com/xianlu-169700",
    "img": "http://img.qunawan.com/ecmme/wan/xl/goods/20170729/201707292249147103_listfull.jpg",
    "title": "滇藏线丨走向诗和远方 雪域高原遇见末知的自己（10日行程）",
    "money": "6280",
    "date": "09/23",
    "city": "丽江"
  },
  {
    "url": "http://hd.8264.com/xianlu-154839",
    "img": "http://img.qunawan.com/ecmme/wan/xl/goods/20170106/201701061622162605_listfull.jpg",
    "title": "色达禅心祈福 丹巴甲居藏寨 越野车环线之旅（4日行程）",
    "money": "1480",
    "date": "09/23",
    "city": "成都"
  },
  {
    "url": "http://hd.8264.com/xianlu-146875",
    "img": "http://img.qunawan.com/ecmme/wan/xl/goods/20161124/201611241114308153_listfull.jpg",
    "title": "西部攀登 四姑娘山大峰攀登 人生的第一座雪山（3日行程）",
    "money": "1280",
    "date": "09/22",
    "city": "成都"
  },
  {
    "url": "http://hd.8264.com/xianlu-127648",
    "img": "http://img.qunawan.com/ecmme/wan/xl/goods/20160905/201609051728331635_listfull.jpg",
    "title": "贡嘎全线徒步穿越 挑战极限之旅（7日行程）",
    "money": "2880",
    "date": "09/24",
    "city": "成都"
  },
  {
    "url": "http://hd.8264.com/xianlu-170343",
    "img": "http://img.qunawan.com/ecmme/wan/xl/goods/20170815/201708151134259029_listfull.jpg",
    "title": "2017国庆 四姑娘二峰长平沟穿越毕棚沟（6日行程）",
    "money": "3000",
    "date": "09/23",
    "city": "成都"
  },
  {
    "url": "http://hd.8264.com/xianlu-148747",
    "img": "http://img.qunawan.com/ecmme/wan/xl/goods/20161201/201612011408036437_listfull.jpg",
    "title": "秘境环线B线 世间纯净之地莫斯卡 梦幻仙境党龄葫芦海（6日行程）",
    "money": "2480",
    "date": "09/23",
    "city": "成都"
  },
  {
    "url": "http://hd.8264.com/xianlu-172031",
    "img": "http://img.qunawan.com/ecmme/wan/xl/goods/20170915/201709151615298222_listfull.jpg",
    "title": "直到遇见你 稻城亚丁（7日行程）",
    "money": "3880",
    "date": "09/29",
    "city": "成都"
  },
  {
    "url": "http://hd.8264.com/xianlu-160321",
    "img": "http://img.qunawan.com/ecmme/wan/xl/goods/20170317/201703171021469209_listfull.jpg",
    "title": "踏寻户外雪山梦初级技术型雪山攀登体验四姑娘山三峰（4日行程）",
    "money": "1880",
    "date": "09/22",
    "city": "成都"
  },
  {
    "url": "http://hd.8264.com/xianlu-117323",
    "img": "http://img.qunawan.com/ecmme/wan/xl/goods/20170809/201708091631547333_listfull.jpg",
    "title": "穿越滇川藏 云南香格里拉 梅里雪山 雨崩 四川稻城亚丁（10日行程）",
    "money": "3880",
    "date": "09/24",
    "city": "丽江"
  },
  {
    "url": "http://hd.8264.com/xianlu-164992",
    "img": "http://img.qunawan.com/ecmme/wan/xl/goods/20170517/201705171601346229_listfull.jpg",
    "title": "秘境穿越A线 横断山脉秘境之地 党岭道孚徒步穿越（6日行程）",
    "money": "2980",
    "date": "10/01",
    "city": "成都"
  }
]