[
  {
    "url": "http://hd.8264.com/xianlu-163916",
    "img": "http://img.qunawan.com/ecmme/wan/xl/goods/20170508/201705081950413986_listfull.jpg",
    "title": "来五台山日照山庄露营啦（1日行程）",
    "money": "50",
    "date": "09/22",
    "city": "五台"
  },
  {
    "url": "http://hd.8264.com/xianlu-163743",
    "img": "http://img.qunawan.com/ecmme/wan/xl/goods/20170505/201705050210306159_listfull.png",
    "title": "火车团 库布齐沙漠 库布其 公主府 大召寺 库不齐 库不其（2日行程）",
    "money": "298",
    "date": "09/23",
    "city": "北京"
  },
  {
    "url": "http://hd.8264.com/xianlu-163281",
    "img": "http://img.qunawan.com/ecmme/wan/xl/goods/20170717/201707171023262391_listfull.jpg",
    "title": "川藏线 川藏线包车 稻城亚丁 四驱越野车拼车包车（10日行程）",
    "money": "3800",
    "date": "09/22",
    "city": "成都"
  },
  {
    "url": "http://hd.8264.com/xianlu-163144",
    "img": "http://img.qunawan.com/ecmme/wan/xl/goods/20170425/201704250947415104_listfull.jpg",
    "title": "中国仙本那 湖北恩施大峡谷 鹿院坪 清江古河床（3日行程）",
    "money": "699",
    "date": "09/23",
    "city": "恩施"
  },
  {
    "url": "http://hd.8264.com/xianlu-162598",
    "img": "http://img.qunawan.com/ecmme/wan/xl/goods/20170419/201704190912039026_listfull.jpg",
    "title": "2017年最后的香格里拉稻城亚丁 来古冰川 川藏南线（11日行程）",
    "money": "5800",
    "date": "09/28",
    "city": "成都"
  },
  {
    "url": "http://hd.8264.com/xianlu-161752",
    "img": "http://img.qunawan.com/ecmme/wan/xl/goods/20170504/201705041525457889_listfull.jpg",
    "title": "川藏线上等你一起喝酒走四方 赠送最新川藏线地图（9日行程）",
    "money": "2000",
    "date": "09/22",
    "city": "成都"
  },
  {
    "url": "http://hd.8264.com/xianlu-162936",
    "img": "http://img.qunawan.com/ecmme/wan/xl/goods/20170421/201704211508064550_listfull.jpg",
    "title": "绩溪 高山沙漠（3日行程）",
    "money": "159",
    "date": "09/22",
    "city": "上海"
  },
  {
    "url": "http://hd.8264.com/xianlu-161170",
    "img": "http://img.qunawan.com/ecmme/wan/xl/goods/20170405/201704051602491240_listfull.jpg",
    "title": "阿里大北线 岗仁波齐 古格王朝遗址 珠峰大本营纳木错深度游（14日行程）",
    "money": "6480",
    "date": "09/22",
    "city": "拉萨"
  },
  {
    "url": "http://hd.8264.com/xianlu-161075",
    "img": "http://img.qunawan.com/ecmme/wan/xl/goods/20170328/201703281146573872_listfull.jpg",
    "title": "色达 稻城亚丁 经典川西行摄游 VIP精品小包团（8日行程）",
    "money": "3580",
    "date": "09/22",
    "city": "成都"
  },
  {
    "url": "http://hd.8264.com/xianlu-160670",
    "img": "http://img.qunawan.com/ecmme/wan/xl/goods/20170322/201703221345099601_listfull.jpg",
    "title": "雁荡山（3日行程）",
    "money": "159",
    "date": "09/22",
    "city": "上海"
  },
  {
    "url": "http://hd.8264.com/xianlu-160699",
    "img": "http://img.qunawan.com/ecmme/wan/xl/goods/20170322/201703221333166444_listfull.jpg",
    "title": "攀登哈巴雪山 黑海徒步露营（5日行程）",
    "money": "4268",
    "date": "09/25",
    "city": "丽江"
  },
  {
    "url": "http://hd.8264.com/xianlu-159969",
    "img": "http://img.qunawan.com/ecmme/wan/xl/goods/20170314/201703141220533936_listfull.jpg",
    "title": "国庆深秋 海螺沟 稻城亚丁 丹巴藏寨 四姑娘山环线深度行摄（9日行程）",
    "money": "3180",
    "date": "09/23",
    "city": "成都"
  },
  {
    "url": "http://hd.8264.com/xianlu-159613",
    "img": "http://img.qunawan.com/ecmme/wan/xl/goods/20170308/201703081532596245_listfull.jpg",
    "title": "川藏户外拼车 包车自驾游（18日行程）",
    "money": "2880",
    "date": "09/22",
    "city": "成都"
  },
  {
    "url": "http://hd.8264.com/xianlu-159341",
    "img": "http://img.qunawan.com/ecmme/wan/xl/goods/20170305/201703051431187784_listfull.jpg",
    "title": "嘉绒户外 冰雪技术型山峰 半脊峰攀登计划（8日行程）",
    "money": "6800",
    "date": "09/28",
    "city": "成都"
  },
  {
    "url": "http://hd.8264.com/xianlu-158956",
    "img": "http://img.qunawan.com/ecmme/wan/xl/goods/20170911/201709112059459887_listfull.jpg",
    "title": "登顶入门级哈巴雪山计划书之第四种线路版（6日行程）",
    "money": "5880",
    "date": "09/22",
    "city": "丽江"
  },
  {
    "url": "http://hd.8264.com/xianlu-158420",
    "img": "http://img.qunawan.com/ecmme/wan/xl/goods/20170901/201709011340366304_listfull.jpg",
    "title": "香格里拉 普达措 梅里雪山 泸沽湖摄影之路（6日行程）",
    "money": "2380",
    "date": "09/24",
    "city": "丽江"
  },
  {
    "url": "http://hd.8264.com/xianlu-157174",
    "img": "http://img.qunawan.com/ecmme/wan/xl/goods/20170411/201704111220084768_listfull.jpg",
    "title": "朝圣蜀山之王 贡嘎徒步转山 贡嘎大环线完美穿越 多年品质专注（7日行程）",
    "money": "2880",
    "date": "09/23",
    "city": "成都"
  },
  {
    "url": "http://hd.8264.com/xianlu-157000",
    "img": "http://img.qunawan.com/ecmme/wan/xl/goods/20170901/201709011438277298_listfull.jpg",
    "title": "云南哈巴雪山攀登计划5396米（4日行程）",
    "money": "2888",
    "date": "09/22",
    "city": "丽江"
  },
  {
    "url": "http://hd.8264.com/xianlu-156482",
    "img": "http://img.qunawan.com/ecmme/wan/xl/goods/20170203/201702031750381892_listfull.jpeg",
    "title": "觅途纯玩户外 香格里拉 梅里雪山 雨崩徒步（6日行程）",
    "money": "1680",
    "date": "09/24",
    "city": "丽江"
  },
  {
    "url": "http://hd.8264.com/xianlu-156332",
    "img": "http://img.qunawan.com/ecmme/wan/xl/goods/20170124/201701242323258990_listfull.png",
    "title": "西部徒步 360 观景平台四人同震撼来袭（3日行程）",
    "money": "480",
    "date": "09/22",
    "city": "成都"
  }
]