[
  {
    "url": "http://hd.8264.com/xianlu-159582",
    "img": "http://img.qunawan.com/ecmme/wan/xl/goods/20170308/201703081327118241_listfull.jpg",
    "title": "吴中341米穹窿山古道 木渎古镇（1日行程）",
    "money": "99",
    "date": "09/23",
    "city": "上海"
  },
  {
    "url": "http://hd.8264.com/xianlu-159584",
    "img": "http://img.qunawan.com/ecmme/wan/xl/goods/20170308/201703081331484490_listfull.jpg",
    "title": "歙县 新安江（1日行程）",
    "money": "189",
    "date": "09/22",
    "city": "上海"
  },
  {
    "url": "http://hd.8264.com/xianlu-160574",
    "img": "http://img.qunawan.com/ecmme/wan/xl/goods/20170321/201703211452211166_listfull.jpg",
    "title": "七彩云南D线 徒步者天堂之雨崩村 寻找香巴拉 朝圣梅里雪山（7日行程）",
    "money": "1980",
    "date": "09/25",
    "city": "丽江"
  },
  {
    "url": "http://hd.8264.com/xianlu-159533",
    "img": "http://img.qunawan.com/ecmme/wan/xl/goods/20170307/201703071717267997_listfull.png",
    "title": "穿越腾格里沙漠（3日行程）",
    "money": "2280",
    "date": "09/22",
    "city": "兰州"
  },
  {
    "url": "http://hd.8264.com/xianlu-159953",
    "img": "http://img.qunawan.com/ecmme/wan/xl/goods/20170314/201703141023596962_listfull.jpg",
    "title": "四姑娘山长坪沟徒步适应高海拔 二峰攀登 初级雪山攀登（6日行程）",
    "money": "2480",
    "date": "09/30",
    "city": "成都"
  },
  {
    "url": "http://hd.8264.com/xianlu-159483",
    "img": "http://img.qunawan.com/ecmme/wan/xl/goods/20170307/201703071123045943_listfull.jpg",
    "title": "九寨沟 黄龙 色达喇荣五明佛学院 达古冰川经典游（7日行程）",
    "money": "3580",
    "date": "09/23",
    "city": "成都"
  },
  {
    "url": "http://hd.8264.com/xianlu-159462",
    "img": "http://img.qunawan.com/ecmme/wan/xl/goods/20170306/201703062354555162_listfull.jpg",
    "title": "平遥古城 乔家大院 览美景 吃美食 休闲游（2日行程）",
    "money": "280",
    "date": "09/23",
    "city": "北京"
  },
  {
    "url": "http://hd.8264.com/xianlu-160941",
    "img": "http://img.qunawan.com/ecmme/wan/xl/goods/20170326/201703260554297711_listfull.jpg",
    "title": "祖国最北部冰点漠河 最冷北极村 最北北红村 圣诞村滑雪（4日行程）",
    "money": "1380",
    "date": "09/28",
    "city": "大兴"
  },
  {
    "url": "http://hd.8264.com/xianlu-159435",
    "img": "http://img.qunawan.com/ecmme/wan/xl/goods/20170306/201703061707331804_listfull.jpg",
    "title": "塞北天漠 最美乡村柳沟火盆锅豆腐宴 龙门飞甲 拍摄地天漠（1日行程）",
    "money": "116",
    "date": "09/23",
    "city": "北京"
  },
  {
    "url": "http://hd.8264.com/xianlu-171890",
    "img": "http://img.qunawan.com/ecmme/wan/xl/goods/20170913/201709131507562232_listfull.jpg",
    "title": "雪山挑战 四姑娘山二峰 经典徒步 长穿毕（6日行程）",
    "money": "3000",
    "date": "10/01",
    "city": "成都"
  },
  {
    "url": "http://hd.8264.com/xianlu-159411",
    "img": "http://img.qunawan.com/ecmme/wan/xl/goods/20170306/201703061359178364_listfull.jpg",
    "title": "川藏南线 稻城亚丁 羊湖朝圣拼车游 可青藏线返程（11日行程）",
    "money": "4000",
    "date": "09/24",
    "city": "成都"
  },
  {
    "url": "http://hd.8264.com/xianlu-159438",
    "img": "http://img.qunawan.com/ecmme/wan/xl/goods/20170306/201703061717174248_listfull.jpg",
    "title": "走进 爸爸去哪儿 拍摄地灵水举人村 古村爨底下 品尝美（1日行程）",
    "money": "125",
    "date": "09/23",
    "city": "北京"
  },
  {
    "url": "http://hd.8264.com/xianlu-159405",
    "img": "http://img.qunawan.com/ecmme/wan/xl/goods/20170306/201703061219532119_listfull.jpeg",
    "title": "最美高原风光 十里看桃花 探秘西藏 滇藏线寻梦之旅（9日行程）",
    "money": "3880",
    "date": "09/24",
    "city": "丽江"
  },
  {
    "url": "http://hd.8264.com/xianlu-159402",
    "img": "http://img.qunawan.com/ecmme/wan/xl/goods/20170306/201703061158207727_listfull.jpg",
    "title": "从你的全世界路过 走进香格里拉 佛国色达 稻城亚丁经典行摄（8日行程）",
    "money": "3280",
    "date": "09/22",
    "city": "成都"
  },
  {
    "url": "http://hd.8264.com/xianlu-159397",
    "img": "http://img.qunawan.com/ecmme/wan/xl/goods/20170306/201703061125223642_listfull.jpg",
    "title": "雪山攀登 四姑娘山长坪沟徒步 二峰攀登 尝试初级雪山攀登（6日行程）",
    "money": "2480",
    "date": "09/30",
    "city": "成都"
  },
  {
    "url": "http://hd.8264.com/xianlu-159393",
    "img": "http://img.qunawan.com/ecmme/wan/xl/goods/20170306/201703061106514651_listfull.jpg",
    "title": "蜀山传奇 朝拜蜀山之王 四姑娘山丹巴新都桥贡嘎山伍须海摄影（8日行程）",
    "money": "2780",
    "date": "09/23",
    "city": "成都"
  },
  {
    "url": "http://hd.8264.com/xianlu-159401",
    "img": "http://img.qunawan.com/ecmme/wan/xl/goods/20170306/201703061153074801_listfull.jpg",
    "title": "感受梦幻色彩 九寨沟黄龙年保玉则九曲黄河十八弯花湖行摄（8日行程）",
    "money": "2980",
    "date": "09/23",
    "city": "成都"
  },
  {
    "url": "http://hd.8264.com/xianlu-159344",
    "img": "http://img.qunawan.com/ecmme/wan/xl/goods/20170305/201703051530572059_listfull.jpg",
    "title": "凉台沟鸳鸯湖徒步 露营 摄影 观光（3日行程）",
    "money": "480",
    "date": "09/22",
    "city": "成都"
  },
  {
    "url": "http://hd.8264.com/xianlu-159325",
    "img": "http://img.qunawan.com/ecmme/wan/xl/goods/20170304/201703041741239929_listfull.jpg",
    "title": "阿里北线 极致旅行 阿里大北线 西藏全境穿越 让灵魂去呼吸（13日行程）",
    "money": "6800",
    "date": "09/22",
    "city": "成都"
  },
  {
    "url": "http://hd.8264.com/xianlu-159320",
    "img": "http://img.qunawan.com/ecmme/wan/xl/goods/20170305/201703051113078639_listfull.png",
    "title": "2017精品丝路 全国独家丝绸之路精品高品质深度体（9日行程）",
    "money": "4500",
    "date": "09/23",
    "city": "西宁"
  }
]