[
  {
    "url": "http://hd.8264.com/xianlu-159316",
    "img": "http://img.qunawan.com/ecmme/wan/xl/goods/20170304/201703041612459039_listfull.jpg",
    "title": "助你登上半脊之巅（8日行程）",
    "money": "6200",
    "date": "09/28",
    "city": "成都"
  },
  {
    "url": "http://hd.8264.com/xianlu-159315",
    "img": "http://img.qunawan.com/ecmme/wan/xl/goods/20170304/201703041639211897_listfull.jpg",
    "title": "亲子游绝佳线路 深入呼伦贝尔草原大环线（6日行程）",
    "money": "2780",
    "date": "09/22",
    "city": "呼伦"
  },
  {
    "url": "http://hd.8264.com/xianlu-159299",
    "img": "http://img.qunawan.com/ecmme/wan/xl/goods/20170304/201703041012125995_listfull.jpg",
    "title": "2017年醉美伊犁 独库公路 深度赏花之旅 专属定制 自由行（7日行程）",
    "money": "3250",
    "date": "09/22",
    "city": "乌鲁"
  },
  {
    "url": "http://hd.8264.com/xianlu-159295",
    "img": "http://img.qunawan.com/ecmme/wan/xl/goods/20170304/201703040831229367_listfull.jpg",
    "title": "新疆环北疆纯玩深度经典线路（12日行程）",
    "money": "1980",
    "date": "09/22",
    "city": "乌鲁"
  },
  {
    "url": "http://hd.8264.com/xianlu-159283",
    "img": "http://img.qunawan.com/ecmme/wan/xl/goods/20170303/201703031033383565_listfull.png",
    "title": "全新别克7座豪华商务包车（1日行程）",
    "money": "200",
    "date": "09/22",
    "city": "西宁"
  },
  {
    "url": "http://hd.8264.com/xianlu-159278",
    "img": "http://img.qunawan.com/ecmme/wan/xl/goods/20170303/201703031740331894_listfull.jpg",
    "title": "民族游 云南西双版纳 探访北回归线以南多彩少数民族游（8日行程）",
    "money": "4980",
    "date": "10/07",
    "city": "昆明"
  },
  {
    "url": "http://hd.8264.com/xianlu-159214",
    "img": "http://img.qunawan.com/ecmme/wan/xl/goods/20170327/201703271109072508_listfull.jpg",
    "title": "川藏线 佛国圣地色达 稻城亚丁 环线朝圣拼车游（11日行程）",
    "money": "4380",
    "date": "09/23",
    "city": "成都"
  },
  {
    "url": "http://hd.8264.com/xianlu-159193",
    "img": "http://img.qunawan.com/ecmme/wan/xl/goods/20170303/201703031103458884_listfull.jpg",
    "title": "朝拜蜀山之王 贡嘎山西南坡经典轻装徒步 不露营（6日行程）",
    "money": "2280",
    "date": "09/30",
    "city": "安庆"
  },
  {
    "url": "http://hd.8264.com/xianlu-162638",
    "img": "http://img.qunawan.com/ecmme/wan/xl/goods/20170419/201704191052383340_listfull.jpg",
    "title": "漠河 呼伦贝尔 全程边境线特色深度行 走进兴安岭 穿越大草原（7日行程）",
    "money": "1680",
    "date": "09/25",
    "city": "大兴"
  },
  {
    "url": "http://hd.8264.com/xianlu-159154",
    "img": "http://img.qunawan.com/ecmme/wan/xl/goods/20170302/201703021715086283_listfull.jpg",
    "title": "尼泊尔安纳普尔纳登山大本营ABC 布恩山徒步（13日行程）",
    "money": "4580",
    "date": "10/01",
    "city": "加德"
  },
  {
    "url": "http://hd.8264.com/xianlu-159110",
    "img": "http://img.qunawan.com/ecmme/wan/xl/goods/20170302/201703021414017480_listfull.jpg",
    "title": "色达 丹巴 全程越野 拼车自驾 探寻心中的色达（4日行程）",
    "money": "1180",
    "date": "09/22",
    "city": "成都"
  },
  {
    "url": "http://hd.8264.com/xianlu-159082",
    "img": "http://img.qunawan.com/ecmme/wan/xl/goods/20170302/201703021231022925_listfull.jpg",
    "title": "泸沽湖 浪漫洛洼岛 情迷泸沽湖（4日行程）",
    "money": "680",
    "date": "09/22",
    "city": "成都"
  },
  {
    "url": "http://hd.8264.com/xianlu-163645",
    "img": "http://img.qunawan.com/ecmme/wan/xl/goods/20170504/201705041524457693_listfull.jpg",
    "title": "色达稻城 佛地 净土 经典川西环线自驾拼车自由行（8日行程）",
    "money": "2280",
    "date": "09/22",
    "city": "成都"
  },
  {
    "url": "http://hd.8264.com/xianlu-159021",
    "img": "http://img.qunawan.com/ecmme/wan/xl/goods/20170301/201703011632491686_listfull.jpg",
    "title": "随意游 最后的色达 满满的思绪 剪不断 理还乱（4日行程）",
    "money": "780",
    "date": "09/22",
    "city": "成都"
  },
  {
    "url": "http://hd.8264.com/xianlu-159013",
    "img": "http://img.qunawan.com/ecmme/wan/xl/goods/20170301/201703011542007006_listfull.jpg",
    "title": "九色甘南 九曲 花湖 扎尕那 郎木寺 年宝玉则 色达（9日行程）",
    "money": "2000",
    "date": "09/22",
    "city": "成都"
  },
  {
    "url": "http://hd.8264.com/xianlu-159012",
    "img": "http://img.qunawan.com/ecmme/wan/xl/goods/20170301/201703011537193689_listfull.jpg",
    "title": "桐庐 纪龙山（3日行程）",
    "money": "159",
    "date": "09/22",
    "city": "上海"
  },
  {
    "url": "http://hd.8264.com/xianlu-159009",
    "img": "http://img.qunawan.com/ecmme/wan/xl/goods/20170302/201703021050522267_listfull.jpg",
    "title": "西湖503米 龙坞古道（1日行程）",
    "money": "99",
    "date": "09/24",
    "city": "上海"
  },
  {
    "url": "http://hd.8264.com/xianlu-158995",
    "img": "http://img.qunawan.com/ecmme/wan/xl/goods/20170301/201703011352265754_listfull.jpg",
    "title": "色达 丹巴 四姑娘山 全程越野 拼车自驾 探寻心中的色达（4日行程）",
    "money": "1180",
    "date": "09/22",
    "city": "成都"
  },
  {
    "url": "http://hd.8264.com/xianlu-158977",
    "img": "http://img.qunawan.com/ecmme/wan/xl/goods/20170301/201703011313536406_listfull.jpg",
    "title": "蜀山之王 贡嘎雪山 子梅垭口 巴王海 泉华滩 草科温泉（3日行程）",
    "money": "580",
    "date": "09/22",
    "city": "成都"
  },
  {
    "url": "http://hd.8264.com/xianlu-158998",
    "img": "http://img.qunawan.com/ecmme/wan/xl/goods/20170301/201703011404316927_listfull.jpg",
    "title": "花开成海 年保玉则 神座村 红原大草原 花湖 九寨沟（8日行程）",
    "money": "1800",
    "date": "09/22",
    "city": "成都"
  }
]