[
  {
    "url": "http://hd.8264.com/xianlu-158968",
    "img": "http://img.qunawan.com/ecmme/wan/xl/goods/20170301/201703011214415404_listfull.jpg",
    "title": "毕棚沟 纯玩户外队 每天出发 温泉休闲摄影报名中（2日行程）",
    "money": "360",
    "date": "09/22",
    "city": "成都"
  },
  {
    "url": "http://hd.8264.com/xianlu-158966",
    "img": "http://img.qunawan.com/ecmme/wan/xl/goods/20170301/201703011206195235_listfull.jpg",
    "title": "四姑娘山 东方的阿尔卑斯 长坪沟 双桥沟深度体验（2日行程）",
    "money": "360",
    "date": "09/22",
    "city": "成都"
  },
  {
    "url": "http://hd.8264.com/xianlu-159017",
    "img": "http://img.qunawan.com/ecmme/wan/xl/goods/20170301/201703011623372131_listfull.jpg",
    "title": "随意游情定泸沽湖 自驾游（4日行程）",
    "money": "980",
    "date": "09/22",
    "city": "成都"
  },
  {
    "url": "http://hd.8264.com/xianlu-158955",
    "img": "http://img.qunawan.com/ecmme/wan/xl/goods/20170301/201703011138193958_listfull.jpg",
    "title": "黔东南 黄果树 小七孔 黔东南苗寨 侗寨风情奢华休闲游（8日行程）",
    "money": "3699",
    "date": "09/23",
    "city": "贵阳"
  },
  {
    "url": "http://hd.8264.com/xianlu-158950",
    "img": "http://img.qunawan.com/ecmme/wan/xl/goods/20170301/201703011115533258_listfull.jpg",
    "title": "色达 稻城亚丁 佛地 净土 经典川西环线8日自驾拼车自由行（8日行程）",
    "money": "2180",
    "date": "09/29",
    "city": "成都"
  },
  {
    "url": "http://hd.8264.com/xianlu-158948",
    "img": "http://img.qunawan.com/ecmme/wan/xl/goods/20170301/201703011102594202_listfull.jpg",
    "title": "世界那么大 我们壹柒去西藏 川进青出拼车自由行 可分段（18日行程）",
    "money": "4980",
    "date": "09/25",
    "city": "成都"
  },
  {
    "url": "http://hd.8264.com/xianlu-158906",
    "img": "http://img.qunawan.com/ecmme/wan/xl/goods/20170228/201702281943522273_listfull.jpg",
    "title": "遇见三分之一海南 小众游海南 潜水 冲浪（7日行程）",
    "money": "3180",
    "date": "09/23",
    "city": "海口"
  },
  {
    "url": "http://hd.8264.com/xianlu-158901",
    "img": "http://img.qunawan.com/ecmme/wan/xl/goods/20170228/201702281738137187_listfull.jpg",
    "title": "色达加稻城亚丁越野拼车包车（8日行程）",
    "money": "2280",
    "date": "09/22",
    "city": "成都"
  },
  {
    "url": "http://hd.8264.com/xianlu-158859",
    "img": "http://img.qunawan.com/ecmme/wan/xl/goods/20170302/201703021137204724_listfull.jpg",
    "title": "雪山攀登 四姑娘山 三峰 尝试你的第一次雪山技术攀登（5日行程）",
    "money": "2480",
    "date": "10/01",
    "city": "成都"
  },
  {
    "url": "http://hd.8264.com/xianlu-158858",
    "img": "http://img.qunawan.com/ecmme/wan/xl/goods/20170604/201706040248006348_listfull.jpg",
    "title": "2017攀登哈巴雪山报名（4日行程）",
    "money": "2980",
    "date": "09/22",
    "city": "丽江"
  },
  {
    "url": "http://hd.8264.com/xianlu-158819",
    "img": "http://img.qunawan.com/ecmme/wan/xl/goods/20170228/201702281155165482_listfull.jpg",
    "title": "56民族行系列之 醉美贵州（8日行程）",
    "money": "3880",
    "date": "10/07",
    "city": "贵阳"
  },
  {
    "url": "http://hd.8264.com/xianlu-158818",
    "img": "http://img.qunawan.com/ecmme/wan/xl/goods/20170228/201702281152507091_listfull.jpg",
    "title": "川藏线 越野拼车 纯玩 不一样的视觉盛宴（10日行程）",
    "money": "3780",
    "date": "09/24",
    "city": "成都"
  },
  {
    "url": "http://hd.8264.com/xianlu-158800",
    "img": "http://img.qunawan.com/ecmme/wan/xl/goods/20170228/201702281129419895_listfull.jpg",
    "title": "秘境穿越 毗邻九寨黄龙的极致美景 七藏沟徒步（7日行程）",
    "money": "2680",
    "date": "09/30",
    "city": "成都"
  },
  {
    "url": "http://hd.8264.com/xianlu-158797",
    "img": "http://img.qunawan.com/ecmme/wan/xl/goods/20170302/201703021141291379_listfull.jpg",
    "title": "初级雪山攀登 四姑娘山长坪沟徒步 二峰登山（5日行程）",
    "money": "2480",
    "date": "09/30",
    "city": "成都"
  },
  {
    "url": "http://hd.8264.com/xianlu-158766",
    "img": "http://img.qunawan.com/ecmme/wan/xl/goods/20170228/201702281011472476_listfull.jpg",
    "title": "56民族行系探访北回归线（8日行程）",
    "money": "4980",
    "date": "10/07",
    "city": "昆明"
  },
  {
    "url": "http://hd.8264.com/xianlu-158767",
    "img": "http://img.qunawan.com/ecmme/wan/xl/goods/20170228/201702281020287729_listfull.jpg",
    "title": "56民族行探访心目中的世外桃源（8日行程）",
    "money": "3480",
    "date": "10/07",
    "city": "昆明"
  },
  {
    "url": "http://hd.8264.com/xianlu-158762",
    "img": "http://img.qunawan.com/ecmme/wan/xl/goods/20170228/201702281005408798_listfull.jpg",
    "title": "56民族行系列之德宏孔雀之乡云南大理腾冲（9日行程）",
    "money": "2980",
    "date": "09/23",
    "city": "昆明"
  },
  {
    "url": "http://hd.8264.com/xianlu-158753",
    "img": "http://img.qunawan.com/ecmme/wan/xl/goods/20170228/201702280942202047_listfull.jpg",
    "title": "56民族行系列之怒江最后的圣地独龙江（9日行程）",
    "money": "3580",
    "date": "09/23",
    "city": "昆明"
  },
  {
    "url": "http://hd.8264.com/xianlu-158746",
    "img": "http://img.qunawan.com/ecmme/wan/xl/goods/20170228/201702280923518790_listfull.jpg",
    "title": "稻城亚丁四姑娘山丹巴海螺沟（10日行程）",
    "money": "3880",
    "date": "10/19",
    "city": "成都"
  },
  {
    "url": "http://hd.8264.com/xianlu-158717",
    "img": "http://img.qunawan.com/ecmme/wan/xl/goods/20170227/201702271643594233_listfull.png",
    "title": "走进中国最美滩涂摄影圣地 霞浦 每周发团（7日行程）",
    "money": "3188",
    "date": "09/23",
    "city": "宁德"
  }
]