[
  {
    "url": "http://hd.8264.com/xianlu-158689",
    "img": "http://img.qunawan.com/ecmme/wan/xl/goods/20170227/201702271547167853_listfull.jpg",
    "title": "蜀山之王 贡嘎山大环线完美穿越（8日行程）",
    "money": "2880",
    "date": "09/23",
    "city": "成都"
  },
  {
    "url": "http://hd.8264.com/xianlu-158685",
    "img": "http://img.qunawan.com/ecmme/wan/xl/goods/20170227/201702271530143216_listfull.jpg",
    "title": "蜀山皇后四姑娘山长坪沟徒步 二峰攀登（6日行程）",
    "money": "2480",
    "date": "09/30",
    "city": "成都"
  },
  {
    "url": "http://hd.8264.com/xianlu-158626",
    "img": "http://img.qunawan.com/ecmme/wan/xl/goods/20170227/201702271137259478_listfull.jpg",
    "title": "醉美地方串起 年保玉则九曲黄河十八弯若尔盖花湖九寨沟主题游（7日行程）",
    "money": "2980",
    "date": "09/23",
    "city": "成都"
  },
  {
    "url": "http://hd.8264.com/xianlu-158618",
    "img": "http://img.qunawan.com/ecmme/wan/xl/goods/20170227/201702271050506678_listfull.jpg",
    "title": "穿越佛国净土 走进最后香格里拉 色达 稻城亚丁经典之旅（8日行程）",
    "money": "3280",
    "date": "09/22",
    "city": "成都"
  },
  {
    "url": "http://hd.8264.com/xianlu-158566",
    "img": "http://img.qunawan.com/ecmme/wan/xl/goods/20170226/201702261641455852_listfull.jpg",
    "title": "四姑娘山稻城亚丁川藏南线（11日行程）",
    "money": "5680",
    "date": "09/28",
    "city": "成都"
  },
  {
    "url": "http://hd.8264.com/xianlu-158561",
    "img": "http://img.qunawan.com/ecmme/wan/xl/goods/20170226/201702261619119143_listfull.jpg",
    "title": "穿过佛国净土 走进最后香格里拉 色达稻城亚丁（9日行程）",
    "money": "3180",
    "date": "09/22",
    "city": "成都"
  },
  {
    "url": "http://hd.8264.com/xianlu-158555",
    "img": "http://img.qunawan.com/ecmme/wan/xl/goods/20170226/201702261254215977_listfull.jpg",
    "title": "丽江出发 大理洱海双廊风花雪月之旅（2日行程）",
    "money": "580",
    "date": "09/23",
    "city": "丽江"
  },
  {
    "url": "http://hd.8264.com/xianlu-158869",
    "img": "http://img.qunawan.com/ecmme/wan/xl/goods/20170302/201703021129209967_listfull.jpg",
    "title": "川藏南线 中国人文景观大道川藏南线 稻城亚丁来古冰川（10日行程）",
    "money": "5800",
    "date": "09/28",
    "city": "成都"
  },
  {
    "url": "http://hd.8264.com/xianlu-158537",
    "img": "http://img.qunawan.com/ecmme/wan/xl/goods/20170330/201703301754025305_listfull.jpg",
    "title": "九寨环线 黄龙 毕棚沟 九曲日落 若尔盖花湖（7日行程）",
    "money": "2980",
    "date": "09/23",
    "city": "成都"
  },
  {
    "url": "http://hd.8264.com/xianlu-158523",
    "img": "http://img.qunawan.com/ecmme/wan/xl/goods/20170225/201702251527034427_listfull.jpg",
    "title": "新疆全境 宝马X5高大上 包车（1日行程）",
    "money": "650",
    "date": "09/22",
    "city": "乌鲁"
  },
  {
    "url": "http://hd.8264.com/xianlu-158508",
    "img": "http://img.qunawan.com/ecmme/wan/xl/goods/20170224/201702242200389960_listfull.jpg",
    "title": "九寨沟年宝玉则若尔盖环线深度摄影（8日行程）",
    "money": "2880",
    "date": "09/23",
    "city": "成都"
  },
  {
    "url": "http://hd.8264.com/xianlu-158504",
    "img": "http://img.qunawan.com/ecmme/wan/xl/goods/20170224/201702242111511865_listfull.jpg",
    "title": "四姑娘山长坪沟毕棚沟穿越（6日行程）",
    "money": "2380",
    "date": "09/30",
    "city": "成都"
  },
  {
    "url": "http://hd.8264.com/xianlu-158500",
    "img": "http://img.qunawan.com/ecmme/wan/xl/goods/20170224/201702242045432862_listfull.jpg",
    "title": "贡嘎老榆林全线徒步穿越（8日行程）",
    "money": "2780",
    "date": "09/23",
    "city": "成都"
  },
  {
    "url": "http://hd.8264.com/xianlu-158497",
    "img": "http://img.qunawan.com/ecmme/wan/xl/goods/20170224/201702241830586310_listfull.png",
    "title": "新疆风情 北疆环线之旅（11日行程）",
    "money": "9800",
    "date": "09/22",
    "city": "乌鲁"
  },
  {
    "url": "http://hd.8264.com/xianlu-170443",
    "img": "http://img.qunawan.com/ecmme/wan/xl/goods/20170817/201708171009373745_listfull.jpg",
    "title": "川西秘境 玛嘉沟（2日行程）",
    "money": "378",
    "date": "09/22",
    "city": "成都"
  },
  {
    "url": "http://hd.8264.com/xianlu-158481",
    "img": "http://img.qunawan.com/ecmme/wan/xl/goods/20170224/201702241629446965_listfull.jpg",
    "title": "大美九色 九寨沟 佛国色达 深度游（8日行程）",
    "money": "2980",
    "date": "09/30",
    "city": "成都"
  },
  {
    "url": "http://hd.8264.com/xianlu-158498",
    "img": "http://img.qunawan.com/ecmme/wan/xl/goods/20170224/201702241856309635_listfull.png",
    "title": "无人区罗布泊 楼兰古城 深度探险特种（9日行程）",
    "money": "25500",
    "date": "09/22",
    "city": "乌鲁"
  },
  {
    "url": "http://hd.8264.com/xianlu-158465",
    "img": "http://img.qunawan.com/ecmme/wan/xl/goods/20170224/201702241457341655_listfull.png",
    "title": "大海道寻宝探险之旅（4日行程）",
    "money": "7500",
    "date": "09/22",
    "city": "乌鲁"
  },
  {
    "url": "http://hd.8264.com/xianlu-158461",
    "img": "http://img.qunawan.com/ecmme/wan/xl/goods/20170224/201702241501544284_listfull.jpg",
    "title": "七彩云南 西双版纳 少数民族深度行（8日行程）",
    "money": "4980",
    "date": "10/21",
    "city": "昆明"
  },
  {
    "url": "http://hd.8264.com/xianlu-158452",
    "img": "http://img.qunawan.com/ecmme/wan/xl/goods/20170224/201702241418262074_listfull.jpg",
    "title": "醉美自驾川滇青藏 大环线 高标自驾游（18日行程）",
    "money": "14800",
    "date": "10/15",
    "city": "成都"
  }
]