[
  {
    "url": "http://hd.8264.com/xianlu-158460",
    "img": "http://img.qunawan.com/ecmme/wan/xl/goods/20170224/201702241452192182_listfull.jpg",
    "title": "七彩云南 西双版纳 少数民族深度行（8日行程）",
    "money": "4980",
    "date": "10/21",
    "city": "昆明"
  },
  {
    "url": "http://hd.8264.com/xianlu-158365",
    "img": "http://img.qunawan.com/ecmme/wan/xl/goods/20170223/201702232340241572_listfull.jpg",
    "title": "林芝桃花节 特价线 走滇藏 在最短的时间看遍最美的风景（6日行程）",
    "money": "3280",
    "date": "09/22",
    "city": "丽江"
  },
  {
    "url": "http://hd.8264.com/xianlu-158348",
    "img": "http://img.qunawan.com/ecmme/wan/xl/goods/20170223/201702231742499457_listfull.jpg",
    "title": "醉美黔西南 万峰林 马岭河 黄果树瀑布（7日行程）",
    "money": "2980",
    "date": "09/23",
    "city": "贵阳"
  },
  {
    "url": "http://hd.8264.com/xianlu-158346",
    "img": "http://img.qunawan.com/ecmme/wan/xl/goods/20170223/201702231647216737_listfull.jpg",
    "title": "醉美川西 最后的香格里拉 色达 稻城亚丁（9日行程）",
    "money": "1800",
    "date": "09/22",
    "city": "成都"
  },
  {
    "url": "http://hd.8264.com/xianlu-158331",
    "img": "http://img.qunawan.com/ecmme/wan/xl/goods/20170223/201702231624344024_listfull.jpg",
    "title": "七彩云南 西双版纳 少数民族深度行（7日行程）",
    "money": "4980",
    "date": "10/07",
    "city": "昆明"
  },
  {
    "url": "http://hd.8264.com/xianlu-158327",
    "img": "http://img.qunawan.com/ecmme/wan/xl/goods/20170223/201702231600405748_listfull.jpg",
    "title": "七彩云南 孔雀之乡 大理 腾冲 瑞丽（6日行程）",
    "money": "2980",
    "date": "09/23",
    "city": "昆明"
  },
  {
    "url": "http://hd.8264.com/xianlu-158338",
    "img": "http://img.qunawan.com/ecmme/wan/xl/goods/20170223/201702231702212949_listfull.jpg",
    "title": "天府之国 佛国色达 亚青寺 深度民族行（9日行程）",
    "money": "4680",
    "date": "09/29",
    "city": "成都"
  },
  {
    "url": "http://hd.8264.com/xianlu-158245",
    "img": "http://img.qunawan.com/ecmme/wan/xl/goods/20170223/201702231047572177_listfull.jpg",
    "title": "腾格里沙漠经典穿越路线走进无人区纯徒步（4日行程）",
    "money": "2680",
    "date": "09/22",
    "city": "中卫"
  },
  {
    "url": "http://hd.8264.com/xianlu-158244",
    "img": "http://img.qunawan.com/ecmme/wan/xl/goods/20170309/201703091637373636_listfull.jpg",
    "title": "腾格里经典四驱横穿腾格里沙漠（2日行程）",
    "money": "1980",
    "date": "09/22",
    "city": "中卫"
  },
  {
    "url": "http://hd.8264.com/xianlu-158243",
    "img": "http://img.qunawan.com/ecmme/wan/xl/goods/20170223/201702231030254391_listfull.jpg",
    "title": "每月大寺 成驴之路 秦岭后花园香格里拉之大寺2日露营（2日行程）",
    "money": "230",
    "date": "09/23",
    "city": "西安"
  },
  {
    "url": "http://hd.8264.com/xianlu-158240",
    "img": "http://img.qunawan.com/ecmme/wan/xl/goods/20170223/201702231020093088_listfull.jpg",
    "title": "七藏探秘 毗邻黄龙的极致美景七藏沟徒步（6日行程）",
    "money": "2680",
    "date": "09/30",
    "city": "成都"
  },
  {
    "url": "http://hd.8264.com/xianlu-158239",
    "img": "http://img.qunawan.com/ecmme/wan/xl/goods/20170223/201702231012303051_listfull.jpg",
    "title": "雪山初登 二峰攀登 四姑娘二峰登山（5日行程）",
    "money": "2480",
    "date": "09/30",
    "city": "成都"
  },
  {
    "url": "http://hd.8264.com/xianlu-158212",
    "img": "http://img.qunawan.com/ecmme/wan/xl/goods/20170222/201702221845584028_listfull.jpg",
    "title": "深度行川西 稻城亚丁 四姑娘山 海螺沟（10日行程）",
    "money": "3480",
    "date": "09/28",
    "city": "成都"
  },
  {
    "url": "http://hd.8264.com/xianlu-158210",
    "img": "http://img.qunawan.com/ecmme/wan/xl/goods/20170222/201702221808109807_listfull.jpg",
    "title": "大美九色 九寨沟 佛国色达 深度游（8日行程）",
    "money": "2680",
    "date": "09/23",
    "city": "成都"
  },
  {
    "url": "http://hd.8264.com/xianlu-158205",
    "img": "http://img.qunawan.com/ecmme/wan/xl/goods/20170222/201702221727436659_listfull.jpg",
    "title": "大美色稻 佛国圣地色达 稻城亚丁（9日行程）",
    "money": "3280",
    "date": "09/22",
    "city": "成都"
  },
  {
    "url": "http://hd.8264.com/xianlu-158204",
    "img": "http://img.qunawan.com/ecmme/wan/xl/goods/20170810/201708101023131645_listfull.jpg",
    "title": "腾格里沙漠腹地露营 观夜空星相 谈人生百味（2日行程）",
    "money": "680",
    "date": "09/22",
    "city": "中卫"
  },
  {
    "url": "http://hd.8264.com/xianlu-158185",
    "img": "http://img.qunawan.com/ecmme/wan/xl/goods/20170222/201702221615327248_listfull.jpg",
    "title": "大美九色 九寨沟 黄龙 色达喇荣五明佛学院 达古冰川（8日行程）",
    "money": "2680",
    "date": "09/23",
    "city": "成都"
  },
  {
    "url": "http://hd.8264.com/xianlu-158175",
    "img": "http://img.qunawan.com/ecmme/wan/xl/goods/20170222/201702221510467182_listfull.jpg",
    "title": "醉美贵州 万峰林 黄果树瀑布 中洞苗族部落 峰谷奇缘黔西南（7日行程）",
    "money": "2980",
    "date": "09/23",
    "city": "贵阳"
  },
  {
    "url": "http://hd.8264.com/xianlu-158173",
    "img": "http://img.qunawan.com/ecmme/wan/xl/goods/20170222/201702221502249369_listfull.jpg",
    "title": "醉美贵州 丹寨 西江苗寨 岜 pia 沙 探秘黔东南少数民族（8日行程）",
    "money": "3880",
    "date": "10/07",
    "city": "贵阳"
  },
  {
    "url": "http://hd.8264.com/xianlu-158169",
    "img": "http://img.qunawan.com/ecmme/wan/xl/goods/20170222/201702221455278978_listfull.jpg",
    "title": "天府之国 穿越佛国净土色达佛学院 探秘羌族部落 走进康巴藏家（9日行程）",
    "money": "4680",
    "date": "09/29",
    "city": "成都"
  }
]