[
  {
    "url": "http://hd.8264.com/xianlu-158179",
    "img": "http://img.qunawan.com/ecmme/wan/xl/goods/20170222/201702221531023374_listfull.jpg",
    "title": "大美川藏 川藏南线 滇藏线 稻城亚丁 梅里雪山 来古村（11日行程）",
    "money": "4980",
    "date": "09/22",
    "city": "成都"
  },
  {
    "url": "http://hd.8264.com/xianlu-158152",
    "img": "http://img.qunawan.com/ecmme/wan/xl/goods/20170222/201702221347286990_listfull.jpg",
    "title": "宁国 铁匠峰 仙人洞（3日行程）",
    "money": "159",
    "date": "09/22",
    "city": "上海"
  },
  {
    "url": "http://hd.8264.com/xianlu-158149",
    "img": "http://img.qunawan.com/ecmme/wan/xl/goods/20170222/201702221341505454_listfull.jpg",
    "title": "吴中277米 孝清古道（1日行程）",
    "money": "99",
    "date": "09/23",
    "city": "上海"
  },
  {
    "url": "http://hd.8264.com/xianlu-158139",
    "img": "http://img.qunawan.com/ecmme/wan/xl/goods/20170222/201702221228067225_listfull.jpg",
    "title": "自驾 稻城亚丁 色达 新都桥（10日行程）",
    "money": "5980",
    "date": "09/25",
    "city": "成都"
  },
  {
    "url": "http://hd.8264.com/xianlu-158132",
    "img": "http://img.qunawan.com/ecmme/wan/xl/goods/20170222/201702221154441726_listfull.jpg",
    "title": "轻户外川西稻城亚丁 新都桥 丹巴 四姑娘山纯玩拼团（9日行程）",
    "money": "2850",
    "date": "09/22",
    "city": "成都"
  },
  {
    "url": "http://hd.8264.com/xianlu-158131",
    "img": "http://img.qunawan.com/ecmme/wan/xl/goods/20170222/201702221156409868_listfull.jpg",
    "title": "七彩云南 德宏孔雀之乡 云南大理 腾冲 陇川 少数民族风情（6日行程）",
    "money": "2980",
    "date": "09/23",
    "city": "昆明"
  },
  {
    "url": "http://hd.8264.com/xianlu-158091",
    "img": "http://img.qunawan.com/ecmme/wan/xl/goods/20170222/201702221035219277_listfull.jpg",
    "title": "冰峰山地 贡嘎全线徒步（7日行程）",
    "money": "2880",
    "date": "09/23",
    "city": "成都"
  },
  {
    "url": "http://hd.8264.com/xianlu-158090",
    "img": "http://img.qunawan.com/ecmme/wan/xl/goods/20170222/201702221034213373_listfull.jpg",
    "title": "尼泊尔 博卡拉 安娜普尔纳 鱼尾峰布恩山 小环线徒步（8日行程）",
    "money": "3580",
    "date": "09/23",
    "city": "加德"
  },
  {
    "url": "http://hd.8264.com/xianlu-158070",
    "img": "http://img.qunawan.com/ecmme/wan/xl/goods/20170222/201702220923533187_listfull.jpg",
    "title": "醉美甘南九寨 青海湖 拉卜楞寺 尕海 郎木寺 扎尕那 九寨沟（8日行程）",
    "money": "2980",
    "date": "10/01",
    "city": "兰州"
  },
  {
    "url": "http://hd.8264.com/xianlu-158068",
    "img": "http://img.qunawan.com/ecmme/wan/xl/goods/20170222/201702220013375797_listfull.jpg",
    "title": "自助滇藏线 相约林芝桃花节 遇见最美的春天（9日行程）",
    "money": "4099",
    "date": "09/22",
    "city": "丽江"
  },
  {
    "url": "http://hd.8264.com/xianlu-158047",
    "img": "http://img.qunawan.com/ecmme/wan/xl/goods/20170221/201702211758488494_listfull.jpg",
    "title": "坦桑尼亚 全年多起 曼雅拉湖 恩戈罗恩戈罗火山（9日行程）",
    "money": "14500",
    "date": "09/30",
    "city": "乞力"
  },
  {
    "url": "http://hd.8264.com/xianlu-158045",
    "img": "http://img.qunawan.com/ecmme/wan/xl/goods/20170221/201702211730302449_listfull.jpg",
    "title": "肯尼亚 大美非洲魅力肯尼亚 野生动物大迁徒全年看（8日行程）",
    "money": "13000",
    "date": "09/23",
    "city": "内罗"
  },
  {
    "url": "http://hd.8264.com/xianlu-158032",
    "img": "http://img.qunawan.com/ecmme/wan/xl/goods/20170228/201702281935526184_listfull.jpg",
    "title": "新疆 包车 摄影 自由行 自定日期（12日行程）",
    "money": "200",
    "date": "09/22",
    "city": "乌鲁"
  },
  {
    "url": "http://hd.8264.com/xianlu-158019",
    "img": "http://img.qunawan.com/ecmme/wan/xl/goods/20170221/201702211542109962_listfull.jpg",
    "title": "西藏阿里南北大环线深度摄影游（15日行程）",
    "money": "6000",
    "date": "09/22",
    "city": "拉萨"
  },
  {
    "url": "http://hd.8264.com/xianlu-161289",
    "img": "http://img.qunawan.com/ecmme/wan/xl/goods/20170331/201703311144202131_listfull.png",
    "title": "惊艳青海路线 走进藏家 黄河丹霞沙漠一次全体验（5日行程）",
    "money": "1780",
    "date": "09/22",
    "city": "西宁"
  },
  {
    "url": "http://hd.8264.com/xianlu-157995",
    "img": "http://img.qunawan.com/ecmme/wan/xl/goods/20170221/201702211448413789_listfull.png",
    "title": "新疆包车旅行 全疆均可 根据日程设计路线 即发即走（1日行程）",
    "money": "200",
    "date": "09/25",
    "city": "乌鲁"
  },
  {
    "url": "http://hd.8264.com/xianlu-157965",
    "img": "http://img.qunawan.com/ecmme/wan/xl/goods/20170221/201702211324318389_listfull.jpg",
    "title": "尼泊尔 安纳普尔纳ACT大环线 喜马拉雅徒步（20日行程）",
    "money": "7880",
    "date": "09/23",
    "city": "加德"
  },
  {
    "url": "http://hd.8264.com/xianlu-158181",
    "img": "http://img.qunawan.com/ecmme/wan/xl/goods/20170222/201702221543483805_listfull.jpg",
    "title": "大美色稻 佛国色达 走进最后香格里拉 色达 稻城亚丁（9日行程）",
    "money": "3280",
    "date": "09/22",
    "city": "成都"
  },
  {
    "url": "http://hd.8264.com/xianlu-157948",
    "img": "http://img.qunawan.com/ecmme/wan/xl/goods/20170221/201702211150009563_listfull.jpg",
    "title": "醉美自驾川滇青藏 大环线 高标自驾游（18日行程）",
    "money": "14800",
    "date": "10/01",
    "city": "四川"
  },
  {
    "url": "http://hd.8264.com/xianlu-157842",
    "img": "http://img.qunawan.com/ecmme/wan/xl/goods/20170220/201702201403062219_listfull.jpg",
    "title": "梅里雪山转山（10日行程）",
    "money": "7980",
    "date": "09/22",
    "city": "迪庆"
  }
]