[
  {
    "url": "http://hd.8264.com/xianlu-159618",
    "img": "http://img.qunawan.com/ecmme/wan/xl/goods/20170308/201703081656366193_listfull.png",
    "title": "坐着房车去旅行呼伦贝尔 额尔古纳 边防公路（5日行程）",
    "money": "12888",
    "date": "09/22",
    "city": "呼伦"
  },
  {
    "url": "http://hd.8264.com/xianlu-157775",
    "img": "http://img.qunawan.com/ecmme/wan/xl/goods/20170220/201702201031465212_listfull.jpg",
    "title": "邂逅四人同 看云卷云舒四人同攻略（3日行程）",
    "money": "520",
    "date": "09/22",
    "city": "安庆"
  },
  {
    "url": "http://hd.8264.com/xianlu-157728",
    "img": "http://img.qunawan.com/ecmme/wan/xl/goods/20170219/201702191455444757_listfull.jpg",
    "title": "房车进藏 贴身管家全程陪护 爱她就带她玩最好的（16日行程）",
    "money": "35800",
    "date": "10/01",
    "city": "西宁"
  },
  {
    "url": "http://hd.8264.com/xianlu-157689",
    "img": "http://img.qunawan.com/ecmme/wan/xl/goods/20170218/201702181346356916_listfull.jpg",
    "title": "探秘独龙江 丙察察 山南 藏北 阿里地区 挺进羌塘无人区（25日行程）",
    "money": "7600",
    "date": "09/27",
    "city": "昆明"
  },
  {
    "url": "http://hd.8264.com/xianlu-157687",
    "img": "http://img.qunawan.com/ecmme/wan/xl/goods/20170218/201702181340177709_listfull.jpg",
    "title": "大美色稻 走进最后香格里拉（8日行程）",
    "money": "3280",
    "date": "09/22",
    "city": "成都"
  },
  {
    "url": "http://hd.8264.com/xianlu-157670",
    "img": "http://img.qunawan.com/ecmme/wan/xl/goods/20170217/201702172105359712_listfull.jpg",
    "title": "四驱越野车包车 云南 四川 西藏 青海等（10日行程）",
    "money": "1200",
    "date": "09/22",
    "city": "成都"
  },
  {
    "url": "http://hd.8264.com/xianlu-157667",
    "img": "http://img.qunawan.com/ecmme/wan/xl/goods/20170217/201702171923284470_listfull.jpg",
    "title": "人间醉美桃花（13日行程）",
    "money": "6680",
    "date": "09/29",
    "city": "拉萨"
  },
  {
    "url": "http://hd.8264.com/xianlu-157663",
    "img": "http://img.qunawan.com/ecmme/wan/xl/goods/20170217/201702171834023840_listfull.jpg",
    "title": "人间醉美桃花（18日行程）",
    "money": "8880",
    "date": "09/29",
    "city": "拉萨"
  },
  {
    "url": "http://hd.8264.com/xianlu-157640",
    "img": "http://img.qunawan.com/ecmme/wan/xl/goods/20170217/201702171548085393_listfull.jpg",
    "title": "秘境环线B线 世间纯净之地莫斯卡 梦幻仙境党龄葫芦海（6日行程）",
    "money": "2280",
    "date": "09/23",
    "city": "成都"
  },
  {
    "url": "http://hd.8264.com/xianlu-157638",
    "img": "http://img.qunawan.com/ecmme/wan/xl/goods/20170217/201702171541043894_listfull.jpg",
    "title": "大美九色 最美好的时光在路上九寨沟 黄龙 色达喇荣（7日行程）",
    "money": "2680",
    "date": "09/23",
    "city": "成都"
  },
  {
    "url": "http://hd.8264.com/xianlu-157588",
    "img": "http://img.qunawan.com/ecmme/wan/xl/goods/20170217/201702171242528954_listfull.jpg",
    "title": "呼伦贝尔草原 策马狂欢 探秘最后的敖鲁古雅使路部落（6日行程）",
    "money": "2880",
    "date": "09/22",
    "city": "呼伦"
  },
  {
    "url": "http://hd.8264.com/xianlu-164835",
    "img": "http://img.qunawan.com/ecmme/wan/xl/goods/20170516/201705161032255049_listfull.jpg",
    "title": "端午节 海螺沟冰川 温泉 新都桥 净土稻城亚丁 深度旅行（8日行程）",
    "money": "2380",
    "date": "09/23",
    "city": "成都"
  },
  {
    "url": "http://hd.8264.com/xianlu-157541",
    "img": "http://img.qunawan.com/ecmme/wan/xl/goods/20170216/201702161854243732_listfull.jpg",
    "title": "惠东最美海岸 黑排角穿越 玩水 捡贝壳 一起去看海（1日行程）",
    "money": "125",
    "date": "09/24",
    "city": "广州"
  },
  {
    "url": "http://hd.8264.com/xianlu-157534",
    "img": "http://img.qunawan.com/ecmme/wan/xl/goods/20170216/201702161707444345_listfull.jpg",
    "title": "九寨沟年宝玉则环线深度摄影游（7日行程）",
    "money": "3180",
    "date": "09/23",
    "city": "成都"
  },
  {
    "url": "http://hd.8264.com/xianlu-157524",
    "img": "http://img.qunawan.com/ecmme/wan/xl/goods/20170216/201702161624525729_listfull.jpg",
    "title": "稻城亚丁 遇见最好的你（7日行程）",
    "money": "3080",
    "date": "09/22",
    "city": "成都"
  },
  {
    "url": "http://hd.8264.com/xianlu-157517",
    "img": "http://img.qunawan.com/ecmme/wan/xl/goods/20170216/201702161615235744_listfull.jpg",
    "title": "四姑娘山 贡嘎深度体验（7日行程）",
    "money": "2680",
    "date": "09/23",
    "city": "成都"
  },
  {
    "url": "http://hd.8264.com/xianlu-157503",
    "img": "http://img.qunawan.com/ecmme/wan/xl/goods/20170726/201707261014116741_listfull.jpg",
    "title": "尼泊尔 安娜普尔纳 鱼尾峰 滑翔伞 布恩山 小环线徒步（8日行程）",
    "money": "3580",
    "date": "09/23",
    "city": "加德"
  },
  {
    "url": "http://hd.8264.com/xianlu-157501",
    "img": "http://img.qunawan.com/ecmme/wan/xl/goods/20170216/201702161446219611_listfull.jpg",
    "title": "奇幻之旅 乞力马扎罗 动物大迁徙 塞伦盖蒂（13日行程）",
    "money": "33000",
    "date": "09/22",
    "city": "达累"
  },
  {
    "url": "http://hd.8264.com/xianlu-157468",
    "img": "http://img.qunawan.com/ecmme/wan/xl/goods/20170216/201702161118596095_listfull.jpg",
    "title": "九寨 黄龙 若尔盖大草原 花湖 九曲黄河 年保玉则游（8日行程）",
    "money": "2680",
    "date": "10/01",
    "city": "成都"
  },
  {
    "url": "http://hd.8264.com/xianlu-157396",
    "img": "http://img.qunawan.com/ecmme/wan/xl/goods/20170215/201702151433562983_listfull.jpg",
    "title": "走进梦中的香格里拉 海螺沟 稻城亚丁 新都桥318经典环线（7日行程）",
    "money": "2780",
    "date": "09/22",
    "city": "成都"
  }
]