[
  {
    "url": "http://hd.8264.com/xianlu-157342",
    "img": "http://img.qunawan.com/ecmme/wan/xl/goods/20170215/201702151044294354_listfull.jpg",
    "title": "贡嘎转山 蜀山之王 贡嘎山大环线完美穿越（8日行程）",
    "money": "2880",
    "date": "09/23",
    "city": "成都"
  },
  {
    "url": "http://hd.8264.com/xianlu-157319",
    "img": "http://img.qunawan.com/ecmme/wan/xl/goods/20170214/201702141954457084_listfull.jpg",
    "title": "去达瓦更扎遇上最美的你（2日行程）",
    "money": "320",
    "date": "09/23",
    "city": "成都"
  },
  {
    "url": "http://hd.8264.com/xianlu-157308",
    "img": "http://img.qunawan.com/ecmme/wan/xl/goods/20170214/201702141730443847_listfull.png",
    "title": "醉美川西色达 塔公 新都桥 贡嘎子梅垭口深度游（6日行程）",
    "money": "1680",
    "date": "09/26",
    "city": "成都"
  },
  {
    "url": "http://hd.8264.com/xianlu-157306",
    "img": "http://img.qunawan.com/ecmme/wan/xl/goods/20170912/201709121449218431_listfull.jpg",
    "title": "周末 探秘千古谜题 古崖居 华北明珠 野鸭湖 穿越芦苇荡（1日行程）",
    "money": "70",
    "date": "09/23",
    "city": "北京"
  },
  {
    "url": "http://hd.8264.com/xianlu-157288",
    "img": "http://img.qunawan.com/ecmme/wan/xl/goods/20170214/201702141549592595_listfull.jpg",
    "title": "临安 清凉峰 指南村（3日行程）",
    "money": "159",
    "date": "09/22",
    "city": "上海"
  },
  {
    "url": "http://hd.8264.com/xianlu-157286",
    "img": "http://img.qunawan.com/ecmme/wan/xl/goods/20170214/201702141546352151_listfull.jpg",
    "title": "萧山750米 船坞山古道（1日行程）",
    "money": "99",
    "date": "09/24",
    "city": "上海"
  },
  {
    "url": "http://hd.8264.com/xianlu-157199",
    "img": "http://img.qunawan.com/ecmme/wan/xl/goods/20170213/201702132223003341_listfull.jpg",
    "title": "户外 沙漠 主题露营活动（1日行程）",
    "money": "400",
    "date": "09/22",
    "city": "酒泉"
  },
  {
    "url": "http://hd.8264.com/xianlu-157198",
    "img": "http://img.qunawan.com/ecmme/wan/xl/goods/20170213/201702132214313457_listfull.jpg",
    "title": "呼伦贝尔草原 阿尔山深度摄影环线 深入草原 穿越大兴安岭（9日行程）",
    "money": "1680",
    "date": "09/22",
    "city": "呼伦"
  },
  {
    "url": "http://hd.8264.com/xianlu-157177",
    "img": "http://img.qunawan.com/ecmme/wan/xl/goods/20170213/201702131828314631_listfull.jpg",
    "title": "川藏青经典线路自驾拼途队期及招募（16日行程）",
    "money": "5380",
    "date": "09/24",
    "city": "成都"
  },
  {
    "url": "http://hd.8264.com/xianlu-157173",
    "img": "http://img.qunawan.com/ecmme/wan/xl/goods/20170411/201704111452394465_listfull.jpg",
    "title": "蜀山之王 朝圣贡嘎 贡嘎徒步 贡嘎转山 贡嘎大环线穿越（7日行程）",
    "money": "3100",
    "date": "09/23",
    "city": "成都"
  },
  {
    "url": "http://hd.8264.com/xianlu-157061",
    "img": "http://img.qunawan.com/ecmme/wan/xl/goods/20170211/201702111405373840_listfull.jpg",
    "title": "川西环线（7日行程）",
    "money": "2880",
    "date": "09/27",
    "city": "成都"
  },
  {
    "url": "http://hd.8264.com/xianlu-157046",
    "img": "http://img.qunawan.com/ecmme/wan/xl/goods/20170211/201702110923088662_listfull.jpg",
    "title": "川进青出（15日行程）",
    "money": "5500",
    "date": "09/23",
    "city": "成都"
  },
  {
    "url": "http://hd.8264.com/xianlu-157022",
    "img": "http://img.qunawan.com/ecmme/wan/xl/goods/20170210/201702101433404090_listfull.jpg",
    "title": "川进青出（15日行程）",
    "money": "5500",
    "date": "09/23",
    "city": "成都"
  },
  {
    "url": "http://hd.8264.com/xianlu-157015",
    "img": "http://img.qunawan.com/ecmme/wan/xl/goods/20170210/201702101417092799_listfull.jpg",
    "title": "贡嘎转山大环线穿越（7日行程）",
    "money": "2880",
    "date": "09/23",
    "city": "成都"
  },
  {
    "url": "http://hd.8264.com/xianlu-157285",
    "img": "http://img.qunawan.com/ecmme/wan/xl/goods/20170214/201702141544177080_listfull.jpg",
    "title": "宜兴486米 乌石古道（1日行程）",
    "money": "99",
    "date": "09/23",
    "city": "上海"
  },
  {
    "url": "http://hd.8264.com/xianlu-159938",
    "img": "http://img.qunawan.com/ecmme/wan/xl/goods/20170519/201705191238254243_listfull.jpg",
    "title": "天界之渡 四姑娘山 稻城亚丁 川藏南线深度游（11日行程）",
    "money": "6800",
    "date": "09/28",
    "city": "成都"
  },
  {
    "url": "http://hd.8264.com/xianlu-157003",
    "img": "http://img.qunawan.com/ecmme/wan/xl/goods/20170210/201702101313053551_listfull.jpg",
    "title": "雪山之吻登山计划 17年 四姑娘山三峰技术雪山攀登（4日行程）",
    "money": "1780",
    "date": "09/23",
    "city": "成都"
  },
  {
    "url": "http://hd.8264.com/xianlu-156857",
    "img": "http://img.qunawan.com/ecmme/wan/xl/goods/20170208/201702081811138057_listfull.jpg",
    "title": "大美青海 私家定制 旅游包车 精品推荐 敦煌大环线（7日行程）",
    "money": "1400",
    "date": "09/22",
    "city": "西宁"
  },
  {
    "url": "http://hd.8264.com/xianlu-156850",
    "img": "http://img.qunawan.com/ecmme/wan/xl/goods/20170208/201702081714147210_listfull.jpg",
    "title": "大美青海 私家定制 旅游包车 精品推荐 祁连 张掖（4日行程）",
    "money": "600",
    "date": "09/22",
    "city": "西宁"
  },
  {
    "url": "http://hd.8264.com/xianlu-156856",
    "img": "http://img.qunawan.com/ecmme/wan/xl/goods/20170208/201702081810008272_listfull.jpg",
    "title": "大美青海 私家定制 旅游包车 精品推荐 敦煌小环线（6日行程）",
    "money": "1200",
    "date": "09/22",
    "city": "西宁"
  }
]