[
  {
    "url": "http://hd.8264.com/xianlu-156842",
    "img": "http://img.qunawan.com/ecmme/wan/xl/goods/20170208/201702081700043540_listfull.jpg",
    "title": "雪山四姑娘山二峰攀登 长坪沟徒步 尝试初级雪山攀登（6日行程）",
    "money": "2480",
    "date": "09/30",
    "city": "成都"
  },
  {
    "url": "http://hd.8264.com/xianlu-156840",
    "img": "http://img.qunawan.com/ecmme/wan/xl/goods/20170208/201702081650164287_listfull.jpg",
    "title": "专业攀登 乞力马扎罗 MACHAME 线路（8日行程）",
    "money": "13800",
    "date": "09/22",
    "city": "达累"
  },
  {
    "url": "http://hd.8264.com/xianlu-156822",
    "img": "http://img.qunawan.com/ecmme/wan/xl/goods/20170208/201702081452435083_listfull.jpg",
    "title": "2017年 四姑娘山长坪沟徒步适应高海拔 二峰攀登（5日行程）",
    "money": "2480",
    "date": "09/30",
    "city": "成都"
  },
  {
    "url": "http://hd.8264.com/xianlu-156821",
    "img": "http://img.qunawan.com/ecmme/wan/xl/goods/20170208/201702081423086976_listfull.jpg",
    "title": "大美青海 私家定制 旅游包车 精品推荐 茶卡盐湖（2日行程）",
    "money": "300",
    "date": "09/22",
    "city": "西宁"
  },
  {
    "url": "http://hd.8264.com/xianlu-156808",
    "img": "http://img.qunawan.com/ecmme/wan/xl/goods/20170208/201702081825324202_listfull.jpg",
    "title": "大美青海 私家定制 旅游包车 精品推荐 青海湖（1日行程）",
    "money": "150",
    "date": "09/22",
    "city": "西宁"
  },
  {
    "url": "http://hd.8264.com/xianlu-156804",
    "img": "http://img.qunawan.com/ecmme/wan/xl/goods/20170522/201705221142191567_listfull.jpg",
    "title": "暑假花季 亲子毕业游 九寨沟 黄龙 若尔盖 花湖 年保玉则（7日行程）",
    "money": "3380",
    "date": "09/23",
    "city": "成都"
  },
  {
    "url": "http://hd.8264.com/xianlu-156782",
    "img": "http://img.qunawan.com/ecmme/wan/xl/goods/20170207/201702072216423072_listfull.jpg",
    "title": "邂逅滇藏 回到拉萨纯玩之旅（10日行程）",
    "money": "5880",
    "date": "10/01",
    "city": "丽江"
  },
  {
    "url": "http://hd.8264.com/xianlu-156779",
    "img": "http://img.qunawan.com/ecmme/wan/xl/goods/20170207/201702072150351817_listfull.jpg",
    "title": "亲子线路 神秘的巴拉格宗 探秘女儿国泸沽湖之旅（5日行程）",
    "money": "2180",
    "date": "09/24",
    "city": "丽江"
  },
  {
    "url": "http://hd.8264.com/xianlu-156910",
    "img": "http://img.qunawan.com/ecmme/wan/xl/goods/20170209/201702091221119500_listfull.jpg",
    "title": "川西禅修之旅 四姑娘山 丹巴 亚青寺 色达 德格（8日行程）",
    "money": "1800",
    "date": "09/22",
    "city": "成都"
  },
  {
    "url": "http://hd.8264.com/xianlu-156731",
    "img": "http://img.qunawan.com/ecmme/wan/xl/goods/20170207/201702071451133097_listfull.jpg",
    "title": "色达 色达 净化心灵之旅 越野拼车环线含住宿（4日行程）",
    "money": "1180",
    "date": "09/22",
    "city": "成都"
  },
  {
    "url": "http://hd.8264.com/xianlu-156725",
    "img": "http://img.qunawan.com/ecmme/wan/xl/goods/20170207/201702071435206126_listfull.jpg",
    "title": "柯桥584米 诸葛古道（1日行程）",
    "money": "99",
    "date": "09/24",
    "city": "上海"
  },
  {
    "url": "http://hd.8264.com/xianlu-156723",
    "img": "http://img.qunawan.com/ecmme/wan/xl/goods/20170207/201702071423365256_listfull.jpg",
    "title": "西藏的西藏 2017阿里大北线穿越（17日行程）",
    "money": "11800",
    "date": "09/30",
    "city": "拉萨"
  },
  {
    "url": "http://hd.8264.com/xianlu-156694",
    "img": "http://img.qunawan.com/ecmme/wan/xl/goods/20170207/201702071251514358_listfull.jpg",
    "title": "新西伯利亚州生态旅游（7日行程）",
    "money": "6888",
    "date": "10/01",
    "city": "新西"
  },
  {
    "url": "http://hd.8264.com/xianlu-156678",
    "img": "http://img.qunawan.com/ecmme/wan/xl/goods/20170207/201702071132424192_listfull.jpg",
    "title": "中国最美的高山草甸 武功山（3日行程）",
    "money": "369",
    "date": "09/22",
    "city": "萍乡"
  },
  {
    "url": "http://hd.8264.com/xianlu-156665",
    "img": "http://img.qunawan.com/ecmme/wan/xl/goods/20170207/201702070102227716_listfull.jpg",
    "title": "夏特穿越（6日行程）",
    "money": "2800",
    "date": "09/22",
    "city": "阿克"
  },
  {
    "url": "http://hd.8264.com/xianlu-156662",
    "img": "http://img.qunawan.com/ecmme/wan/xl/goods/20170206/201702062342483640_listfull.jpg",
    "title": "最后一片净土稻城亚丁理塘梅里雪山胡条线香格里拉环线深（8日行程）",
    "money": "3080",
    "date": "09/25",
    "city": "丽江"
  },
  {
    "url": "http://hd.8264.com/xianlu-156659",
    "img": "http://img.qunawan.com/ecmme/wan/xl/goods/20170206/201702062254265694_listfull.jpg",
    "title": "稻城亚丁 色达 梅里雪山 大香格里拉环线 十三天朝圣之旅（13日行程）",
    "money": "4880",
    "date": "09/23",
    "city": "丽江"
  },
  {
    "url": "http://hd.8264.com/xianlu-156622",
    "img": "http://img.qunawan.com/ecmme/wan/xl/goods/20170206/201702061331132061_listfull.jpg",
    "title": "2017年蜀山皇后四姑娘山长坪沟徒步 二峰攀登（6日行程）",
    "money": "2480",
    "date": "09/30",
    "city": "成都"
  },
  {
    "url": "http://hd.8264.com/xianlu-156570",
    "img": "http://img.qunawan.com/ecmme/wan/xl/goods/20170205/201702051749017016_listfull.jpg",
    "title": "穿过佛国净土 走进最后香格里拉 色达 稻城亚丁（8日行程）",
    "money": "3080",
    "date": "09/22",
    "city": "成都"
  },
  {
    "url": "http://hd.8264.com/xianlu-156569",
    "img": "http://img.qunawan.com/ecmme/wan/xl/goods/20170205/201702051741585977_listfull.jpg",
    "title": "经典川西环线 稻城亚丁四姑娘山丹巴海螺沟全景深度游（9日行程）",
    "money": "3280",
    "date": "09/28",
    "city": "四川"
  }
]