[
  {
    "url": "http://hd.8264.com/xianlu-156584",
    "img": "http://img.qunawan.com/ecmme/wan/xl/goods/20170206/201702060938258608_listfull.jpg",
    "title": "初级入门雪山攀登 四姑娘山长坪沟徒步 二峰登山（6日行程）",
    "money": "2480",
    "date": "09/30",
    "city": "成都"
  },
  {
    "url": "http://hd.8264.com/xianlu-156492",
    "img": "http://img.qunawan.com/ecmme/wan/xl/goods/20170204/201702040625315954_listfull.jpg",
    "title": "阿尔卑斯山环勃朗峰徒步TMB 170环线（13日行程）",
    "money": "17500",
    "date": "09/22",
    "city": "巴黎"
  },
  {
    "url": "http://hd.8264.com/xianlu-156490",
    "img": "http://img.qunawan.com/ecmme/wan/xl/goods/20170203/201702032153437104_listfull.jpg",
    "title": "雨崩村 香格里拉 梅里雪山 虎跳峡心灵朝圣之旅（7日行程）",
    "money": "2380",
    "date": "10/02",
    "city": "丽江"
  },
  {
    "url": "http://hd.8264.com/xianlu-156461",
    "img": "http://img.qunawan.com/ecmme/wan/xl/goods/20170203/201702031628408850_listfull.jpg",
    "title": "余杭401米 娘娘山古道（1日行程）",
    "money": "99",
    "date": "09/23",
    "city": "上海"
  },
  {
    "url": "http://hd.8264.com/xianlu-156436",
    "img": "http://img.qunawan.com/ecmme/wan/xl/goods/20170202/201702022157249351_listfull.jpg",
    "title": "七彩云南户外休闲深度游（7日行程）",
    "money": "2888",
    "date": "10/02",
    "city": "丽江"
  },
  {
    "url": "http://hd.8264.com/xianlu-156401",
    "img": "http://img.qunawan.com/ecmme/wan/xl/goods/20170129/201701291029324986_listfull.jpg",
    "title": "漠河至呼伦贝尔原生态户外游（8日行程）",
    "money": "130",
    "date": "09/22",
    "city": "大兴"
  },
  {
    "url": "http://hd.8264.com/xianlu-156395",
    "img": "http://img.qunawan.com/ecmme/wan/xl/goods/20170127/201701270000152803_listfull.jpeg",
    "title": "贡嘎西南坡徒步 子梅垭口 贡嘎寺 草科温泉 轻装无露营（5日行程）",
    "money": "2280",
    "date": "09/30",
    "city": "成都"
  },
  {
    "url": "http://hd.8264.com/xianlu-156331",
    "img": "http://img.qunawan.com/ecmme/wan/xl/goods/20170124/201701242312406939_listfull.jpg",
    "title": "西部朝圣 五明佛学院 绰斯甲观音寺朝拜游（4日行程）",
    "money": "780",
    "date": "09/23",
    "city": "成都"
  },
  {
    "url": "http://hd.8264.com/xianlu-156237",
    "img": "http://img.qunawan.com/ecmme/wan/xl/goods/20170123/201701232104394174_listfull.jpg",
    "title": "罗平螺丝田 九龙瀑布 兴义万峰林 坝美 普者黑 建水古城（8日行程）",
    "money": "3680",
    "date": "09/23",
    "city": "昆明"
  },
  {
    "url": "http://hd.8264.com/xianlu-156235",
    "img": "http://img.qunawan.com/ecmme/wan/xl/goods/20170123/201701232028118031_listfull.jpg",
    "title": "醉美川藏大美九色 九寨沟 色达 黄龙 达古冰川（8日行程）",
    "money": "2680",
    "date": "09/23",
    "city": "成都"
  },
  {
    "url": "http://hd.8264.com/xianlu-156144",
    "img": "http://img.qunawan.com/ecmme/wan/xl/goods/20170122/201701221855279680_listfull.jpg",
    "title": "少林寺郭亮王莽岭天界山云台山洛阳牡丹龙门石窟召集（9日行程）",
    "money": "2980",
    "date": "10/21",
    "city": "西宁"
  },
  {
    "url": "http://hd.8264.com/xianlu-156060",
    "img": "http://img.qunawan.com/ecmme/wan/xl/goods/20170122/201701220048216861_listfull.jpg",
    "title": "海南嗨玩儿时光（5日行程）",
    "money": "2580",
    "date": "09/25",
    "city": "三亚"
  },
  {
    "url": "http://hd.8264.com/xianlu-156058",
    "img": "http://img.qunawan.com/ecmme/wan/xl/goods/20170122/201701220036295517_listfull.jpg",
    "title": "寻找海南那些温暖 美好的小海湾（6日行程）",
    "money": "2780",
    "date": "09/23",
    "city": "海口"
  },
  {
    "url": "http://hd.8264.com/xianlu-156057",
    "img": "http://img.qunawan.com/ecmme/wan/xl/goods/20170122/201701220032343554_listfull.jpg",
    "title": "遇见三分之一海南（7日行程）",
    "money": "2980",
    "date": "09/23",
    "city": "海口"
  },
  {
    "url": "http://hd.8264.com/xianlu-156042",
    "img": "http://img.qunawan.com/ecmme/wan/xl/goods/20170410/201704101108099377_listfull.png",
    "title": "越南北越情怀 南宁 东兴 吉婆岛 河内 凭祥 下龙湾吉婆岛（5日行程）",
    "money": "2280",
    "date": "09/23",
    "city": "河内"
  },
  {
    "url": "http://hd.8264.com/xianlu-155930",
    "img": "http://img.qunawan.com/ecmme/wan/xl/goods/20170120/201701200726173856_listfull.jpg",
    "title": "徒步尼泊尔 安娜普尔纳ABC小环线 布恩山小环线（8日行程）",
    "money": "3680",
    "date": "09/23",
    "city": "加德"
  },
  {
    "url": "http://hd.8264.com/xianlu-155916",
    "img": "http://img.qunawan.com/ecmme/wan/xl/goods/20170119/201701191729293722_listfull.jpg",
    "title": "毗邻黄龙的人间仙境 七藏沟徒步穿越（5日行程）",
    "money": "2680",
    "date": "10/01",
    "city": "成都"
  },
  {
    "url": "http://hd.8264.com/xianlu-155915",
    "img": "http://img.qunawan.com/ecmme/wan/xl/goods/20170119/201701191717153332_listfull.jpg",
    "title": "中国十大经典徒步穿越路线 毕棚沟 长坪沟穿越（5日行程）",
    "money": "2480",
    "date": "10/01",
    "city": "成都"
  },
  {
    "url": "http://hd.8264.com/xianlu-155913",
    "img": "http://img.qunawan.com/ecmme/wan/xl/goods/20170119/201701191701035129_listfull.jpg",
    "title": "寻龙诀之地心探险 广元汉王洞（3日行程）",
    "money": "780",
    "date": "10/04",
    "city": "成都"
  },
  {
    "url": "http://hd.8264.com/xianlu-155911",
    "img": "http://img.qunawan.com/ecmme/wan/xl/goods/20170119/201701191638234711_listfull.jpg",
    "title": "寻龙诀之地心探险 乐山硝洞（2日行程）",
    "money": "580",
    "date": "10/14",
    "city": "成都"
  }
]