[
  {
    "url": "http://hd.8264.com/xianlu-153764",
    "img": "http://img.qunawan.com/ecmme/wan/xl/goods/20161227/201612270940512828_listfull.jpg",
    "title": "雪山攀登 四姑娘山长坪沟徒步 二峰攀登 尝试初级雪山攀登（5日行程）",
    "money": "2480",
    "date": "09/30",
    "city": "成都"
  },
  {
    "url": "http://hd.8264.com/xianlu-153571",
    "img": "http://img.qunawan.com/ecmme/wan/xl/goods/20161223/201612232015376226_listfull.png",
    "title": "蜀山皇后 四姑娘山 雪山 彩林 海子 费用全含（2日行程）",
    "money": "360",
    "date": "09/22",
    "city": "成都"
  },
  {
    "url": "http://hd.8264.com/xianlu-140677",
    "img": "http://img.qunawan.com/ecmme/wan/xl/goods/20161027/201610271813018694_listfull.jpg",
    "title": "措普沟（4日行程）",
    "money": "1180",
    "date": "09/26",
    "city": "成都"
  },
  {
    "url": "http://hd.8264.com/xianlu-140670",
    "img": "http://img.qunawan.com/ecmme/wan/xl/goods/20161027/201610271748375301_listfull.jpg",
    "title": "色达 稻亚 深度游（8日行程）",
    "money": "2280",
    "date": "09/26",
    "city": "成都"
  },
  {
    "url": "http://hd.8264.com/xianlu-140658",
    "img": "http://img.qunawan.com/ecmme/wan/xl/goods/20170825/201708251750335835_listfull.png",
    "title": "蜀山之王 贡嘎山大环线完美穿越（7日行程）",
    "money": "2880",
    "date": "09/24",
    "city": "成都"
  },
  {
    "url": "http://hd.8264.com/xianlu-122622",
    "img": "http://img.qunawan.com/ecmme/wan/xl/goods/20160820/201608202228362014_listfull.jpg",
    "title": "腾格里牧马人沙漠户外露营 走进沙漠无人区（2日行程）",
    "money": "300",
    "date": "09/22",
    "city": "中卫"
  },
  {
    "url": "http://hd.8264.com/xianlu-120725",
    "img": "http://img.qunawan.com/ecmme/wan/xl/goods/20160815/201608150114009716_listfull.jpg",
    "title": "探秘黄河秦晋大峡谷 陕北小众旅行（8日行程）",
    "money": "1560",
    "date": "10/14",
    "city": "西安"
  },
  {
    "url": "http://hd.8264.com/xianlu-120284",
    "img": "http://img.qunawan.com/ecmme/wan/xl/goods/20160811/201608111903103770_listfull.jpg",
    "title": "醉美川西 党龄 莫斯卡 措普沟 色达 亚青寺（15日行程）",
    "money": "3500",
    "date": "09/22",
    "city": "成都"
  },
  {
    "url": "http://hd.8264.com/xianlu-12743",
    "img": "http://img.qunawan.com/ecmme/wan/xl/goods/20160614/201606141651101440_listfull.png",
    "title": "2017青海大环线西宁进出（9日行程）",
    "money": "3680",
    "date": "09/23",
    "city": "西宁"
  },
  {
    "url": "http://hd.8264.com/xianlu-5268",
    "img": "http://img.qunawan.com/ecmme/wan/xl/goods/20160808/201608082158088558_listfull.jpg",
    "title": "中国第四大沙漠五湖连穿国内知名领队专业带队2人即发团（4日行程）",
    "money": "2980",
    "date": "09/22",
    "city": "银川"
  },
  {
    "url": "http://hd.8264.com/xianlu-4235",
    "img": "http://img.qunawan.com/ecmme/wan/xl/goods/20160504/201605041408316072_listfull.jpg",
    "title": "轻装徒步贡嘎雪山登山营地 近距离接触蜀山之王（6日行程）",
    "money": "3080",
    "date": "09/22",
    "city": "成都"
  },
  {
    "url": "http://hd.8264.com/xianlu-3660",
    "img": "http://img.qunawan.com/ecmme/wan/xl/goods/20160425/201604251037028390_listfull.jpg",
    "title": "中国最美的十大名山 那玛峰攀登（8日行程）",
    "money": "6800",
    "date": "09/28",
    "city": "成都"
  },
  {
    "url": "http://hd.8264.com/xianlu-1895",
    "img": "http://img.qunawan.com/ecmme/wan/xl/goods/20170823/201708231115235183_listfull.jpg",
    "title": "野性七藏沟经典徒步穿越 追寻传说中的秘境仙乡（7日行程）",
    "money": "2680",
    "date": "09/30",
    "city": "成都"
  },
  {
    "url": "http://hd.8264.com/xianlu-227",
    "img": "http://img.qunawan.com/ecmme/wan/xl/goods/20160328/201603281057104559_listfull.jpg",
    "title": "入门级雪山攀登 四姑娘三峰（4日行程）",
    "money": "1880",
    "date": "09/22",
    "city": "成都"
  },
  {
    "url": "http://hd.8264.com/xianlu-172233",
    "img": "http://img.qunawan.com/ecmme/wan/xl/goods/20170921/201709210923049344_listfull.jpg",
    "title": "在尼泊尔 等一个时机 直到风声从耳边响起（8日行程）",
    "money": "2980",
    "date": "09/22",
    "city": "加德"
  },
  {
    "url": "http://hd.8264.com/xianlu-172231",
    "img": "http://img.qunawan.com/ecmme/wan/xl/goods/20170920/201709202342499122_listfull.jpg",
    "title": "国庆假期寻找秋天的童话 英西峰林 小桂林 休闲徒步 稻子黄了（1日行程）",
    "money": "119",
    "date": "10/06",
    "city": "广州"
  },
  {
    "url": "http://hd.8264.com/xianlu-172230",
    "img": "http://img.qunawan.com/ecmme/wan/xl/goods/20170920/201709202302171332_listfull.jpg",
    "title": "国庆假期登广州第一峰 天堂顶 海拔1210米 唱征服歌（1日行程）",
    "money": "109",
    "date": "10/06",
    "city": "广州"
  },
  {
    "url": "http://hd.8264.com/xianlu-172229",
    "img": "http://img.qunawan.com/ecmme/wan/xl/goods/20170920/201709202219045530_listfull.jpg",
    "title": "国庆假期珠海最美海岸线 高栏港穿越看风车 看海豚 听海浪（1日行程）",
    "money": "129",
    "date": "10/05",
    "city": "广州"
  },
  {
    "url": "http://hd.8264.com/xianlu-172222",
    "img": "http://img.qunawan.com/ecmme/wan/xl/goods/20170920/201709201732503071_listfull.jpg",
    "title": "探访苦修密地 走进佛国世界 色达 亚青寺 甘孜之旅（7日行程）",
    "money": "3680",
    "date": "10/01",
    "city": "成都"
  },
  {
    "url": "http://hd.8264.com/xianlu-172220",
    "img": "http://img.qunawan.com/ecmme/wan/xl/goods/20170920/201709201728587482_listfull.jpg",
    "title": "金秋额济纳旗胡杨林 青海湖 祁连 张掖 嘉峪关深度休闲摄影（7日行程）",
    "money": "3680",
    "date": "09/25",
    "city": "西宁"
  }
]