[
  {
    "url": "http://hd.8264.com/xianlu-155822",
    "img": "http://img.qunawan.com/ecmme/wan/xl/goods/20170118/201701182042385419_listfull.png",
    "title": "穿越怒江 朝圣梅里雪山 横跨传说秘境 自由行 赠藏民家访（7日行程）",
    "money": "2880",
    "date": "09/22",
    "city": "丽江"
  },
  {
    "url": "http://hd.8264.com/xianlu-155790",
    "img": "http://img.qunawan.com/ecmme/wan/xl/goods/20170118/201701181343289530_listfull.jpg",
    "title": "中国阿尔卑斯四姑娘山 最后的香格里拉稻城亚丁 川藏南线（10日行程）",
    "money": "5800",
    "date": "09/29",
    "city": "成都"
  },
  {
    "url": "http://hd.8264.com/xianlu-155767",
    "img": "http://img.qunawan.com/ecmme/wan/xl/goods/20170118/201701181133413540_listfull.jpg",
    "title": "四姑娘丹巴新都桥贡嘎山伍须海 休闲之旅（7日行程）",
    "money": "2780",
    "date": "09/24",
    "city": "成都"
  },
  {
    "url": "http://hd.8264.com/xianlu-155762",
    "img": "http://img.qunawan.com/ecmme/wan/xl/goods/20170118/201701181120321702_listfull.jpg",
    "title": "沧海遗珠 格聂神山转山 措普沟越野深度旅行（8日行程）",
    "money": "6500",
    "date": "09/30",
    "city": "成都"
  },
  {
    "url": "http://hd.8264.com/xianlu-155770",
    "img": "http://img.qunawan.com/ecmme/wan/xl/goods/20170826/201708261302592689_listfull.jpg",
    "title": "佛国色达稻城亚丁朝圣摄影之旅（7日行程）",
    "money": "2380",
    "date": "09/22",
    "city": "成都"
  },
  {
    "url": "http://hd.8264.com/xianlu-155703",
    "img": "http://img.qunawan.com/ecmme/wan/xl/goods/20170117/201701171621568138_listfull.jpg",
    "title": "贡嘎全线徒步挑战穿越之旅（7日行程）",
    "money": "2880",
    "date": "09/24",
    "city": "成都"
  },
  {
    "url": "http://hd.8264.com/xianlu-155667",
    "img": "http://img.qunawan.com/ecmme/wan/xl/goods/20170117/201701171331399435_listfull.jpg",
    "title": "川藏拼车 追寻中国最美的景观大道 318国道 稻城亚丁（11日行程）",
    "money": "3500",
    "date": "09/23",
    "city": "成都"
  },
  {
    "url": "http://hd.8264.com/xianlu-155699",
    "img": "http://img.qunawan.com/ecmme/wan/xl/goods/20170117/201701171506029620_listfull.jpg",
    "title": "长毕经典 四姑娘山长坪沟毕棚沟穿越（5日行程）",
    "money": "2480",
    "date": "09/30",
    "city": "成都"
  },
  {
    "url": "http://hd.8264.com/xianlu-155651",
    "img": "http://img.qunawan.com/ecmme/wan/xl/goods/20170117/201701171107565831_listfull.jpg",
    "title": "相约川主寺 徒步传说中的秘境七藏沟（7日行程）",
    "money": "2180",
    "date": "10/20",
    "city": "成都"
  },
  {
    "url": "http://hd.8264.com/xianlu-155461",
    "img": "http://img.qunawan.com/ecmme/wan/xl/goods/20170114/201701141338209948_listfull.jpg",
    "title": "17年经典川藏线 稻城亚丁 梅里雪山 林芝到拉萨（18日行程）",
    "money": "3800",
    "date": "09/23",
    "city": "成都"
  },
  {
    "url": "http://hd.8264.com/xianlu-155218",
    "img": "http://img.qunawan.com/ecmme/wan/xl/goods/20170111/201701111528206407_listfull.jpg",
    "title": "四姑娘山 丹巴 新都桥 贡嘎山 伍须海 海螺沟深度摄影（8日行程）",
    "money": "2780",
    "date": "09/23",
    "city": "成都"
  },
  {
    "url": "http://hd.8264.com/xianlu-155222",
    "img": "http://img.qunawan.com/ecmme/wan/xl/goods/20170111/201701111605029999_listfull.jpg",
    "title": "天界之渡 人文景观大道四姑娘山 稻城亚丁 川藏线休闲摄影（11日行程）",
    "money": "5800",
    "date": "09/28",
    "city": "成都"
  },
  {
    "url": "http://hd.8264.com/xianlu-155211",
    "img": "http://img.qunawan.com/ecmme/wan/xl/goods/20170111/201701111517038273_listfull.jpg",
    "title": "秘境川西 色达佛学院 党岭 莫斯卡 丹巴藏寨深度行摄（8日行程）",
    "money": "2980",
    "date": "09/23",
    "city": "成都"
  },
  {
    "url": "http://hd.8264.com/xianlu-155202",
    "img": "http://img.qunawan.com/ecmme/wan/xl/goods/20170111/201701111425315802_listfull.jpg",
    "title": "七藏探秘 野性七藏沟经典徒步穿越 追寻传说中的秘境仙乡（6日行程）",
    "money": "2680",
    "date": "09/30",
    "city": "成都"
  },
  {
    "url": "http://hd.8264.com/xianlu-155181",
    "img": "http://img.qunawan.com/ecmme/wan/xl/goods/20170111/201701111300371224_listfull.jpg",
    "title": "穿越大西北 重温丝绸之路（6日行程）",
    "money": "1500",
    "date": "09/22",
    "city": "西宁"
  },
  {
    "url": "http://hd.8264.com/xianlu-155221",
    "img": "http://img.qunawan.com/ecmme/wan/xl/goods/20170329/201703291719092633_listfull.jpg",
    "title": "若尔盖草原 花湖 九曲黄河 年保玉则 色达 甘孜深度行摄（8日行程）",
    "money": "3550",
    "date": "09/23",
    "city": "成都"
  },
  {
    "url": "http://hd.8264.com/xianlu-154947",
    "img": "http://img.qunawan.com/ecmme/wan/xl/goods/20170109/201701091311241184_listfull.jpg",
    "title": "相约蜀山皇后四姑娘山长坪沟徒步 二峰攀登（6日行程）",
    "money": "2480",
    "date": "09/30",
    "city": "成都"
  },
  {
    "url": "http://hd.8264.com/xianlu-154894",
    "img": "http://img.qunawan.com/ecmme/wan/xl/goods/20170108/201701082056299260_listfull.jpg",
    "title": "徒步穿越贡嘎西南坡 冷噶措 子梅垭口 贡嘎寺 河池布 无露营（5日行程）",
    "money": "2180",
    "date": "09/23",
    "city": "成都"
  },
  {
    "url": "http://hd.8264.com/xianlu-154881",
    "img": "http://img.qunawan.com/ecmme/wan/xl/goods/20170303/201703031202045167_listfull.jpg",
    "title": "中国最美景观大道318 穿越生死线 川藏入青藏出（17日行程）",
    "money": "5800",
    "date": "09/25",
    "city": "成都"
  },
  {
    "url": "http://hd.8264.com/xianlu-154876",
    "img": "http://img.qunawan.com/ecmme/wan/xl/goods/20170107/201701071637434568_listfull.jpg",
    "title": "甘孜经典环线 红原若尔盖 年保玉则 色达 新都桥（7日行程）",
    "money": "3750",
    "date": "09/30",
    "city": "成都"
  }
]