[
  {
    "url": "http://hd.8264.com/xianlu-154873",
    "img": "http://img.qunawan.com/ecmme/wan/xl/goods/20170107/201701071600125735_listfull.jpg",
    "title": "川西经典环线 海螺沟新都桥 稻城亚丁 318国道深度游（7日行程）",
    "money": "3280",
    "date": "09/22",
    "city": "成都"
  },
  {
    "url": "http://hd.8264.com/xianlu-154872",
    "img": "http://img.qunawan.com/ecmme/wan/xl/goods/20170107/201701071546192517_listfull.jpg",
    "title": "川西经典环线 四姑娘山 丹巴 新都桥 贡嘎山 伍须海摄影（7日行程）",
    "money": "2980",
    "date": "09/23",
    "city": "成都"
  },
  {
    "url": "http://hd.8264.com/xianlu-154827",
    "img": "http://img.qunawan.com/ecmme/wan/xl/goods/20170106/201701061513207316_listfull.jpg",
    "title": "秘境川西 七藏沟 长海子 草海 红星海子 鱼海子穿越驴行（7日行程）",
    "money": "2680",
    "date": "09/30",
    "city": "成都"
  },
  {
    "url": "http://hd.8264.com/xianlu-154825",
    "img": "http://img.qunawan.com/ecmme/wan/xl/goods/20170106/201701061515464345_listfull.jpg",
    "title": "色达佛学院 党岭 莫斯卡 丹巴藏寨行摄（8日行程）",
    "money": "2980",
    "date": "09/30",
    "city": "成都"
  },
  {
    "url": "http://hd.8264.com/xianlu-154767",
    "img": "http://img.qunawan.com/ecmme/wan/xl/goods/20170106/201701061152503834_listfull.jpg",
    "title": "穿越蜀山 朝圣蜀山之王 贡嘎转山驴行穿越 贡嘎专业户（8日行程）",
    "money": "2880",
    "date": "09/23",
    "city": "成都"
  },
  {
    "url": "http://hd.8264.com/xianlu-154732",
    "img": "http://img.qunawan.com/ecmme/wan/xl/goods/20170106/201701060948032946_listfull.jpg",
    "title": "蜀山皇后四姑娘山二峰攀登 长坪沟徒步（6日行程）",
    "money": "2480",
    "date": "09/30",
    "city": "成都"
  },
  {
    "url": "http://hd.8264.com/xianlu-154701",
    "img": "http://img.qunawan.com/ecmme/wan/xl/goods/20170105/201701051613439255_listfull.png",
    "title": "2017雪山盛宴 四姑娘山长坪沟徒步适应高海拔 二峰攀登（6日行程）",
    "money": "2480",
    "date": "09/30",
    "city": "成都"
  },
  {
    "url": "http://hd.8264.com/xianlu-154571",
    "img": "http://img.qunawan.com/ecmme/wan/xl/goods/20170104/201701042228306037_listfull.jpg",
    "title": "大美色稻 2017穿过佛国净土 色达 走进最后香格里拉（9日行程）",
    "money": "3280",
    "date": "09/22",
    "city": "成都"
  },
  {
    "url": "http://hd.8264.com/xianlu-154530",
    "img": "http://img.qunawan.com/ecmme/wan/xl/goods/20170104/201701041519218264_listfull.jpg",
    "title": "中国阿尔卑斯四姑娘山 最后的香格里拉稻城亚丁 川藏南线（10日行程）",
    "money": "5800",
    "date": "09/30",
    "city": "成都"
  },
  {
    "url": "http://hd.8264.com/xianlu-154513",
    "img": "http://img.qunawan.com/ecmme/wan/xl/goods/20170104/201701041413057696_listfull.jpg",
    "title": "党岭穿越 丹巴 藏寨党岭葫芦海 道孚秘境徒步穿越（6日行程）",
    "money": "3180",
    "date": "10/01",
    "city": "成都"
  },
  {
    "url": "http://hd.8264.com/xianlu-154274",
    "img": "http://img.qunawan.com/ecmme/wan/xl/goods/20170118/201701181409108777_listfull.jpg",
    "title": "川西小环线 四姑娘山 丹巴 色达佛学院（6日行程）",
    "money": "2180",
    "date": "09/29",
    "city": "成都"
  },
  {
    "url": "http://hd.8264.com/xianlu-154251",
    "img": "http://img.qunawan.com/ecmme/wan/xl/goods/20170101/201701012213031007_listfull.jpg",
    "title": "云南边界游 丽江大理腾冲和顺芒市瑞丽 西南边陲行（6日行程）",
    "money": "2250",
    "date": "09/22",
    "city": "丽江"
  },
  {
    "url": "http://hd.8264.com/xianlu-154198",
    "img": "http://img.qunawan.com/ecmme/wan/xl/goods/20161230/201612301505334947_listfull.jpg",
    "title": "玉龙雪山蓝月谷冰川公园大索道游（1日行程）",
    "money": "540",
    "date": "09/22",
    "city": "丽江"
  },
  {
    "url": "http://hd.8264.com/xianlu-154175",
    "img": "http://img.qunawan.com/ecmme/wan/xl/goods/20161230/201612301249247835_listfull.jpg",
    "title": "小车专享 拼车啦2017 四姑娘山完美邂逅 漫游九寨沟黄龙（6日行程）",
    "money": "1750",
    "date": "09/23",
    "city": "成都"
  },
  {
    "url": "http://hd.8264.com/xianlu-154050",
    "img": "http://img.qunawan.com/ecmme/wan/xl/goods/20161229/201612291128116035_listfull.jpg",
    "title": "天上西藏 滇藏线经典品质游（8日行程）",
    "money": "4800",
    "date": "09/24",
    "city": "丽江"
  },
  {
    "url": "http://hd.8264.com/xianlu-154049",
    "img": "http://img.qunawan.com//ecmme/wan/xl/goods/20161229/201612291139343971_listfull.jpg",
    "title": "对抗年底焦虑症 去越南之南的那些唯美城市浪一趟（14日行程）",
    "money": "6200",
    "date": "10/19",
    "city": "乌鲁"
  },
  {
    "url": "http://hd.8264.com/xianlu-153852",
    "img": "http://img.qunawan.com/ecmme/wan/xl/goods/20161227/201612271507514187_listfull.jpg",
    "title": "贵州 中洞苗族部落 峰谷奇缘黔西南行 全年多期（7日行程）",
    "money": "2980",
    "date": "09/23",
    "city": "贵阳"
  },
  {
    "url": "http://hd.8264.com/xianlu-153741",
    "img": "http://img.qunawan.com/ecmme/wan/xl/goods/20161226/201612261912204525_listfull.jpg",
    "title": "走进西藏 拉萨 林芝 山南 纳木错九天游（9日行程）",
    "money": "3480",
    "date": "10/01",
    "city": "安庆"
  },
  {
    "url": "http://hd.8264.com/xianlu-153704",
    "img": "http://img.qunawan.com/ecmme/wan/xl/goods/20161226/201612261417533431_listfull.jpg",
    "title": "色达民族风情行（5日行程）",
    "money": "1840",
    "date": "09/23",
    "city": "成都"
  },
  {
    "url": "http://hd.8264.com/xianlu-153712",
    "img": "http://img.qunawan.com/ecmme/wan/xl/goods/20161226/201612261433555977_listfull.jpg",
    "title": "从你的全世界路过 却相遇在稻城亚丁 稻城亚丁纯色之旅（6日行程）",
    "money": "2070",
    "date": "09/23",
    "city": "甘孜"
  }
]