[
  {
    "url": "http://hd.8264.com/xianlu-153697",
    "img": "http://img.qunawan.com/ecmme/wan/xl/goods/20161226/201612261405368394_listfull.jpg",
    "title": "成都 九寨沟 黄龙 特色羌寨 天堂之旅（4日行程）",
    "money": "1100",
    "date": "09/23",
    "city": "成都"
  },
  {
    "url": "http://hd.8264.com/xianlu-155066",
    "img": "http://img.qunawan.com/ecmme/wan/xl/goods/20170110/201701101141186374_listfull.png",
    "title": "徒步中国最原始村落 雨崩村 寻找香巴拉 虎跳峡 梅里雪山（6日行程）",
    "money": "2180",
    "date": "09/28",
    "city": "丽江"
  },
  {
    "url": "http://hd.8264.com/xianlu-165053",
    "img": "http://img.qunawan.com/ecmme/wan/xl/goods/20170518/201705180205146569_listfull.jpg",
    "title": "青海湖 塔尔寺 黑马河 茶卡盐湖 祁连卓尔山 门源（3日行程）",
    "money": "450",
    "date": "09/22",
    "city": "西宁"
  },
  {
    "url": "http://hd.8264.com/xianlu-153444",
    "img": "http://img.qunawan.com/ecmme/wan/xl/goods/20161222/201612221909431195_listfull.jpg",
    "title": "青海 甘南 年保玉则 色达 贵德 塔尔寺（8日行程）",
    "money": "6000",
    "date": "09/22",
    "city": "西宁"
  },
  {
    "url": "http://hd.8264.com/xianlu-153435",
    "img": "http://img.qunawan.com/ecmme/wan/xl/goods/20161222/201612221610506280_listfull.jpg",
    "title": "大美川藏 从你的全世界路过（10日行程）",
    "money": "5580",
    "date": "09/22",
    "city": "上海"
  },
  {
    "url": "http://hd.8264.com/xianlu-153378",
    "img": "http://img.qunawan.com/ecmme/wan/xl/goods/20161222/201612221022013204_listfull.jpg",
    "title": "尼泊尔 珠穆朗玛峰 洛子峰 珠峰大本营EBC轻装徒步（11日行程）",
    "money": "8500",
    "date": "10/01",
    "city": "加德"
  },
  {
    "url": "http://hd.8264.com/xianlu-153291",
    "img": "http://img.qunawan.com/ecmme/wan/xl/goods/20161221/201612211354147180_listfull.jpg",
    "title": "高端骑游路线 春天骑游荷兰 欣赏花园国家（9日行程）",
    "money": "6200",
    "date": "09/22",
    "city": "阿姆"
  },
  {
    "url": "http://hd.8264.com/xianlu-153269",
    "img": "http://img.qunawan.com/ecmme/wan/xl/goods/20161221/201612211215544990_listfull.jpg",
    "title": "丹巴党岭 道孚经典徒步穿越 探寻天堂里的秘境（7日行程）",
    "money": "3180",
    "date": "10/01",
    "city": "成都"
  },
  {
    "url": "http://hd.8264.com/xianlu-153263",
    "img": "http://img.qunawan.com/ecmme/wan/xl/goods/20170208/201702081200167581_listfull.jpg",
    "title": "尼泊尔 安娜普尔纳大本营ABC徒步（11日行程）",
    "money": "3900",
    "date": "10/01",
    "city": "加德"
  },
  {
    "url": "http://hd.8264.com/xianlu-153256",
    "img": "http://img.qunawan.com/ecmme/wan/xl/goods/20161221/201612211123094379_listfull.jpg",
    "title": "四姑娘山长坪沟穿越毕棚沟 中国十大经典徒步线路之一（6日行程）",
    "money": "2480",
    "date": "09/30",
    "city": "成都"
  },
  {
    "url": "http://hd.8264.com/xianlu-153076",
    "img": "http://img.qunawan.com/ecmme/wan/xl/goods/20161220/201612202250518719_listfull.jpg",
    "title": "川西自驾年度最佳路线召集（12日行程）",
    "money": "6480",
    "date": "09/25",
    "city": "安庆"
  },
  {
    "url": "http://hd.8264.com/xianlu-153027",
    "img": "http://img.qunawan.com/ecmme/wan/xl/goods/20161220/201612201745202509_listfull.jpg",
    "title": "云南丙中洛 探秘怒江最后的圣地独龙江行 全年多期（9日行程）",
    "money": "3580",
    "date": "09/23",
    "city": "昆明"
  },
  {
    "url": "http://hd.8264.com/xianlu-152957",
    "img": "http://img.qunawan.com/ecmme/wan/xl/goods/20161220/201612201406437140_listfull.png",
    "title": "醉美贵州 探秘黔东南少数民族游 全年多期（8日行程）",
    "money": "3880",
    "date": "10/07",
    "city": "贵阳"
  },
  {
    "url": "http://hd.8264.com/xianlu-152950",
    "img": "http://img.qunawan.com/ecmme/wan/xl/goods/20161220/201612201339006675_listfull.jpg",
    "title": "云南西双版纳 探访北回归线以南多彩少数民族游 全年多期（8日行程）",
    "money": "4980",
    "date": "10/07",
    "city": "昆明"
  },
  {
    "url": "http://hd.8264.com/xianlu-152989",
    "img": "http://img.qunawan.com/ecmme/wan/xl/goods/20170105/201701051211067667_listfull.jpg",
    "title": "蜀山皇后四姑娘山二峰攀登 长坪沟徒步（6日行程）",
    "money": "2480",
    "date": "09/30",
    "city": "成都"
  },
  {
    "url": "http://hd.8264.com/xianlu-152999",
    "img": "http://img.qunawan.com/ecmme/wan/xl/goods/20161220/201612201620138371_listfull.jpg",
    "title": "云南大理丽江 探访心目中的世外桃源游 全年多期（8日行程）",
    "money": "2880",
    "date": "10/07",
    "city": "昆明"
  },
  {
    "url": "http://hd.8264.com/xianlu-153007",
    "img": "http://img.qunawan.com/ecmme/wan/xl/goods/20161220/201612201650279691_listfull.jpg",
    "title": "民族游 云南德宏 孔雀之乡6个少数民族风情行 全年多期（6日行程）",
    "money": "2980",
    "date": "09/23",
    "city": "昆明"
  },
  {
    "url": "http://hd.8264.com/xianlu-152684",
    "img": "http://img.qunawan.com/ecmme/wan/xl/goods/20161219/201612191724479351_listfull.jpg",
    "title": "经典长穿毕 四姑娘山长坪沟毕棚沟穿越（5日行程）",
    "money": "2480",
    "date": "09/30",
    "city": "成都"
  },
  {
    "url": "http://hd.8264.com/xianlu-152644",
    "img": "http://img.qunawan.com/ecmme/wan/xl/goods/20161219/201612191547276008_listfull.jpg",
    "title": "履约色达 若尔盖 年保 色达 新都桥甘孜环线（7日行程）",
    "money": "3550",
    "date": "09/23",
    "city": "成都"
  },
  {
    "url": "http://hd.8264.com/xianlu-152634",
    "img": "http://img.qunawan.com/ecmme/wan/xl/goods/20161219/201612191535461667_listfull.jpg",
    "title": "冰峰山地 贡嘎全线徒步穿越挑战之旅全年发团（7日行程）",
    "money": "2880",
    "date": "09/23",
    "city": "成都"
  }
]