[
  {
    "url": "http://hd.8264.com/xianlu-161739",
    "img": "http://img.qunawan.com/ecmme/wan/xl/goods/20170408/201704081056511713_listfull.png",
    "title": "福建 厦门本岛 风情鼓浪屿 南靖土楼 浪漫云水谣古镇（5日行程）",
    "money": "1680",
    "date": "09/23",
    "city": "厦门"
  },
  {
    "url": "http://hd.8264.com/xianlu-152529",
    "img": "http://img.qunawan.com/ecmme/wan/xl/goods/20161219/201612191201013292_listfull.jpg",
    "title": "四姑娘山长坪沟穿越毕棚沟 中国十大经典徒步线路（6日行程）",
    "money": "2480",
    "date": "09/30",
    "city": "成都"
  },
  {
    "url": "http://hd.8264.com/xianlu-152354",
    "img": "http://img.qunawan.com/ecmme/wan/xl/goods/20161218/201612182255424212_listfull.gif",
    "title": "川藏南线 稻城亚丁林芝桃花赠羊卓雍湖（10日行程）",
    "money": "3800",
    "date": "09/23",
    "city": "成都"
  },
  {
    "url": "http://hd.8264.com/xianlu-152328",
    "img": "http://img.qunawan.com/ecmme/wan/xl/goods/20161218/201612181034147966_listfull.jpg",
    "title": "2017年贡嘎转山 蜀山之王大环线完美徒步穿越（8日行程）",
    "money": "2880",
    "date": "09/23",
    "city": "成都"
  },
  {
    "url": "http://hd.8264.com/xianlu-152317",
    "img": "http://img.qunawan.com/ecmme/wan/xl/goods/20161217/201612171643551970_listfull.jpg",
    "title": "艳遇丽江 徒步巴拉格宗 乃当牧场 探索神秘大峡谷 露营（5日行程）",
    "money": "1780",
    "date": "09/23",
    "city": "丽江"
  },
  {
    "url": "http://hd.8264.com/xianlu-152315",
    "img": "http://img.qunawan.com/ecmme/wan/xl/goods/20170503/201705031528173341_listfull.jpg",
    "title": "藏地神韵 佛国色达 神山年保玉则 色彩盛宴毕棚沟朝圣之旅（7日行程）",
    "money": "2980",
    "date": "09/23",
    "city": "成都"
  },
  {
    "url": "http://hd.8264.com/xianlu-152084",
    "img": "http://img.qunawan.com/ecmme/wan/xl/goods/20161215/201612152329319255_listfull.jpg",
    "title": "攀登四姑娘二峰（4日行程）",
    "money": "1780",
    "date": "09/22",
    "city": "成都"
  },
  {
    "url": "http://hd.8264.com/xianlu-152083",
    "img": "http://img.qunawan.com/ecmme/wan/xl/goods/20161215/201612152319009311_listfull.jpg",
    "title": "触摸蜀山之王 轻装穿越贡嘎全线（8日行程）",
    "money": "2280",
    "date": "09/29",
    "city": "成都"
  },
  {
    "url": "http://hd.8264.com/xianlu-151987",
    "img": "http://img.qunawan.com/ecmme/wan/xl/goods/20161215/201612151247302200_listfull.jpg",
    "title": "新乡南太行四大挂壁公路自驾穿越 郭亮村 王莽岭 天界山（3日行程）",
    "money": "1280",
    "date": "09/22",
    "city": "新乡"
  },
  {
    "url": "http://hd.8264.com/xianlu-152016",
    "img": "http://img.qunawan.com/ecmme/wan/xl/goods/20161215/201612151338216224_listfull.jpg",
    "title": "尼泊尔珠峰南坡环线EBC轻装徒步（15日行程）",
    "money": "8500",
    "date": "10/01",
    "city": "加德"
  },
  {
    "url": "http://hd.8264.com/xianlu-151820",
    "img": "http://img.qunawan.com/ecmme/wan/xl/goods/20161214/201612142340332487_listfull.jpg",
    "title": "灵魂苏醒的地方 四姑娘山 丹巴 色达（6日行程）",
    "money": "2180",
    "date": "09/29",
    "city": "成都"
  },
  {
    "url": "http://hd.8264.com/xianlu-151802",
    "img": "http://img.qunawan.com/ecmme/wan/xl/goods/20161214/201612142003551444_listfull.jpg",
    "title": "2017攀登入门级哈巴雪山让我们为你的此次旅行保驾护航（4日行程）",
    "money": "2868",
    "date": "09/22",
    "city": "丽江"
  },
  {
    "url": "http://hd.8264.com/xianlu-151796",
    "img": "http://img.qunawan.com/ecmme/wan/xl/goods/20170503/201705031641309279_listfull.jpg",
    "title": "九色甘南 扎尕那村 若尔盖 拉卜楞寺 尕海湖 黄河九曲环线（7日行程）",
    "money": "2980",
    "date": "09/23",
    "city": "兰州"
  },
  {
    "url": "http://hd.8264.com/xianlu-151792",
    "img": "http://img.qunawan.com/ecmme/wan/xl/goods/20161214/201612141733394281_listfull.jpg",
    "title": "蜀山传奇 四姑娘 丹巴 新都桥 贡嘎山 伍须海 休闲摄影（7日行程）",
    "money": "2780",
    "date": "09/23",
    "city": "成都"
  },
  {
    "url": "http://hd.8264.com/xianlu-151765",
    "img": "http://img.qunawan.com/ecmme/wan/xl/goods/20170503/201705031652515228_listfull.jpg",
    "title": "九寨环线 黄龙 毕棚沟 九曲日落 若尔盖花湖舒适慢旅（7日行程）",
    "money": "2980",
    "date": "09/23",
    "city": "成都"
  },
  {
    "url": "http://hd.8264.com/xianlu-151768",
    "img": "http://img.qunawan.com/ecmme/wan/xl/goods/20161214/201612141529375800_listfull.jpg",
    "title": "党岭穿越 2017年丹巴藏寨党岭葫芦海 道孚秘境徒步穿越（7日行程）",
    "money": "3180",
    "date": "10/01",
    "city": "成都"
  },
  {
    "url": "http://hd.8264.com/xianlu-151596",
    "img": "http://img.qunawan.com/ecmme/wan/xl/goods/20161214/201612141002046980_listfull.jpg",
    "title": "雪山之国 尼泊尔珠峰大本营 EBC（15日行程）",
    "money": "8600",
    "date": "10/01",
    "city": "加德"
  },
  {
    "url": "http://hd.8264.com/xianlu-151470",
    "img": "http://img.qunawan.com/ecmme/wan/xl/goods/20161213/201612131717112907_listfull.jpg",
    "title": "西藏山南 不走回头路 拉萨 林芝 山南 纳木错 多期（9日行程）",
    "money": "3680",
    "date": "10/01",
    "city": "拉萨"
  },
  {
    "url": "http://hd.8264.com/xianlu-151461",
    "img": "http://img.qunawan.com/ecmme/wan/xl/goods/20170522/201705221130255371_listfull.jpg",
    "title": "新疆 尼泊尔徒步 哈巴 二峰登山 定制行程 向导协作（7日行程）",
    "money": "1000",
    "date": "09/22",
    "city": "成都"
  },
  {
    "url": "http://hd.8264.com/xianlu-151460",
    "img": "http://img.qunawan.com/ecmme/wan/xl/goods/20161213/201612131709015606_listfull.jpg",
    "title": "蜀山之王大环线完美穿越 穿越挑战极限（8日行程）",
    "money": "3168",
    "date": "09/23",
    "city": "成都"
  }
]