[
  {
    "url": "http://hd.8264.com/xianlu-151146",
    "img": "http://img.qunawan.com/ecmme/wan/xl/goods/20161226/201612261730204120_listfull.jpg",
    "title": "云端之上的西藏 珠峰亚东纳木错边境摄影之旅（10日行程）",
    "money": "3850",
    "date": "09/24",
    "city": "拉萨"
  },
  {
    "url": "http://hd.8264.com/xianlu-151145",
    "img": "http://img.qunawan.com/ecmme/wan/xl/goods/20161212/201612121808534793_listfull.jpg",
    "title": "2017年全年 西藏境内常规环线游（8日行程）",
    "money": "2750",
    "date": "09/24",
    "city": "拉萨"
  },
  {
    "url": "http://hd.8264.com/xianlu-151093",
    "img": "http://img.qunawan.com/ecmme/wan/xl/goods/20161212/201612121437308927_listfull.jpg",
    "title": "人文景观大道四姑娘山 稻城亚丁 川藏线行摄（11日行程）",
    "money": "5800",
    "date": "09/28",
    "city": "成都"
  },
  {
    "url": "http://hd.8264.com/xianlu-150740",
    "img": "http://img.qunawan.com/ecmme/wan/xl/goods/20161210/201612101049359630_listfull.jpg",
    "title": "冰封山地 蜀山之王大环线完美穿越（8日行程）",
    "money": "3168",
    "date": "09/23",
    "city": "成都"
  },
  {
    "url": "http://hd.8264.com/xianlu-150688",
    "img": "http://img.qunawan.com/ecmme/wan/xl/goods/20161209/201612091605028025_listfull.jpg",
    "title": "稻亚经典探访梦中的香格里拉 海螺沟 稻城亚丁深度旅行（8日行程）",
    "money": "2380",
    "date": "09/22",
    "city": "成都"
  },
  {
    "url": "http://hd.8264.com/xianlu-150696",
    "img": "http://img.qunawan.com/ecmme/wan/xl/goods/20161209/201612091626151184_listfull.jpg",
    "title": "四姑娘山 丹巴 新都桥 贡嘎山 伍须海 海螺沟深度摄影（8日行程）",
    "money": "2780",
    "date": "09/23",
    "city": "成都"
  },
  {
    "url": "http://hd.8264.com/xianlu-150476",
    "img": "http://img.qunawan.com/ecmme/wan/xl/goods/20161208/201612081712432624_listfull.jpg",
    "title": "高铁出行厦门 鼓浪屿 曾厝垵 南普陀寺 胡里山炮台游（3日行程）",
    "money": "980",
    "date": "09/22",
    "city": "深圳"
  },
  {
    "url": "http://hd.8264.com/xianlu-150363",
    "img": "http://img.qunawan.com/ecmme/wan/xl/goods/20170912/201709121420096587_listfull.jpg",
    "title": "密云张裕爱斐堡 浪漫城堡之旅 欧洲庄园行摄 葡萄酒品鉴（1日行程）",
    "money": "128",
    "date": "09/23",
    "city": "北京"
  },
  {
    "url": "http://hd.8264.com/xianlu-150301",
    "img": "http://img.qunawan.com/ecmme/wan/xl/goods/20161208/201612081017211726_listfull.jpg",
    "title": "品明清古韵 畅游平遥古城 王家大院 玩转山西（2日行程）",
    "money": "350",
    "date": "09/23",
    "city": "北京"
  },
  {
    "url": "http://hd.8264.com/xianlu-150233",
    "img": "http://img.qunawan.com/ecmme/wan/xl/goods/20161207/201612072101056063_listfull.jpg",
    "title": "蜀山传奇 四姑娘山 丹巴 新都桥 贡嘎山 伍须海深度摄影（8日行程）",
    "money": "2780",
    "date": "09/23",
    "city": "成都"
  },
  {
    "url": "http://hd.8264.com/xianlu-149915",
    "img": "http://img.qunawan.com/ecmme/wan/xl/goods/20161206/201612062214121479_listfull.png",
    "title": "冰封山地 贡嘎全线徒步（8日行程）",
    "money": "2880",
    "date": "09/23",
    "city": "成都"
  },
  {
    "url": "http://hd.8264.com/xianlu-149549",
    "img": "http://img.qunawan.com/ecmme/wan/xl/goods/20161206/201612060031016286_listfull.jpg",
    "title": "狂野的肯尼亚 2017全年东非动物大迁徙（8日行程）",
    "money": "12000",
    "date": "09/23",
    "city": "内罗"
  },
  {
    "url": "http://hd.8264.com/xianlu-149542",
    "img": "http://img.qunawan.com/ecmme/wan/xl/goods/20161206/201612060009446786_listfull.jpg",
    "title": "2017大美色稻 穿越佛国净土走进最后的香格里拉（9日行程）",
    "money": "3280",
    "date": "09/22",
    "city": "成都"
  },
  {
    "url": "http://hd.8264.com/xianlu-149539",
    "img": "http://img.qunawan.com/ecmme/wan/xl/goods/20161205/201612052339455654_listfull.jpg",
    "title": "2017全年 川藏南线 滇藏线 稻城亚丁 梅里雪山 来古村（11日行程）",
    "money": "4980",
    "date": "09/22",
    "city": "成都"
  },
  {
    "url": "http://hd.8264.com/xianlu-148754",
    "img": "http://img.qunawan.com/ecmme/wan/xl/goods/20161201/201612011417289638_listfull.jpg",
    "title": "感受通天路魅力 达瓦更扎（2日行程）",
    "money": "480",
    "date": "09/22",
    "city": "成都"
  },
  {
    "url": "http://hd.8264.com/xianlu-162033",
    "img": "http://img.qunawan.com/ecmme/wan/xl/goods/20170411/201704111026339644_listfull.jpeg",
    "title": "川北精华（8日行程）",
    "money": "3380",
    "date": "09/23",
    "city": "成都"
  },
  {
    "url": "http://hd.8264.com/xianlu-148125",
    "img": "http://img.qunawan.com/ecmme/wan/xl/goods/20161129/201611291404418876_listfull.jpg",
    "title": "金秋行摄额济纳旗胡杨林（7日行程）",
    "money": "3680",
    "date": "09/25",
    "city": "西宁"
  },
  {
    "url": "http://hd.8264.com/xianlu-147888",
    "img": "http://img.qunawan.com/ecmme/wan/xl/goods/20161128/201611282311402113_listfull.jpg",
    "title": "穿越南北丝绸之路（8日行程）",
    "money": "3580",
    "date": "09/26",
    "city": "西宁"
  },
  {
    "url": "http://hd.8264.com/xianlu-147857",
    "img": "http://img.qunawan.com/ecmme/wan/xl/goods/20161128/201611281719024233_listfull.jpg",
    "title": "丹巴党岭 道孚经典徒步穿越 探寻天堂里的秘境（7日行程）",
    "money": "3180",
    "date": "10/01",
    "city": "成都"
  },
  {
    "url": "http://hd.8264.com/xianlu-147841",
    "img": "http://img.qunawan.com/ecmme/wan/xl/goods/20161128/201611281647026803_listfull.jpg",
    "title": "冰封山地之蜀山之王贡嘎大环线完美穿越（8日行程）",
    "money": "2880",
    "date": "09/23",
    "city": "成都"
  }
]