[
  {
    "url": "http://hd.8264.com/xianlu-166691",
    "img": "http://img.qunawan.com/ecmme/wan/xl/goods/20170610/201706101949535058_listfull.jpg",
    "title": "新疆游 北疆环线 自助摄影（15日行程）",
    "money": "3000",
    "date": "09/22",
    "city": "乌鲁"
  },
  {
    "url": "http://hd.8264.com/xianlu-147510",
    "img": "http://img.qunawan.com/ecmme/wan/xl/goods/20161127/201611271823027614_listfull.jpg",
    "title": "入门级雪山攀登 四姑娘山二峰（3日行程）",
    "money": "1680",
    "date": "09/22",
    "city": "成都"
  },
  {
    "url": "http://hd.8264.com/xianlu-147404",
    "img": "http://img.qunawan.com/ecmme/wan/xl/goods/20161125/201611251601023733_listfull.jpg",
    "title": "绝美怒江大峡谷 走进神秘独龙族（7日行程）",
    "money": "2580",
    "date": "10/01",
    "city": "丽江"
  },
  {
    "url": "http://hd.8264.com/xianlu-146877",
    "img": "http://img.qunawan.com/ecmme/wan/xl/goods/20161123/201611231713489709_listfull.png",
    "title": "雪山云海星空 达瓦更扎摄影之旅（2日行程）",
    "money": "350",
    "date": "09/22",
    "city": "成都"
  },
  {
    "url": "http://hd.8264.com/xianlu-146542",
    "img": "http://img.qunawan.com/ecmme/wan/xl/goods/20161122/201611222001231272_listfull.jpg",
    "title": "大理双廊洱海丽江古城香格里拉 普达措国梅里雪山（7日行程）",
    "money": "2780",
    "date": "09/22",
    "city": "昆明"
  },
  {
    "url": "http://hd.8264.com/xianlu-146538",
    "img": "http://img.qunawan.com/ecmme/wan/xl/goods/20161122/201611221937374812_listfull.jpg",
    "title": "艳遇丽江古城大理双廊洱海香格里拉虎跳峡（5日行程）",
    "money": "1880",
    "date": "09/22",
    "city": "丽江"
  },
  {
    "url": "http://hd.8264.com/xianlu-146533",
    "img": "http://img.qunawan.com/ecmme/wan/xl/goods/20161122/201611221919175634_listfull.jpg",
    "title": "艳遇丽江古城泸沽湖大理香格里拉虎跳峡普达措（7日行程）",
    "money": "2580",
    "date": "09/22",
    "city": "丽江"
  },
  {
    "url": "http://hd.8264.com/xianlu-146434",
    "img": "http://img.qunawan.com/ecmme/wan/xl/goods/20161122/201611221345108426_listfull.jpg",
    "title": "初级雪山攀登体验 四姑娘山大峰（3日行程）",
    "money": "1580",
    "date": "09/22",
    "city": "成都"
  },
  {
    "url": "http://hd.8264.com/xianlu-146209",
    "img": "http://img.qunawan.com/ecmme/wan/xl/goods/20161121/201611211828199898_listfull.png",
    "title": "朝拜蜀山之王 贡嘎雪山 子梅垭口 巴王海 草科温泉 徙步之旅（2日行程）",
    "money": "550",
    "date": "09/22",
    "city": "成都"
  },
  {
    "url": "http://hd.8264.com/xianlu-146205",
    "img": "http://img.qunawan.com/ecmme/wan/xl/goods/20161121/201611211812392740_listfull.png",
    "title": "山水世界毕棚沟 藏羌风情（2日行程）",
    "money": "288",
    "date": "09/22",
    "city": "成都"
  },
  {
    "url": "http://hd.8264.com/xianlu-146000",
    "img": "http://img.qunawan.com/ecmme/wan/xl/goods/20170713/201707131156595245_listfull.jpg",
    "title": "世界第十高峰 尼泊尔安娜普尔纳大本营ABC长线徒步（11日行程）",
    "money": "3900",
    "date": "09/23",
    "city": "加德"
  },
  {
    "url": "http://hd.8264.com/xianlu-146018",
    "img": "http://img.qunawan.com/ecmme/wan/xl/goods/20170621/201706211338291572_listfull.jpg",
    "title": "北灵穿越 拍摄炫酷大片（2日行程）",
    "money": "170",
    "date": "09/24",
    "city": "北京"
  },
  {
    "url": "http://hd.8264.com/xianlu-145148",
    "img": "http://img.qunawan.com/ecmme/wan/xl/goods/20170810/201708101345421000_listfull.jpg",
    "title": "云南世外桃园 怒江峡谷 丙中洛 独龙江 中缅边境 深度游（9日行程）",
    "money": "3600",
    "date": "09/22",
    "city": "昆明"
  },
  {
    "url": "http://hd.8264.com/xianlu-144893",
    "img": "http://img.qunawan.com/ecmme/wan/xl/goods/20161116/201611161127316938_listfull.jpg",
    "title": "雪山梦四姑娘山初级入门级雪山大峰攀登活动（4日行程）",
    "money": "1380",
    "date": "09/22",
    "city": "成都"
  },
  {
    "url": "http://hd.8264.com/xianlu-144934",
    "img": "http://img.qunawan.com/ecmme/wan/xl/goods/20170810/201708101409448611_listfull.jpg",
    "title": "自驾拼车 怒江峡谷 丙中洛 独龙江 高黎贡山 中缅边境（9日行程）",
    "money": "3600",
    "date": "09/29",
    "city": "成都"
  },
  {
    "url": "http://hd.8264.com/xianlu-144379",
    "img": "http://img.qunawan.com/ecmme/wan/xl/goods/20161115/201611150837386761_listfull.jpg",
    "title": "江西全景游 庐山 三清山 三叠泉 婺源 景德镇 纯玩休闲游（7日行程）",
    "money": "2580",
    "date": "09/23",
    "city": "九江"
  },
  {
    "url": "http://hd.8264.com/xianlu-144356",
    "img": "http://img.qunawan.com/ecmme/wan/xl/goods/20161114/201611142138027920_listfull.jpg",
    "title": "登那玛峰眺贡嘎群山 朝觐蜀山之王（6日行程）",
    "money": "6500",
    "date": "09/23",
    "city": "成都"
  },
  {
    "url": "http://hd.8264.com/xianlu-144257",
    "img": "http://img.qunawan.com/ecmme/wan/xl/goods/20161114/201611141934226847_listfull.jpg",
    "title": "在天堂 尼泊尔EBC 珠峰大本营 大环18天全景徒步记（18日行程）",
    "money": "8600",
    "date": "10/14",
    "city": "加德"
  },
  {
    "url": "http://hd.8264.com/xianlu-144180",
    "img": "http://img.qunawan.com/ecmme/wan/xl/goods/20161114/201611141141109484_listfull.jpg",
    "title": "西部攀登 人生的第一座5000 雪山 四姑娘山大峰攀登（3日行程）",
    "money": "1280",
    "date": "09/22",
    "city": "成都"
  },
  {
    "url": "http://hd.8264.com/xianlu-170995",
    "img": "http://img.qunawan.com/ecmme/wan/xl/goods/20170828/201708281406578021_listfull.jpg",
    "title": "贡嘎转山 蜀山之王大环线穿越 挑战极限 贡嘎专业户（8日行程）",
    "money": "2880",
    "date": "09/23",
    "city": "成都"
  }
]