[
  {
    "url": "http://hd.8264.com/xianlu-143956",
    "img": "http://img.qunawan.com/ecmme/wan/xl/goods/20161111/201611111556129215_listfull.jpg",
    "title": "西部徒步 牛背山隔山相望 二郎山红岩顶坐看云起云落（2日行程）",
    "money": "380",
    "date": "09/23",
    "city": "成都"
  },
  {
    "url": "http://hd.8264.com/xianlu-157327",
    "img": "http://img.qunawan.com/ecmme/wan/xl/goods/20170215/201702150220112138_listfull.jpg",
    "title": "海南户外自助环岛旅行 深度游（6日行程）",
    "money": "1880",
    "date": "10/16",
    "city": "海口"
  },
  {
    "url": "http://hd.8264.com/xianlu-143641",
    "img": "http://img.qunawan.com/ecmme/wan/xl/goods/20170728/201707281349452419_listfull.jpg",
    "title": "轻装徒步巴旺海 子梅垭口 贡嘎寺 贡嘎雪山（5日行程）",
    "money": "2580",
    "date": "09/23",
    "city": "成都"
  },
  {
    "url": "http://hd.8264.com/xianlu-143613",
    "img": "http://img.qunawan.com/ecmme/wan/xl/goods/20170310/201703101638322494_listfull.jpg",
    "title": "2017四色丹稻 四姑娘山 丹巴 色达 新都桥 稻城亚丁（10日行程）",
    "money": "3580",
    "date": "09/22",
    "city": "成都"
  },
  {
    "url": "http://hd.8264.com/xianlu-143539",
    "img": "http://img.qunawan.com/ecmme/wan/xl/goods/20170831/201708312237113095_listfull.jpg",
    "title": "四姑娘山二峰攀登挑战人生第一座5千米雪山（5日行程）",
    "money": "2880",
    "date": "09/30",
    "city": "成都"
  },
  {
    "url": "http://hd.8264.com/xianlu-143554",
    "img": "http://img.qunawan.com/ecmme/wan/xl/goods/20170310/201703101709482958_listfull.jpg",
    "title": "2017蜀山环线 贡嘎 四姑娘山 丹巴 新都桥 海螺沟环线（7日行程）",
    "money": "2680",
    "date": "09/22",
    "city": "成都"
  },
  {
    "url": "http://hd.8264.com/xianlu-142952",
    "img": "http://img.qunawan.com/ecmme/wan/xl/goods/20161107/201611071728486481_listfull.jpg",
    "title": "相约四姑娘山长坪沟徒步尝试二峰初级雪山攀登（6日行程）",
    "money": "2480",
    "date": "09/30",
    "city": "成都"
  },
  {
    "url": "http://hd.8264.com/xianlu-159528",
    "img": "http://img.qunawan.com/ecmme/wan/xl/goods/20170728/201707281402401643_listfull.jpg",
    "title": "雪山挑战 那玛峰5588米攀登（7日行程）",
    "money": "6800",
    "date": "09/22",
    "city": "成都"
  },
  {
    "url": "http://hd.8264.com/xianlu-142596",
    "img": "http://img.qunawan.com/ecmme/wan/xl/goods/20170831/201708312227117925_listfull.jpg",
    "title": "初级高原经典徒步线路 雪山漫步 贡嘎西南坡游（5日行程）",
    "money": "2280",
    "date": "09/30",
    "city": "成都"
  },
  {
    "url": "http://hd.8264.com/xianlu-142578",
    "img": "http://img.qunawan.com/ecmme/wan/xl/goods/20161105/201611051929452448_listfull.jpg",
    "title": "青海敦煌 深度游（7日行程）",
    "money": "1300",
    "date": "09/22",
    "city": "西宁"
  },
  {
    "url": "http://hd.8264.com/xianlu-165517",
    "img": "http://img.qunawan.com/ecmme/wan/xl/goods/20170523/201705231812484377_listfull.jpg",
    "title": "呼伦贝尔 满洲里 额尔古纳 黑山头 室韦 恩和 纯玩自由行（5日行程）",
    "money": "1980",
    "date": "09/22",
    "city": "呼伦"
  },
  {
    "url": "http://hd.8264.com/xianlu-164032",
    "img": "http://img.qunawan.com/ecmme/wan/xl/goods/20170508/201705081454446074_listfull.jpg",
    "title": "川藏色达 川藏 色达 稻城亚丁 米堆冰川 林芝 拉萨行摄之旅（11日行程）",
    "money": "3980",
    "date": "09/26",
    "city": "成都"
  },
  {
    "url": "http://hd.8264.com/xianlu-140920",
    "img": "http://img.qunawan.com/ecmme/wan/xl/goods/20161028/201610281517572226_listfull.jpg",
    "title": "色达五明佛学院 稻城亚丁 川西环线经典（9日行程）",
    "money": "3280",
    "date": "09/28",
    "city": "南京"
  },
  {
    "url": "http://hd.8264.com/xianlu-140937",
    "img": "http://img.qunawan.com/ecmme/wan/xl/goods/20161028/201610281555021421_listfull.jpg",
    "title": "四姑娘山长坪沟徒步 二峰攀登 尝试初级雪山攀登（6日行程）",
    "money": "2480",
    "date": "09/30",
    "city": "成都"
  },
  {
    "url": "http://hd.8264.com/xianlu-140674",
    "img": "http://img.qunawan.com/ecmme/wan/xl/goods/20161027/201610271803134155_listfull.jpg",
    "title": "贡嘎环线 子梅垭口（4日行程）",
    "money": "1180",
    "date": "09/27",
    "city": "成都"
  },
  {
    "url": "http://hd.8264.com/xianlu-140672",
    "img": "http://img.qunawan.com/ecmme/wan/xl/goods/20161027/201610271756297021_listfull.png",
    "title": "色达 佛学院 丹巴 四姑娘山 环线 不能忘记的那一片红（4日行程）",
    "money": "880",
    "date": "09/26",
    "city": "成都"
  },
  {
    "url": "http://hd.8264.com/xianlu-140659",
    "img": "http://img.qunawan.com/ecmme/wan/xl/goods/20161027/201610271711147174_listfull.jpg",
    "title": "云端上的舞者 达瓦更扎（2日行程）",
    "money": "380",
    "date": "09/23",
    "city": "成都"
  },
  {
    "url": "http://hd.8264.com/xianlu-139962",
    "img": "http://img.qunawan.com/ecmme/wan/xl/goods/20161025/201610251522023573_listfull.jpg",
    "title": "稻城亚丁大转山 集尼汝亚丁 泸沽湖亚丁 洛克线徒步穿越精髓（8日行程）",
    "money": "3280",
    "date": "10/01",
    "city": "甘孜"
  },
  {
    "url": "http://hd.8264.com/xianlu-139348",
    "img": "http://img.qunawan.com/ecmme/wan/xl/goods/20161024/201610241025496838_listfull.jpg",
    "title": "雾漫小东江 高椅岭 让摄影师为之疯狂的仙境（2日行程）",
    "money": "368",
    "date": "09/22",
    "city": "郴州"
  },
  {
    "url": "http://hd.8264.com/xianlu-139290",
    "img": "http://img.qunawan.com/ecmme/wan/xl/goods/20170316/201703161510445738_listfull.png",
    "title": "初级雪山攀登 云南哈巴雪山攀登计划 5396m（5日行程）",
    "money": "3180",
    "date": "09/23",
    "city": "丽江"
  }
]