[
  {
    "url": "http://hd.8264.com/xianlu-138744",
    "img": "http://img.qunawan.com/ecmme/wan/xl/goods/20161020/201610201447312836_listfull.jpg",
    "title": "翱翔天际 成都周末滑翔伞（1日行程）",
    "money": "640",
    "date": "09/23",
    "city": "成都"
  },
  {
    "url": "http://hd.8264.com/xianlu-138801",
    "img": "http://img.qunawan.com/ecmme/wan/xl/goods/20161020/201610201659479141_listfull.jpg",
    "title": "一路向西去大理 大理 诺邓 腾冲游（9日行程）",
    "money": "3560",
    "date": "10/01",
    "city": "大理"
  },
  {
    "url": "http://hd.8264.com/xianlu-167612",
    "img": "http://img.qunawan.com/ecmme/wan/xl/goods/20170623/201706231712044148_listfull.jpeg",
    "title": "我在滴水湖吃烧烤你在哪（2日行程）",
    "money": "30",
    "date": "09/22",
    "city": "浦东"
  },
  {
    "url": "http://hd.8264.com/xianlu-138086",
    "img": "http://img.qunawan.com/ecmme/wan/xl/goods/20161018/201610181518085885_listfull.jpg",
    "title": "中国十大经典徒步线路之一 四姑娘山长坪沟穿越毕棚沟（6日行程）",
    "money": "2480",
    "date": "09/30",
    "city": "成都"
  },
  {
    "url": "http://hd.8264.com/xianlu-137395",
    "img": "http://img.qunawan.com/ecmme/wan/xl/goods/20161015/201610151703348263_listfull.jpg",
    "title": "四姑娘山长坪沟徒步 二峰攀登 尝试初级雪山攀登（6日行程）",
    "money": "2480",
    "date": "09/30",
    "city": "成都"
  },
  {
    "url": "http://hd.8264.com/xianlu-136720",
    "img": "http://img.qunawan.com/ecmme/wan/xl/goods/20161012/201610121459222880_listfull.jpg",
    "title": "夜登固定活动 每周三夜爬小白 赏广州迷人夜景 免费活动（1日行程）",
    "money": "1",
    "date": "09/27",
    "city": "广州"
  },
  {
    "url": "http://hd.8264.com/xianlu-136558",
    "img": "http://img.qunawan.com/ecmme/wan/xl/goods/20161012/201610121112052934_listfull.jpg",
    "title": "梦中的香格里拉海螺沟 新都桥 稻城亚丁（8日行程）",
    "money": "2880",
    "date": "09/23",
    "city": "成都"
  },
  {
    "url": "http://hd.8264.com/xianlu-135486",
    "img": "http://img.qunawan.com/ecmme/wan/xl/goods/20161009/201610091101415272_listfull.jpg",
    "title": "越野风光自助线 穿越大香格里拉环线 赠出发前一晚丽江住宿（8日行程）",
    "money": "4580",
    "date": "09/22",
    "city": "丽江"
  },
  {
    "url": "http://hd.8264.com/xianlu-135208",
    "img": "http://img.qunawan.com/ecmme/wan/xl/goods/20161008/201610081408157488_listfull.jpg",
    "title": "广州流溪河风帆 帆板 初学体验课程（1日行程）",
    "money": "260",
    "date": "09/22",
    "city": "广州"
  },
  {
    "url": "http://hd.8264.com/xianlu-135040",
    "img": "http://img.qunawan.com/ecmme/wan/xl/goods/20161008/201610081013273585_listfull.jpg",
    "title": "探访梦中的香格里拉 色达 稻城亚丁深度旅行（8日行程）",
    "money": "3580",
    "date": "09/22",
    "city": "成都"
  },
  {
    "url": "http://hd.8264.com/xianlu-134943",
    "img": "http://img.qunawan.com/ecmme/wan/xl/goods/20161007/201610071328039623_listfull.jpg",
    "title": "自助结伴赏胡杨 南疆篇（3日行程）",
    "money": "200",
    "date": "10/20",
    "city": "乌鲁"
  },
  {
    "url": "http://hd.8264.com/xianlu-134895",
    "img": "http://img.qunawan.com/ecmme/wan/xl/goods/20161005/201610052331328395_listfull.jpg",
    "title": "秘境川西 色达佛学院 党岭 莫斯卡 丹巴藏寨（8日行程）",
    "money": "3180",
    "date": "09/23",
    "city": "成都"
  },
  {
    "url": "http://hd.8264.com/xianlu-134369",
    "img": "http://img.qunawan.com/ecmme/wan/xl/goods/20160929/201609291322447908_listfull.jpg",
    "title": "穿行在世界之巅 2017 尼泊尔EBC徒步（15日行程）",
    "money": "9800",
    "date": "09/25",
    "city": "加德"
  },
  {
    "url": "http://hd.8264.com/xianlu-134253",
    "img": "http://img.qunawan.com/ecmme/wan/xl/goods/20160929/201609290929028604_listfull.jpg",
    "title": "中国十大经典徒步线路之一 四姑娘山长坪沟穿越毕棚沟（6日行程）",
    "money": "2480",
    "date": "09/30",
    "city": "成都"
  },
  {
    "url": "http://hd.8264.com/xianlu-133106",
    "img": "http://img.qunawan.com/ecmme/wan/xl/goods/20160925/201609252043143603_listfull.jpg",
    "title": "国内十大经典徒步路线 长坪沟毕棚沟（5日行程）",
    "money": "2480",
    "date": "09/30",
    "city": "成都"
  },
  {
    "url": "http://hd.8264.com/xianlu-133072",
    "img": "http://img.qunawan.com/ecmme/wan/xl/goods/20160924/201609242002093548_listfull.jpg",
    "title": "休闲自助 洱海苍山 香格里拉大理逍遥游 赠出发前一天丽江住宿（6日行程）",
    "money": "1780",
    "date": "09/22",
    "city": "丽江"
  },
  {
    "url": "http://hd.8264.com/xianlu-133032",
    "img": "http://img.qunawan.com/ecmme/wan/xl/goods/20160924/201609240032028773_listfull.jpg",
    "title": "自驾游 达瓦更扎（1日行程）",
    "money": "200",
    "date": "10/02",
    "city": "成都"
  },
  {
    "url": "http://hd.8264.com/xianlu-132661",
    "img": "http://img.qunawan.com/ecmme/wan/xl/goods/20160922/201609221633365918_listfull.jpg",
    "title": "赏古北水镇夜景 登司马台长城 游玩雾灵湖 云岫谷（2日行程）",
    "money": "299",
    "date": "09/23",
    "city": "北京"
  },
  {
    "url": "http://hd.8264.com/xianlu-131997",
    "img": "http://img.qunawan.com/ecmme/wan/xl/goods/20160921/201609211045462436_listfull.jpg",
    "title": "走进传说中的仙境 七藏沟徒步 七藏沟穿越（6日行程）",
    "money": "2680",
    "date": "09/30",
    "city": "成都"
  },
  {
    "url": "http://hd.8264.com/xianlu-131356",
    "img": "http://img.qunawan.com/ecmme/wan/xl/goods/20170707/201707071611421769_listfull.jpg",
    "title": "四姑娘山长坪沟穿越毕棚沟中国十大经典徒步线路之一（5日行程）",
    "money": "2280",
    "date": "09/22",
    "city": "成都"
  }
]