[
  {
    "url": "http://hd.8264.com/xianlu-130903",
    "img": "http://img.qunawan.com/ecmme/wan/xl/goods/20160918/201609181111078967_listfull.jpg",
    "title": "西部穿越 秘境七藏沟 仙湖红星海（6日行程）",
    "money": "2680",
    "date": "09/30",
    "city": "成都"
  },
  {
    "url": "http://hd.8264.com/xianlu-130727",
    "img": "http://img.qunawan.com/ecmme/wan/xl/goods/20160915/201609151804511363_listfull.jpg",
    "title": "南疆环线 胡杨林 沙漠公路 帕米尔高原 全年仅一期（11日行程）",
    "money": "6680",
    "date": "10/18",
    "city": "喀什"
  },
  {
    "url": "http://hd.8264.com/xianlu-130588",
    "img": "http://img.qunawan.com/ecmme/wan/xl/goods/20160914/201609141453019437_listfull.jpg",
    "title": "免门票大朝台 五台山 台怀镇 A队休闲 B队穿越 适合新人（3日行程）",
    "money": "280",
    "date": "10/21",
    "city": "北京"
  },
  {
    "url": "http://hd.8264.com/xianlu-130375",
    "img": "http://img.qunawan.com/ecmme/wan/xl/goods/20170919/201709191343513929_listfull.jpg",
    "title": "秘境川西 色达佛学院 党岭 莫斯卡 丹巴藏寨之旅（8日行程）",
    "money": "3480",
    "date": "09/23",
    "city": "成都"
  },
  {
    "url": "http://hd.8264.com/xianlu-129998",
    "img": "http://img.qunawan.com/ecmme/wan/xl/goods/20160913/201609130014082570_listfull.jpg",
    "title": "山西五台山 修行 祈福 朝圣 还愿 登山 情定五台山之旅（3日行程）",
    "money": "280",
    "date": "09/22",
    "city": "北京"
  },
  {
    "url": "http://hd.8264.com/xianlu-129974",
    "img": "http://img.qunawan.com/ecmme/wan/xl/goods/20160912/201609122037489696_listfull.jpg",
    "title": "色达五明佛学院（4日行程）",
    "money": "480",
    "date": "09/22",
    "city": "成都"
  },
  {
    "url": "http://hd.8264.com/xianlu-129590",
    "img": "http://img.qunawan.com/ecmme/wan/xl/goods/20160910/201609101043374052_listfull.jpg",
    "title": "贵州全景游 黄果树瀑布 黔西南 黔东南 镇远 西江苗寨（9日行程）",
    "money": "3980",
    "date": "09/23",
    "city": "贵阳"
  },
  {
    "url": "http://hd.8264.com/xianlu-129594",
    "img": "http://img.qunawan.com/ecmme/wan/xl/goods/20160910/201609101233599966_listfull.jpg",
    "title": "贵州全景游 黄果树瀑布 黔西南 黔东南 镇远 西江苗寨（9日行程）",
    "money": "3980",
    "date": "09/23",
    "city": "贵阳"
  },
  {
    "url": "http://hd.8264.com/xianlu-128891",
    "img": "http://img.qunawan.com/ecmme/wan/xl/goods/20160908/201609081207232384_listfull.jpg",
    "title": "经典徒步线路 蜀山之王 贡嘎山大环线穿越 贡嘎徒步穿越（7日行程）",
    "money": "2880",
    "date": "09/23",
    "city": "成都"
  },
  {
    "url": "http://hd.8264.com/xianlu-129198",
    "img": "http://img.qunawan.com/ecmme/wan/xl/goods/20160908/201609082340028010_listfull.jpg",
    "title": "有一种情结叫尼泊尔（8日行程）",
    "money": "3650",
    "date": "09/22",
    "city": "加德"
  },
  {
    "url": "http://hd.8264.com/xianlu-128364",
    "img": "http://img.qunawan.com/ecmme/wan/xl/goods/20160907/201609071244496546_listfull.jpg",
    "title": "贡嘎全线穿越活动（7日行程）",
    "money": "3000",
    "date": "09/28",
    "city": "成都"
  },
  {
    "url": "http://hd.8264.com/xianlu-127897",
    "img": "http://img.qunawan.com/ecmme/wan/xl/goods/20160906/201609061125166273_listfull.jpg",
    "title": "西部穿越 地狱至天堂 重走洛克线 探寻梦中的香格里拉（9日行程）",
    "money": "5680",
    "date": "09/28",
    "city": "成都"
  },
  {
    "url": "http://hd.8264.com/xianlu-127682",
    "img": "http://img.qunawan.com/ecmme/wan/xl/goods/20160905/201609052011217958_listfull.jpg",
    "title": "PADI潜水员考证 OW 课程（4日行程）",
    "money": "3399",
    "date": "09/22",
    "city": "广州"
  },
  {
    "url": "http://hd.8264.com/xianlu-127666",
    "img": "http://img.qunawan.com/ecmme/wan/xl/goods/20160905/201609051903347268_listfull.jpg",
    "title": "丽江 香格里拉 雨崩 巴拉格宗 普达措环线（8日行程）",
    "money": "2600",
    "date": "10/01",
    "city": "丽江"
  },
  {
    "url": "http://hd.8264.com/xianlu-127297",
    "img": "http://img.qunawan.com/ecmme/wan/xl/goods/20160904/201609041702119207_listfull.jpg",
    "title": "走进人神共居之地聆听天籁之声（8日行程）",
    "money": "3200",
    "date": "10/01",
    "city": "大理"
  },
  {
    "url": "http://hd.8264.com/xianlu-127293",
    "img": "http://img.qunawan.com/ecmme/wan/xl/goods/20160904/201609041638107955_listfull.jpg",
    "title": "尼汝穿越亚丁（7日行程）",
    "money": "3980",
    "date": "09/23",
    "city": "丽江"
  },
  {
    "url": "http://hd.8264.com/xianlu-136457",
    "img": "http://img.qunawan.com/ecmme/wan/xl/goods/20161011/201610112035063464_listfull.jpg",
    "title": "越南南越 西贡 大叻 芽庄 美奈 胡志明 迷情南越 西贡美奈（8日行程）",
    "money": "3980",
    "date": "09/23",
    "city": "胡志"
  },
  {
    "url": "http://hd.8264.com/xianlu-126792",
    "img": "http://img.qunawan.com/ecmme/wan/xl/goods/20170216/201702161647132802_listfull.jpg",
    "title": "长坪沟穿越毕棚沟 中国十大经典徒步穿越路线（5日行程）",
    "money": "2180",
    "date": "09/30",
    "city": "成都"
  },
  {
    "url": "http://hd.8264.com/xianlu-126726",
    "img": "http://img.qunawan.com/ecmme/wan/xl/goods/20160901/201609011653025592_listfull.jpeg",
    "title": "追寻传说中的秘境 七藏沟 鱼海 草海 红星海徒步（6日行程）",
    "money": "2680",
    "date": "09/30",
    "city": "成都"
  },
  {
    "url": "http://hd.8264.com/xianlu-126346",
    "img": "http://img.qunawan.com/ecmme/wan/xl/goods/20160831/201608311759194046_listfull.jpg",
    "title": "最美川西经典 线路 色达 稻城亚丁深度游（8日行程）",
    "money": "1800",
    "date": "09/22",
    "city": "成都"
  }
]