[
  {
    "url": "http://hd.8264.com/xianlu-171056",
    "img": "http://img.qunawan.com/ecmme/wan/xl/goods/20170829/201708291631591781_listfull.jpg",
    "title": "进阶级雪山攀登 5588米那玛峰（6日行程）",
    "money": "5200",
    "date": "10/01",
    "city": "成都"
  },
  {
    "url": "http://hd.8264.com/xianlu-171068",
    "img": "http://img.qunawan.com/ecmme/wan/xl/goods/20170829/201708291709423160_listfull.png",
    "title": "黄金盛宴2017国庆天天相约额济纳旗胡杨林 青海巴丹吉林沙漠（9日行程）",
    "money": "3980",
    "date": "09/28",
    "city": "西宁"
  },
  {
    "url": "http://hd.8264.com/xianlu-135644",
    "img": "http://img.qunawan.com/ecmme/wan/xl/goods/20161009/201610091504096640_listfull.jpg",
    "title": "广州风帆 帆板 初学课程（4日行程）",
    "money": "880",
    "date": "09/22",
    "city": "广州"
  },
  {
    "url": "http://hd.8264.com/xianlu-127893",
    "img": "http://img.qunawan.com/ecmme/wan/xl/goods/20160906/201609061119582301_listfull.jpg",
    "title": "西部佛境 探访苦修密地 走进佛国世界色达 亚青寺 甘孜（7日行程）",
    "money": "3280",
    "date": "10/01",
    "city": "成都"
  },
  {
    "url": "http://hd.8264.com/xianlu-124950",
    "img": "http://img.qunawan.com/ecmme/wan/xl/goods/20160829/201608290959224697_listfull.jpg",
    "title": "四姑娘山二峰登山活动（4日行程）",
    "money": "1580",
    "date": "09/22",
    "city": "成都"
  },
  {
    "url": "http://hd.8264.com/xianlu-156917",
    "img": "http://img.qunawan.com/ecmme/wan/xl/goods/20170209/201702091450285384_listfull.jpg",
    "title": "东川红土地 建水 元阳老虎嘴 普者黑 深度纯玩（8日行程）",
    "money": "2780",
    "date": "09/24",
    "city": "昆明"
  },
  {
    "url": "http://hd.8264.com/xianlu-124157",
    "img": "http://img.qunawan.com/ecmme/wan/xl/goods/20160825/201608251027099900_listfull.jpg",
    "title": "四姑娘山三峰登山活动（4日行程）",
    "money": "1780",
    "date": "09/22",
    "city": "成都"
  },
  {
    "url": "http://hd.8264.com/xianlu-124050",
    "img": "http://img.qunawan.com/ecmme/wan/xl/goods/20160824/201608241719504449_listfull.jpg",
    "title": "四姑娘山 大峰登山活动（4日行程）",
    "money": "1380",
    "date": "09/22",
    "city": "成都"
  },
  {
    "url": "http://hd.8264.com/xianlu-123191",
    "img": "http://img.qunawan.com/ecmme/wan/xl/goods/20160822/201608222327013766_listfull.png",
    "title": "党岭穿越 探寻天堂里的秘境丹巴党岭 道孚经典徒步穿越（7日行程）",
    "money": "3180",
    "date": "10/01",
    "city": "成都"
  },
  {
    "url": "http://hd.8264.com/xianlu-123241",
    "img": "http://img.qunawan.com/ecmme/wan/xl/goods/20160823/201608230949022718_listfull.jpg",
    "title": "秘境穿越 追寻传说中的秘境仙乡七藏沟经典徒步穿越（7日行程）",
    "money": "2680",
    "date": "09/30",
    "city": "成都"
  },
  {
    "url": "http://hd.8264.com/xianlu-122533",
    "img": "http://img.qunawan.com//ecmme/wan/xl/goods/20160819/201608191042018512_listfull.jpg",
    "title": "十月份最美的地方 最美额济纳你准备好了么（7日行程）",
    "money": "1800",
    "date": "09/22",
    "city": "西宁"
  },
  {
    "url": "http://hd.8264.com/xianlu-122603",
    "img": "http://img.qunawan.com/ecmme/wan/xl/goods/20160820/201608201602501360_listfull.jpg",
    "title": "香格里拉大环线（11日行程）",
    "money": "3500",
    "date": "09/22",
    "city": "成都"
  },
  {
    "url": "http://hd.8264.com/xianlu-122282",
    "img": "http://img.qunawan.com/ecmme/wan/xl/goods/20160819/201608191203025817_listfull.jpg",
    "title": "国庆节 百人红酒宴 轻装 徒步 摄影 穿越腾格里沙漠（4日行程）",
    "money": "2680",
    "date": "09/28",
    "city": "银川"
  },
  {
    "url": "http://hd.8264.com/xianlu-122549",
    "img": "http://img.qunawan.com/ecmme/wan/xl/goods/20170331/201703311802056245_listfull.jpg",
    "title": "佛国色达 神山年保玉则 色彩盛宴毕棚沟朝圣之旅（7日行程）",
    "money": "2980",
    "date": "09/23",
    "city": "成都"
  },
  {
    "url": "http://hd.8264.com/xianlu-122179",
    "img": "http://img.qunawan.com/ecmme/wan/xl/goods/20160819/201608190956441592_listfull.jpg",
    "title": "乘越野车穿越腾格里大漠 深入腹地体验（2日行程）",
    "money": "1280",
    "date": "09/22",
    "city": "中卫"
  },
  {
    "url": "http://hd.8264.com/xianlu-121717",
    "img": "http://img.qunawan.com/ecmme/wan/xl/goods/20160818/201608180915035256_listfull.jpg",
    "title": "浏阳金坑溯溪 体验最原始的溯溪线（1日行程）",
    "money": "238",
    "date": "09/23",
    "city": "长沙"
  },
  {
    "url": "http://hd.8264.com/xianlu-120713",
    "img": "http://img.qunawan.com/ecmme/wan/xl/goods/20160814/201608142055581022_listfull.jpg",
    "title": "云南哀牢山原始森林徒步穿越（6日行程）",
    "money": "3700",
    "date": "10/01",
    "city": "昆明"
  },
  {
    "url": "http://hd.8264.com/xianlu-120704",
    "img": "http://img.qunawan.com/ecmme/wan/xl/goods/20160814/201608141652192437_listfull.jpg",
    "title": "香格里拉大环线休闲摄影活动（11日行程）",
    "money": "3500",
    "date": "10/01",
    "city": "成都"
  },
  {
    "url": "http://hd.8264.com/xianlu-120702",
    "img": "http://img.qunawan.com/ecmme/wan/xl/goods/20160814/201608141642315277_listfull.jpg",
    "title": "攀登四姑娘山二峰 长坪沟穿越毕棚沟活动（6日行程）",
    "money": "3000",
    "date": "09/30",
    "city": "成都"
  },
  {
    "url": "http://hd.8264.com/xianlu-120655",
    "img": "http://img.qunawan.com/ecmme/wan/xl/goods/20160813/201608131551089586_listfull.jpg",
    "title": "自驾越野车 拼车最美川藏线（10日行程）",
    "money": "3500",
    "date": "09/30",
    "city": "成都"
  }
]