[
  {
    "url": "http://hd.8264.com/xianlu-172209",
    "img": "http://img.qunawan.com/ecmme/wan/xl/goods/20170920/201709201228422490_listfull.jpg",
    "title": "国庆三期大辣甲岛 鳄鱼沙滩新营地 露营 烧烤 杨梅坑骑行（2日行程）",
    "money": "368",
    "date": "10/01",
    "city": "广州"
  },
  {
    "url": "http://hd.8264.com/xianlu-172213",
    "img": "http://img.qunawan.com/ecmme/wan/xl/goods/20170920/201709201442083598_listfull.jpg",
    "title": "坐快艇上小辣甲岛露营 沙滩BBQ 环岛骑行（2日行程）",
    "money": "368",
    "date": "10/01",
    "city": "广州"
  },
  {
    "url": "http://hd.8264.com/xianlu-172204",
    "img": "http://img.qunawan.com/ecmme/wan/xl/goods/20170920/201709201144293746_listfull.png",
    "title": "国庆特惠价 红岩顶（2日行程）",
    "money": "368",
    "date": "09/22",
    "city": "成都"
  },
  {
    "url": "http://hd.8264.com/xianlu-172187",
    "img": "http://img.qunawan.com/ecmme/wan/xl/goods/20170920/201709200020214381_listfull.jpg",
    "title": "广东小三峡 清远飞来峡徒步穿越 俯瞰北江风光（1日行程）",
    "money": "108",
    "date": "09/24",
    "city": "广州"
  },
  {
    "url": "http://hd.8264.com/xianlu-172164",
    "img": "http://img.qunawan.com/ecmme/wan/xl/goods/20170919/201709191501002857_listfull.jpg",
    "title": "长坪沟穿越毕棚沟十大经典徒步路线（5日行程）",
    "money": "2880",
    "date": "09/30",
    "city": "成都"
  },
  {
    "url": "http://hd.8264.com/xianlu-172162",
    "img": "http://img.qunawan.com/ecmme/wan/xl/goods/20170919/201709191442306244_listfull.jpg",
    "title": "川藏南线 四姑娘山 最后的香格里拉稻城亚丁 来古冰川穿越行（10日行程）",
    "money": "7200",
    "date": "09/28",
    "city": "成都"
  },
  {
    "url": "http://hd.8264.com/xianlu-172157",
    "img": "http://img.qunawan.com/ecmme/wan/xl/goods/20170919/201709191359302689_listfull.jpg",
    "title": "穿越佛国净土 走进最后香格里拉 色达稻城亚丁经典之旅（8日行程）",
    "money": "3580",
    "date": "09/22",
    "city": "成都"
  },
  {
    "url": "http://hd.8264.com/xianlu-172150",
    "img": "http://img.qunawan.com/ecmme/wan/xl/goods/20170919/201709191236267213_listfull.jpg",
    "title": "走访安徽悬崖上的古村落 摄影爱好者天堂（2日行程）",
    "money": "450",
    "date": "10/14",
    "city": "安庆"
  },
  {
    "url": "http://hd.8264.com/xianlu-172137",
    "img": "http://img.qunawan.com/ecmme/wan/xl/goods/20170919/201709191041117761_listfull.jpg",
    "title": "贡嘎山全线穿越 挑战极限之旅 贡嘎山完美穿越线路（7日行程）",
    "money": "2880",
    "date": "09/23",
    "city": "成都"
  },
  {
    "url": "http://hd.8264.com/xianlu-172136",
    "img": "http://img.qunawan.com/ecmme/wan/xl/goods/20170919/201709191050139912_listfull.jpg",
    "title": "徒步北京最美乡村 香屯（1日行程）",
    "money": "130",
    "date": "10/14",
    "city": "天津"
  },
  {
    "url": "http://hd.8264.com/xianlu-172108",
    "img": "http://img.qunawan.com/ecmme/wan/xl/goods/20170918/201709180939273669_listfull.png",
    "title": "额济纳 E线 胡杨林 青海湖 祁连 张掖 嘉峪关 全年多期（7日行程）",
    "money": "3680",
    "date": "09/25",
    "city": "西宁"
  },
  {
    "url": "http://hd.8264.com/xianlu-172094",
    "img": "http://img.qunawan.com/ecmme/wan/xl/goods/20170917/201709171817239318_listfull.png",
    "title": "红海滩 海上赏明月 锦州笔架山盘锦 走神奇天路 摄影的天堂（3日行程）",
    "money": "196",
    "date": "09/22",
    "city": "葫芦"
  },
  {
    "url": "http://hd.8264.com/xianlu-172087",
    "img": "http://img.qunawan.com/ecmme/wan/xl/goods/20170917/201709171405063784_listfull.jpg",
    "title": "坡峰岭金秋赏红叶摄影（1日行程）",
    "money": "110",
    "date": "10/14",
    "city": "房山"
  },
  {
    "url": "http://hd.8264.com/xianlu-172086",
    "img": "http://img.qunawan.com/ecmme/wan/xl/goods/20170917/201709171401522200_listfull.jpg",
    "title": "双龙峡赏秋纯玩 坐着小火车赏红叶（1日行程）",
    "money": "130",
    "date": "09/23",
    "city": "门头"
  },
  {
    "url": "http://hd.8264.com/xianlu-172084",
    "img": "http://img.qunawan.com/ecmme/wan/xl/goods/20170917/201709171352114940_listfull.jpg",
    "title": "喇叭沟门原始森林 赏红叶 漫步白桦林休闲摄影（1日行程）",
    "money": "109",
    "date": "10/01",
    "city": "怀柔"
  },
  {
    "url": "http://hd.8264.com/xianlu-172082",
    "img": "http://img.qunawan.com/ecmme/wan/xl/goods/20170917/201709171257281435_listfull.jpg",
    "title": "醉美阿里 开启阿里北线探险之旅 深度摄影游（13日行程）",
    "money": "5800",
    "date": "10/01",
    "city": "拉萨"
  },
  {
    "url": "http://hd.8264.com/xianlu-172069",
    "img": "http://img.qunawan.com/ecmme/wan/xl/goods/20170916/201709161433395235_listfull.png",
    "title": "国庆青海湖 丝绸之路 环线 成都出发 下班就走（8日行程）",
    "money": "3280",
    "date": "09/22",
    "city": "成都"
  },
  {
    "url": "http://hd.8264.com/xianlu-172068",
    "img": "http://img.qunawan.com/ecmme/wan/xl/goods/20170916/201709161424558189_listfull.png",
    "title": "蜀山之王 贡嘎全线穿越 大转山环线（7日行程）",
    "money": "2880",
    "date": "09/22",
    "city": "成都"
  },
  {
    "url": "http://hd.8264.com/xianlu-172066",
    "img": "http://img.qunawan.com/ecmme/wan/xl/goods/20170916/201709161413068921_listfull.png",
    "title": "四姑娘山长坪沟徒步 二峰攀登（5日行程）",
    "money": "2480",
    "date": "09/22",
    "city": "成都"
  },
  {
    "url": "http://hd.8264.com/xianlu-172064",
    "img": "http://img.qunawan.com/ecmme/wan/xl/goods/20170916/201709161405539780_listfull.png",
    "title": "最后的香格里拉 稻城亚丁（6日行程）",
    "money": "880",
    "date": "09/22",
    "city": "成都"
  }
]