[
  {
    "url": "http://hd.8264.com/xianlu-119502",
    "img": "http://img.qunawan.com/ecmme/wan/xl/goods/20160809/201608091405493722_listfull.jpg",
    "title": "遇见青海湖 茶卡盐湖 门源油菜花（7日行程）",
    "money": "2680",
    "date": "09/23",
    "city": "成都"
  },
  {
    "url": "http://hd.8264.com/xianlu-119626",
    "img": "http://img.qunawan.com/ecmme/wan/xl/goods/20160809/201608092013206855_listfull.jpg",
    "title": "川藏线 青藏线 稻城亚丁 色达 川进青出 越野车（17日行程）",
    "money": "4200",
    "date": "09/22",
    "city": "成都"
  },
  {
    "url": "http://hd.8264.com/xianlu-119054",
    "img": "http://img.qunawan.com/ecmme/wan/xl/goods/20160806/201608061801025417_listfull.jpg",
    "title": "中国最美的景观大道 川藏线 稻城亚丁经典摄影之旅（10日行程）",
    "money": "3500",
    "date": "09/23",
    "city": "成都"
  },
  {
    "url": "http://hd.8264.com/xianlu-119045",
    "img": "http://img.qunawan.com/ecmme/wan/xl/goods/20170318/201703181646462013_listfull.jpg",
    "title": "丹巴藏寨党岭葫芦海 道孚秘境徒步穿越（7日行程）",
    "money": "3180",
    "date": "10/01",
    "city": "成都"
  },
  {
    "url": "http://hd.8264.com/xianlu-119035",
    "img": "http://img.qunawan.com/ecmme/wan/xl/goods/20160806/201608061415332926_listfull.jpg",
    "title": "丝绸之路 张掖丹霞 莫高窟 鸣沙山月牙泉 青海湖 常规版（9日行程）",
    "money": "2980",
    "date": "09/23",
    "city": "兰州"
  },
  {
    "url": "http://hd.8264.com/xianlu-119027",
    "img": "http://img.qunawan.com/ecmme/wan/xl/goods/20170318/201703181808069224_listfull.jpg",
    "title": "四姑娘山 稻城亚丁 林芝 拉萨 318川藏南线（11日行程）",
    "money": "5800",
    "date": "09/28",
    "city": "成都"
  },
  {
    "url": "http://hd.8264.com/xianlu-119024",
    "img": "http://img.qunawan.com/ecmme/wan/xl/goods/20170330/201703301804482033_listfull.jpg",
    "title": "九寨环线 黄龙 毕棚沟 九曲日落 若尔盖花湖7天舒适慢旅（7日行程）",
    "money": "2980",
    "date": "09/23",
    "city": "成都"
  },
  {
    "url": "http://hd.8264.com/xianlu-119023",
    "img": "http://img.qunawan.com/ecmme/wan/xl/goods/20160806/201608061127511062_listfull.jpg",
    "title": "追寻传说中的秘境仙乡 七藏沟徒步 摄影露营魅力体验（7日行程）",
    "money": "2680",
    "date": "09/30",
    "city": "成都"
  },
  {
    "url": "http://hd.8264.com/xianlu-119022",
    "img": "http://img.qunawan.com/ecmme/wan/xl/goods/20170318/201703181605328267_listfull.jpg",
    "title": "四姑娘山 丹巴 新都桥 贡嘎山 伍须海 海螺沟环线（8日行程）",
    "money": "2780",
    "date": "09/23",
    "city": "成都"
  },
  {
    "url": "http://hd.8264.com/xianlu-118987",
    "img": "http://img.qunawan.com/ecmme/wan/xl/goods/20160805/201608051841058625_listfull.jpg",
    "title": "贡嘎老榆林全线徒步完美穿越摄影之旅（8日行程）",
    "money": "2880",
    "date": "09/23",
    "city": "成都"
  },
  {
    "url": "http://hd.8264.com/xianlu-118982",
    "img": "http://img.qunawan.com/ecmme/wan/xl/goods/20160805/201608051116279184_listfull.jpg",
    "title": "初级雪山 二峰攀登（4日行程）",
    "money": "2000",
    "date": "09/22",
    "city": "成都"
  },
  {
    "url": "http://hd.8264.com/xianlu-118983",
    "img": "http://img.qunawan.com/ecmme/wan/xl/goods/20160805/201608051815189490_listfull.jpg",
    "title": "串联最美川西 九寨沟黄龙 年保玉则 九曲黄河十八弯（8日行程）",
    "money": "2980",
    "date": "09/23",
    "city": "成都"
  },
  {
    "url": "http://hd.8264.com/xianlu-118843",
    "img": "http://img.qunawan.com/ecmme/wan/xl/goods/20160805/201608051154301689_listfull.jpg",
    "title": "九色甘南 若尔盖 郎木寺 拉卜楞寺 尕海湖 黄河九曲环线游（7日行程）",
    "money": "3180",
    "date": "09/23",
    "city": "兰州"
  },
  {
    "url": "http://hd.8264.com/xianlu-118988",
    "img": "http://img.qunawan.com/ecmme/wan/xl/goods/20160805/201608051850004984_listfull.jpg",
    "title": "贡嘎西南坡经典徒步穿越 朝拜蜀山之王 无露营（6日行程）",
    "money": "2280",
    "date": "09/30",
    "city": "成都"
  },
  {
    "url": "http://hd.8264.com/xianlu-117651",
    "img": "http://img.qunawan.com/ecmme/wan/xl/goods/20160801/201608011030044546_listfull.jpg",
    "title": "长坪沟穿越毕棚沟加半脊峰攀登（9日行程）",
    "money": "3000",
    "date": "09/22",
    "city": "成都"
  },
  {
    "url": "http://hd.8264.com/xianlu-117643",
    "img": "http://img.qunawan.com/ecmme/wan/xl/goods/20160801/201608011205405258_listfull.jpg",
    "title": "青藏高原 房车旅游包车（25日行程）",
    "money": "400",
    "date": "09/22",
    "city": "西宁"
  },
  {
    "url": "http://hd.8264.com/xianlu-117310",
    "img": "http://img.qunawan.com/ecmme/wan/xl/goods/20160912/201609121553404337_listfull.jpg",
    "title": "阿坝精华 串联最美川西 九寨黄龙 花湖 唐克 年保玉则（8日行程）",
    "money": "2980",
    "date": "09/23",
    "city": "成都"
  },
  {
    "url": "http://hd.8264.com/xianlu-117248",
    "img": "http://img.qunawan.com/ecmme/wan/xl/goods/20160730/201607301006415180_listfull.jpg",
    "title": "暑假花季 九寨 黄龙 若尔盖草原 花湖 年保玉则醉美摄影（8日行程）",
    "money": "2980",
    "date": "09/23",
    "city": "成都"
  },
  {
    "url": "http://hd.8264.com/xianlu-117243",
    "img": "http://img.qunawan.com/ecmme/wan/xl/goods/20160730/201607300948252027_listfull.jpg",
    "title": "初级登山 四姑娘山长坪沟徒步适应高海拔 二峰攀登（6日行程）",
    "money": "2480",
    "date": "09/30",
    "city": "成都"
  },
  {
    "url": "http://hd.8264.com/xianlu-116430",
    "img": "http://img.qunawan.com/ecmme/wan/xl/goods/20160727/201607271606375826_listfull.jpg",
    "title": "贡嘎徒步 贡嘎全线穿越挑战极限之旅（7日行程）",
    "money": "2880",
    "date": "09/23",
    "city": "成都"
  }
]