[
  {
    "url": "http://hd.8264.com/xianlu-116251",
    "img": "http://img.qunawan.com/ecmme/wan/xl/goods/20160727/201607271149424141_listfull.jpg",
    "title": "珠海圆明新园 梦幻水城休闲周日游（1日行程）",
    "money": "160",
    "date": "09/22",
    "city": "珠海"
  },
  {
    "url": "http://hd.8264.com/xianlu-115994",
    "img": "http://img.qunawan.com/ecmme/wan/xl/goods/20160726/201607262238453143_listfull.jpg",
    "title": "暴走女儿国踏寻天堂地狱之路 泸沽湖穿越稻城亚丁（12日行程）",
    "money": "4980",
    "date": "09/23",
    "city": "成都"
  },
  {
    "url": "http://hd.8264.com/xianlu-115861",
    "img": "http://img.qunawan.com/ecmme/wan/xl/goods/20160726/201607261402598653_listfull.jpg",
    "title": "走进大美青海 领略西北风情（4日行程）",
    "money": "150",
    "date": "09/22",
    "city": "西宁"
  },
  {
    "url": "http://hd.8264.com/xianlu-115965",
    "img": "http://img.qunawan.com/ecmme/wan/xl/goods/20160726/201607261953346428_listfull.png",
    "title": "新疆自助游 包车服务 线路咨询（6日行程）",
    "money": "200",
    "date": "09/22",
    "city": "乌鲁"
  },
  {
    "url": "http://hd.8264.com/xianlu-115388",
    "img": "http://img.qunawan.com/ecmme/wan/xl/goods/20161208/201612082249437551_listfull.jpg",
    "title": "初级雪山攀登 四姑娘山二峰攀登加长坪沟徒步（6日行程）",
    "money": "2480",
    "date": "09/30",
    "city": "成都"
  },
  {
    "url": "http://hd.8264.com/xianlu-115333",
    "img": "http://img.qunawan.com//ecmme/wan/xl/goods/20160716/201607160101022265_listfull.jpg",
    "title": "我的天空我来飞 2017暑期学生跳伞优惠（1日行程）",
    "money": "1000",
    "date": "09/22",
    "city": "广州"
  },
  {
    "url": "http://hd.8264.com/xianlu-114898",
    "img": "http://img.qunawan.com/ecmme/wan/xl/goods/20170305/201703052151139216_listfull.jpg",
    "title": "雨崩徒步 梅里雪山 香格里拉 飞来寺 接受私人订制（5日行程）",
    "money": "1380",
    "date": "10/14",
    "city": "丽江"
  },
  {
    "url": "http://hd.8264.com/xianlu-114778",
    "img": "http://img.qunawan.com/ecmme/wan/xl/goods/20160722/201607221829121104_listfull.jpg",
    "title": "丰田兰德酷路泽越野车藏区线路全境包车（1日行程）",
    "money": "500",
    "date": "09/22",
    "city": "成都"
  },
  {
    "url": "http://hd.8264.com/xianlu-114613",
    "img": "http://img.qunawan.com/ecmme/wan/xl/goods/20160722/201607221244246272_listfull.jpg",
    "title": "阿里守望天际 珠峰 萨迦寺 转山（8日行程）",
    "money": "3800",
    "date": "09/23",
    "city": "拉萨"
  },
  {
    "url": "http://hd.8264.com/xianlu-114587",
    "img": "http://img.qunawan.com/ecmme/wan/xl/goods/20160722/201607221134539888_listfull.jpg",
    "title": "用最短的时间玩转珠峰阿里（8日行程）",
    "money": "3800",
    "date": "09/28",
    "city": "拉萨"
  },
  {
    "url": "http://hd.8264.com/xianlu-113890",
    "img": "http://img.qunawan.com/ecmme/wan/xl/goods/20170219/201702191553185412_listfull.jpg",
    "title": "贡嘎西南坡徒步摄影 子梅垭口 贡嘎寺近距离接触贡嘎 无露营（5日行程）",
    "money": "2280",
    "date": "09/30",
    "city": "成都"
  },
  {
    "url": "http://hd.8264.com/xianlu-114084",
    "img": "http://img.qunawan.com/ecmme/wan/xl/goods/20170326/201703261145005904_listfull.jpg",
    "title": "骑驴第三季 秋 天下第一秀水 乐在 骑 中（2日行程）",
    "money": "498",
    "date": "10/14",
    "city": "杭州"
  },
  {
    "url": "http://hd.8264.com/xianlu-169300",
    "img": "http://img.qunawan.com/ecmme/wan/xl/goods/20170720/201707201129223604_listfull.jpg",
    "title": "每周末高椅岭飞拉达 仰天湖草原牧歌 雾漫仙境小东江（3日行程）",
    "money": "480",
    "date": "09/22",
    "city": "深圳"
  },
  {
    "url": "http://hd.8264.com/xianlu-113420",
    "img": "http://img.qunawan.com/ecmme/wan/xl/goods/20160719/201607190918226568_listfull.jpg",
    "title": "夜爬岳麓山（1日行程）",
    "money": "1",
    "date": "09/22",
    "city": "长沙"
  },
  {
    "url": "http://hd.8264.com/xianlu-22848",
    "img": "http://img.qunawan.com/ecmme/wan/xl/goods/20170316/201703161530429788_listfull.jpg",
    "title": "异域之旅 行走喜马拉雅 尼泊尔之经典ABC徒步（11日行程）",
    "money": "3900",
    "date": "10/01",
    "city": "加德"
  },
  {
    "url": "http://hd.8264.com/xianlu-22821",
    "img": "http://img.qunawan.com/ecmme/wan/xl/goods/20160715/201607151452027990_listfull.jpg",
    "title": "贡嘎西南坡经典徒步穿越 朝拜蜀山之王 无露营（6日行程）",
    "money": "2280",
    "date": "09/30",
    "city": "成都"
  },
  {
    "url": "http://hd.8264.com/xianlu-22808",
    "img": "http://img.qunawan.com/ecmme/wan/xl/goods/20160715/201607151406027693_listfull.jpg",
    "title": "雪山初登 四姑娘山二峰攀登及长坪沟徒步（6日行程）",
    "money": "2480",
    "date": "09/30",
    "city": "成都"
  },
  {
    "url": "http://hd.8264.com/xianlu-22434",
    "img": "http://img.qunawan.com/ecmme/wan/xl/goods/20160713/201607131826474676_listfull.jpg",
    "title": "张家界森林公园 黄龙洞 宝峰湖（3日行程）",
    "money": "1180",
    "date": "09/22",
    "city": "张家"
  },
  {
    "url": "http://hd.8264.com/xianlu-22427",
    "img": "http://img.qunawan.com/ecmme/wan/xl/goods/20160713/201607131812049265_listfull.jpg",
    "title": "体验走在云端的感觉 张家界森林公园 大峡谷 玻璃桥（3日行程）",
    "money": "1150",
    "date": "09/22",
    "city": "张家"
  },
  {
    "url": "http://hd.8264.com/xianlu-22386",
    "img": "http://img.qunawan.com/ecmme/wan/xl/goods/20170310/201703101518024015_listfull.png",
    "title": "西藏 川藏线 珠峰大本营 青藏线自由行招募令（17日行程）",
    "money": "5980",
    "date": "09/23",
    "city": "成都"
  }
]