[
  {
    "url": "http://hd.8264.com/xianlu-22364",
    "img": "http://img.qunawan.com/ecmme/wan/xl/goods/20160713/201607131552049575_listfull.jpg",
    "title": "张家界森林公园深度游（2日行程）",
    "money": "600",
    "date": "09/22",
    "city": "张家"
  },
  {
    "url": "http://hd.8264.com/xianlu-22395",
    "img": "http://img.qunawan.com/ecmme/wan/xl/goods/20160713/201607131646543784_listfull.jpg",
    "title": "张家界天门山森林公园自驾游（3日行程）",
    "money": "1100",
    "date": "09/22",
    "city": "张家"
  },
  {
    "url": "http://hd.8264.com/xianlu-22218",
    "img": "http://img.qunawan.com/ecmme/wan/xl/goods/20170219/201702191239427399_listfull.jpg",
    "title": "色达甘南F线纯玩深度游 成都进兰州出（9日行程）",
    "money": "4080",
    "date": "10/21",
    "city": "成都"
  },
  {
    "url": "http://hd.8264.com/xianlu-22175",
    "img": "http://img.qunawan.com/ecmme/wan/xl/goods/20160712/201607122258017962_listfull.jpg",
    "title": "新疆大环线 喀纳斯伊犁禾木天池吐鲁番沙漠定制路线可更改（15日行程）",
    "money": "500",
    "date": "09/22",
    "city": "乌鲁"
  },
  {
    "url": "http://hd.8264.com/xianlu-21759",
    "img": "http://img.qunawan.com/ecmme/wan/xl/goods/20160711/201607111353066548_listfull.jpg",
    "title": "佛国秘境 穿过佛国净土 走进最后的香格里拉 色达 稻城亚丁（9日行程）",
    "money": "3280",
    "date": "09/22",
    "city": "成都"
  },
  {
    "url": "http://hd.8264.com/xianlu-21658",
    "img": "http://img.qunawan.com/ecmme/wan/xl/goods/20160711/201607111024025699_listfull.jpg",
    "title": "早知有古北 何必下江南 京北小乌镇 古北水镇（1日行程）",
    "money": "80",
    "date": "09/23",
    "city": "北京"
  },
  {
    "url": "http://hd.8264.com/xianlu-21533",
    "img": "http://img.qunawan.com/ecmme/wan/xl/goods/20160710/201607102117398403_listfull.jpg",
    "title": "漠河 包车服务 瑞风商务车（8日行程）",
    "money": "900",
    "date": "09/22",
    "city": "海拉"
  },
  {
    "url": "http://hd.8264.com/xianlu-21531",
    "img": "http://img.qunawan.com/ecmme/wan/xl/goods/20160709/201607092103474722_listfull.jpg",
    "title": "探访世界三大千岛湖之一 阳新仙岛湖（1日行程）",
    "money": "120",
    "date": "09/22",
    "city": "武汉"
  },
  {
    "url": "http://hd.8264.com/xianlu-21275",
    "img": "http://img.qunawan.com/ecmme/wan/xl/goods/20160708/201607081221531316_listfull.jpg",
    "title": "漠河 北极村 北红村（3日行程）",
    "money": "650",
    "date": "09/22",
    "city": "漠河"
  },
  {
    "url": "http://hd.8264.com/xianlu-21076",
    "img": "http://img.qunawan.com/ecmme/wan/xl/goods/20160707/201607071624476070_listfull.jpg",
    "title": "徒步贡嘎山西南坡 子梅垭口 贡嘎寺 泡草科温泉 无露营（6日行程）",
    "money": "2280",
    "date": "09/30",
    "city": "成都"
  },
  {
    "url": "http://hd.8264.com/xianlu-20817",
    "img": "http://img.qunawan.com/ecmme/wan/xl/goods/20160707/201607070035502992_listfull.jpg",
    "title": "传说中的仙境 七藏沟徒步 七藏沟穿越 1号线 2号线 3号线（6日行程）",
    "money": "2580",
    "date": "09/30",
    "city": "成都"
  },
  {
    "url": "http://hd.8264.com/xianlu-167763",
    "img": "http://img.qunawan.com/ecmme/wan/xl/goods/20170626/201706261731084601_listfull.jpg",
    "title": "大美色达 色达 稻城亚丁经典行摄（8日行程）",
    "money": "3580",
    "date": "09/22",
    "city": "成都"
  },
  {
    "url": "http://hd.8264.com/xianlu-20206",
    "img": "http://img.qunawan.com/ecmme/wan/xl/goods/20170514/201705141014129568_listfull.jpg",
    "title": "青海湖游黄金线路（2日行程）",
    "money": "300",
    "date": "09/22",
    "city": "西宁"
  },
  {
    "url": "http://hd.8264.com/xianlu-163114",
    "img": "http://img.qunawan.com/ecmme/wan/xl/goods/20170424/201704242024207322_listfull.jpg",
    "title": "桂林阳朔 至尊桂林（4日行程）",
    "money": "1288",
    "date": "09/22",
    "city": "深圳"
  },
  {
    "url": "http://hd.8264.com/xianlu-20173",
    "img": "http://img.qunawan.com/ecmme/wan/xl/goods/20160705/201607051148563581_listfull.jpg",
    "title": "房车带你畅游大美青海（25日行程）",
    "money": "400",
    "date": "09/22",
    "city": "西宁"
  },
  {
    "url": "http://hd.8264.com/xianlu-20080",
    "img": "http://img.qunawan.com/ecmme/wan/xl/goods/20160705/201607050926068630_listfull.jpg",
    "title": "武功山上 遇见最美的你 全包（2日行程）",
    "money": "420",
    "date": "09/22",
    "city": "长沙"
  },
  {
    "url": "http://hd.8264.com/xianlu-19559",
    "img": "http://img.qunawan.com/ecmme/wan/xl/goods/20160701/201607012307044797_listfull.jpg",
    "title": "泰山看日出云海 登五岳之尊（2日行程）",
    "money": "280",
    "date": "09/23",
    "city": "北京"
  },
  {
    "url": "http://hd.8264.com/xianlu-19557",
    "img": "http://img.qunawan.com/ecmme/wan/xl/goods/20160701/201607012257175301_listfull.jpg",
    "title": "静听梵音 涤荡心灵 五台山朝台穿越（3日行程）",
    "money": "280",
    "date": "09/22",
    "city": "北京"
  },
  {
    "url": "http://hd.8264.com/xianlu-19534",
    "img": "http://img.qunawan.com/ecmme/wan/xl/goods/20160701/201607012124334739_listfull.jpg",
    "title": "贵州贵阳 格凸河 万峰林 万峰湖 马岭河 黄果树 黔西南游（7日行程）",
    "money": "2980",
    "date": "09/23",
    "city": "贵阳"
  },
  {
    "url": "http://hd.8264.com/xianlu-19533",
    "img": "http://img.qunawan.com/ecmme/wan/xl/goods/20160701/201607012119427711_listfull.jpg",
    "title": "贵州黔东南 小七孔 荔波 加榜 岜沙 肇兴游（7日行程）",
    "money": "2980",
    "date": "09/23",
    "city": "贵阳"
  }
]