[
  {
    "url": "http://hd.8264.com/xianlu-19496",
    "img": "http://img.qunawan.com/ecmme/wan/xl/goods/20160701/201607011748318395_listfull.jpg",
    "title": "新疆喀纳斯禾木 白哈巴 伊犁 那拉提 巴音布鲁克 赛里木湖（9日行程）",
    "money": "4980",
    "date": "09/23",
    "city": "乌鲁"
  },
  {
    "url": "http://hd.8264.com/xianlu-19482",
    "img": "http://img.qunawan.com/ecmme/wan/xl/goods/20160701/201607011727306737_listfull.jpg",
    "title": "新疆喀纳斯 禾木 五彩滩 白哈巴 乌尔禾魔鬼城经典深度游（6日行程）",
    "money": "2980",
    "date": "09/23",
    "city": "乌鲁"
  },
  {
    "url": "http://hd.8264.com/xianlu-19470",
    "img": "http://img.qunawan.com/ecmme/wan/xl/goods/20160701/201607011711565551_listfull.jpg",
    "title": "新加坡 马来西亚 泰国 纯玩休闲游（8日行程）",
    "money": "4980",
    "date": "09/23",
    "city": "新加"
  },
  {
    "url": "http://hd.8264.com/xianlu-19458",
    "img": "http://img.qunawan.com/ecmme/wan/xl/goods/20160701/201607011701485275_listfull.jpg",
    "title": "新加坡 马来西亚新山 马六甲 吉隆坡（6日行程）",
    "money": "2980",
    "date": "09/23",
    "city": "新加"
  },
  {
    "url": "http://hd.8264.com/xianlu-19530",
    "img": "http://img.qunawan.com/ecmme/wan/xl/goods/20160701/201607012055308779_listfull.jpg",
    "title": "西藏拉萨 林芝 日喀则 雅鲁藏布大峡谷 纳木错 羊湖（9日行程）",
    "money": "4880",
    "date": "09/23",
    "city": "拉萨"
  },
  {
    "url": "http://hd.8264.com/xianlu-19339",
    "img": "http://img.qunawan.com/ecmme/wan/xl/goods/20160701/201607011310394029_listfull.jpg",
    "title": "斯里兰卡环线全景游 探索印度洋上的一滴泪（8日行程）",
    "money": "5580",
    "date": "09/23",
    "city": "尼甘"
  },
  {
    "url": "http://hd.8264.com/xianlu-19336",
    "img": "http://img.qunawan.com/ecmme/wan/xl/goods/20160701/201607011250486221_listfull.jpg",
    "title": "越南南越 西贡 大叻 芽庄 美奈 胡志明 迷情南越西贡美奈（8日行程）",
    "money": "3980",
    "date": "09/23",
    "city": "胡志"
  },
  {
    "url": "http://hd.8264.com/xianlu-19347",
    "img": "http://img.qunawan.com/ecmme/wan/xl/goods/20160701/201607011340563513_listfull.jpg",
    "title": "行摄 66号公路 草原天路 塞北梯田 坝上草原 闪电湖（2日行程）",
    "money": "350",
    "date": "09/23",
    "city": "北京"
  },
  {
    "url": "http://hd.8264.com/xianlu-19331",
    "img": "http://img.qunawan.com/ecmme/wan/xl/goods/20160701/201607011226193597_listfull.jpg",
    "title": "泰国南部海岛深度自由行 曼谷 丹能莎朵 芭提雅 沙美岛（7日行程）",
    "money": "2980",
    "date": "09/23",
    "city": "曼谷"
  },
  {
    "url": "http://hd.8264.com/xianlu-19329",
    "img": "http://img.qunawan.com/ecmme/wan/xl/goods/20160701/201607011208532629_listfull.jpg",
    "title": "大鹏古城 万绿野炊 杨梅坑浪漫单车游（1日行程）",
    "money": "100",
    "date": "09/23",
    "city": "深圳"
  },
  {
    "url": "http://hd.8264.com/xianlu-19515",
    "img": "http://img.qunawan.com/ecmme/wan/xl/goods/20160701/201607011910459562_listfull.jpg",
    "title": "新疆白哈巴 喀纳斯 禾木 五彩滩 可可托海 魔鬼城（8日行程）",
    "money": "3980",
    "date": "09/23",
    "city": "乌鲁"
  },
  {
    "url": "http://hd.8264.com/xianlu-19341",
    "img": "http://img.qunawan.com/ecmme/wan/xl/goods/20170220/201702201757366467_listfull.jpg",
    "title": "雪山佛国 浮世复兴 原生态尼泊尔（8日行程）",
    "money": "3980",
    "date": "09/23",
    "city": "加德"
  },
  {
    "url": "http://hd.8264.com/xianlu-19527",
    "img": "http://img.qunawan.com/ecmme/wan/xl/goods/20160701/201607012032042714_listfull.jpg",
    "title": "醉美新疆 白哈巴 喀纳斯 禾木 五彩滩 可可托海 魔鬼城（8日行程）",
    "money": "3980",
    "date": "09/23",
    "city": "乌鲁"
  },
  {
    "url": "http://hd.8264.com/xianlu-19011",
    "img": "http://img.qunawan.com/ecmme/wan/xl/goods/20160630/201606301703429611_listfull.png",
    "title": "呼伦贝尔 漠河 11座商务 包车（8日行程）",
    "money": "900",
    "date": "09/22",
    "city": "漠河"
  },
  {
    "url": "http://hd.8264.com/xianlu-18687",
    "img": "http://img.qunawan.com/ecmme/wan/xl/goods/20160630/201606301111285424_listfull.jpg",
    "title": "九色甘南 若尔盖 郎木寺 拉卜楞寺黄河九曲环线游 精品版（7日行程）",
    "money": "2980",
    "date": "09/23",
    "city": "兰州"
  },
  {
    "url": "http://hd.8264.com/xianlu-18679",
    "img": "http://img.qunawan.com/ecmme/wan/xl/goods/20160630/201606301108222497_listfull.jpg",
    "title": "青海甘肃西藏包车租车（1日行程）",
    "money": "1000",
    "date": "09/22",
    "city": "西宁"
  },
  {
    "url": "http://hd.8264.com/xianlu-18667",
    "img": "http://img.qunawan.com/ecmme/wan/xl/goods/20170331/201703311756513366_listfull.jpg",
    "title": "藏地神韵 佛国色达 神山年保玉则 色彩盛宴毕棚沟朝圣之旅（7日行程）",
    "money": "2980",
    "date": "09/23",
    "city": "成都"
  },
  {
    "url": "http://hd.8264.com/xianlu-18586",
    "img": "http://img.qunawan.com/ecmme/wan/xl/goods/20160630/201606300952319513_listfull.jpg",
    "title": "青海八一冰川 极地体验区（4日行程）",
    "money": "980",
    "date": "09/22",
    "city": "西宁"
  },
  {
    "url": "http://hd.8264.com/xianlu-18472",
    "img": "http://img.qunawan.com/ecmme/wan/xl/goods/20160629/201606292050388341_listfull.jpg",
    "title": "张家界森林公园 天门山（3日行程）",
    "money": "1180",
    "date": "09/22",
    "city": "张家"
  },
  {
    "url": "http://hd.8264.com/xianlu-18466",
    "img": "http://img.qunawan.com/ecmme/wan/xl/goods/20160629/201606291959016804_listfull.jpg",
    "title": "张家界森林公园 猛洞河漂流 夏日激情漂流之旅（3日行程）",
    "money": "1080",
    "date": "09/22",
    "city": "张家"
  }
]