[
  {
    "url": "http://hd.8264.com/xianlu-18339",
    "img": "http://img.qunawan.com/ecmme/wan/xl/goods/20160629/201606291540332658_listfull.png",
    "title": "四川境内 越野5 7座 包车（1日行程）",
    "money": "800",
    "date": "09/22",
    "city": "成都"
  },
  {
    "url": "http://hd.8264.com/xianlu-18337",
    "img": "http://img.qunawan.com/ecmme/wan/xl/goods/20160629/201606291537598785_listfull.png",
    "title": "四川境内 55座大巴 包车（1日行程）",
    "money": "1300",
    "date": "09/22",
    "city": "成都"
  },
  {
    "url": "http://hd.8264.com/xianlu-18327",
    "img": "http://img.qunawan.com/ecmme/wan/xl/goods/20160629/201606291532104832_listfull.png",
    "title": "四川境内 39座大巴 包车（1日行程）",
    "money": "1400",
    "date": "09/22",
    "city": "成都"
  },
  {
    "url": "http://hd.8264.com/xianlu-18248",
    "img": "http://img.qunawan.com/ecmme/wan/xl/goods/20170301/201703011417479471_listfull.jpg",
    "title": "蜀山之王 朝圣贡嘎转山摄影 贡嘎大环线 贡嘎徒步 贡嘎穿越（7日行程）",
    "money": "2880",
    "date": "09/23",
    "city": "成都"
  },
  {
    "url": "http://hd.8264.com/xianlu-17905",
    "img": "http://img.qunawan.com/ecmme/wan/xl/goods/20160628/201606281606485326_listfull.jpg",
    "title": "浙西第一高峰 清凉峰 新驴进化线（2日行程）",
    "money": "190",
    "date": "10/01",
    "city": "杭州"
  },
  {
    "url": "http://hd.8264.com/xianlu-17899",
    "img": "http://img.qunawan.com/ecmme/wan/xl/goods/20160628/201606281601304227_listfull.jpg",
    "title": "大明山后山环线穿越 不走寻常路 带你领略野趣十足的穿越之旅（1日行程）",
    "money": "120",
    "date": "09/23",
    "city": "杭州"
  },
  {
    "url": "http://hd.8264.com/xianlu-163682",
    "img": "http://img.qunawan.com/ecmme/wan/xl/goods/20170504/201705041701203693_listfull.jpg",
    "title": "云南 普者黑 坝美 马岭河大峡谷 万峰林 抚仙湖（8日行程）",
    "money": "3180",
    "date": "09/30",
    "city": "昆明"
  },
  {
    "url": "http://hd.8264.com/xianlu-16649",
    "img": "http://img.qunawan.com/ecmme/wan/xl/goods/20160625/201606251337365177_listfull.jpg",
    "title": "四姑娘山长坪沟徒步 二峰攀登 尝试初级雪山攀登（6日行程）",
    "money": "2480",
    "date": "09/30",
    "city": "成都"
  },
  {
    "url": "http://hd.8264.com/xianlu-16559",
    "img": "http://img.qunawan.com/ecmme/wan/xl/goods/20160624/201606241737147135_listfull.png",
    "title": "四川境内 29座中巴 包车（1日行程）",
    "money": "700",
    "date": "09/22",
    "city": "成都"
  },
  {
    "url": "http://hd.8264.com/xianlu-16465",
    "img": "http://img.qunawan.com/ecmme/wan/xl/goods/20160624/201606241450329391_listfull.png",
    "title": "四川境内 考斯特 包车（1日行程）",
    "money": "800",
    "date": "09/22",
    "city": "成都"
  },
  {
    "url": "http://hd.8264.com/xianlu-156899",
    "img": "http://img.qunawan.com/ecmme/wan/xl/goods/20170209/201702091426237812_listfull.jpg",
    "title": "四姑娘山大峰5000米入门级雪山攀登体验（3日行程）",
    "money": "1580",
    "date": "09/22",
    "city": "成都"
  },
  {
    "url": "http://hd.8264.com/xianlu-16202",
    "img": "http://img.qunawan.com/ecmme/wan/xl/goods/20170823/201708231131161718_listfull.jpg",
    "title": "四姑娘山二峰5000米入门级雪山攀登体验（3日行程）",
    "money": "1680",
    "date": "09/22",
    "city": "成都"
  },
  {
    "url": "http://hd.8264.com/xianlu-15707",
    "img": "http://img.qunawan.com/ecmme/wan/xl/goods/20160622/201606221724234844_listfull.png",
    "title": "四川境内 19座中巴 包车（1日行程）",
    "money": "700",
    "date": "09/22",
    "city": "成都"
  },
  {
    "url": "http://hd.8264.com/xianlu-15652",
    "img": "http://img.qunawan.com/ecmme/wan/xl/goods/20170504/201705041728135335_listfull.jpg",
    "title": "唐柏古道 四姑娘山长坪沟 毕棚沟穿越徒步活动（6日行程）",
    "money": "2480",
    "date": "09/30",
    "city": "成都"
  },
  {
    "url": "http://hd.8264.com/xianlu-163688",
    "img": "http://img.qunawan.com/ecmme/wan/xl/goods/20170504/201705041722083015_listfull.png",
    "title": "云南丽江 探寻人类最后母系家园 神秘女儿国 泸沽湖 摩梭风情（2日行程）",
    "money": "680",
    "date": "09/22",
    "city": "丽江"
  },
  {
    "url": "http://hd.8264.com/xianlu-163703",
    "img": "http://img.qunawan.com/ecmme/wan/xl/goods/20170504/201705041802581201_listfull.png",
    "title": "探访苦修密地 走进佛国世界色达 亚青寺 甘孜（7日行程）",
    "money": "3280",
    "date": "09/22",
    "city": "成都"
  },
  {
    "url": "http://hd.8264.com/xianlu-15462",
    "img": "http://img.qunawan.com/ecmme/wan/xl/goods/20160622/201606221338353763_listfull.jpg",
    "title": "四川云南西藏 定制行程 西部越野车联盟（6日行程）",
    "money": "2000",
    "date": "09/22",
    "city": "丽江"
  },
  {
    "url": "http://hd.8264.com/xianlu-155933",
    "img": "http://img.qunawan.com/ecmme/wan/xl/goods/20170120/201701200920283678_listfull.jpg",
    "title": "徒步尼泊尔 安娜普尔纳ABC大环线 世界最美徒步线路之一（12日行程）",
    "money": "4800",
    "date": "09/23",
    "city": "加德"
  },
  {
    "url": "http://hd.8264.com/xianlu-155929",
    "img": "http://img.qunawan.com/ecmme/wan/xl/goods/20170120/201701200714507871_listfull.jpg",
    "title": "尼泊尔 Nepal 安娜普尔纳ABC大环线 最美十大徒步（12日行程）",
    "money": "4800",
    "date": "09/23",
    "city": "加德"
  },
  {
    "url": "http://hd.8264.com/xianlu-155935",
    "img": "http://img.qunawan.com/ecmme/wan/xl/goods/20170120/201701200928296459_listfull.jpg",
    "title": "徒步尼泊尔 Nepal 安娜普尔纳ABC小环线 布恩山小环线（8日行程）",
    "money": "3680",
    "date": "09/23",
    "city": "加德"
  }
]