[
  {
    "url": "http://hd.8264.com/xianlu-15430",
    "img": "http://img.qunawan.com/ecmme/wan/xl/goods/20160622/201606221217119205_listfull.jpg",
    "title": "鹰嘴岩攀岩速降（1日行程）",
    "money": "280",
    "date": "09/23",
    "city": "成都"
  },
  {
    "url": "http://hd.8264.com/xianlu-15448",
    "img": "http://img.qunawan.com/ecmme/wan/xl/goods/20160622/201606221323143463_listfull.jpg",
    "title": "斯里兰卡环线休闲摄影游 探索印度洋上的一滴泪（8日行程）",
    "money": "5580",
    "date": "09/23",
    "city": "尼甘"
  },
  {
    "url": "http://hd.8264.com/xianlu-15424",
    "img": "http://img.qunawan.com/ecmme/wan/xl/goods/20160622/201606221159453352_listfull.jpg",
    "title": "越南北越情怀 南宁 东兴 下龙湾 河内 凭祥 下龙湾吉婆岛（6日行程）",
    "money": "2680",
    "date": "09/22",
    "city": "南宁"
  },
  {
    "url": "http://hd.8264.com/xianlu-15391",
    "img": "http://img.qunawan.com/ecmme/wan/xl/goods/20160622/201606221126184076_listfull.jpg",
    "title": "泰国南部 泰南海岛 曼谷 丹能莎朵 芭提雅 沙美岛休闲游（7日行程）",
    "money": "2980",
    "date": "09/23",
    "city": "曼谷"
  },
  {
    "url": "http://hd.8264.com/xianlu-15373",
    "img": "http://img.qunawan.com/ecmme/wan/xl/goods/20160622/201606221109148959_listfull.jpg",
    "title": "雪山圣国 浮世复兴 西藏穿越尼泊尔纯美自由休闲之旅（10日行程）",
    "money": "4680",
    "date": "09/28",
    "city": "拉萨"
  },
  {
    "url": "http://hd.8264.com/xianlu-15282",
    "img": "http://img.qunawan.com/ecmme/wan/xl/goods/20160622/201606220456113152_listfull.jpg",
    "title": "新疆喀纳斯禾木 白哈巴 伊犁 那拉提 巴音布鲁克 赛里木湖（9日行程）",
    "money": "4980",
    "date": "09/23",
    "city": "乌鲁"
  },
  {
    "url": "http://hd.8264.com/xianlu-15280",
    "img": "http://img.qunawan.com/ecmme/wan/xl/goods/20160622/201606220352353942_listfull.jpg",
    "title": "新疆天山天池 喀纳斯 禾木 五彩滩 白哈巴 魔鬼城 吐鲁番（8日行程）",
    "money": "3980",
    "date": "09/23",
    "city": "乌鲁"
  },
  {
    "url": "http://hd.8264.com/xianlu-15279",
    "img": "http://img.qunawan.com/ecmme/wan/xl/goods/20170407/201704071133436560_listfull.png",
    "title": "新疆 魔鬼城 白哈巴 禾木 喀纳斯 五彩滩 可可托海（8日行程）",
    "money": "3980",
    "date": "09/23",
    "city": "乌鲁"
  },
  {
    "url": "http://hd.8264.com/xianlu-15276",
    "img": "http://img.qunawan.com/ecmme/wan/xl/goods/20160622/201606220302004353_listfull.jpg",
    "title": "广西全景游 桂林漓江徒步 阳朔 龙脊梯田 涠洲岛 德天瀑布（8日行程）",
    "money": "3380",
    "date": "09/23",
    "city": "桂林"
  },
  {
    "url": "http://hd.8264.com/xianlu-15357",
    "img": "http://img.qunawan.com/ecmme/wan/xl/goods/20160622/201606221057124334_listfull.jpg",
    "title": "云南省 四川省 西藏 包车 车型三菱帕杰罗（1日行程）",
    "money": "1000",
    "date": "09/22",
    "city": "丽江"
  },
  {
    "url": "http://hd.8264.com/xianlu-15258",
    "img": "http://img.qunawan.com/ecmme/wan/xl/goods/20160622/201606220134433704_listfull.jpg",
    "title": "泰山看日出 云海 登五岳之尊 泰山 趵突泉 大明湖 经典之旅（2日行程）",
    "money": "280",
    "date": "09/23",
    "city": "北京"
  },
  {
    "url": "http://hd.8264.com/xianlu-15257",
    "img": "http://img.qunawan.com/ecmme/wan/xl/goods/20160622/201606220125015635_listfull.jpg",
    "title": "山西游 登北岳恒山 观最美风光 悬空寺 云冈石窟（2日行程）",
    "money": "350",
    "date": "09/23",
    "city": "北京"
  },
  {
    "url": "http://hd.8264.com/xianlu-15256",
    "img": "http://img.qunawan.com/ecmme/wan/xl/goods/20160622/201606220117449106_listfull.jpg",
    "title": "浪漫月色渤海湾 靓丽翡翠岛 海边烧烤 滑沙 做沙雕休闲腐败（2日行程）",
    "money": "260",
    "date": "09/23",
    "city": "北京"
  },
  {
    "url": "http://hd.8264.com/xianlu-166637",
    "img": "http://img.qunawan.com/ecmme/wan/xl/goods/20170609/201706091258458152_listfull.jpg",
    "title": "万亩草甸武功山穿越赏云海（2日行程）",
    "money": "318",
    "date": "10/14",
    "city": "萍乡"
  },
  {
    "url": "http://hd.8264.com/xianlu-14787",
    "img": "http://img.qunawan.com/ecmme/wan/xl/goods/20160621/201606210838335802_listfull.jpg",
    "title": "2017攀登哈巴雪山 一对一高山协作 全年接受私人定制（5日行程）",
    "money": "3180",
    "date": "09/23",
    "city": "丽江"
  },
  {
    "url": "http://hd.8264.com/xianlu-14764",
    "img": "http://img.qunawan.com/ecmme/wan/xl/goods/20160620/201606202158463722_listfull.jpg",
    "title": "川西自驾 天探索川西秘境的旅行去寻找最后的香巴拉（12日行程）",
    "money": "6480",
    "date": "09/22",
    "city": "重庆"
  },
  {
    "url": "http://hd.8264.com/xianlu-14752",
    "img": "http://img.qunawan.com/ecmme/wan/xl/goods/20160620/201606202059025873_listfull.jpg",
    "title": "森林探险深度游 张家界森林公园 张家界自助游（3日行程）",
    "money": "780",
    "date": "09/22",
    "city": "张家"
  },
  {
    "url": "http://hd.8264.com/xianlu-14761",
    "img": "http://img.qunawan.com/ecmme/wan/xl/goods/20160620/201606202149279496_listfull.jpg",
    "title": "川西自驾 发探索川西秘境（5日行程）",
    "money": "2480",
    "date": "09/22",
    "city": "重庆"
  },
  {
    "url": "http://hd.8264.com/xianlu-14407",
    "img": "http://img.qunawan.com/ecmme/wan/xl/goods/20160620/201606201232188944_listfull.jpg",
    "title": "南尖岩云海 乌溪江景 大柯梯田 独山古寨（2日行程）",
    "money": "420",
    "date": "10/02",
    "city": "杭州"
  },
  {
    "url": "http://hd.8264.com/xianlu-14367",
    "img": "http://img.qunawan.com/ecmme/wan/xl/goods/20160620/201606201133192977_listfull.jpg",
    "title": "徒步穿越飞鹰道 行走悬崖 惊险刺激之旅（1日行程）",
    "money": "170",
    "date": "10/04",
    "city": "杭州"
  }
]