[
  {
    "url": "http://hd.8264.com/xianlu-165442",
    "img": "http://img.qunawan.com/ecmme/wan/xl/goods/20170523/201705230953591529_listfull.jpg",
    "title": "秘境尼汝 穿越 香格里拉世界第一村（5日行程）",
    "money": "2200",
    "date": "10/14",
    "city": "丽江"
  },
  {
    "url": "http://hd.8264.com/xianlu-13788",
    "img": "http://img.qunawan.com/ecmme/wan/xl/goods/20160617/201606171132017649_listfull.jpg",
    "title": "深入呼伦贝尔大草原敖鲁古雅原始部落 莫尔道嘎森林公园（10日行程）",
    "money": "3880",
    "date": "09/22",
    "city": "乌兰"
  },
  {
    "url": "http://hd.8264.com/xianlu-13632",
    "img": "http://img.qunawan.com/ecmme/wan/xl/goods/20160616/201606161719305309_listfull.jpg",
    "title": "由南到北 阿尔山 呼伦贝尔 漠河穿越之旅 零购物纯玩（8日行程）",
    "money": "4200",
    "date": "09/22",
    "city": "呼伦"
  },
  {
    "url": "http://hd.8264.com/xianlu-13624",
    "img": "http://img.qunawan.com/ecmme/wan/xl/goods/20160616/201606161707577016_listfull.jpg",
    "title": "呼伦贝尔风光 走进中国最北边 摄影创作 纯玩独立成团（1日行程）",
    "money": "298",
    "date": "09/22",
    "city": "呼伦"
  },
  {
    "url": "http://hd.8264.com/xianlu-13584",
    "img": "http://img.qunawan.com/ecmme/wan/xl/goods/20160616/201606161553061998_listfull.jpg",
    "title": "亲子草原行 走进伊利牧场 体验草原生活 纯玩 独立成团（6日行程）",
    "money": "3630",
    "date": "09/22",
    "city": "呼伦"
  },
  {
    "url": "http://hd.8264.com/xianlu-13594",
    "img": "http://img.qunawan.com/ecmme/wan/xl/goods/20160616/201606161628545764_listfull.jpg",
    "title": "纯玩 独立成团 呼伦贝尔大草原 满洲里口岸 呼伦湖草原之旅（3日行程）",
    "money": "1680",
    "date": "09/22",
    "city": "呼伦"
  },
  {
    "url": "http://hd.8264.com/xianlu-13557",
    "img": "http://img.qunawan.com/ecmme/wan/xl/goods/20160616/201606161529344580_listfull.jpg",
    "title": "呼伦贝尔大草原骑马穿越体验户外篝火行程 纯玩 独立成团（6日行程）",
    "money": "3699",
    "date": "09/22",
    "city": "呼伦"
  },
  {
    "url": "http://hd.8264.com/xianlu-13539",
    "img": "http://img.qunawan.com/ecmme/wan/xl/goods/20160616/201606161508413075_listfull.jpg",
    "title": "呼伦贝尔大草原全程房车高端游（5日行程）",
    "money": "500",
    "date": "09/22",
    "city": "海拉"
  },
  {
    "url": "http://hd.8264.com/xianlu-13401",
    "img": "http://img.qunawan.com/ecmme/wan/xl/goods/20160616/201606161134284002_listfull.png",
    "title": "呼伦贝尔高端户外探索生态牧场路线纯玩 独立成团（4日行程）",
    "money": "1980",
    "date": "09/22",
    "city": "呼伦"
  },
  {
    "url": "http://hd.8264.com/xianlu-166968",
    "img": "http://img.qunawan.com/ecmme/wan/xl/goods/20170614/201706141626112455_listfull.jpg",
    "title": "徒步中国最原始村落 雨崩村 虎跳峡 朝圣梅里雪山（7日行程）",
    "money": "2180",
    "date": "09/28",
    "city": "成都"
  },
  {
    "url": "http://hd.8264.com/xianlu-12937",
    "img": "http://img.qunawan.com/ecmme/wan/xl/goods/20160615/201606151124026019_listfull.png",
    "title": "2017策马扬鞭 骑马穿越草原 敖鲁古雅狩猎 异国风情满洲里（8日行程）",
    "money": "2780",
    "date": "09/22",
    "city": "乌兰"
  },
  {
    "url": "http://hd.8264.com/xianlu-12919",
    "img": "http://img.qunawan.com/ecmme/wan/xl/goods/20160615/201606151125467102_listfull.jpg",
    "title": "2017呼伦贝尔大草原 敖鲁古雅驯鹿园 漠河北极村（9日行程）",
    "money": "3980",
    "date": "09/22",
    "city": "乌兰"
  },
  {
    "url": "http://hd.8264.com/xianlu-12824",
    "img": "http://img.qunawan.com/ecmme/wan/xl/goods/20160614/201606142306382585_listfull.jpg",
    "title": "丽江 香格里拉 梅里雪山 大理休闲游（6日行程）",
    "money": "1700",
    "date": "09/24",
    "city": "丽江"
  },
  {
    "url": "http://hd.8264.com/xianlu-12785",
    "img": "http://img.qunawan.com/ecmme/wan/xl/goods/20160614/201606141813571205_listfull.jpg",
    "title": "英西峰林走廊徒步 探索神秘千年瑶寨 瑶族篝火晚会（2日行程）",
    "money": "300",
    "date": "09/23",
    "city": "深圳"
  },
  {
    "url": "http://hd.8264.com/xianlu-12677",
    "img": "http://img.qunawan.com/ecmme/wan/xl/goods/20160614/201606141545319735_listfull.png",
    "title": "2017穿越草原 寻龙诀拍摄地（7日行程）",
    "money": "2799",
    "date": "09/22",
    "city": "乌兰"
  },
  {
    "url": "http://hd.8264.com/xianlu-12511",
    "img": "http://img.qunawan.com/ecmme/wan/xl/goods/20160614/201606141323381145_listfull.jpg",
    "title": "桂林阳朔遇龙河上半段 金龙桥至旧县 双人竹筏漂流（1日行程）",
    "money": "266",
    "date": "09/22",
    "city": "桂林"
  },
  {
    "url": "http://hd.8264.com/xianlu-12510",
    "img": "http://img.qunawan.com/ecmme/wan/xl/goods/20160614/201606141323342057_listfull.jpg",
    "title": "桂林阳朔遇龙河上半段双人竹筏漂流（1日行程）",
    "money": "144",
    "date": "09/22",
    "city": "桂林"
  },
  {
    "url": "http://hd.8264.com/xianlu-167526",
    "img": "http://img.qunawan.com/ecmme/wan/xl/goods/20170621/201706211633236943_listfull.jpg",
    "title": "清凉一夏 十渡 飞拉达皮划艇体验活动（1日行程）",
    "money": "80",
    "date": "09/23",
    "city": "北京"
  },
  {
    "url": "http://hd.8264.com/xianlu-12260",
    "img": "http://img.qunawan.com/ecmme/wan/xl/goods/20160613/201606131704052711_listfull.jpg",
    "title": "浪尖上的过山车 清远古龙峡漂流（1日行程）",
    "money": "159",
    "date": "09/22",
    "city": "深圳"
  },
  {
    "url": "http://hd.8264.com/xianlu-12162",
    "img": "http://img.qunawan.com/ecmme/wan/xl/goods/20160613/201606131449245924_listfull.jpg",
    "title": "京郊小黄山 云蒙山森林公园 登山摄影（1日行程）",
    "money": "70",
    "date": "09/23",
    "city": "北京"
  }
]