[
  {
    "url": "http://hd.8264.com/xianlu-12025",
    "img": "http://img.qunawan.com/ecmme/wan/xl/goods/20160613/201606131301595276_listfull.jpg",
    "title": "徽杭古道 轻装单日徒步 独家策划换客行动 免费提供登山杖（1日行程）",
    "money": "190",
    "date": "10/01",
    "city": "杭州"
  },
  {
    "url": "http://hd.8264.com/xianlu-168982",
    "img": "http://img.qunawan.com/ecmme/wan/xl/goods/20170713/201707131436056631_listfull.jpg",
    "title": "川藏南线四姑娘山（10日行程）",
    "money": "6800",
    "date": "09/22",
    "city": "成都"
  },
  {
    "url": "http://hd.8264.com/xianlu-11414",
    "img": "http://img.qunawan.com/ecmme/wan/xl/goods/20160611/201606111751359189_listfull.jpg",
    "title": "跟爸爸妈妈一起去转山转水转佛塔（9日行程）",
    "money": "5500",
    "date": "09/24",
    "city": "拉萨"
  },
  {
    "url": "http://hd.8264.com/xianlu-11273",
    "img": "http://img.qunawan.com/ecmme/wan/xl/goods/20170207/201702072055582714_listfull.jpg",
    "title": "丽江出发 香格里拉梅里雪山普达措大理（6日行程）",
    "money": "1980",
    "date": "09/24",
    "city": "丽江"
  },
  {
    "url": "http://hd.8264.com/xianlu-11210",
    "img": "http://img.qunawan.com/ecmme/wan/xl/goods/20160609/201606091002577944_listfull.jpg",
    "title": "朝圣色达行走稻城亚丁深度深度游（9日行程）",
    "money": "3180",
    "date": "09/22",
    "city": "成都"
  },
  {
    "url": "http://hd.8264.com/xianlu-10994",
    "img": "http://img.qunawan.com/ecmme/wan/xl/goods/20170228/201702281242334768_listfull.jpg",
    "title": "罗布泊 阿尔金山 塔克拉玛干沙漠三大无人区摄影 探险深度游（14日行程）",
    "money": "19800",
    "date": "10/01",
    "city": "乌鲁"
  },
  {
    "url": "http://hd.8264.com/xianlu-10731",
    "img": "http://img.qunawan.com/ecmme/wan/xl/goods/20160607/201606071410217422_listfull.jpg",
    "title": "港澳 广东省内 向导 老张（5日行程）",
    "money": "300",
    "date": "09/22",
    "city": "深圳"
  },
  {
    "url": "http://hd.8264.com/xianlu-9790",
    "img": "http://img.qunawan.com/ecmme/wan/xl/goods/20160603/201606030050342952_listfull.jpg",
    "title": "阿里守望天际 珠峰 萨迦寺 转山（8日行程）",
    "money": "2180",
    "date": "09/22",
    "city": "拉萨"
  },
  {
    "url": "http://hd.8264.com/xianlu-9711",
    "img": "http://img.qunawan.com/ecmme/wan/xl/goods/20160602/201606022104403988_listfull.jpg",
    "title": "敦煌西线 玉门关 汉长城 雅丹魔鬼城（1日行程）",
    "money": "120",
    "date": "09/22",
    "city": "敦煌"
  },
  {
    "url": "http://hd.8264.com/xianlu-9709",
    "img": "http://img.qunawan.com/ecmme/wan/xl/goods/20160602/201606022103492758_listfull.jpeg",
    "title": "敦煌市鸣沙山后山沙漠露营（1日行程）",
    "money": "198",
    "date": "09/22",
    "city": "敦煌"
  },
  {
    "url": "http://hd.8264.com/xianlu-9182",
    "img": "http://img.qunawan.com/ecmme/wan/xl/goods/20160601/201606011611394130_listfull.jpg",
    "title": "四姑娘山大峰 二峰 三峰连登挑战极限（7日行程）",
    "money": "3780",
    "date": "09/22",
    "city": "成都"
  },
  {
    "url": "http://hd.8264.com/xianlu-8782",
    "img": "http://img.qunawan.com/ecmme/wan/xl/goods/20160601/201606010913354662_listfull.jpg",
    "title": "内蒙古草原露营狂欢日 全程越野（6日行程）",
    "money": "2980",
    "date": "09/22",
    "city": "呼伦"
  },
  {
    "url": "http://hd.8264.com/xianlu-8450",
    "img": "http://img.qunawan.com/ecmme/wan/xl/goods/20160531/201605310922543801_listfull.jpg",
    "title": "4000米奇幻世界高空跳伞（1日行程）",
    "money": "700",
    "date": "09/22",
    "city": "广州"
  },
  {
    "url": "http://hd.8264.com/xianlu-8349",
    "img": "http://img.qunawan.com/ecmme/wan/xl/goods/20170207/201702072125539010_listfull.jpg",
    "title": "梅里雪山 稻城亚丁环线之旅（7日行程）",
    "money": "3180",
    "date": "10/15",
    "city": "丽江"
  },
  {
    "url": "http://hd.8264.com/xianlu-8008",
    "img": "http://img.qunawan.com/ecmme/wan/xl/goods/20160527/201605272239547814_listfull.jpg",
    "title": "2017年念青唐古拉东段A线徒步穿越召集（11日行程）",
    "money": "5380",
    "date": "09/30",
    "city": "拉萨"
  },
  {
    "url": "http://hd.8264.com/xianlu-7964",
    "img": "http://img.qunawan.com/ecmme/wan/xl/goods/20160527/201605271616547919_listfull.png",
    "title": "香港 澳门 丰田阿尔法 广东省内包车（1日行程）",
    "money": "650",
    "date": "09/22",
    "city": "深圳"
  },
  {
    "url": "http://hd.8264.com/xianlu-7498",
    "img": "http://img.qunawan.com/ecmme/wan/xl/goods/20160525/201605252300076858_listfull.jpg",
    "title": "丽江 老君山原始森林穿越 露营（6日行程）",
    "money": "3380",
    "date": "09/29",
    "city": "丽江"
  },
  {
    "url": "http://hd.8264.com/xianlu-7491",
    "img": "http://img.qunawan.com/ecmme/wan/xl/goods/20160525/201605252228432271_listfull.jpg",
    "title": "富民 螳螂川 攀岩（1日行程）",
    "money": "280",
    "date": "09/23",
    "city": "昆明"
  },
  {
    "url": "http://hd.8264.com/xianlu-7168",
    "img": "http://img.qunawan.com/ecmme/wan/xl/goods/20161212/201612122127164157_listfull.jpg",
    "title": "云中草原 户外天堂 武功山 星空 云海 日出不能更美了（3日行程）",
    "money": "318",
    "date": "10/20",
    "city": "杭州"
  },
  {
    "url": "http://hd.8264.com/xianlu-6894",
    "img": "http://img.qunawan.com/ecmme/wan/xl/goods/20160524/201605241056041515_listfull.jpg",
    "title": "一生一轮回 从天堂到地狱泸沽湖亚丁卡斯地狱谷穿越（15日行程）",
    "money": "6980",
    "date": "09/23",
    "city": "成都"
  }
]