[
  {
    "url": "http://hd.8264.com/xianlu-158044",
    "img": "http://img.qunawan.com/ecmme/wan/xl/goods/20170228/201702281940181175_listfull.jpg",
    "title": "新疆 南疆 民俗摄影 包车自助游（14日行程）",
    "money": "2800",
    "date": "09/22",
    "city": "乌鲁"
  },
  {
    "url": "http://hd.8264.com/xianlu-6519",
    "img": "http://img.qunawan.com/ecmme/wan/xl/goods/20160523/201605230942526914_listfull.jpg",
    "title": "豪华定制四姑娘雪山之巅大峰5025攀登计划（5日行程）",
    "money": "3080",
    "date": "09/22",
    "city": "成都"
  },
  {
    "url": "http://hd.8264.com/xianlu-157075",
    "img": "http://img.qunawan.com/ecmme/wan/xl/goods/20170212/201702121325548839_listfull.jpg",
    "title": "攀登人生第一座技术型雪山 半脊峰（4日行程）",
    "money": "3680",
    "date": "09/22",
    "city": "成都"
  },
  {
    "url": "http://hd.8264.com/xianlu-6081",
    "img": "http://img.qunawan.com/ecmme/wan/xl/goods/20161214/201612141750201586_listfull.jpg",
    "title": "唐柏古道 四姑娘山长坪沟 毕棚沟徒步穿越活动（6日行程）",
    "money": "2480",
    "date": "09/30",
    "city": "成都"
  },
  {
    "url": "http://hd.8264.com/xianlu-5917",
    "img": "http://img.qunawan.com/ecmme/wan/xl/goods/20160519/201605191037533602_listfull.jpg",
    "title": "西藏 纳木错 珠峰 普莫雍措 环线摄影之旅（5日行程）",
    "money": "3500",
    "date": "09/22",
    "city": "拉萨"
  },
  {
    "url": "http://hd.8264.com/xianlu-5837",
    "img": "http://img.qunawan.com/ecmme/wan/xl/goods/20170328/201703281708033104_listfull.jpg",
    "title": "呼伦贝尔草原那达慕 俄罗斯出境纯玩（7日行程）",
    "money": "3580",
    "date": "09/22",
    "city": "呼伦"
  },
  {
    "url": "http://hd.8264.com/xianlu-5748",
    "img": "http://img.qunawan.com/ecmme/wan/xl/goods/20160518/201605181137484004_listfull.jpg",
    "title": "千年冰川海螺沟人间净土稻城亚丁深度游（8日行程）",
    "money": "2680",
    "date": "09/26",
    "city": "成都"
  },
  {
    "url": "http://hd.8264.com/xianlu-5652",
    "img": "http://img.qunawan.com/ecmme/wan/xl/goods/20170208/201702082204305553_listfull.jpg",
    "title": "甘南九寨D线纯玩深度游 兰州进成都出（7日行程）",
    "money": "3480",
    "date": "10/15",
    "city": "兰州"
  },
  {
    "url": "http://hd.8264.com/xianlu-5631",
    "img": "http://img.qunawan.com/ecmme/wan/xl/goods/20160517/201605171818076159_listfull.jpg",
    "title": "冰峰山地 贡嘎老榆林全线徒步完美穿越摄影之旅（8日行程）",
    "money": "2880",
    "date": "09/23",
    "city": "成都"
  },
  {
    "url": "http://hd.8264.com/xianlu-5581",
    "img": "http://img.qunawan.com/ecmme/wan/xl/goods/20160517/201605171700006606_listfull.jpg",
    "title": "呼伦贝尔深度游游遍呼伦贝尔南北经典线路（8日行程）",
    "money": "6999",
    "date": "09/22",
    "city": "呼伦"
  },
  {
    "url": "http://hd.8264.com/xianlu-5505",
    "img": "http://img.qunawan.com/ecmme/wan/xl/goods/20161026/201610260207498122_listfull.jpg",
    "title": "新疆全新进口斯巴鲁森林人四驱SUV包车（1日行程）",
    "money": "1200",
    "date": "09/22",
    "city": "乌鲁"
  },
  {
    "url": "http://hd.8264.com/xianlu-5406",
    "img": "http://img.qunawan.com/ecmme/wan/xl/goods/20160517/201605170836439034_listfull.jpg",
    "title": "美丽的大草原 呼伦贝尔深度游（13日行程）",
    "money": "6980",
    "date": "09/22",
    "city": "呼伦"
  },
  {
    "url": "http://hd.8264.com/xianlu-5401",
    "img": "http://img.qunawan.com/ecmme/wan/xl/goods/20160516/201605162016187884_listfull.jpg",
    "title": "大美新疆 全新丰田普拉多旅行包车（20日行程）",
    "money": "1500",
    "date": "09/22",
    "city": "乌鲁"
  },
  {
    "url": "http://hd.8264.com/xianlu-5261",
    "img": "http://img.qunawan.com/ecmme/wan/xl/goods/20160513/201605132220154583_listfull.jpg",
    "title": "独家草原穿越呼伦贝尔大草原（5日行程）",
    "money": "2380",
    "date": "09/22",
    "city": "呼伦"
  },
  {
    "url": "http://hd.8264.com/xianlu-5202",
    "img": "http://img.qunawan.com/ecmme/wan/xl/goods/20160513/201605131339116758_listfull.jpg",
    "title": "西藏 林芝 山南 日喀则环线（5日行程）",
    "money": "3500",
    "date": "09/22",
    "city": "拉萨"
  },
  {
    "url": "http://hd.8264.com/xianlu-5187",
    "img": "http://img.qunawan.com/ecmme/wan/xl/goods/20160513/201605131040489065_listfull.jpg",
    "title": "轻户外九寨二进沟 黄龙 扎尕那 若尔盖 九曲8人拼团（8日行程）",
    "money": "2780",
    "date": "09/22",
    "city": "成都"
  },
  {
    "url": "http://hd.8264.com/xianlu-5127",
    "img": "http://img.qunawan.com/ecmme/wan/xl/goods/20160512/201605121646432078_listfull.png",
    "title": "四姑娘雪山之巅 二峰豪华定制团（5日行程）",
    "money": "3280",
    "date": "09/22",
    "city": "成都"
  },
  {
    "url": "http://hd.8264.com/xianlu-5115",
    "img": "http://img.qunawan.com/ecmme/wan/xl/goods/20160512/201605121628343919_listfull.jpg",
    "title": "四姑娘雪山之巅二峰标准团攀登计划（4日行程）",
    "money": "1580",
    "date": "09/22",
    "city": "成都"
  },
  {
    "url": "http://hd.8264.com/xianlu-5061",
    "img": "http://img.qunawan.com/ecmme/wan/xl/goods/20160512/201605121248248954_listfull.jpg",
    "title": "藏谜至境 亚青寺德格石渠色达环线（9日行程）",
    "money": "3880",
    "date": "10/14",
    "city": "成都"
  },
  {
    "url": "http://hd.8264.com/xianlu-5038",
    "img": "http://img.qunawan.com/ecmme/wan/xl/goods/20161113/201611131050538555_listfull.jpg",
    "title": "九顶山太子城徒步登山活动（4日行程）",
    "money": "880",
    "date": "10/14",
    "city": "成都"
  }
]