[
  {
    "url": "http://hd.8264.com/xianlu-4871",
    "img": "http://img.qunawan.com/ecmme/wan/xl/goods/20160510/201605101656339807_listfull.jpg",
    "title": "即将消失的秘境 七藏沟徒步摄影之旅（6日行程）",
    "money": "2680",
    "date": "10/01",
    "city": "成都"
  },
  {
    "url": "http://hd.8264.com/xianlu-4816",
    "img": "http://img.qunawan.com/ecmme/wan/xl/goods/20160510/201605101233594334_listfull.jpg",
    "title": "四姑娘三峰加建C1营地登山 初级技术型雪山（5日行程）",
    "money": "2780",
    "date": "09/22",
    "city": "成都"
  },
  {
    "url": "http://hd.8264.com/xianlu-4805",
    "img": "http://img.qunawan.com/ecmme/wan/xl/goods/20160510/201605101441308222_listfull.jpg",
    "title": "情定草原 丰宁坝上 策马扬鞭 避暑消夏（3日行程）",
    "money": "350",
    "date": "09/22",
    "city": "北京"
  },
  {
    "url": "http://hd.8264.com/xianlu-4771",
    "img": "http://img.qunawan.com/ecmme/wan/xl/goods/20160510/201605100852253107_listfull.jpg",
    "title": "徒步北京十渡系列之五渡到九渡（1日行程）",
    "money": "100",
    "date": "09/22",
    "city": "北京"
  },
  {
    "url": "http://hd.8264.com/xianlu-4787",
    "img": "http://img.qunawan.com/ecmme/wan/xl/goods/20160510/201605101145589453_listfull.jpg",
    "title": "香格里拉 白马雪山徒步穿越（7日行程）",
    "money": "6800",
    "date": "09/24",
    "city": "丽江"
  },
  {
    "url": "http://hd.8264.com/xianlu-4661",
    "img": "http://img.qunawan.com/ecmme/wan/xl/goods/20170323/201703231127179405_listfull.jpg",
    "title": "最原始乡村 云南雨崩村徒步（8日行程）",
    "money": "1980",
    "date": "09/22",
    "city": "丽江"
  },
  {
    "url": "http://hd.8264.com/xianlu-4433",
    "img": "http://img.qunawan.com/ecmme/wan/xl/goods/20160505/201605052359394085_listfull.jpg",
    "title": "四姑娘山二峰攀登（6日行程）",
    "money": "2480",
    "date": "09/30",
    "city": "成都"
  },
  {
    "url": "http://hd.8264.com/xianlu-4431",
    "img": "http://img.qunawan.com/ecmme/wan/xl/goods/20160505/201605052317398773_listfull.jpg",
    "title": "最美景观大道318 稻城亚丁 一路游玩 拍摄去拉萨越野自由行（10日行程）",
    "money": "3880",
    "date": "09/22",
    "city": "成都"
  },
  {
    "url": "http://hd.8264.com/xianlu-4109",
    "img": "http://img.qunawan.com/ecmme/wan/xl/goods/20160501/201605012135377242_listfull.jpg",
    "title": "香港海岛露营 烧烤 音乐 享受阳光与魅力海滩（2日行程）",
    "money": "390",
    "date": "09/23",
    "city": "深圳"
  },
  {
    "url": "http://hd.8264.com/xianlu-156803",
    "img": "http://img.qunawan.com/ecmme/wan/xl/goods/20170208/201702081100043919_listfull.jpg",
    "title": "川进青出 G318川藏南线 青藏线 穿越西藏大环线（17日行程）",
    "money": "4680",
    "date": "09/27",
    "city": "成都"
  },
  {
    "url": "http://hd.8264.com/xianlu-3640",
    "img": "http://img.qunawan.com/ecmme/wan/xl/goods/20160425/201604251243361257_listfull.jpg",
    "title": "环骑玉龙 哈巴雪山（4日行程）",
    "money": "4600",
    "date": "09/22",
    "city": "丽江"
  },
  {
    "url": "http://hd.8264.com/xianlu-3651",
    "img": "http://img.qunawan.com/ecmme/wan/xl/goods/20170222/201702221304311191_listfull.jpg",
    "title": "都日峰攀登计划（6日行程）",
    "money": "5500",
    "date": "10/10",
    "city": "成都"
  },
  {
    "url": "http://hd.8264.com/xianlu-3602",
    "img": "http://img.qunawan.com/ecmme/wan/xl/goods/20160422/201604221958501459_listfull.jpg",
    "title": "经典川藏北线（10日行程）",
    "money": "5180",
    "date": "10/01",
    "city": "成都"
  },
  {
    "url": "http://hd.8264.com/xianlu-3583",
    "img": "http://img.qunawan.com/ecmme/wan/xl/goods/20160422/201604221723362512_listfull.jpg",
    "title": "穿越华东户外圣地 江西武功山（3日行程）",
    "money": "395",
    "date": "09/22",
    "city": "萍乡"
  },
  {
    "url": "http://hd.8264.com/xianlu-3361",
    "img": "http://img.qunawan.com/ecmme/wan/xl/goods/20170916/201709161714208556_listfull.png",
    "title": "国庆天天出发 中国爱情海 泸沽湖 西昌 探访最后的摩梭女儿国（4日行程）",
    "money": "680",
    "date": "09/22",
    "city": "成都"
  },
  {
    "url": "http://hd.8264.com/xianlu-167577",
    "img": "http://img.qunawan.com/ecmme/wan/xl/goods/20170623/201706231009197436_listfull.jpg",
    "title": "穿越呼伦贝尔大草原 纯玩自由行 随时停车独立成团（6日行程）",
    "money": "2880",
    "date": "09/22",
    "city": "呼伦"
  },
  {
    "url": "http://hd.8264.com/xianlu-3002",
    "img": "http://img.qunawan.com/ecmme/wan/xl/goods/20160413/201604130917477086_listfull.jpg",
    "title": "雪山攀登 四姑娘山长坪沟徒步 二峰攀登（6日行程）",
    "money": "2480",
    "date": "09/30",
    "city": "成都"
  },
  {
    "url": "http://hd.8264.com/xianlu-159660",
    "img": "http://img.qunawan.com/ecmme/wan/xl/goods/20170309/201703091115041882_listfull.jpg",
    "title": "色达 甘孜稻城亚丁人文 景观之旅（8日行程）",
    "money": "3280",
    "date": "09/22",
    "city": "成都"
  },
  {
    "url": "http://hd.8264.com/xianlu-3155",
    "img": "http://img.qunawan.com/ecmme/wan/xl/goods/20170318/201703182256544609_listfull.jpg",
    "title": "环青海湖骑行 领队 保障车 户外保险 摄影茶卡盐湖（5日行程）",
    "money": "1450",
    "date": "09/22",
    "city": "西宁"
  },
  {
    "url": "http://hd.8264.com/xianlu-3149",
    "img": "http://img.qunawan.com/ecmme/wan/xl/goods/20160416/201604161809278748_listfull.jpg",
    "title": "黄果树 兴义万峰林 格凸河奇幻喀斯特地貌精品深度游（5日行程）",
    "money": "2280",
    "date": "09/30",
    "city": "贵阳"
  }
]