[
  {
    "url": "http://hd.8264.com/xianlu-172060",
    "img": "http://img.qunawan.com/ecmme/wan/xl/goods/20170916/201709161337296479_listfull.png",
    "title": "泸沽湖美食真纯玩 全程0自费（4日行程）",
    "money": "720",
    "date": "09/22",
    "city": "成都"
  },
  {
    "url": "http://hd.8264.com/xianlu-172059",
    "img": "http://img.qunawan.com/ecmme/wan/xl/goods/20170916/201709161332459967_listfull.png",
    "title": "海螺沟冰川温泉 燕子沟 泸定桥纯玩 康巴之恋（3日行程）",
    "money": "450",
    "date": "09/22",
    "city": "成都"
  },
  {
    "url": "http://hd.8264.com/xianlu-172057",
    "img": "http://img.qunawan.com/ecmme/wan/xl/goods/20170916/201709161325055445_listfull.png",
    "title": "轿顶山悬崖上的小木屋 雪山 云海 日出（2日行程）",
    "money": "499",
    "date": "09/22",
    "city": "成都"
  },
  {
    "url": "http://hd.8264.com/xianlu-172056",
    "img": "http://img.qunawan.com/ecmme/wan/xl/goods/20170916/201709161325026426_listfull.png",
    "title": "四人同山 星空 佛光 雪山 学海 日出（3日行程）",
    "money": "468",
    "date": "09/22",
    "city": "成都"
  },
  {
    "url": "http://hd.8264.com/xianlu-172052",
    "img": "http://img.qunawan.com/ecmme/wan/xl/goods/20170916/201709161140518595_listfull.jpg",
    "title": "孟屯河谷两日藏式火锅游（2日行程）",
    "money": "420",
    "date": "09/25",
    "city": "成都"
  },
  {
    "url": "http://hd.8264.com/xianlu-172051",
    "img": "http://img.qunawan.com/ecmme/wan/xl/goods/20170916/201709161133119201_listfull.jpg",
    "title": "最美达瓦更扎日出 星空 日出（2日行程）",
    "money": "480",
    "date": "09/25",
    "city": "成都"
  },
  {
    "url": "http://hd.8264.com/xianlu-172042",
    "img": "http://img.qunawan.com/ecmme/wan/xl/goods/20170915/201709152218581389_listfull.png",
    "title": "与国同庆系列 玛嘉沟彩林徒步露营（3日行程）",
    "money": "650",
    "date": "09/22",
    "city": "成都"
  },
  {
    "url": "http://hd.8264.com/xianlu-172041",
    "img": "http://img.qunawan.com/ecmme/wan/xl/goods/20170915/201709152201326859_listfull.png",
    "title": "与国同庆系列 泸沽湖 摩梭风情（4日行程）",
    "money": "880",
    "date": "09/22",
    "city": "成都"
  },
  {
    "url": "http://hd.8264.com/xianlu-172029",
    "img": "http://img.qunawan.com/ecmme/wan/xl/goods/20170915/201709151506001522_listfull.jpg",
    "title": "9月22日穿越仙居公盂仙境 寻找浙江香格里拉（2日行程）",
    "money": "350",
    "date": "09/22",
    "city": "徐汇"
  },
  {
    "url": "http://hd.8264.com/xianlu-172024",
    "img": "http://img.qunawan.com/ecmme/wan/xl/goods/20170915/201709151438108704_listfull.jpg",
    "title": "海稻川西多彩林叶（7日行程）",
    "money": "2380",
    "date": "09/27",
    "city": "成都"
  },
  {
    "url": "http://hd.8264.com/xianlu-172019",
    "img": "http://img.qunawan.com/ecmme/wan/xl/goods/20170915/201709151405458823_listfull.jpg",
    "title": "2017国庆四姑娘三峰5355米攀登 人生第一座5000（4日行程）",
    "money": "2580",
    "date": "09/23",
    "city": "成都"
  },
  {
    "url": "http://hd.8264.com/xianlu-172040",
    "img": "http://img.qunawan.com/ecmme/wan/xl/goods/20170915/201709152159397971_listfull.png",
    "title": "与国同庆系列 色达五明佛学院（4日行程）",
    "money": "780",
    "date": "09/22",
    "city": "成都"
  },
  {
    "url": "http://hd.8264.com/xianlu-172011",
    "img": "http://img.qunawan.com/ecmme/wan/xl/goods/20170915/201709151219411980_listfull.jpg",
    "title": "香格里拉 梅里雪山雨崩徒步游 满4人即可 不定期出发（6日行程）",
    "money": "1680",
    "date": "09/29",
    "city": "广州"
  },
  {
    "url": "http://hd.8264.com/xianlu-172009",
    "img": "http://img.qunawan.com/ecmme/wan/xl/goods/20170915/201709151158417089_listfull.jpg",
    "title": "2017阿里南 神山朝拜 古格王朝摄影探寻千年历史古迹（8日行程）",
    "money": "3800",
    "date": "09/22",
    "city": "拉萨"
  },
  {
    "url": "http://hd.8264.com/xianlu-172004",
    "img": "http://img.qunawan.com/ecmme/wan/xl/goods/20170915/201709151106203867_listfull.jpg",
    "title": "2017国庆 最美阿里 神山朝拜前世今生 双湖探险（15日行程）",
    "money": "6380",
    "date": "09/23",
    "city": "拉萨"
  },
  {
    "url": "http://hd.8264.com/xianlu-172002",
    "img": "http://img.qunawan.com/ecmme/wan/xl/goods/20170915/201709151046543694_listfull.jpg",
    "title": "大鹏 瓷爱谷制陶体验 美丽乡村赏花 生态园野炊亲子游（1日行程）",
    "money": "238",
    "date": "09/23",
    "city": "深圳"
  },
  {
    "url": "http://hd.8264.com/xianlu-172036",
    "img": "http://img.qunawan.com/ecmme/wan/xl/goods/20170915/201709152141356379_listfull.png",
    "title": "与国同庆系列 子梅垭口 对望蜀山之王（3日行程）",
    "money": "750",
    "date": "09/22",
    "city": "成都"
  },
  {
    "url": "http://hd.8264.com/xianlu-171978",
    "img": "http://img.qunawan.com/ecmme/wan/xl/goods/20170914/201709142043106580_listfull.jpg",
    "title": "高端 无人区穿越 东西线 南北线（15日行程）",
    "money": "43980",
    "date": "10/20",
    "city": "拉萨"
  },
  {
    "url": "http://hd.8264.com/xianlu-172013",
    "img": "http://img.qunawan.com/ecmme/wan/xl/goods/20170915/201709151315479104_listfull.jpg",
    "title": "2017国庆朝圣梅里 大外传茶马古道探访历史之路 或加甲应村（10日行程）",
    "money": "6999",
    "date": "09/23",
    "city": "香格"
  },
  {
    "url": "http://hd.8264.com/xianlu-171954",
    "img": "http://img.qunawan.com/ecmme/wan/xl/goods/20170914/201709141433183835_listfull.jpg",
    "title": "额济纳经典全景 天天组队 胡杨林 敦煌 巴丹 张掖 嘉峪关（8日行程）",
    "money": "3980",
    "date": "09/22",
    "city": "兰州"
  }
]