[
  {
    "url": "http://hd.8264.com/xianlu-2967",
    "img": "http://img.qunawan.com/ecmme/wan/xl/goods/20170610/201706101833375249_listfull.jpg",
    "title": "雪山初登 四姑娘山二峰初级雪山攀登 长坪沟徒步（6日行程）",
    "money": "2480",
    "date": "09/30",
    "city": "成都"
  },
  {
    "url": "http://hd.8264.com/xianlu-2877",
    "img": "http://img.qunawan.com/ecmme/wan/xl/goods/20170217/201702171128179226_listfull.jpg",
    "title": "秘境穿越 丹巴藏寨党岭葫芦海 道孚秘境徒步穿越（7日行程）",
    "money": "3180",
    "date": "10/01",
    "city": "成都"
  },
  {
    "url": "http://hd.8264.com/xianlu-2601",
    "img": "http://img.qunawan.com/ecmme/wan/xl/goods/20160620/201606201455085322_listfull.jpg",
    "title": "日喀则珠峰大本营拼车 自驾游（17日行程）",
    "money": "6580",
    "date": "09/23",
    "city": "成都"
  },
  {
    "url": "http://hd.8264.com/xianlu-2599",
    "img": "http://img.qunawan.com/ecmme/wan/xl/goods/20160620/201606201501291286_listfull.jpg",
    "title": "拉萨拼车 自驾游（10日行程）",
    "money": "3380",
    "date": "09/23",
    "city": "成都"
  },
  {
    "url": "http://hd.8264.com/xianlu-2587",
    "img": "http://img.qunawan.com/ecmme/wan/xl/goods/20160620/201606201503242437_listfull.jpg",
    "title": "川藏青三省 自驾川进青出（17日行程）",
    "money": "5800",
    "date": "09/23",
    "city": "成都"
  },
  {
    "url": "http://hd.8264.com/xianlu-2538",
    "img": "http://img.qunawan.com/ecmme/wan/xl/goods/20160317/201603171823357080_listfull.jpg",
    "title": "户外穿越心系草原回味无穷全程越野车（7日行程）",
    "money": "3380",
    "date": "09/22",
    "city": "呼伦"
  },
  {
    "url": "http://hd.8264.com/xianlu-2517",
    "img": "http://img.qunawan.com/ecmme/wan/xl/goods/20160316/201603161656562197_listfull.jpg",
    "title": "露营篝火寻找呼伦贝尔大草原（5日行程）",
    "money": "2900",
    "date": "09/22",
    "city": "呼伦"
  },
  {
    "url": "http://hd.8264.com/xianlu-2516",
    "img": "http://img.qunawan.com/ecmme/wan/xl/goods/20170511/201705111031198273_listfull.jpg",
    "title": "探秘怒江大峡谷 深入独龙江 寻访纹面女 找寻被时代遗忘的文明（7日行程）",
    "money": "2880",
    "date": "09/24",
    "city": "丽江"
  },
  {
    "url": "http://hd.8264.com/xianlu-2451",
    "img": "http://img.qunawan.com/ecmme/wan/xl/goods/20160313/201603132101178018_listfull.jpg",
    "title": "行摄呼伦贝尔杜鹃节（6日行程）",
    "money": "3580",
    "date": "09/22",
    "city": "呼伦"
  },
  {
    "url": "http://hd.8264.com/xianlu-160718",
    "img": "http://img.qunawan.com/ecmme/wan/xl/goods/20170322/201703221720249391_listfull.jpg",
    "title": "尼泊尔 世界顶级路线珠峰南坡EBC徒步 岛峰攀登（17日行程）",
    "money": "17800",
    "date": "10/01",
    "city": "加德"
  },
  {
    "url": "http://hd.8264.com/xianlu-2673",
    "img": "http://img.qunawan.com/ecmme/wan/xl/goods/20170208/201702082121517500_listfull.jpg",
    "title": "甘青大环线A线纯玩深度游 西宁进出（8日行程）",
    "money": "3480",
    "date": "10/01",
    "city": "西宁"
  },
  {
    "url": "http://hd.8264.com/xianlu-164167",
    "img": "http://img.qunawan.com/ecmme/wan/xl/goods/20170509/201705091130093190_listfull.jpg",
    "title": "人间仙境 童话世界 九寨 黄龙 四姑娘山双桥沟（7日行程）",
    "money": "2680",
    "date": "09/23",
    "city": "成都"
  },
  {
    "url": "http://hd.8264.com/xianlu-2280",
    "img": "http://img.qunawan.com/ecmme/wan/xl/goods/20160302/201603021605566696_listfull.jpg",
    "title": "2016稻亚经典 稻城亚丁海螺沟深度游（7日行程）",
    "money": "2780",
    "date": "09/24",
    "city": "成都"
  },
  {
    "url": "http://hd.8264.com/xianlu-2276",
    "img": "http://img.qunawan.com/ecmme/wan/xl/goods/20160711/201607111424517986_listfull.jpg",
    "title": "小车8人拼团 九寨沟二进沟 黄龙 若尔盖 九曲黄河 郎木寺（7日行程）",
    "money": "2380",
    "date": "09/22",
    "city": "成都"
  },
  {
    "url": "http://hd.8264.com/xianlu-2212",
    "img": "http://img.qunawan.com/ecmme/wan/xl/goods/20160227/201602271425316461_listfull.jpg",
    "title": "西藏的召唤 赶往神的自留地 布达拉宫 鲁朗 羊卓雍措 纳木措（7日行程）",
    "money": "3250",
    "date": "09/24",
    "city": "拉萨"
  },
  {
    "url": "http://hd.8264.com/xianlu-2210",
    "img": "http://img.qunawan.com/ecmme/wan/xl/goods/20160227/201602271329118940_listfull.jpg",
    "title": "蓝色星球最后的净土 稻城亚丁 新都桥 海螺沟（8日行程）",
    "money": "2980",
    "date": "09/22",
    "city": "成都"
  },
  {
    "url": "http://hd.8264.com/xianlu-2199",
    "img": "http://img.qunawan.com/ecmme/wan/xl/goods/20160226/201602261515199797_listfull.jpg",
    "title": "朝圣贡嘎山 100挑战巅峰 完美穿越（8日行程）",
    "money": "2880",
    "date": "09/23",
    "city": "成都"
  },
  {
    "url": "http://hd.8264.com/xianlu-2196",
    "img": "http://img.qunawan.com/ecmme/wan/xl/goods/20160226/201602261443291850_listfull.jpg",
    "title": "毗邻黄龙的人间仙境 七藏沟徒步穿越（7日行程）",
    "money": "2680",
    "date": "09/30",
    "city": "成都"
  },
  {
    "url": "http://hd.8264.com/xianlu-2181",
    "img": "http://img.qunawan.com/ecmme/wan/xl/goods/20160226/201602261219125671_listfull.jpg",
    "title": "四姑娘山二峰攀登 挑战你人生第一座5000米雪山（6日行程）",
    "money": "2480",
    "date": "09/30",
    "city": "成都"
  },
  {
    "url": "http://hd.8264.com/xianlu-2174",
    "img": "http://img.qunawan.com/ecmme/wan/xl/goods/20160226/201602261032201242_listfull.jpg",
    "title": "中国人文景观大道 川藏南线 318国道 稻城亚丁探秘（11日行程）",
    "money": "6200",
    "date": "09/28",
    "city": "成都"
  }
]