[
  {
    "url": "http://hd.8264.com/xianlu-2104",
    "img": "http://img.qunawan.com/ecmme/wan/xl/goods/20170905/201709051048404752_listfull.jpg",
    "title": "探访梦中的香格里拉 海螺沟 稻城亚丁行摄（8日行程）",
    "money": "3280",
    "date": "09/22",
    "city": "成都"
  },
  {
    "url": "http://hd.8264.com/xianlu-167313",
    "img": "http://img.qunawan.com/ecmme/wan/xl/goods/20170619/201706191800075124_listfull.png",
    "title": "暑假花季 国庆深秋 朝拜蜀山之王 贡嘎西南坡徒步 贡嘎专业户（6日行程）",
    "money": "2280",
    "date": "09/30",
    "city": "成都"
  },
  {
    "url": "http://hd.8264.com/xianlu-1908",
    "img": "http://img.qunawan.com/ecmme/wan/xl/goods/20170527/201705271345297991_listfull.jpg",
    "title": "醉美甘南 甘南大环线 寻最美香巴拉（8日行程）",
    "money": "3480",
    "date": "09/23",
    "city": "兰州"
  },
  {
    "url": "http://hd.8264.com/xianlu-1909",
    "img": "http://img.qunawan.com/ecmme/wan/xl/goods/20160123/201601231409193849_listfull.jpg",
    "title": "甘川青大环线 甘南 年保玉则 色达 黄河源 茶卡盐湖 青海湖（11日行程）",
    "money": "5980",
    "date": "09/30",
    "city": "兰州"
  },
  {
    "url": "http://hd.8264.com/xianlu-1897",
    "img": "http://img.qunawan.com/ecmme/wan/xl/goods/20160122/201601221440239448_listfull.jpg",
    "title": "丹巴党岭 道俘经典徒步穿越 探寻天堂里的秘境（7日行程）",
    "money": "3180",
    "date": "10/01",
    "city": "成都"
  },
  {
    "url": "http://hd.8264.com/xianlu-1894",
    "img": "http://img.qunawan.com/ecmme/wan/xl/goods/20160122/201601221330271763_listfull.jpg",
    "title": "四姑娘山长坪沟穿越毕棚沟 中国十大经典徒步线路之一（6日行程）",
    "money": "2480",
    "date": "09/30",
    "city": "成都"
  },
  {
    "url": "http://hd.8264.com/xianlu-1854",
    "img": "http://img.qunawan.com/ecmme/wan/xl/goods/20170609/201706091612042315_listfull.jpg",
    "title": "甘南 川北 年宝行（8日行程）",
    "money": "3480",
    "date": "09/23",
    "city": "兰州"
  },
  {
    "url": "http://hd.8264.com/xianlu-1852",
    "img": "http://img.qunawan.com/ecmme/wan/xl/goods/20170608/201706081321465099_listfull.jpg",
    "title": "丝绸之路大漠风情之旅（9日行程）",
    "money": "3980",
    "date": "09/23",
    "city": "兰州"
  },
  {
    "url": "http://hd.8264.com/xianlu-158199",
    "img": "http://img.qunawan.com/ecmme/wan/xl/goods/20170222/201702221659287560_listfull.jpg",
    "title": "坦桑尼亚 野生动物大迁徒全年看 曼雅拉湖 恩戈罗恩戈罗火山口（9日行程）",
    "money": "15000",
    "date": "09/30",
    "city": "坦桑"
  },
  {
    "url": "http://hd.8264.com/xianlu-1701",
    "img": "http://img.qunawan.com/ecmme/wan/xl/goods/20170918/201709181452453487_listfull.jpg",
    "title": "经典徒步 云南梅里雪山雨崩徒步转山（6日行程）",
    "money": "1780",
    "date": "09/22",
    "city": "丽江"
  },
  {
    "url": "http://hd.8264.com/xianlu-1484",
    "img": "http://img.qunawan.com/ecmme/wan/xl/goods/20160822/201608221313004990_listfull.jpg",
    "title": "轻户外8人拼团九寨沟二进沟 米亚罗 毕棚沟 金秋红叶摄影（7日行程）",
    "money": "2880",
    "date": "09/22",
    "city": "成都"
  },
  {
    "url": "http://hd.8264.com/xianlu-1483",
    "img": "http://img.qunawan.com/ecmme/wan/xl/goods/20160822/201608221314082862_listfull.jpg",
    "title": "小车专享 九寨沟二进沟 黑水奶子沟彩林 达古冰川 金秋摄友线（7日行程）",
    "money": "2880",
    "date": "09/22",
    "city": "成都"
  },
  {
    "url": "http://hd.8264.com/xianlu-2269",
    "img": "http://img.qunawan.com/ecmme/wan/xl/goods/20160302/201603021156405722_listfull.jpg",
    "title": "轻户外8人拼团丹巴 新都桥 稻城亚丁 海螺沟四姑娘山（9日行程）",
    "money": "2950",
    "date": "09/22",
    "city": "成都"
  },
  {
    "url": "http://hd.8264.com/xianlu-163340",
    "img": "http://img.qunawan.com/ecmme/wan/xl/goods/20170427/201704272131143473_listfull.jpg",
    "title": "党岭穿越 丹巴藏寨党岭葫芦海 道孚秘境徒步穿越（6日行程）",
    "money": "3180",
    "date": "10/01",
    "city": "成都"
  },
  {
    "url": "http://hd.8264.com/xianlu-163326",
    "img": "http://img.qunawan.com/ecmme/wan/xl/goods/20170427/201704271619249203_listfull.jpg",
    "title": "挑战人生中的第一个5000米 四姑娘山大峰登山（3日行程）",
    "money": "1200",
    "date": "09/22",
    "city": "成都"
  },
  {
    "url": "http://hd.8264.com/xianlu-1706",
    "img": "http://img.qunawan.com/ecmme/wan/xl/goods/20160111/201601111409338554_listfull.jpg",
    "title": "秘境穿越 天人合一的村落穿越莫斯卡 金川情人海（8日行程）",
    "money": "2780",
    "date": "09/30",
    "city": "成都"
  },
  {
    "url": "http://hd.8264.com/xianlu-237",
    "img": "http://img.qunawan.com/ecmme/wan/xl/goods/20170118/201701181227172690_listfull.jpg",
    "title": "丝绸之路环线 青海湖 张掖 敦煌莫高窟 嘉峪关 塔尔寺（8日行程）",
    "money": "3580",
    "date": "09/26",
    "city": "西宁"
  },
  {
    "url": "http://hd.8264.com/xianlu-128168",
    "img": "http://img.qunawan.com/ecmme/wan/xl/goods/20160907/201609072241007713_listfull.jpg",
    "title": "北京包车自驾游（1日行程）",
    "money": "500",
    "date": "09/28",
    "city": "北京"
  },
  {
    "url": "http://hd.8264.com/xianlu-226",
    "img": "http://img.qunawan.com/ecmme/wan/xl/goods/20140526/201405262051307742_listfull.jpg",
    "title": "入门级雪山攀登 四姑娘山二峰（4日行程）",
    "money": "1780",
    "date": "09/22",
    "city": "成都"
  },
  {
    "url": "http://hd.8264.com/xianlu-223",
    "img": "http://img.qunawan.com/ecmme/wan/xl/goods/20170114/201701141630362776_listfull.jpg",
    "title": "徒步贡嘎全线（8日行程）",
    "money": "2780",
    "date": "09/29",
    "city": "成都"
  }
]