[
  {
    "url": "http://hd.8264.com/xianlu-171358",
    "img": "http://img.qunawan.com/ecmme/wan/xl/goods/20170902/201709021126468716_listfull.jpg",
    "title": "额济纳旗 胡杨林 张掖丹霞 巴丹吉林沙漠 高铁 汽车摄影行（6日行程）",
    "money": "3680",
    "date": "09/22",
    "city": "兰州"
  },
  {
    "url": "http://hd.8264.com/xianlu-171226",
    "img": "http://img.qunawan.com/ecmme/wan/xl/goods/20170831/201708311348273792_listfull.jpg",
    "title": "8264与生存狂学院 中国首个BUSHCRAFT专业课程（3日行程）",
    "money": "2680",
    "date": "10/13",
    "city": "桐庐"
  },
  {
    "url": "http://hd.8264.com/xianlu-170133",
    "img": "http://img.qunawan.com/ecmme/wan/xl/goods/20170823/201708230851573567_listfull.jpg",
    "title": "国庆节 深秋徒步推荐 卡斯地狱谷徒步穿越稻城亚丁（8日行程）",
    "money": "5380",
    "date": "09/29",
    "city": "成都"
  },
  {
    "url": "http://hd.8264.com/xianlu-166966",
    "img": "http://img.qunawan.com/ecmme/wan/xl/goods/20170614/201706141611428774_listfull.jpg",
    "title": "2017年国庆和深秋 卡斯地狱谷穿越稻城亚丁丹巴之旅（9日行程）",
    "money": "4580",
    "date": "09/29",
    "city": "成都"
  },
  {
    "url": "http://hd.8264.com/xianlu-160068",
    "img": "http://img.qunawan.com/ecmme/wan/xl/goods/20170315/201703150947234034_listfull.jpg",
    "title": "国庆深秋特推 独家线路 从地狱到天堂 卡斯地狱谷穿越稻城亚丁（8日行程）",
    "money": "5380",
    "date": "09/29",
    "city": "成都"
  },
  {
    "url": "http://hd.8264.com/xianlu-168010",
    "img": "http://img.qunawan.com/ecmme/wan/xl/goods/20170629/201706291031451440_listfull.jpg",
    "title": "国庆 深秋 摄影 朝圣亚丁三神山 卡斯地狱谷穿越亚丁（9日行程）",
    "money": "5380",
    "date": "09/29",
    "city": "成都"
  },
  {
    "url": "http://hd.8264.com/xianlu-171816",
    "img": "http://img.qunawan.com/ecmme/wan/xl/goods/20170912/201709120923499111_listfull.jpg",
    "title": "行动藏羌彝文化走廊探索西藏古格王朝膜拜世界中心的神山之王（25日行程）",
    "money": "14000",
    "date": "10/01",
    "city": "昆明"
  },
  {
    "url": "http://hd.8264.com/xianlu-171635",
    "img": "http://img.qunawan.com/ecmme/wan/xl/goods/20170907/201709071336579615_listfull.jpg",
    "title": "沧海遗珠 狂野格聂 格聂神山转山及措普沟越野深度旅行（8日行程）",
    "money": "7800",
    "date": "09/29",
    "city": "成都"
  },
  {
    "url": "http://hd.8264.com/xianlu-171317",
    "img": "http://img.qunawan.com/ecmme/wan/xl/goods/20170901/201709011506209525_listfull.jpg",
    "title": "大香格里拉环线 稻城亚丁梅里雪山深度游（10日行程）",
    "money": "4580",
    "date": "09/22",
    "city": "成都"
  },
  {
    "url": "http://hd.8264.com/xianlu-171312",
    "img": "http://img.qunawan.com/ecmme/wan/xl/goods/20170901/201709011445327399_listfull.jpg",
    "title": "沧海遗珠 格聂神山转山及措普沟越野深度旅行（9日行程）",
    "money": "7500",
    "date": "09/29",
    "city": "成都"
  },
  {
    "url": "http://hd.8264.com/xianlu-170859",
    "img": "http://img.qunawan.com/ecmme/wan/xl/goods/20170824/201708241500555115_listfull.jpg",
    "title": "万里胡杨 千年神话 额济纳 金秋行摄之旅（6日行程）",
    "money": "3500",
    "date": "09/25",
    "city": "合肥"
  },
  {
    "url": "http://hd.8264.com/xianlu-170832",
    "img": "http://img.qunawan.com/ecmme/wan/xl/goods/20170906/201709061547309966_listfull.jpg",
    "title": "国庆假期 坝上草原 骑马 策马奔腾 免费烤全羊 篝火狂欢（3日行程）",
    "money": "260",
    "date": "09/30",
    "city": "朝阳"
  },
  {
    "url": "http://hd.8264.com/xianlu-169932",
    "img": "http://img.qunawan.com/ecmme/wan/xl/goods/20170803/201708031532054639_listfull.jpg",
    "title": "国庆节深秋 从地狱到天堂 卡斯地狱谷穿越稻城亚丁（8日行程）",
    "money": "5380",
    "date": "09/29",
    "city": "成都"
  },
  {
    "url": "http://hd.8264.com/xianlu-169917",
    "img": "http://img.qunawan.com/ecmme/wan/xl/goods/20170803/201708031428216853_listfull.jpg",
    "title": "2017年 半脊峰攀登计划（6日行程）",
    "money": "6000",
    "date": "09/30",
    "city": "成都"
  },
  {
    "url": "http://hd.8264.com/xianlu-169370",
    "img": "http://img.qunawan.com/ecmme/wan/xl/goods/20170721/201707211726164485_listfull.jpg",
    "title": "新都桥 稻城亚丁 梅里雪山 香格里拉 虎跳峡 丽江（9日行程）",
    "money": "4580",
    "date": "09/22",
    "city": "四川"
  },
  {
    "url": "http://hd.8264.com/xianlu-169304",
    "img": "http://img.qunawan.com/ecmme/wan/xl/goods/20170720/201707201141239440_listfull.jpg",
    "title": "川滇藏环线 从丽江 雨崩 亚丁 康定 到成都包车自由行（9日行程）",
    "money": "3680",
    "date": "09/28",
    "city": "丽江"
  },
  {
    "url": "http://hd.8264.com/xianlu-169228",
    "img": "http://img.qunawan.com/ecmme/wan/xl/goods/20170719/201707191041159641_listfull.jpg",
    "title": "狂野格聂 沧海遗珠 格聂神山转山 措普沟徒步越野行（9日行程）",
    "money": "6500",
    "date": "09/29",
    "city": "成都"
  },
  {
    "url": "http://hd.8264.com/xianlu-168954",
    "img": "http://img.qunawan.com/ecmme/wan/xl/goods/20170713/201707130928345935_listfull.jpg",
    "title": "独家线路 深秋最佳徒步推荐 卡斯地狱谷穿越稻城亚丁 全年两期（9日行程）",
    "money": "5380",
    "date": "09/29",
    "city": "成都"
  },
  {
    "url": "http://hd.8264.com/xianlu-168874",
    "img": "http://img.qunawan.com/ecmme/wan/xl/goods/20170712/201707121121575331_listfull.jpg",
    "title": "大香格里拉环线 稻城亚丁梅里雪山深度游（9日行程）",
    "money": "4580",
    "date": "09/22",
    "city": "成都"
  },
  {
    "url": "http://hd.8264.com/xianlu-168835",
    "img": "http://img.qunawan.com/ecmme/wan/xl/goods/20170711/201707111646511159_listfull.jpg",
    "title": "格聂神山转山及措普沟越野（8日行程）",
    "money": "6500",
    "date": "09/29",
    "city": "成都"
  }
]