[
  {
    "url": "http://hd.8264.com/xianlu-168715",
    "img": "http://img.qunawan.com/ecmme/wan/xl/goods/20170710/201707101714256585_listfull.jpg",
    "title": "国庆醉美深秋最佳徒步推荐 卡斯地狱谷穿越稻城亚丁（9日行程）",
    "money": "5380",
    "date": "09/29",
    "city": "成都"
  },
  {
    "url": "http://hd.8264.com/xianlu-168692",
    "img": "http://img.qunawan.com/ecmme/wan/xl/goods/20170710/201707101555123285_listfull.jpg",
    "title": "徒步 格聂神山环线转山 措普沟越野旅行（8日行程）",
    "money": "6500",
    "date": "09/29",
    "city": "成都"
  },
  {
    "url": "http://hd.8264.com/xianlu-168864",
    "img": "http://img.qunawan.com/ecmme/wan/xl/goods/20170712/201707121005576273_listfull.png",
    "title": "两江探源 丹巴 色达 石渠 玉树玛多 两江源探秘（11日行程）",
    "money": "5800",
    "date": "09/29",
    "city": "成都"
  },
  {
    "url": "http://hd.8264.com/xianlu-168302",
    "img": "http://img.qunawan.com/ecmme/wan/xl/goods/20170713/201707130834423504_listfull.jpg",
    "title": "醉美深秋最佳徒步推荐 卡斯地狱谷穿越稻城亚丁（8日行程）",
    "money": "5380",
    "date": "09/29",
    "city": "成都"
  },
  {
    "url": "http://hd.8264.com/xianlu-168117",
    "img": "http://img.qunawan.com/ecmme/wan/xl/goods/20170630/201706300952076379_listfull.jpg",
    "title": "徒步 新都桥 稻城亚丁 梅里雪山 香格里拉 虎跳峡 丽江（10日行程）",
    "money": "4580",
    "date": "09/22",
    "city": "成都"
  },
  {
    "url": "http://hd.8264.com/xianlu-168051",
    "img": "http://img.qunawan.com/ecmme/wan/xl/goods/20170629/201706291405324634_listfull.jpg",
    "title": "新都桥 稻城亚丁 梅里雪山 香格里拉 虎跳峡 丽江（9日行程）",
    "money": "5180",
    "date": "09/22",
    "city": "成都"
  },
  {
    "url": "http://hd.8264.com/xianlu-167592",
    "img": "http://img.qunawan.com/ecmme/wan/xl/goods/20170623/201706231409178395_listfull.jpg",
    "title": "新都桥 稻城亚丁 梅里雪山 香格里拉 虎跳峡 丽江（9日行程）",
    "money": "4580",
    "date": "09/22",
    "city": "成都"
  },
  {
    "url": "http://hd.8264.com/xianlu-167475",
    "img": "http://img.qunawan.com/ecmme/wan/xl/goods/20170621/201706211039322011_listfull.jpg",
    "title": "半脊峰攀登计划（6日行程）",
    "money": "6000",
    "date": "09/30",
    "city": "成都"
  },
  {
    "url": "http://hd.8264.com/xianlu-167311",
    "img": "http://img.qunawan.com/ecmme/wan/xl/goods/20170619/201706191736034528_listfull.jpg",
    "title": "国庆深秋  卡斯地狱谷穿越稻城亚丁 适合初级徒步爱好者（9日行程）",
    "money": "5380",
    "date": "09/29",
    "city": "成都"
  },
  {
    "url": "http://hd.8264.com/xianlu-167276",
    "img": "http://img.qunawan.com/ecmme/wan/xl/goods/20170619/201706191423461069_listfull.jpg",
    "title": "狂野格聂 格聂神山环线转山及措普沟越野旅行（9日行程）",
    "money": "6500",
    "date": "09/29",
    "city": "成都"
  },
  {
    "url": "http://hd.8264.com/xianlu-166973",
    "img": "http://img.qunawan.com/ecmme/wan/xl/goods/20170614/201706141645319300_listfull.png",
    "title": "格聂神山环线转山 措普沟越野旅行（9日行程）",
    "money": "7500",
    "date": "09/29",
    "city": "成都"
  },
  {
    "url": "http://hd.8264.com/xianlu-166594",
    "img": "http://img.qunawan.com/ecmme/wan/xl/goods/20170608/201706081824516454_listfull.jpg",
    "title": "两江探源 丹巴 色达 石渠 玉树 玛多两江源探秘休闲摄影（11日行程）",
    "money": "5800",
    "date": "09/29",
    "city": "成都"
  },
  {
    "url": "http://hd.8264.com/xianlu-166491",
    "img": "http://img.qunawan.com/ecmme/wan/xl/goods/20170607/201706071741582349_listfull.jpg",
    "title": "大香环线 大香格里拉环线 稻城亚丁梅里雪山深度游（10日行程）",
    "money": "4280",
    "date": "09/22",
    "city": "成都"
  },
  {
    "url": "http://hd.8264.com/xianlu-166284",
    "img": "http://img.qunawan.com/ecmme/wan/xl/goods/20170605/201706051611475404_listfull.jpg",
    "title": "大美川藏 从你的全世界路过 川藏南线 稻城亚丁 梅里雪山（10日行程）",
    "money": "5780",
    "date": "09/29",
    "city": "成都"
  },
  {
    "url": "http://hd.8264.com/xianlu-165560",
    "img": "http://img.qunawan.com/ecmme/wan/xl/goods/20170524/201705241145154321_listfull.jpg",
    "title": "游走仙境画乡 探访浙江最美梯田（3日行程）",
    "money": "890",
    "date": "10/13",
    "city": "上海"
  },
  {
    "url": "http://hd.8264.com/xianlu-165425",
    "img": "http://img.qunawan.com/ecmme/wan/xl/goods/20170522/201705222227093475_listfull.jpg",
    "title": "乌兰布统草原 公主湖 影视基地 红山军马场 将军泡子 等（3日行程）",
    "money": "550",
    "date": "09/22",
    "city": "北京"
  },
  {
    "url": "http://hd.8264.com/xianlu-165119",
    "img": "http://img.qunawan.com/ecmme/wan/xl/goods/20170518/201705181528371444_listfull.png",
    "title": "徒步 格聂神山环线转山 措普沟越野旅行（9日行程）",
    "money": "7500",
    "date": "09/29",
    "city": "成都"
  },
  {
    "url": "http://hd.8264.com/xianlu-164841",
    "img": "http://img.qunawan.com/ecmme/wan/xl/goods/20170516/201705161142119780_listfull.png",
    "title": "徒步 四姑娘山长坪沟 二峰登山 户外纯玩团（6日行程）",
    "money": "2480",
    "date": "09/22",
    "city": "成都"
  },
  {
    "url": "http://hd.8264.com/xianlu-164758",
    "img": "http://img.qunawan.com/ecmme/wan/xl/goods/20170515/201705151655042950_listfull.jpg",
    "title": "狂野格聂 沧海遗珠 格聂神山转山及措普沟越野深度游（9日行程）",
    "money": "6500",
    "date": "09/29",
    "city": "成都"
  },
  {
    "url": "http://hd.8264.com/xianlu-164739",
    "img": "http://img.qunawan.com/ecmme/wan/xl/goods/20170515/201705151602422196_listfull.jpg",
    "title": "狂野格聂 沧海遗珠 格聂神山转山及措普沟越野深度旅行（9日行程）",
    "money": "6500",
    "date": "09/29",
    "city": "成都"
  }
]