[
  {
    "url": "http://hd.8264.com/xianlu-164653",
    "img": "http://img.qunawan.com/ecmme/wan/xl/goods/20170623/201706231144527284_listfull.jpg",
    "title": "邂逅精灵 感受极地边缘的人文和谐 莫斯卡（3日行程）",
    "money": "1280",
    "date": "10/01",
    "city": "成都"
  },
  {
    "url": "http://hd.8264.com/xianlu-164525",
    "img": "http://img.qunawan.com/ecmme/wan/xl/goods/20170512/201705121223365322_listfull.jpg",
    "title": "大香格里拉环线 稻城亚丁梅里雪山深度游VIP私家小团（9日行程）",
    "money": "3980",
    "date": "09/22",
    "city": "成都"
  },
  {
    "url": "http://hd.8264.com/xianlu-164462",
    "img": "http://img.qunawan.com/ecmme/wan/xl/goods/20170511/201705111625158790_listfull.jpg",
    "title": "两江探源 丹巴 色达 石渠 玉树 玛多两江源探秘（11日行程）",
    "money": "5800",
    "date": "09/29",
    "city": "成都"
  },
  {
    "url": "http://hd.8264.com/xianlu-164461",
    "img": "http://img.qunawan.com/ecmme/wan/xl/goods/20170511/201705111616092718_listfull.jpg",
    "title": "狂野格聂 沧海遗珠 格聂神山转山及措普沟越野深度旅行（9日行程）",
    "money": "6500",
    "date": "09/29",
    "city": "成都"
  },
  {
    "url": "http://hd.8264.com/xianlu-164353",
    "img": "http://img.qunawan.com/ecmme/wan/xl/goods/20170510/201705101752109391_listfull.jpg",
    "title": "大香环线 大香格里拉环线 稻城亚丁梅里雪山深度游（10日行程）",
    "money": "4280",
    "date": "09/22",
    "city": "成都"
  },
  {
    "url": "http://hd.8264.com/xianlu-164113",
    "img": "http://img.qunawan.com/ecmme/wan/xl/goods/20170508/201705082127111889_listfull.jpg",
    "title": "登峰造极 半脊峰5430m初级技术攀登（7日行程）",
    "money": "6000",
    "date": "09/30",
    "city": "成都"
  },
  {
    "url": "http://hd.8264.com/xianlu-163358",
    "img": "http://img.qunawan.com/ecmme/wan/xl/goods/20170428/201704281028032424_listfull.jpg",
    "title": "两江探源 丹巴色达石渠玉树玛多两江源探秘VIP精品摄影小包团（10日行程）",
    "money": "5800",
    "date": "09/29",
    "city": "成都"
  },
  {
    "url": "http://hd.8264.com/xianlu-163357",
    "img": "http://img.qunawan.com/ecmme/wan/xl/goods/20170428/201704281016571783_listfull.jpg",
    "title": "狂野格聂 沧海遗珠 格聂神山转山及措普沟越野深度旅行（8日行程）",
    "money": "6500",
    "date": "09/29",
    "city": "成都"
  },
  {
    "url": "http://hd.8264.com/xianlu-162797",
    "img": "http://img.qunawan.com/ecmme/wan/xl/goods/20170420/201704201227343755_listfull.jpg",
    "title": "丹巴 色达 石渠 玉树 玛多两江源探秘休闲摄影（11日行程）",
    "money": "5800",
    "date": "09/29",
    "city": "成都"
  },
  {
    "url": "http://hd.8264.com/xianlu-162796",
    "img": "http://img.qunawan.com/ecmme/wan/xl/goods/20170420/201704201223354053_listfull.jpg",
    "title": "格聂神山转山 措普沟 毛垭大草原越野深度旅行（9日行程）",
    "money": "6500",
    "date": "09/29",
    "city": "成都"
  },
  {
    "url": "http://hd.8264.com/xianlu-164054",
    "img": "http://img.qunawan.com/ecmme/wan/xl/goods/20170508/201705081549565513_listfull.jpg",
    "title": "大香格里拉环线 稻城亚丁梅里雪山深度游（10日行程）",
    "money": "4280",
    "date": "09/22",
    "city": "成都"
  },
  {
    "url": "http://hd.8264.com/xianlu-162570",
    "img": "http://img.qunawan.com/ecmme/wan/xl/goods/20170418/201704181652394970_listfull.jpg",
    "title": "大香格里拉环线 稻城亚丁梅里雪山深度游（10日行程）",
    "money": "4280",
    "date": "09/22",
    "city": "成都"
  },
  {
    "url": "http://hd.8264.com/xianlu-162425",
    "img": "http://img.qunawan.com/ecmme/wan/xl/goods/20170417/201704171302051771_listfull.jpg",
    "title": "圣洁亚丁 稻亚经典 海螺沟新都桥稻城亚丁深度游经典（7日行程）",
    "money": "1000",
    "date": "09/22",
    "city": "成都"
  },
  {
    "url": "http://hd.8264.com/xianlu-162283",
    "img": "http://img.qunawan.com/ecmme/wan/xl/goods/20170414/201704141134206027_listfull.jpg",
    "title": "梅里雪山（4日行程）",
    "money": "1500",
    "date": "09/22",
    "city": "丽江"
  },
  {
    "url": "http://hd.8264.com/xianlu-161844",
    "img": "http://img.qunawan.com/ecmme/wan/xl/goods/20170409/201704091511001531_listfull.jpg",
    "title": "两江探源 丹巴色达石渠玉树玛多两江源探秘VIP精品摄影小包团（10日行程）",
    "money": "5500",
    "date": "09/29",
    "city": "成都"
  },
  {
    "url": "http://hd.8264.com/xianlu-161842",
    "img": "http://img.qunawan.com/ecmme/wan/xl/goods/20170409/201704091508006532_listfull.jpg",
    "title": "大香环线 大香格里拉环线 稻城亚丁梅里雪山深度游（9日行程）",
    "money": "4080",
    "date": "09/22",
    "city": "成都"
  },
  {
    "url": "http://hd.8264.com/xianlu-161794",
    "img": "http://img.qunawan.com/ecmme/wan/xl/goods/20170408/201704081914029330_listfull.jpg",
    "title": "两江探源 丹巴色达石渠玉树玛多两江源探秘休闲摄影（10日行程）",
    "money": "5500",
    "date": "09/29",
    "city": "成都"
  },
  {
    "url": "http://hd.8264.com/xianlu-161793",
    "img": "http://img.qunawan.com/ecmme/wan/xl/goods/20170408/201704081910381799_listfull.jpg",
    "title": "大香环线 大香格里拉环线 稻城亚丁梅里雪山深度游（9日行程）",
    "money": "4080",
    "date": "09/22",
    "city": "成都"
  },
  {
    "url": "http://hd.8264.com/xianlu-161770",
    "img": "http://img.qunawan.com/ecmme/wan/xl/goods/20170408/201704081631262344_listfull.jpg",
    "title": "两江探源 丹巴色达石渠玉树玛多两江源探秘休闲摄影（10日行程）",
    "money": "5500",
    "date": "09/29",
    "city": "成都"
  },
  {
    "url": "http://hd.8264.com/xianlu-161768",
    "img": "http://img.qunawan.com/ecmme/wan/xl/goods/20170408/201704081621559620_listfull.jpg",
    "title": "大香环线 大香格里拉环线 稻城亚丁梅里雪山深度游（9日行程）",
    "money": "4080",
    "date": "09/22",
    "city": "成都"
  }
]