[
  {
    "url": "http://hd.8264.com/xianlu-160912",
    "img": "http://img.qunawan.com/ecmme/wan/xl/goods/20170325/201703251102301583_listfull.jpg",
    "title": "2017狂野格聂沧海遗珠狂野格聂神山转山及措普沟越野深度旅行（9日行程）",
    "money": "7500",
    "date": "09/29",
    "city": "成都"
  },
  {
    "url": "http://hd.8264.com/xianlu-160486",
    "img": "http://img.qunawan.com/ecmme/wan/xl/goods/20170322/201703221216533284_listfull.jpg",
    "title": "2017年最佳徒步推荐 卡斯地狱谷穿越稻城亚丁（8日行程）",
    "money": "4280",
    "date": "09/29",
    "city": "成都"
  },
  {
    "url": "http://hd.8264.com/xianlu-160107",
    "img": "http://img.qunawan.com/ecmme/wan/xl/goods/20170315/201703151319343374_listfull.jpg",
    "title": "桂林深度体验 龙脊梯田 徒步漓江 骑行遇龙河（3日行程）",
    "money": "899",
    "date": "10/13",
    "city": "桂林"
  },
  {
    "url": "http://hd.8264.com/xianlu-159964",
    "img": "http://img.qunawan.com/ecmme/wan/xl/goods/20170519/201705191246283397_listfull.jpg",
    "title": "香格里拉 在中国最美的地方画个圈 稻城亚丁梅里雪山深度游（10日行程）",
    "money": "4580",
    "date": "09/22",
    "city": "成都"
  },
  {
    "url": "http://hd.8264.com/xianlu-158565",
    "img": "http://img.qunawan.com/ecmme/wan/xl/goods/20170226/201702261633296834_listfull.jpg",
    "title": "丹巴色达石渠玉树玛多两江源探秘游（11日行程）",
    "money": "5800",
    "date": "09/29",
    "city": "成都"
  },
  {
    "url": "http://hd.8264.com/xianlu-158571",
    "img": "http://img.qunawan.com/ecmme/wan/xl/goods/20170226/201702261704538890_listfull.jpg",
    "title": "大香格里拉环线 稻城亚丁梅里雪山深度游（10日行程）",
    "money": "4180",
    "date": "09/22",
    "city": "成都"
  },
  {
    "url": "http://hd.8264.com/xianlu-167429",
    "img": "http://img.qunawan.com/ecmme/wan/xl/goods/20170620/201706201710274779_listfull.jpg",
    "title": "两江探源 丹巴色达石渠玉树玛多两江源探秘休闲摄影（11日行程）",
    "money": "5800",
    "date": "10/13",
    "city": "成都"
  },
  {
    "url": "http://hd.8264.com/xianlu-158165",
    "img": "http://img.qunawan.com/ecmme/wan/xl/goods/20170222/201702221429126623_listfull.jpg",
    "title": "大香环线 大香格里拉环线 稻城亚丁梅里雪山深度游（9日行程）",
    "money": "4280",
    "date": "09/22",
    "city": "成都"
  },
  {
    "url": "http://hd.8264.com/xianlu-157815",
    "img": "http://img.qunawan.com/ecmme/wan/xl/goods/20170220/201702201140555265_listfull.jpg",
    "title": "格聂神山 措普沟 越野高品质深度纯玩（8日行程）",
    "money": "6500",
    "date": "09/29",
    "city": "成都"
  },
  {
    "url": "http://hd.8264.com/xianlu-157813",
    "img": "http://img.qunawan.com/ecmme/wan/xl/goods/20170220/201702201124512422_listfull.jpg",
    "title": "丹巴 色达 石渠 玉树 玛多 两江源探秘休闲摄影（10日行程）",
    "money": "5800",
    "date": "09/29",
    "city": "成都"
  },
  {
    "url": "http://hd.8264.com/xianlu-157491",
    "img": "http://img.qunawan.com/ecmme/wan/xl/goods/20170216/201702161357062716_listfull.jpg",
    "title": "秘境寻踪 川藏队奥太娜攀登（5日行程）",
    "money": "2200",
    "date": "10/13",
    "city": "成都"
  },
  {
    "url": "http://hd.8264.com/xianlu-155768",
    "img": "http://img.qunawan.com/ecmme/wan/xl/goods/20170118/201701181143422020_listfull.png",
    "title": "色达 稻城亚丁 新都桥 海螺沟拼车川西环线纯玩团（9日行程）",
    "money": "2880",
    "date": "09/22",
    "city": "成都"
  },
  {
    "url": "http://hd.8264.com/xianlu-154938",
    "img": "http://img.qunawan.com/ecmme/wan/xl/goods/20170109/201701091044014581_listfull.jpg",
    "title": "丹巴 色达 石渠 玉树 玛多 两江源探秘休闲摄影（11日行程）",
    "money": "5800",
    "date": "09/29",
    "city": "成都"
  },
  {
    "url": "http://hd.8264.com/xianlu-154877",
    "img": "http://img.qunawan.com/ecmme/wan/xl/goods/20170107/201701071644465017_listfull.jpg",
    "title": "狂野格聂 格聂神山转山及措普沟越野深度旅行（8日行程）",
    "money": "6500",
    "date": "09/29",
    "city": "成都"
  },
  {
    "url": "http://hd.8264.com/xianlu-154835",
    "img": "http://img.qunawan.com/ecmme/wan/xl/goods/20170106/201701061550513929_listfull.jpg",
    "title": "沧海遗珠 格聂神山转山 措普沟越野深度旅行（9日行程）",
    "money": "6500",
    "date": "09/29",
    "city": "成都"
  },
  {
    "url": "http://hd.8264.com/xianlu-152966",
    "img": "http://img.qunawan.com/ecmme/wan/xl/goods/20161220/201612201459334036_listfull.jpg",
    "title": "狂野格聂 沧海遗珠 格聂转山 措普沟越野深度行（9日行程）",
    "money": "6500",
    "date": "09/29",
    "city": "成都"
  },
  {
    "url": "http://hd.8264.com/xianlu-151785",
    "img": "http://img.qunawan.com/ecmme/wan/xl/goods/20161214/201612141634327304_listfull.jpg",
    "title": "两江探源 丹巴 色达 石渠 玉树 玛多 阿尼玛卿探秘休闲摄影（11日行程）",
    "money": "5800",
    "date": "09/29",
    "city": "成都"
  },
  {
    "url": "http://hd.8264.com/xianlu-151783",
    "img": "http://img.qunawan.com/ecmme/wan/xl/goods/20161214/201612141626477596_listfull.jpg",
    "title": "沧海遗珠 狂野格聂 神山转山及措普沟越野深度旅行（9日行程）",
    "money": "6500",
    "date": "09/29",
    "city": "成都"
  },
  {
    "url": "http://hd.8264.com/xianlu-151087",
    "img": "http://img.qunawan.com/ecmme/wan/xl/goods/20170417/201704170959024003_listfull.jpg",
    "title": "大香格里拉环线 稻城亚丁 梅里雪山深度游（10日行程）",
    "money": "4280",
    "date": "09/22",
    "city": "成都"
  },
  {
    "url": "http://hd.8264.com/xianlu-150706",
    "img": "http://img.qunawan.com/ecmme/wan/xl/goods/20161209/201612091651018150_listfull.jpg",
    "title": "狂野格聂之格聂神山转山 措普沟越野深度旅行（9日行程）",
    "money": "300",
    "date": "09/29",
    "city": "成都"
  }
]