[
  {
    "url": "http://hd.8264.com/xianlu-150697",
    "img": "http://img.qunawan.com/ecmme/wan/xl/goods/20161209/201612091629029044_listfull.jpg",
    "title": "梦中的大香格里拉环线（10日行程）",
    "money": "4280",
    "date": "09/22",
    "city": "成都"
  },
  {
    "url": "http://hd.8264.com/xianlu-146402",
    "img": "http://img.qunawan.com/ecmme/wan/xl/goods/20161122/201611221308086288_listfull.jpg",
    "title": "入门级雪山攀登 四姑娘山大峰 多期（3日行程）",
    "money": "1200",
    "date": "10/13",
    "city": "成都"
  },
  {
    "url": "http://hd.8264.com/xianlu-119034",
    "img": "http://img.qunawan.com/ecmme/wan/xl/goods/20170318/201703181625514466_listfull.jpg",
    "title": "大香格里拉环线 稻城亚丁梅里雪山深度游（7日行程）",
    "money": "4280",
    "date": "09/22",
    "city": "成都"
  },
  {
    "url": "http://hd.8264.com/xianlu-119033",
    "img": "http://img.qunawan.com/ecmme/wan/xl/goods/20170318/201703181802252724_listfull.jpg",
    "title": "丹巴 色达 石渠 玉树 玛多两江源探秘休闲摄影（11日行程）",
    "money": "5800",
    "date": "09/29",
    "city": "成都"
  },
  {
    "url": "http://hd.8264.com/xianlu-22358",
    "img": "http://img.qunawan.com/ecmme/wan/xl/goods/20170505/201705051819043145_listfull.jpg",
    "title": "两江探源 丹巴 色达 石渠 玉树 玛多两江源探秘休闲摄影（11日行程）",
    "money": "5800",
    "date": "09/29",
    "city": "成都"
  },
  {
    "url": "http://hd.8264.com/xianlu-22105",
    "img": "http://img.qunawan.com/ecmme/wan/xl/goods/20170505/201705051726448701_listfull.jpg",
    "title": "狂野格聂 沧海遗珠 格聂神山转山及措普沟越野深度旅行（9日行程）",
    "money": "6500",
    "date": "09/29",
    "city": "成都"
  },
  {
    "url": "http://hd.8264.com/xianlu-12767",
    "img": "http://img.qunawan.com/ecmme/wan/xl/goods/20160614/201606141731101972_listfull.jpg",
    "title": "沧海遗珠 狂野格聂 格聂神山转山及措普沟越野深度旅行（9日行程）",
    "money": "6480",
    "date": "09/29",
    "city": "成都"
  },
  {
    "url": "http://hd.8264.com/xianlu-6694",
    "img": "http://img.qunawan.com/ecmme/wan/xl/goods/20160523/201605231025556633_listfull.jpg",
    "title": "玩转西沙 秘境探索（8日行程）",
    "money": "12000",
    "date": "09/23",
    "city": "三亚"
  },
  {
    "url": "http://hd.8264.com/xianlu-2204",
    "img": "http://img.qunawan.com/ecmme/wan/xl/goods/20160425/201604251100541559_listfull.jpg",
    "title": "半脊峰 攀登计划（7日行程）",
    "money": "6000",
    "date": "09/30",
    "city": "成都"
  },
  {
    "url": "http://hd.8264.com/xianlu-2203",
    "img": "http://img.qunawan.com/ecmme/wan/xl/goods/20160226/201602261640089773_listfull.jpg",
    "title": "年保玉则 攀登计划（8日行程）",
    "money": "6800",
    "date": "09/30",
    "city": "成都"
  },
  {
    "url": "http://hd.8264.com/xianlu-163055",
    "img": "http://img.qunawan.com/ecmme/wan/xl/goods/20170424/201704241016078374_listfull.jpg",
    "title": "中国十大经典徒步线路之 珠峰东坡嘎玛沟徒步（13日行程）",
    "money": "8980",
    "date": "09/30",
    "city": "拉萨"
  },
  {
    "url": "http://hd.8264.com/xianlu-171165",
    "img": "http://img.qunawan.com/ecmme/wan/xl/goods/20170830/201708302039366315_listfull.jpg",
    "title": "额济纳胡杨林 敦煌 巴丹 张掖 嘉峪关 金塔胡杨林（8日行程）",
    "money": "3980",
    "date": "09/22",
    "city": "兰州"
  },
  {
    "url": "http://hd.8264.com/xianlu-170845",
    "img": "http://img.qunawan.com/ecmme/wan/xl/goods/20170824/201708241730384276_listfull.jpg",
    "title": "张掖丹霞 月牙泉莫高窟 嘉峪关 额济纳旗胡杨林 巴丹吉林沙漠（8日行程）",
    "money": "3780",
    "date": "09/26",
    "city": "兰州"
  },
  {
    "url": "http://hd.8264.com/xianlu-170843",
    "img": "http://img.qunawan.com/ecmme/wan/xl/goods/20170824/201708241730553145_listfull.jpg",
    "title": "张掖丹霞 莫高窟 额济纳胡杨林 巴丹吉林沙漠 西部影城（9日行程）",
    "money": "4482",
    "date": "09/26",
    "city": "兰州"
  },
  {
    "url": "http://hd.8264.com/xianlu-170572",
    "img": "http://img.qunawan.com/ecmme/wan/xl/goods/20170905/201709051056124474_listfull.jpg",
    "title": "纯摄影 行摄众神的国度 尼泊尔点灯节摄影活动（9日行程）",
    "money": "8600",
    "date": "10/12",
    "city": "昆明"
  },
  {
    "url": "http://hd.8264.com/xianlu-170559",
    "img": "http://img.qunawan.com/ecmme/wan/xl/goods/20170822/201708221432209959_listfull.jpg",
    "title": "额济纳深度游（7日行程）",
    "money": "3780",
    "date": "09/29",
    "city": "西宁"
  },
  {
    "url": "http://hd.8264.com/xianlu-170265",
    "img": "http://img.qunawan.com/ecmme/wan/xl/goods/20170814/201708141108476137_listfull.jpg",
    "title": "走进秘境尼汝（5日行程）",
    "money": "1680",
    "date": "10/12",
    "city": "丽江"
  },
  {
    "url": "http://hd.8264.com/xianlu-170190",
    "img": "http://img.qunawan.com/ecmme/wan/xl/goods/20170810/201708102323036590_listfull.jpg",
    "title": "秋天的美丽童话 额济纳经典摄影行程（6日行程）",
    "money": "3680",
    "date": "09/22",
    "city": "兰州"
  },
  {
    "url": "http://hd.8264.com/xianlu-168001",
    "img": "http://img.qunawan.com/ecmme/wan/xl/goods/20170629/201706290934338750_listfull.jpg",
    "title": "中国十大经典徒步线路 之 西藏珠峰东坡嘎玛沟徒步（13日行程）",
    "money": "8980",
    "date": "09/30",
    "city": "拉萨"
  },
  {
    "url": "http://hd.8264.com/xianlu-165999",
    "img": "http://img.qunawan.com/ecmme/wan/xl/goods/20170602/201706021201315889_listfull.jpg",
    "title": "甘青川九天小众惊艳之旅（9日行程）",
    "money": "3800",
    "date": "09/22",
    "city": "兰州"
  }
]