[
  {
    "url": "http://hd.8264.com/xianlu-165713",
    "img": "http://img.qunawan.com/ecmme/wan/xl/goods/20170526/201705261126206959_listfull.jpg",
    "title": "中国十大经典徒步线路 之 西藏珠峰东坡嘎玛沟徒步（13日行程）",
    "money": "8980",
    "date": "09/30",
    "city": "拉萨"
  },
  {
    "url": "http://hd.8264.com/xianlu-165548",
    "img": "http://img.qunawan.com/ecmme/wan/xl/goods/20170524/201705240924042497_listfull.jpg",
    "title": "中国十大经典徒步线路之 珠峰东坡嘎玛沟徒步（13日行程）",
    "money": "8980",
    "date": "09/30",
    "city": "拉萨"
  },
  {
    "url": "http://hd.8264.com/xianlu-165208",
    "img": "http://img.qunawan.com/ecmme/wan/xl/goods/20170519/201705191406533090_listfull.jpg",
    "title": "中国十大经典徒步线路 珠峰东坡嘎玛沟徒步VIP私家小团（13日行程）",
    "money": "8850",
    "date": "09/30",
    "city": "拉萨"
  },
  {
    "url": "http://hd.8264.com/xianlu-162853",
    "img": "http://img.qunawan.com/ecmme/wan/xl/goods/20170420/201704201555437063_listfull.jpg",
    "title": "中国十大经典徒步线路之 珠峰东坡嘎玛沟徒步（13日行程）",
    "money": "8980",
    "date": "09/30",
    "city": "拉萨"
  },
  {
    "url": "http://hd.8264.com/xianlu-162522",
    "img": "http://img.qunawan.com/ecmme/wan/xl/goods/20170418/201704181359581981_listfull.jpg",
    "title": "珠峰东坡嘎玛沟徒步 中国十大经典徒步线路（13日行程）",
    "money": "8980",
    "date": "09/30",
    "city": "拉萨"
  },
  {
    "url": "http://hd.8264.com/xianlu-163066",
    "img": "http://img.qunawan.com/ecmme/wan/xl/goods/20170424/201704241332275085_listfull.jpg",
    "title": "珠峰东坡嘎玛沟徒步（13日行程）",
    "money": "8980",
    "date": "09/30",
    "city": "拉萨"
  },
  {
    "url": "http://hd.8264.com/xianlu-162334",
    "img": "http://img.qunawan.com/ecmme/wan/xl/goods/20170415/201704152249185716_listfull.jpg",
    "title": "猎豹7座包车旅游接送机（1日行程）",
    "money": "200",
    "date": "09/22",
    "city": "拉萨"
  },
  {
    "url": "http://hd.8264.com/xianlu-162310",
    "img": "http://img.qunawan.com/ecmme/wan/xl/goods/20170414/201704141809246023_listfull.jpg",
    "title": "鸣沙山露营 自助烧烤 大漠ktv 看日出日落（2日行程）",
    "money": "188",
    "date": "09/22",
    "city": "酒泉"
  },
  {
    "url": "http://hd.8264.com/xianlu-161442",
    "img": "http://img.qunawan.com/ecmme/wan/xl/goods/20170404/201704041844594587_listfull.jpg",
    "title": "通天蜡烛赏满山杜鹃花（1日行程）",
    "money": "70",
    "date": "09/22",
    "city": "深圳"
  },
  {
    "url": "http://hd.8264.com/xianlu-156693",
    "img": "http://img.qunawan.com/ecmme/wan/xl/goods/20170207/201702071233026693_listfull.jpg",
    "title": "世界最美山谷 珠峰东坡嘎玛沟徒步（14日行程）",
    "money": "8980",
    "date": "09/30",
    "city": "拉萨"
  },
  {
    "url": "http://hd.8264.com/xianlu-143625",
    "img": "http://img.qunawan.com/ecmme/wan/xl/goods/20170310/201703101626384959_listfull.jpg",
    "title": "2017丹巴稻亚 稻城亚丁 新都桥 丹巴精品环线（8日行程）",
    "money": "2880",
    "date": "09/22",
    "city": "成都"
  },
  {
    "url": "http://hd.8264.com/xianlu-141793",
    "img": "http://img.qunawan.com/ecmme/wan/xl/goods/20161101/201611011630332160_listfull.png",
    "title": "成都出发 泸沽湖 洱海 滇藏线深度游（13日行程）",
    "money": "5780",
    "date": "09/22",
    "city": "成都"
  },
  {
    "url": "http://hd.8264.com/xianlu-123413",
    "img": "http://img.qunawan.com/ecmme/wan/xl/goods/20160823/201608231046503513_listfull.jpg",
    "title": "额济纳旗胡杨林秋季醉美（6日行程）",
    "money": "3880",
    "date": "09/26",
    "city": "长沙"
  },
  {
    "url": "http://hd.8264.com/xianlu-123292",
    "img": "http://img.qunawan.com/ecmme/wan/xl/goods/20160823/201608231019254947_listfull.jpg",
    "title": "额济纳旗胡杨林秋季经典（5日行程）",
    "money": "3480",
    "date": "09/26",
    "city": "北京"
  },
  {
    "url": "http://hd.8264.com/xianlu-122602",
    "img": "http://img.qunawan.com/ecmme/wan/xl/goods/20160820/201608201600476286_listfull.jpg",
    "title": "额济纳旗胡杨林秋季摄影创作（8日行程）",
    "money": "6380",
    "date": "09/26",
    "city": "杭州"
  },
  {
    "url": "http://hd.8264.com/xianlu-122605",
    "img": "http://img.qunawan.com/ecmme/wan/xl/goods/20160820/201608201619541548_listfull.jpg",
    "title": "额济纳旗胡杨林秋季休闲徒步（4日行程）",
    "money": "2380",
    "date": "09/26",
    "city": "上海"
  },
  {
    "url": "http://hd.8264.com/xianlu-113892",
    "img": "http://img.qunawan.com/ecmme/wan/xl/goods/20160720/201607201258361591_listfull.png",
    "title": "徒步珠峰东坡 珠峰东坡嘎玛沟徒步 珠峰东坡徒步（13日行程）",
    "money": "8980",
    "date": "09/30",
    "city": "拉萨"
  },
  {
    "url": "http://hd.8264.com/xianlu-14203",
    "img": "http://img.qunawan.com/ecmme/wan/xl/goods/20160619/201606190051144908_listfull.jpg",
    "title": "哈巴雪山攀登 七天高端团 丽江往返一站式接待（7日行程）",
    "money": "6000",
    "date": "10/12",
    "city": "丽江"
  },
  {
    "url": "http://hd.8264.com/xianlu-170922",
    "img": "http://img.qunawan.com/ecmme/wan/xl/goods/20170825/201708251921074627_listfull.png",
    "title": "十月国庆 盛世金秋 胡杨礼赞 额济纳旗 青海湖嘉峪关张掖丹霞（8日行程）",
    "money": "2180",
    "date": "10/01",
    "city": "成都"
  },
  {
    "url": "http://hd.8264.com/xianlu-170577",
    "img": "http://img.qunawan.com/ecmme/wan/xl/goods/20170819/201708192304329620_listfull.jpg",
    "title": "10月11日 15日 柬埔寨深度游（5日行程）",
    "money": "2880",
    "date": "10/11",
    "city": "南京"
  }
]