[
  {
    "url": "http://hd.8264.com/xianlu-169641",
    "img": "http://img.qunawan.com/ecmme/wan/xl/goods/20170728/201707280215124585_listfull.png",
    "title": "东南亚5国长途骑行招人（25日行程）",
    "money": "1",
    "date": "10/11",
    "city": "昆明"
  },
  {
    "url": "http://hd.8264.com/xianlu-167327",
    "img": "http://img.qunawan.com/ecmme/wan/xl/goods/20170620/201706200046482787_listfull.png",
    "title": "泸沽湖穿越稻城亚丁 洛克线 探寻最后的香格里拉（9日行程）",
    "money": "4980",
    "date": "09/30",
    "city": "成都"
  },
  {
    "url": "http://hd.8264.com/xianlu-162676",
    "img": "http://img.qunawan.com/ecmme/wan/xl/goods/20170419/201704191540493624_listfull.jpg",
    "title": "驴友朝圣之路 17年狼塔c v穿越勇者招募（12日行程）",
    "money": "3800",
    "date": "09/26",
    "city": "昌吉"
  },
  {
    "url": "http://hd.8264.com/xianlu-162305",
    "img": "http://img.qunawan.com/ecmme/wan/xl/goods/20170414/201704141742386428_listfull.jpg",
    "title": "行走在云端 感受世界级徒步线路 安娜普尔纳大本营ABC徒步（11日行程）",
    "money": "5580",
    "date": "10/01",
    "city": "加德"
  },
  {
    "url": "http://hd.8264.com/xianlu-162257",
    "img": "http://img.qunawan.com/ecmme/wan/xl/goods/20170413/201704131732457358_listfull.jpg",
    "title": "成都出发九寨沟黄龙包车自由行（3日行程）",
    "money": "500",
    "date": "09/22",
    "city": "成都"
  },
  {
    "url": "http://hd.8264.com/xianlu-162072",
    "img": "http://img.qunawan.com/ecmme/wan/xl/goods/20170411/201704111446203730_listfull.jpg",
    "title": "苏州 灵树线 东山 西山 上方山 窟窿山 向导 鲨鱼（1日行程）",
    "money": "1",
    "date": "09/22",
    "city": "安庆"
  },
  {
    "url": "http://hd.8264.com/xianlu-161198",
    "img": "http://img.qunawan.com/ecmme/wan/xl/goods/20170329/201703291654392797_listfull.jpg",
    "title": "青海湖两日游（2日行程）",
    "money": "500",
    "date": "09/22",
    "city": "西宁"
  },
  {
    "url": "http://hd.8264.com/xianlu-116629",
    "img": "http://img.qunawan.com/ecmme/wan/xl/goods/20160728/201607281022194119_listfull.jpg",
    "title": "四姑娘山嘛尼寨特色游（3日行程）",
    "money": "780",
    "date": "09/22",
    "city": "成都"
  },
  {
    "url": "http://hd.8264.com/xianlu-4859",
    "img": "http://img.qunawan.com/ecmme/wan/xl/goods/20170307/201703071309377034_listfull.jpg",
    "title": "贡嘎山大环线徒步穿越（7日行程）",
    "money": "2880",
    "date": "09/22",
    "city": "成都"
  },
  {
    "url": "http://hd.8264.com/xianlu-156781",
    "img": "http://img.qunawan.com/ecmme/wan/xl/goods/20170207/201702072208297799_listfull.jpg",
    "title": "三江并流大环线 梅里雪山 怒江 丙中洛 独龙江活动召集令（8日行程）",
    "money": "3380",
    "date": "10/01",
    "city": "丽江"
  },
  {
    "url": "http://hd.8264.com/xianlu-171730",
    "img": "http://img.qunawan.com/ecmme/wan/xl/goods/20170909/201709092314336941_listfull.jpg",
    "title": "大美川藏摄影 稻城亚丁 川藏南线 走出一条世界级的风景线（11日行程）",
    "money": "4900",
    "date": "10/22",
    "city": "成都"
  },
  {
    "url": "http://hd.8264.com/xianlu-170510",
    "img": "http://img.qunawan.com/ecmme/wan/xl/goods/20170818/201708180122241768_listfull.jpeg",
    "title": "两期醉美川西 秋色稻城亚丁 川藏色达环线 纯玩（10日行程）",
    "money": "3599",
    "date": "10/22",
    "city": "成都"
  },
  {
    "url": "http://hd.8264.com/xianlu-166704",
    "img": "http://img.qunawan.com/ecmme/wan/xl/goods/20170611/201706111223498268_listfull.jpg",
    "title": "斯里兰卡 满足你对东南亚所有想象的地方（9日行程）",
    "money": "5999",
    "date": "09/27",
    "city": "科伦"
  },
  {
    "url": "http://hd.8264.com/xianlu-172034",
    "img": "http://img.qunawan.com/ecmme/wan/xl/goods/20170915/201709151728503113_listfull.jpeg",
    "title": "向心之318的摄影之路（11日行程）",
    "money": "5200",
    "date": "10/10",
    "city": "成都"
  },
  {
    "url": "http://hd.8264.com/xianlu-162360",
    "img": "http://img.qunawan.com/ecmme/wan/xl/goods/20170416/201704161505572301_listfull.jpg",
    "title": "雪海星空的召唤 哈巴雪山核心保护区徒步露营（6日行程）",
    "money": "4500",
    "date": "10/06",
    "city": "丽江"
  },
  {
    "url": "http://hd.8264.com/xianlu-161933",
    "img": "http://img.qunawan.com/ecmme/wan/xl/goods/20170410/201704101302536561_listfull.jpg",
    "title": "2017年山驴带你去西藏 自驾川藏线318最美景观大道（11日行程）",
    "money": "5500",
    "date": "10/09",
    "city": "成都"
  },
  {
    "url": "http://hd.8264.com/xianlu-159353",
    "img": "http://img.qunawan.com/ecmme/wan/xl/goods/20170305/201703052003368885_listfull.jpg",
    "title": "入门级雪山 哈巴雪山初体验（6日行程）",
    "money": "4600",
    "date": "09/28",
    "city": "成都"
  },
  {
    "url": "http://hd.8264.com/xianlu-159289",
    "img": "http://img.qunawan.com/ecmme/wan/xl/goods/20170303/201703031946064231_listfull.jpg",
    "title": "这一世 遇见色达 馋驴户外2017年川西色达活动召集（6日行程）",
    "money": "1800",
    "date": "10/01",
    "city": "成都"
  },
  {
    "url": "http://hd.8264.com/xianlu-157553",
    "img": "http://img.qunawan.com/ecmme/wan/xl/goods/20170217/201702170025588263_listfull.jpg",
    "title": "人间醉美桃花（18日行程）",
    "money": "8680",
    "date": "09/29",
    "city": "成都"
  },
  {
    "url": "http://hd.8264.com/xianlu-155799",
    "img": "http://img.qunawan.com/ecmme/wan/xl/goods/20170118/201701181425069683_listfull.jpg",
    "title": "丹巴藏寨党岭葫芦海 道孚秘境徒步穿越（6日行程）",
    "money": "3180",
    "date": "10/01",
    "city": "成都"
  }
]