[
  {
    "url": "http://hd.8264.com/xianlu-114396",
    "img": "http://img.qunawan.com/ecmme/wan/xl/goods/20161017/201610171624483018_listfull.jpg",
    "title": "单日徒步吴越古道 观浙西天池 与古道来个亲密接触（1日行程）",
    "money": "140",
    "date": "10/02",
    "city": "杭州"
  },
  {
    "url": "http://hd.8264.com/xianlu-22769",
    "img": "http://img.qunawan.com/ecmme/wan/xl/goods/20170228/201702280451313557_listfull.jpg",
    "title": "独家亚丁转山 结合尼汝亚丁 泸沽湖亚丁 木里亚丁洛克线 精华（8日行程）",
    "money": "3280",
    "date": "10/01",
    "city": "甘孜"
  },
  {
    "url": "http://hd.8264.com/xianlu-5272",
    "img": "http://img.qunawan.com/ecmme/wan/xl/goods/20160514/201605141830463119_listfull.jpg",
    "title": "从化星溪徒步踏青 山野行走 竹影摇（1日行程）",
    "money": "260",
    "date": "10/22",
    "city": "广州"
  },
  {
    "url": "http://hd.8264.com/xianlu-162763",
    "img": "http://img.qunawan.com/ecmme/wan/xl/goods/20170420/201704201043096539_listfull.jpg",
    "title": "2017 格聂大环线经典穿越 独家路线（12日行程）",
    "money": "5900",
    "date": "09/26",
    "city": "成都"
  },
  {
    "url": "http://hd.8264.com/xianlu-161669",
    "img": "http://img.qunawan.com/ecmme/wan/xl/goods/20170407/201704071049414718_listfull.jpg",
    "title": "梅里雪山 普达措国家公园 摄影之旅（4日行程）",
    "money": "1480",
    "date": "09/22",
    "city": "丽江"
  },
  {
    "url": "http://hd.8264.com/xianlu-168119",
    "img": "http://img.qunawan.com/ecmme/wan/xl/goods/20170630/201706301014304647_listfull.jpg",
    "title": "国庆内蒙额济纳 居延海 黑水城 腾格里沙漠月亮湖深度探索之旅（6日行程）",
    "money": "3580",
    "date": "09/28",
    "city": "银川"
  },
  {
    "url": "http://hd.8264.com/xianlu-172199",
    "img": "http://img.qunawan.com/ecmme/wan/xl/goods/20170920/201709201028101876_listfull.jpg",
    "title": "国庆额济纳 最美胡杨林 腾格里沙漠越野穿越（6日行程）",
    "money": "3280",
    "date": "09/28",
    "city": "银川"
  },
  {
    "url": "http://hd.8264.com/xianlu-172072",
    "img": "http://img.qunawan.com/ecmme/wan/xl/goods/20170916/201709161646064147_listfull.jpg",
    "title": "三千年的守候 只为等待你的到来 额济纳旗（8日行程）",
    "money": "3500",
    "date": "09/29",
    "city": "成都"
  },
  {
    "url": "http://hd.8264.com/xianlu-171500",
    "img": "http://img.qunawan.com/ecmme/wan/xl/goods/20170905/201709051045385130_listfull.jpeg",
    "title": "额济纳旗C线深度游（11日行程）",
    "money": "4280",
    "date": "09/27",
    "city": "成都"
  },
  {
    "url": "http://hd.8264.com/xianlu-171372",
    "img": "http://img.qunawan.com/ecmme/wan/xl/goods/20170902/201709021538266470_listfull.jpg",
    "title": "额济纳 中国有如此美的胡杨林 驴友们都震惊了（6日行程）",
    "money": "3280",
    "date": "10/10",
    "city": "银川"
  },
  {
    "url": "http://hd.8264.com/xianlu-171319",
    "img": "http://img.qunawan.com/ecmme/wan/xl/goods/20170901/201709011512408946_listfull.jpg",
    "title": "国庆额济纳 走进天堂与地狱交织的美丽（6日行程）",
    "money": "3280",
    "date": "09/28",
    "city": "银川"
  },
  {
    "url": "http://hd.8264.com/xianlu-171253",
    "img": "http://img.qunawan.com/ecmme/wan/xl/goods/20170831/201708311723077565_listfull.jpg",
    "title": "9月26日集合 最后的香巴拉 格聂大环线经典穿越（12日行程）",
    "money": "5900",
    "date": "09/26",
    "city": "成都"
  },
  {
    "url": "http://hd.8264.com/xianlu-170687",
    "img": "http://img.qunawan.com/ecmme/wan/xl/goods/20170823/201708230948312433_listfull.jpg",
    "title": "国庆 额济纳 中国有如此美的胡杨林 驴友们都震惊了（6日行程）",
    "money": "3580",
    "date": "09/28",
    "city": "阿拉"
  },
  {
    "url": "http://hd.8264.com/xianlu-169789",
    "img": "http://img.qunawan.com/ecmme/wan/xl/goods/20170801/201708011150551419_listfull.jpg",
    "title": "和匀生老师带队 俄罗斯摄影精选之旅（10日行程）",
    "money": "13500",
    "date": "09/30",
    "city": "安庆"
  },
  {
    "url": "http://hd.8264.com/xianlu-169657",
    "img": "http://img.qunawan.com/ecmme/wan/xl/goods/20170728/201707281241262198_listfull.jpg",
    "title": "巴厘岛 南纬8 的浪漫 刚好缺你（6日行程）",
    "money": "4580",
    "date": "10/10",
    "city": "巴厘"
  },
  {
    "url": "http://hd.8264.com/xianlu-169627",
    "img": "http://img.qunawan.com/ecmme/wan/xl/goods/20170727/201707271753109264_listfull.jpg",
    "title": "最后的香巴拉 格聂大环线经典穿越 独家路线（12日行程）",
    "money": "5900",
    "date": "09/26",
    "city": "成都"
  },
  {
    "url": "http://hd.8264.com/xianlu-168641",
    "img": "http://img.qunawan.com/ecmme/wan/xl/goods/20170710/201707101059055549_listfull.png",
    "title": "藏谜至境 亚青寺德格石渠色达环线（10日行程）",
    "money": "3880",
    "date": "10/01",
    "city": "成都"
  },
  {
    "url": "http://hd.8264.com/xianlu-168262",
    "img": "http://img.qunawan.com/ecmme/wan/xl/goods/20170703/201707031626143929_listfull.jpg",
    "title": "国庆内蒙古额济纳胡杨林 黑水古城 居延海深度探索之旅（6日行程）",
    "money": "3180",
    "date": "09/28",
    "city": "银川"
  },
  {
    "url": "http://hd.8264.com/xianlu-166345",
    "img": "http://img.qunawan.com/ecmme/wan/xl/goods/20170606/201706061412276616_listfull.jpg",
    "title": "斯里兰卡 南部海滨休闲之旅（7日行程）",
    "money": "5880",
    "date": "10/10",
    "city": "科伦"
  },
  {
    "url": "http://hd.8264.com/xianlu-166041",
    "img": "http://img.qunawan.com/ecmme/wan/xl/goods/20170602/201706021748368854_listfull.jpg",
    "title": "中不边境 喜马拉雅 白马林湖 库拉岗日雪山徒步（8日行程）",
    "money": "6900",
    "date": "10/10",
    "city": "拉萨"
  }
]