[
  {
    "url": "http://hd.8264.com/xianlu-171942",
    "img": "http://img.qunawan.com/ecmme/wan/xl/goods/20170914/201709141105454222_listfull.jpg",
    "title": "2017经典海稻 稻城亚丁 新都桥 海螺沟精品环线（7日行程）",
    "money": "2880",
    "date": "09/23",
    "city": "成都"
  },
  {
    "url": "http://hd.8264.com/xianlu-171937",
    "img": "http://img.qunawan.com/ecmme/wan/xl/goods/20170914/201709141018095152_listfull.jpg",
    "title": "达瓦更扎（1日行程）",
    "money": "168",
    "date": "09/23",
    "city": "成都"
  },
  {
    "url": "http://hd.8264.com/xianlu-171931",
    "img": "http://img.qunawan.com/ecmme/wan/xl/goods/20170914/201709141002003206_listfull.jpeg",
    "title": "泸沽湖 烂漫之旅 寻找神秘女儿国（4日行程）",
    "money": "650",
    "date": "09/22",
    "city": "成都"
  },
  {
    "url": "http://hd.8264.com/xianlu-171928",
    "img": "http://img.qunawan.com/ecmme/wan/xl/goods/20170915/201709150921571288_listfull.jpeg",
    "title": "红色佛国 色达（4日行程）",
    "money": "650",
    "date": "09/22",
    "city": "成都"
  },
  {
    "url": "http://hd.8264.com/xianlu-171917",
    "img": "http://img.qunawan.com/ecmme/wan/xl/goods/20170914/201709140020166509_listfull.jpg",
    "title": "十月下旬丽江出发走进稻城亚丁最美季节（6日行程）",
    "money": "2680",
    "date": "10/21",
    "city": "丽江"
  },
  {
    "url": "http://hd.8264.com/xianlu-171916",
    "img": "http://img.qunawan.com/ecmme/wan/xl/goods/20170913/201709132344174791_listfull.png",
    "title": "国庆金秋 色达佛学院 党岭 莫斯卡 丹巴藏寨（8日行程）",
    "money": "3480",
    "date": "09/23",
    "city": "成都"
  },
  {
    "url": "http://hd.8264.com/xianlu-171941",
    "img": "http://img.qunawan.com/ecmme/wan/xl/goods/20170914/201709141039005264_listfull.jpg",
    "title": "金秋太白山南坡环线穿越（3日行程）",
    "money": "750",
    "date": "10/19",
    "city": "西安"
  },
  {
    "url": "http://hd.8264.com/xianlu-171898",
    "img": "http://img.qunawan.com/ecmme/wan/xl/goods/20170913/201709131609393506_listfull.jpg",
    "title": "徒步四明山宋代古道 探寻隐藏在山顶的世外桃源（1日行程）",
    "money": "168",
    "date": "10/15",
    "city": "上海"
  },
  {
    "url": "http://hd.8264.com/xianlu-171882",
    "img": "http://img.qunawan.com/ecmme/wan/xl/goods/20170913/201709131408161178_listfull.jpg",
    "title": "2017十大经典路线之探寻秘境 传说中的秘境七藏沟徒步（6日行程）",
    "money": "2880",
    "date": "09/23",
    "city": "成都"
  },
  {
    "url": "http://hd.8264.com/xianlu-171879",
    "img": "http://img.qunawan.com/ecmme/wan/xl/goods/20170913/201709131309539527_listfull.jpg",
    "title": "2017四姑娘山二峰5276米攀登计划 人生第一座初级雪山（4日行程）",
    "money": "2000",
    "date": "09/23",
    "city": "成都"
  },
  {
    "url": "http://hd.8264.com/xianlu-171875",
    "img": "http://img.qunawan.com/ecmme/wan/xl/goods/20170913/201709131139112928_listfull.jpg",
    "title": "四姑娘山长坪沟穿越毕棚沟 中国十大经典徒步线路之一（6日行程）",
    "money": "2480",
    "date": "09/30",
    "city": "成都"
  },
  {
    "url": "http://hd.8264.com/xianlu-171870",
    "img": "http://img.qunawan.com/ecmme/wan/xl/goods/20170913/201709131055478513_listfull.jpg",
    "title": "登顶四姑娘山 5276米二峰 初级雪山攀登体验 长坪沟徒步（6日行程）",
    "money": "2880",
    "date": "09/30",
    "city": "成都"
  },
  {
    "url": "http://hd.8264.com/xianlu-171892",
    "img": "http://img.qunawan.com/ecmme/wan/xl/goods/20170913/201709131519434025_listfull.jpg",
    "title": "贡嘎徒步露营 贡嘎西南坡徒步穿越（7日行程）",
    "money": "2880",
    "date": "09/24",
    "city": "成都"
  },
  {
    "url": "http://hd.8264.com/xianlu-171861",
    "img": "http://img.qunawan.com/ecmme/wan/xl/goods/20170913/201709130534248569_listfull.jpg",
    "title": "金秋川北 红色南江 巴中光雾山赏红叶（3日行程）",
    "money": "1880",
    "date": "10/14",
    "city": "成都"
  },
  {
    "url": "http://hd.8264.com/xianlu-171858",
    "img": "http://img.qunawan.com/ecmme/wan/xl/goods/20170913/201709130009182563_listfull.jpg",
    "title": "2017国庆中秋 元旦 那玛峰5588攀登计划（6日行程）",
    "money": "6800",
    "date": "09/23",
    "city": "成都"
  },
  {
    "url": "http://hd.8264.com/xianlu-171841",
    "img": "http://img.qunawan.com/ecmme/wan/xl/goods/20170912/201709121444266293_listfull.jpg",
    "title": "国庆 川西环线 绝美环线摄影之旅（7日行程）",
    "money": "5180",
    "date": "09/30",
    "city": "成都"
  },
  {
    "url": "http://hd.8264.com/xianlu-171835",
    "img": "http://img.qunawan.com/ecmme/wan/xl/goods/20170912/201709121325061215_listfull.jpg",
    "title": "著名画家和您有缘行动高山王国尼泊尔异域圣地之旅（20日行程）",
    "money": "11500",
    "date": "10/16",
    "city": "拉萨"
  },
  {
    "url": "http://hd.8264.com/xianlu-171834",
    "img": "http://img.qunawan.com/ecmme/wan/xl/goods/20170912/201709121305462168_listfull.jpg",
    "title": "国庆贡嘎转山活动（7日行程）",
    "money": "3180",
    "date": "09/23",
    "city": "成都"
  },
  {
    "url": "http://hd.8264.com/xianlu-171831",
    "img": "http://img.qunawan.com/ecmme/wan/xl/goods/20170912/201709121239294104_listfull.jpg",
    "title": "独家路线 越野丙察察进藏 独龙江 丙中洛（10日行程）",
    "money": "46800",
    "date": "09/22",
    "city": "昆明"
  },
  {
    "url": "http://hd.8264.com/xianlu-171826",
    "img": "http://img.qunawan.com/ecmme/wan/xl/goods/20170912/201709121131294083_listfull.jpg",
    "title": "醉美阿里 阿里北线探险之旅 转山 深度摄影游（16日行程）",
    "money": "6600",
    "date": "09/24",
    "city": "拉萨"
  }
]