[
  {
    "url": "http://hd.8264.com/xianlu-163878",
    "img": "http://img.qunawan.com/ecmme/wan/xl/goods/20170506/201705061653345386_listfull.jpg",
    "title": "中不边境 喜马拉雅 白马林湖 库拉岗日 雪山徒步（8日行程）",
    "money": "6900",
    "date": "10/10",
    "city": "拉萨"
  },
  {
    "url": "http://hd.8264.com/xianlu-163640",
    "img": "http://img.qunawan.com/ecmme/wan/xl/goods/20170504/201705041503395813_listfull.jpg",
    "title": "稻城亚丁 梅里雨崩了 香格里拉三大重磅出击 大环线纯玩深度游（10日行程）",
    "money": "3880",
    "date": "09/25",
    "city": "丽江"
  },
  {
    "url": "http://hd.8264.com/xianlu-162652",
    "img": "http://img.qunawan.com/ecmme/wan/xl/goods/20170419/201704191100247132_listfull.jpg",
    "title": "穿越香格里拉 稻城 亚丁 新都桥 虎跳峡 丽江（8日行程）",
    "money": "3480",
    "date": "09/23",
    "city": "成都"
  },
  {
    "url": "http://hd.8264.com/xianlu-162537",
    "img": "http://img.qunawan.com/ecmme/wan/xl/goods/20170418/201704181455558540_listfull.jpg",
    "title": "中不边境喜马拉雅白马林湖库拉岗日雪山徒步（8日行程）",
    "money": "6900",
    "date": "10/10",
    "city": "拉萨"
  },
  {
    "url": "http://hd.8264.com/xianlu-162223",
    "img": "http://img.qunawan.com/ecmme/wan/xl/goods/20170413/201704131237347318_listfull.jpg",
    "title": "身在地狱 心在天堂 最美仙境 夏特古道（5日行程）",
    "money": "2660",
    "date": "09/25",
    "city": "阿克"
  },
  {
    "url": "http://hd.8264.com/xianlu-160987",
    "img": "http://img.qunawan.com/ecmme/wan/xl/goods/20170327/201703271115224065_listfull.jpg",
    "title": "遇见 梦中的香格里拉 稻城亚丁 海螺沟经典之旅（8日行程）",
    "money": "2780",
    "date": "09/23",
    "city": "成都"
  },
  {
    "url": "http://hd.8264.com/xianlu-157077",
    "img": "http://img.qunawan.com/ecmme/wan/xl/goods/20170212/201702121436009278_listfull.png",
    "title": "相遇在湖光山色间的女儿国 泸沽湖（4日行程）",
    "money": "780",
    "date": "09/22",
    "city": "成都"
  },
  {
    "url": "http://hd.8264.com/xianlu-157076",
    "img": "http://img.qunawan.com/ecmme/wan/xl/goods/20170212/201702121420406426_listfull.png",
    "title": "色达 红色海洋（4日行程）",
    "money": "680",
    "date": "09/22",
    "city": "成都"
  },
  {
    "url": "http://hd.8264.com/xianlu-155702",
    "img": "http://img.qunawan.com/ecmme/wan/xl/goods/20170117/201701171654205569_listfull.jpg",
    "title": "最后的香巴拉 格聂大环线经典穿越 独家路线（12日行程）",
    "money": "5900",
    "date": "09/26",
    "city": "成都"
  },
  {
    "url": "http://hd.8264.com/xianlu-155352",
    "img": "http://img.qunawan.com/ecmme/wan/xl/goods/20170302/201703021658223369_listfull.jpg",
    "title": "冷酷仙境夏特古道重装徒步穿越（5日行程）",
    "money": "2660",
    "date": "09/25",
    "city": "阿克"
  },
  {
    "url": "http://hd.8264.com/xianlu-154214",
    "img": "http://img.qunawan.com/ecmme/wan/xl/goods/20161230/201612301613376414_listfull.jpg",
    "title": "毕棚沟 甘堡藏寨 真纯玩土豪（2日行程）",
    "money": "380",
    "date": "09/22",
    "city": "成都"
  },
  {
    "url": "http://hd.8264.com/xianlu-154211",
    "img": "http://img.qunawan.com/ecmme/wan/xl/goods/20161230/201612301534281001_listfull.jpg",
    "title": "东方的阿尔卑斯 四姑娘山（3日行程）",
    "money": "1280",
    "date": "09/22",
    "city": "成都"
  },
  {
    "url": "http://hd.8264.com/xianlu-153775",
    "img": "http://img.qunawan.com/ecmme/wan/xl/goods/20161227/201612271021342799_listfull.jpg",
    "title": "中不边境 喜马拉雅 白马林湖 库拉岗日雪山徒步（8日行程）",
    "money": "6900",
    "date": "10/10",
    "city": "拉萨"
  },
  {
    "url": "http://hd.8264.com/xianlu-150493",
    "img": "http://img.qunawan.com/ecmme/wan/xl/goods/20161208/201612082347148852_listfull.jpg",
    "title": "探秘碧罗雪山 穿越麻吉哇（7日行程）",
    "money": "3680",
    "date": "10/10",
    "city": "丽江"
  },
  {
    "url": "http://hd.8264.com/xianlu-121857",
    "img": "http://img.qunawan.com/ecmme/wan/xl/goods/20160818/201608181131556115_listfull.png",
    "title": "西藏阿里大环线 越野车穿越无人区（15日行程）",
    "money": "14800",
    "date": "09/28",
    "city": "拉萨"
  },
  {
    "url": "http://hd.8264.com/xianlu-172167",
    "img": "http://img.qunawan.com/ecmme/wan/xl/goods/20170919/201709191529019091_listfull.png",
    "title": "攀召令 岩行天下 和大咖一起攀岩 徒步上帝的后花园（9日行程）",
    "money": "7500",
    "date": "10/23",
    "city": "索非"
  },
  {
    "url": "http://hd.8264.com/xianlu-159378",
    "img": "http://img.qunawan.com/ecmme/wan/xl/goods/20170306/201703060954454477_listfull.jpg",
    "title": "稻城亚丁 最美的季节遇见你（7日行程）",
    "money": "3278",
    "date": "09/25",
    "city": "成都"
  },
  {
    "url": "http://hd.8264.com/xianlu-158949",
    "img": "http://img.qunawan.com/ecmme/wan/xl/goods/20170301/201703011118387976_listfull.jpg",
    "title": "川藏南线进青藏线出拼车自助行（16日行程）",
    "money": "4800",
    "date": "10/09",
    "city": "成都"
  },
  {
    "url": "http://hd.8264.com/xianlu-136360",
    "img": "http://img.qunawan.com/ecmme/wan/xl/goods/20161011/201610111418042054_listfull.jpg",
    "title": "稻城亚丁 最美的季节遇见你（7日行程）",
    "money": "2980",
    "date": "09/25",
    "city": "成都"
  },
  {
    "url": "http://hd.8264.com/xianlu-160799",
    "img": "http://img.qunawan.com/ecmme/wan/xl/goods/20170323/201703231449401258_listfull.jpg",
    "title": "国庆四姑娘山海子沟摄影 露营 看星星 观光双桥沟（3日行程）",
    "money": "1880",
    "date": "10/01",
    "city": "成都"
  }
]