[
  {
    "url": "http://hd.8264.com/xianlu-172018",
    "img": "http://img.qunawan.com/ecmme/wan/xl/goods/20170915/201709151403485380_listfull.jpg",
    "title": "品质团 额济纳旗（8日行程）",
    "money": "3380",
    "date": "10/01",
    "city": "成都"
  },
  {
    "url": "http://hd.8264.com/xianlu-171743",
    "img": "http://img.qunawan.com/ecmme/wan/xl/goods/20170910/201709101820519060_listfull.jpg",
    "title": "雾中游 云中行 尽览 蜀门秦观 广元望远山（2日行程）",
    "money": "350",
    "date": "09/23",
    "city": "广元"
  },
  {
    "url": "http://hd.8264.com/xianlu-171380",
    "img": "http://img.qunawan.com/ecmme/wan/xl/goods/20170902/201709022034351142_listfull.jpg",
    "title": "极地户外10 1 7胡杨林 张掖丹霞 嘉峪关 黄河石林游（7日行程）",
    "money": "780",
    "date": "10/01",
    "city": "西安"
  },
  {
    "url": "http://hd.8264.com/xianlu-171330",
    "img": "http://img.qunawan.com/ecmme/wan/xl/goods/20170901/201709011534376483_listfull.jpg",
    "title": "带你玩转西北沙漠奇观 丝绸之路 绝美胡杨林（10日行程）",
    "money": "3980",
    "date": "10/09",
    "city": "成都"
  },
  {
    "url": "http://hd.8264.com/xianlu-171022",
    "img": "http://img.qunawan.com/ecmme/wan/xl/goods/20170829/201708291008206112_listfull.jpg",
    "title": "成都出发 带您赏遍金塔倒影胡杨林 由南向北最过瘾（8日行程）",
    "money": "3580",
    "date": "10/01",
    "city": "成都"
  },
  {
    "url": "http://hd.8264.com/xianlu-170657",
    "img": "http://img.qunawan.com/ecmme/wan/xl/goods/20170822/201708221010229686_listfull.jpg",
    "title": "金秋胡杨童话 走进额济纳旗感受胡杨不死传奇（8日行程）",
    "money": "3280",
    "date": "10/01",
    "city": "西安"
  },
  {
    "url": "http://hd.8264.com/xianlu-168082",
    "img": "http://img.qunawan.com/ecmme/wan/xl/goods/20170629/201706291607358912_listfull.png",
    "title": "站在最近的距离 观看幺妹峰丨四姑娘山三峰攀登计划（6日行程）",
    "money": "3800",
    "date": "10/24",
    "city": "成都"
  },
  {
    "url": "http://hd.8264.com/xianlu-171956",
    "img": "http://img.qunawan.com/ecmme/wan/xl/goods/20170914/201709141444294942_listfull.jpg",
    "title": "黄金盛宴 醉美秋色 千年胡杨只等你来 成都出发额济纳旗深度（8日行程）",
    "money": "3680",
    "date": "10/01",
    "city": "成都"
  },
  {
    "url": "http://hd.8264.com/xianlu-162159",
    "img": "http://img.qunawan.com/ecmme/wan/xl/goods/20170412/201704121459151331_listfull.jpg",
    "title": "丽江宋城千古情演出贵宾票包接送（1日行程）",
    "money": "180",
    "date": "09/22",
    "city": "丽江"
  },
  {
    "url": "http://hd.8264.com/xianlu-162101",
    "img": "http://img.qunawan.com/ecmme/wan/xl/goods/20170411/201704111712405597_listfull.jpg",
    "title": "自由行 德国南部黑森林徒步游 可额外添加近邻国家自由行（7日行程）",
    "money": "4950",
    "date": "09/30",
    "city": "法兰"
  },
  {
    "url": "http://hd.8264.com/xianlu-161674",
    "img": "http://img.qunawan.com/ecmme/wan/xl/goods/20170407/201704071141315030_listfull.jpeg",
    "title": "0购物 纯玩 天堂西藏美丽新疆深度穿越游（20日行程）",
    "money": "39800",
    "date": "09/22",
    "city": "拉萨"
  },
  {
    "url": "http://hd.8264.com/xianlu-161130",
    "img": "http://img.qunawan.com/ecmme/wan/xl/goods/20170328/201703282102424907_listfull.jpg",
    "title": "0购物 纯玩 林芝 纳木错 雅鲁藏布大峡谷 羊湖深度赏花（11日行程）",
    "money": "8800",
    "date": "09/22",
    "city": "拉萨"
  },
  {
    "url": "http://hd.8264.com/xianlu-161067",
    "img": "http://img.qunawan.com/ecmme/wan/xl/goods/20170328/201703281051513487_listfull.jpg",
    "title": "新疆 梦幻 夏特古道 徒步 穿越 全年五期（7日行程）",
    "money": "2980",
    "date": "09/24",
    "city": "乌鲁"
  },
  {
    "url": "http://hd.8264.com/xianlu-159997",
    "img": "http://img.qunawan.com/ecmme/wan/xl/goods/20170314/201703141445453334_listfull.jpg",
    "title": "梦幻夏特古道徒步穿越 全年五期（7日行程）",
    "money": "2980",
    "date": "09/24",
    "city": "乌鲁"
  },
  {
    "url": "http://hd.8264.com/xianlu-158203",
    "img": "http://img.qunawan.com/ecmme/wan/xl/goods/20170222/201702221733212047_listfull.jpg",
    "title": "跨越天山南北 徒步夏特古道（6日行程）",
    "money": "2980",
    "date": "10/09",
    "city": "乌鲁"
  },
  {
    "url": "http://hd.8264.com/xianlu-157944",
    "img": "http://img.qunawan.com/ecmme/wan/xl/goods/20170221/201702211124138173_listfull.jpg",
    "title": "丽江经泸沽湖到梅里雪山的人文7天朝圣摄影之旅 全年多期（7日行程）",
    "money": "2680",
    "date": "10/01",
    "city": "丽江"
  },
  {
    "url": "http://hd.8264.com/xianlu-157254",
    "img": "http://img.qunawan.com/ecmme/wan/xl/goods/20170214/201702141150584874_listfull.png",
    "title": "赛里木湖 五彩滩 魔鬼城 喀纳斯禾木 可可托海环线之旅（8日行程）",
    "money": "4280",
    "date": "10/01",
    "city": "乌鲁"
  },
  {
    "url": "http://hd.8264.com/xianlu-1351",
    "img": "http://img.qunawan.com/ecmme/wan/xl/goods/20150605/201506051551508305_listfull.jpg",
    "title": "额济纳D线 探秘西夏王朝黑水古城 胡杨林（6日行程）",
    "money": "2980",
    "date": "09/23",
    "city": "银川"
  },
  {
    "url": "http://hd.8264.com/xianlu-127275",
    "img": "http://img.qunawan.com/ecmme/wan/xl/goods/20170207/201702072108077759_listfull.jpg",
    "title": "怦然心动之旅 行走川滇 雨崩 稻城亚丁大环线之旅（10日行程）",
    "money": "3880",
    "date": "09/24",
    "city": "丽江"
  },
  {
    "url": "http://hd.8264.com/xianlu-148801",
    "img": "http://img.qunawan.com/ecmme/wan/xl/goods/20170907/201709071600335543_listfull.jpg",
    "title": "国庆金秋 朝圣川西小环线 色达丹巴 探秘世界最大佛学院（4日行程）",
    "money": "1580",
    "date": "09/23",
    "city": "成都"
  }
]