[
  {
    "url": "http://hd.8264.com/xianlu-170540",
    "img": "http://img.qunawan.com/ecmme/wan/xl/goods/20170818/201708181552059473_listfull.jpg",
    "title": "2017全年多彩贵州 黄果树西江苗寨下司古镇 小七孔青岩古镇（5日行程）",
    "money": "2480",
    "date": "10/02",
    "city": "贵阳"
  },
  {
    "url": "http://hd.8264.com/xianlu-169324",
    "img": "http://img.qunawan.com/ecmme/wan/xl/goods/20170720/201707201429552939_listfull.jpg",
    "title": "攀登哈巴雪山 一比一高山协作 两次登顶机会（6日行程）",
    "money": "3380",
    "date": "10/01",
    "city": "丽江"
  },
  {
    "url": "http://hd.8264.com/xianlu-167867",
    "img": "http://img.qunawan.com/ecmme/wan/xl/goods/20170627/201706271544227920_listfull.jpg",
    "title": "贡嘎西南坡徒步穿越（6日行程）",
    "money": "2280",
    "date": "09/30",
    "city": "成都"
  },
  {
    "url": "http://hd.8264.com/xianlu-167133",
    "img": "http://img.qunawan.com/ecmme/wan/xl/goods/20170616/201706161442028389_listfull.jpg",
    "title": "新疆 向你发出邀请（12日行程）",
    "money": "6000",
    "date": "09/25",
    "city": "成都"
  },
  {
    "url": "http://hd.8264.com/xianlu-172221",
    "img": "http://img.qunawan.com/ecmme/wan/xl/goods/20170920/201709201729385237_listfull.jpg",
    "title": "国庆 玉渡山 京郊小九寨 高山草坪 忘忧湖1日赏秋游（1日行程）",
    "money": "50",
    "date": "10/01",
    "city": "北京"
  },
  {
    "url": "http://hd.8264.com/xianlu-172000",
    "img": "http://img.qunawan.com/ecmme/wan/xl/goods/20170915/201709151030315017_listfull.jpg",
    "title": "十一专场 秋风起 蟹脚痒 阳澄湖品蟹交友之旅（1日行程）",
    "money": "366",
    "date": "10/01",
    "city": "安庆"
  },
  {
    "url": "http://hd.8264.com/xianlu-171871",
    "img": "http://img.qunawan.com/ecmme/wan/xl/goods/20170913/201709131016182711_listfull.png",
    "title": "达瓦更扎 坐着山顶摇篮看星空（2日行程）",
    "money": "138",
    "date": "09/29",
    "city": "成都"
  },
  {
    "url": "http://hd.8264.com/xianlu-171788",
    "img": "http://img.qunawan.com/ecmme/wan/xl/goods/20170911/201709111648339160_listfull.jpg",
    "title": "梦中的神山 达瓦更扎露营（2日行程）",
    "money": "138",
    "date": "09/23",
    "city": "成都"
  },
  {
    "url": "http://hd.8264.com/xianlu-171551",
    "img": "http://img.qunawan.com/ecmme/wan/xl/goods/20170906/201709060927173018_listfull.jpg",
    "title": "国庆 崆峒山 麦积山 官鹅沟 扎尕那 不走夜车（8日行程）",
    "money": "3200",
    "date": "10/01",
    "city": "北京"
  },
  {
    "url": "http://hd.8264.com/xianlu-171506",
    "img": "http://img.qunawan.com/ecmme/wan/xl/goods/20170905/201709051103452587_listfull.jpeg",
    "title": "额济纳旗双飞深度游（7日行程）",
    "money": "7300",
    "date": "10/01",
    "city": "成都"
  },
  {
    "url": "http://hd.8264.com/xianlu-171499",
    "img": "http://img.qunawan.com/ecmme/wan/xl/goods/20170905/201709051041091210_listfull.jpeg",
    "title": "额济纳旗B线纯玩国庆出发（8日行程）",
    "money": "3180",
    "date": "10/01",
    "city": "成都"
  },
  {
    "url": "http://hd.8264.com/xianlu-171265",
    "img": "http://img.qunawan.com/ecmme/wan/xl/goods/20170831/201708312327364321_listfull.jpg",
    "title": "国庆相约 江西武功山 徒步天上草原 观云海日出奇观（4日行程）",
    "money": "450",
    "date": "09/29",
    "city": "安庆"
  },
  {
    "url": "http://hd.8264.com/xianlu-171151",
    "img": "http://img.qunawan.com/ecmme/wan/xl/goods/20170830/201708301842056220_listfull.jpg",
    "title": "额旗B线 成都出发 金塔倒影迷人眼赏遍胡杨千姿百态（8日行程）",
    "money": "3180",
    "date": "10/01",
    "city": "成都"
  },
  {
    "url": "http://hd.8264.com/xianlu-171353",
    "img": "http://img.qunawan.com/ecmme/wan/xl/goods/20170901/201709012303054511_listfull.jpeg",
    "title": "穿越丛林 舞动山脊 尽享高骊山峭壁间的乐趣（1日行程）",
    "money": "160",
    "date": "10/08",
    "city": "镇江"
  },
  {
    "url": "http://hd.8264.com/xianlu-170901",
    "img": "http://img.qunawan.com/ecmme/wan/xl/goods/20170825/201708251207535768_listfull.jpg",
    "title": "成都出发 额济纳旗B线最过瘾（8日行程）",
    "money": "3180",
    "date": "10/01",
    "city": "成都"
  },
  {
    "url": "http://hd.8264.com/xianlu-170850",
    "img": "http://img.qunawan.com/ecmme/wan/xl/goods/20170824/201708241729503839_listfull.jpg",
    "title": "丹霞 金塔胡杨林 黑水城 居延海 巴丹吉林沙漠 卫星发射中心（7日行程）",
    "money": "3180",
    "date": "09/28",
    "city": "兰州"
  },
  {
    "url": "http://hd.8264.com/xianlu-170835",
    "img": "http://img.qunawan.com/ecmme/wan/xl/goods/20170824/201708241216504646_listfull.jpg",
    "title": "马来西亚 风下之乡仙本那 原始海岛休闲（7日行程）",
    "money": "3580",
    "date": "10/01",
    "city": "仙本"
  },
  {
    "url": "http://hd.8264.com/xianlu-170692",
    "img": "http://img.qunawan.com/ecmme/wan/xl/goods/20170822/201708221518184804_listfull.jpg",
    "title": "饕餮赏秋（10日行程）",
    "money": "5880",
    "date": "09/28",
    "city": "西宁"
  },
  {
    "url": "http://hd.8264.com/xianlu-170523",
    "img": "http://img.qunawan.com/ecmme/wan/xl/goods/20170818/201708181050483377_listfull.jpg",
    "title": "额济纳旗自驾游胡杨林 三千年的等候 只为你的到来（8日行程）",
    "money": "3880",
    "date": "09/30",
    "city": "成都"
  },
  {
    "url": "http://hd.8264.com/xianlu-170440",
    "img": "http://img.qunawan.com/ecmme/wan/xl/goods/20170817/201708170011128890_listfull.jpg",
    "title": "重走洛克线 木里穿越稻城亚丁 寻找最后的香格里拉（10日行程）",
    "money": "5680",
    "date": "09/29",
    "city": "成都"
  }
]