[
  {
    "url": "http://hd.8264.com/xianlu-169949",
    "img": "http://img.qunawan.com/ecmme/wan/xl/goods/20170803/201708032106506590_listfull.jpg",
    "title": "洛克线 木里穿越稻城亚丁 感受脚在地狱 眼在天堂（10日行程）",
    "money": "5680",
    "date": "09/29",
    "city": "成都"
  },
  {
    "url": "http://hd.8264.com/xianlu-169475",
    "img": "http://img.qunawan.com/ecmme/wan/xl/goods/20170725/201707251437384844_listfull.jpg",
    "title": "寻找隐秘莲花 徒步墨脱（8日行程）",
    "money": "4980",
    "date": "09/30",
    "city": "拉萨"
  },
  {
    "url": "http://hd.8264.com/xianlu-169010",
    "img": "http://img.qunawan.com/ecmme/wan/xl/goods/20170713/201707131706493542_listfull.jpg",
    "title": "徒步雨崩 世外桃园雨崩村 寻找香巴拉 虎跳峡 朝圣梅里雪山（7日行程）",
    "money": "2380",
    "date": "09/22",
    "city": "北京"
  },
  {
    "url": "http://hd.8264.com/xianlu-169008",
    "img": "http://img.qunawan.com/ecmme/wan/xl/goods/20170713/201707131657085543_listfull.jpg",
    "title": "圣洁西藏 寻梦珠峰 羊湖 卡惹拉冰川 珠峰 日喀则 纳木错（10日行程）",
    "money": "4850",
    "date": "09/24",
    "city": "北京"
  },
  {
    "url": "http://hd.8264.com/xianlu-168566",
    "img": "http://img.qunawan.com/ecmme/wan/xl/goods/20170707/201707071536192413_listfull.jpg",
    "title": "滇西边境 滇西精华游（8日行程）",
    "money": "3200",
    "date": "10/01",
    "city": "昆明"
  },
  {
    "url": "http://hd.8264.com/xianlu-170296",
    "img": "http://img.qunawan.com/ecmme/wan/xl/goods/20170814/201708141550238873_listfull.jpg",
    "title": "国庆喇叭沟赏红叶 白桦林中漫步休闲游 八天连发（1日行程）",
    "money": "70",
    "date": "10/01",
    "city": "东城"
  },
  {
    "url": "http://hd.8264.com/xianlu-167976",
    "img": "http://img.qunawan.com/ecmme/wan/xl/goods/20170628/201706281518177533_listfull.jpg",
    "title": "国庆敦煌丝路 内蒙额济纳胡杨林深度体验之旅（8日行程）",
    "money": "4980",
    "date": "10/01",
    "city": "兰州"
  },
  {
    "url": "http://hd.8264.com/xianlu-167905",
    "img": "http://img.qunawan.com/ecmme/wan/xl/goods/20170627/201706271720108012_listfull.jpg",
    "title": "墨脱 中国十大经典徒步线路之寻找隐秘莲花（8日行程）",
    "money": "4680",
    "date": "09/30",
    "city": "拉萨"
  },
  {
    "url": "http://hd.8264.com/xianlu-166604",
    "img": "http://img.qunawan.com/ecmme/wan/xl/goods/20170609/201706090152075543_listfull.jpg",
    "title": "国庆专线 浙江十大古道之上青古道徒步活动（1日行程）",
    "money": "119",
    "date": "09/24",
    "city": "上海"
  },
  {
    "url": "http://hd.8264.com/xianlu-166603",
    "img": "http://img.qunawan.com/ecmme/wan/xl/goods/20170609/201706090148569429_listfull.jpg",
    "title": "国庆专线 走进避暑胜地莫干山（1日行程）",
    "money": "119",
    "date": "09/23",
    "city": "上海"
  },
  {
    "url": "http://hd.8264.com/xianlu-166119",
    "img": "http://img.qunawan.com/ecmme/wan/xl/goods/20170603/201706032252538521_listfull.jpg",
    "title": "游石林峡悬空钛合金玻璃 UFO 观景台（1日行程）",
    "money": "65",
    "date": "09/23",
    "city": "北京"
  },
  {
    "url": "http://hd.8264.com/xianlu-166117",
    "img": "http://img.qunawan.com/ecmme/wan/xl/goods/20170603/201706032242499518_listfull.jpg",
    "title": "北塘码头出海 海鲜大餐 北塘古镇出海腐败（1日行程）",
    "money": "165",
    "date": "10/01",
    "city": "朝阳"
  },
  {
    "url": "http://hd.8264.com/xianlu-166112",
    "img": "http://img.qunawan.com/ecmme/wan/xl/goods/20170603/201706032229443223_listfull.jpg",
    "title": "北京第一高峰 东灵山灵山主峰一日登山摄影徒步者的天堂（1日行程）",
    "money": "69",
    "date": "10/01",
    "city": "北京"
  },
  {
    "url": "http://hd.8264.com/xianlu-165870",
    "img": "http://img.qunawan.com/ecmme/wan/xl/goods/20170531/201705311641039369_listfull.jpg",
    "title": "新疆深度髙品纯玩经典大环线路（15日行程）",
    "money": "4980",
    "date": "09/23",
    "city": "乌鲁"
  },
  {
    "url": "http://hd.8264.com/xianlu-165441",
    "img": "http://img.qunawan.com/ecmme/wan/xl/goods/20170523/201705230939544116_listfull.jpg",
    "title": "徒步墨脱 中国十大户外经典线路墨脱徒步（8日行程）",
    "money": "4180",
    "date": "09/30",
    "city": "拉萨"
  },
  {
    "url": "http://hd.8264.com/xianlu-165239",
    "img": "http://img.qunawan.com/ecmme/wan/xl/goods/20170520/201705200008272605_listfull.png",
    "title": "辉腾草原 黄花沟辉腾锡勒火山草原 高山草甸草原（3日行程）",
    "money": "799",
    "date": "09/30",
    "city": "赤峰"
  },
  {
    "url": "http://hd.8264.com/xianlu-164551",
    "img": "http://img.qunawan.com/ecmme/wan/xl/goods/20170512/201705121445509620_listfull.jpg",
    "title": "滇西边境 诺邓古村 腾冲 和顺 瑞丽 大理双廊精华游（8日行程）",
    "money": "3280",
    "date": "10/01",
    "city": "昆明"
  },
  {
    "url": "http://hd.8264.com/xianlu-164548",
    "img": "http://img.qunawan.com/ecmme/wan/xl/goods/20170512/201705121430166623_listfull.jpg",
    "title": "洛克秘境 沿着洛克的足迹 木里到亚丁徒步穿越（11日行程）",
    "money": "5280",
    "date": "09/28",
    "city": "成都"
  },
  {
    "url": "http://hd.8264.com/xianlu-163732",
    "img": "http://img.qunawan.com/ecmme/wan/xl/goods/20170504/201705042241026237_listfull.jpg",
    "title": "马来西亚 仙本那 沙巴 诗巴丹岛 海上吉普赛 潜水（7日行程）",
    "money": "2880",
    "date": "10/01",
    "city": "斗湖"
  },
  {
    "url": "http://hd.8264.com/xianlu-162704",
    "img": "http://img.qunawan.com/ecmme/wan/xl/goods/20170419/201704191648397976_listfull.jpg",
    "title": "穿越常熟最经典户外线路 徒步虞山（1日行程）",
    "money": "160",
    "date": "10/08",
    "city": "上海"
  }
]