[
  {
    "url": "http://hd.8264.com/xianlu-171535",
    "img": "http://img.qunawan.com/ecmme/wan/xl/goods/20170905/201709052000189899_listfull.png",
    "title": "国庆金秋 玛嘉沟 徒步观光原始的美景佳境 无自费体验（3日行程）",
    "money": "680",
    "date": "10/01",
    "city": "成都"
  },
  {
    "url": "http://hd.8264.com/xianlu-162105",
    "img": "http://img.qunawan.com/ecmme/wan/xl/goods/20170411/201704111654479484_listfull.jpg",
    "title": "穿越世纪古道马帮行（1日行程）",
    "money": "280",
    "date": "09/22",
    "city": "丽江"
  },
  {
    "url": "http://hd.8264.com/xianlu-161645",
    "img": "http://img.qunawan.com/ecmme/wan/xl/goods/20170406/201704062213387394_listfull.jpg",
    "title": "红岩顶 观贡嘎的绝好平台 日出 云海 星空 样样有（2日行程）",
    "money": "299",
    "date": "09/23",
    "city": "成都"
  },
  {
    "url": "http://hd.8264.com/xianlu-161596",
    "img": "http://img.qunawan.com/ecmme/wan/xl/goods/20170406/201704061450434867_listfull.jpg",
    "title": "马来西亚 仙本那原始海岛 上帝水族箱 潜水 快艇（7日行程）",
    "money": "2980",
    "date": "10/01",
    "city": "北京"
  },
  {
    "url": "http://hd.8264.com/xianlu-160925",
    "img": "http://img.qunawan.com/ecmme/wan/xl/goods/20170325/201703251603487899_listfull.jpg",
    "title": "四姑娘二峰 脚踏5276 陪你一起征服人生第一座雪山（3日行程）",
    "money": "1680",
    "date": "09/22",
    "city": "成都"
  },
  {
    "url": "http://hd.8264.com/xianlu-159636",
    "img": "http://img.qunawan.com/ecmme/wan/xl/goods/20170308/201703081752164846_listfull.jpg",
    "title": "大美青海 快到碗里来（2日行程）",
    "money": "300",
    "date": "09/22",
    "city": "西宁"
  },
  {
    "url": "http://hd.8264.com/xianlu-170032",
    "img": "http://img.qunawan.com/ecmme/wan/xl/goods/20170807/201708071101037741_listfull.jpg",
    "title": "最美杭州 相约九溪十八涧 静心之地（1日行程）",
    "money": "139",
    "date": "10/08",
    "city": "上海"
  },
  {
    "url": "http://hd.8264.com/xianlu-158990",
    "img": "http://img.qunawan.com/ecmme/wan/xl/goods/20170301/201703011337063155_listfull.jpg",
    "title": "马来西亚风下之乡仙本那（7日行程）",
    "money": "2980",
    "date": "10/01",
    "city": "仙本"
  },
  {
    "url": "http://hd.8264.com/xianlu-157594",
    "img": "http://img.qunawan.com/ecmme/wan/xl/goods/20170217/201702171317412391_listfull.jpg",
    "title": "稻亚经典 深度游稻城亚丁（8日行程）",
    "money": "2780",
    "date": "09/22",
    "city": "成都"
  },
  {
    "url": "http://hd.8264.com/xianlu-157097",
    "img": "http://img.qunawan.com/ecmme/wan/xl/goods/20170214/201702141803203157_listfull.jpg",
    "title": "仙本那 海上吉普赛人的唯美天堂（7日行程）",
    "money": "2980",
    "date": "10/01",
    "city": "仙本"
  },
  {
    "url": "http://hd.8264.com/xianlu-155247",
    "img": "http://img.qunawan.com/ecmme/wan/xl/goods/20170111/201701112207143992_listfull.jpg",
    "title": "色达五明佛学院朝拜户外纯玩之旅（4日行程）",
    "money": "630",
    "date": "09/23",
    "city": "成都"
  },
  {
    "url": "http://hd.8264.com/xianlu-154217",
    "img": "http://img.qunawan.com/ecmme/wan/xl/goods/20161230/201612301618507580_listfull.jpg",
    "title": "漫步谈仙岭古道 望南北湖 赏山海湖奇观（1日行程）",
    "money": "158",
    "date": "10/08",
    "city": "上海"
  },
  {
    "url": "http://hd.8264.com/xianlu-152943",
    "img": "http://img.qunawan.com/ecmme/wan/xl/goods/20161220/201612201231302806_listfull.jpg",
    "title": "寻找隐秘莲花 徒步墨脱（8日行程）",
    "money": "4680",
    "date": "09/30",
    "city": "拉萨"
  },
  {
    "url": "http://hd.8264.com/xianlu-152055",
    "img": "http://img.qunawan.com/ecmme/wan/xl/goods/20161215/201612151700231078_listfull.jpg",
    "title": "稻城亚丁 探寻消失于地平线的香巴拉之旅 全年多期（8日行程）",
    "money": "2380",
    "date": "10/01",
    "city": "成都"
  },
  {
    "url": "http://hd.8264.com/xianlu-146384",
    "img": "http://img.qunawan.com/ecmme/wan/xl/goods/20161122/201611221139275006_listfull.jpg",
    "title": "心灵召唤 朝圣之旅 徒步中国最原始村落 世外桃园雨崩村（7日行程）",
    "money": "2580",
    "date": "09/22",
    "city": "丽江"
  },
  {
    "url": "http://hd.8264.com/xianlu-145884",
    "img": "http://img.qunawan.com/ecmme/wan/xl/goods/20161120/201611202352295118_listfull.jpg",
    "title": "与世隔绝 最原始的交流体验 你欠自己一次徒步墨脱的旅行（7日行程）",
    "money": "4680",
    "date": "09/30",
    "city": "拉萨"
  },
  {
    "url": "http://hd.8264.com/xianlu-143222",
    "img": "http://img.qunawan.com/ecmme/wan/xl/goods/20161108/201611081552502505_listfull.jpg",
    "title": "横沙岛骑行 看大海 抓螃蟹 农家菜（1日行程）",
    "money": "138",
    "date": "10/08",
    "city": "黄浦"
  },
  {
    "url": "http://hd.8264.com/xianlu-143060",
    "img": "http://img.qunawan.com/ecmme/wan/xl/goods/20161108/201611081018551216_listfull.jpg",
    "title": "漂洋过海去小洋山岛 徒步海上小黄山 看离岛海角风光（1日行程）",
    "money": "160",
    "date": "10/02",
    "city": "黄浦"
  },
  {
    "url": "http://hd.8264.com/xianlu-141758",
    "img": "http://img.qunawan.com/ecmme/wan/xl/goods/20161101/201611011423575639_listfull.jpg",
    "title": "仙本那 未被开发的原始小岛 胜过马尔代夫的海水（7日行程）",
    "money": "2980",
    "date": "10/01",
    "city": "仙本"
  },
  {
    "url": "http://hd.8264.com/xianlu-135330",
    "img": "http://img.qunawan.com/ecmme/wan/xl/goods/20161008/201610082155022316_listfull.jpg",
    "title": "端午 畅游绝美山西 登北岳恒山 悬空寺 访云冈石窟 休闲之旅（2日行程）",
    "money": "350",
    "date": "09/23",
    "city": "北京"
  }
]