[
  {
    "url": "http://hd.8264.com/xianlu-130944",
    "img": "http://img.qunawan.com/ecmme/wan/xl/goods/20160918/201609181337028239_listfull.jpeg",
    "title": "延庆美景 京郊小九寨玉渡山（1日行程）",
    "money": "65",
    "date": "09/23",
    "city": "北京"
  },
  {
    "url": "http://hd.8264.com/xianlu-130821",
    "img": "http://img.qunawan.com/ecmme/wan/xl/goods/20160917/201609171233011741_listfull.jpg",
    "title": "毕棚沟 年宝玉则 花湖 郎木寺 尕海 拉卜楞寺（6日行程）",
    "money": "3480",
    "date": "10/08",
    "city": "兰州"
  },
  {
    "url": "http://hd.8264.com/xianlu-21115",
    "img": "http://img.qunawan.com/ecmme/wan/xl/goods/20160707/201607071821407475_listfull.jpg",
    "title": "相约泛舟古劳水乡徒步（1日行程）",
    "money": "260",
    "date": "10/08",
    "city": "广州"
  },
  {
    "url": "http://hd.8264.com/xianlu-12720",
    "img": "http://img.qunawan.com/ecmme/wan/xl/goods/20170217/201702171136126410_listfull.jpg",
    "title": "从你的全世界路过 寻找最后的那片净土 稻城亚丁海螺沟摄影游（8日行程）",
    "money": "2780",
    "date": "09/22",
    "city": "成都"
  },
  {
    "url": "http://hd.8264.com/xianlu-2200",
    "img": "http://img.qunawan.com/ecmme/wan/xl/goods/20160226/201602261637055859_listfull.jpg",
    "title": "世界级经典 重走洛克线 木里徒步穿越稻城亚丁（10日行程）",
    "money": "4680",
    "date": "09/29",
    "city": "成都"
  },
  {
    "url": "http://hd.8264.com/xianlu-222",
    "img": "http://img.qunawan.com/ecmme/wan/xl/goods/20170114/201701141231401720_listfull.jpg",
    "title": "徒步墨脱 中国十大户外经典线路墨脱徒步（8日行程）",
    "money": "4980",
    "date": "09/30",
    "city": "拉萨"
  },
  {
    "url": "http://hd.8264.com/xianlu-169729",
    "img": "http://img.qunawan.com/ecmme/wan/xl/goods/20170918/201709181353298458_listfull.png",
    "title": "环台湾岛骑行（12日行程）",
    "money": "8580",
    "date": "09/28",
    "city": "厦门"
  },
  {
    "url": "http://hd.8264.com/xianlu-128360",
    "img": "http://img.qunawan.com/ecmme/wan/xl/goods/20170825/201708251718149882_listfull.png",
    "title": "国庆金秋 达瓦更扎 登山观星空 云海日出 含山顶早晚餐食（2日行程）",
    "money": "320",
    "date": "09/23",
    "city": "成都"
  },
  {
    "url": "http://hd.8264.com/xianlu-141132",
    "img": "http://img.qunawan.com//ecmme/wan/xl/goods/20161031/201610310949257910_listfull.jpg",
    "title": "阿里大北线至喀什 重装徒步（16日行程）",
    "money": "6800",
    "date": "10/05",
    "city": "拉萨"
  },
  {
    "url": "http://hd.8264.com/xianlu-170297",
    "img": "http://img.qunawan.com/ecmme/wan/xl/goods/20170814/201708141605112597_listfull.jpg",
    "title": "木雅贡嘎 蜀山之王 贡嘎徒步穿越南北全线反穿（7日行程）",
    "money": "2680",
    "date": "10/01",
    "city": "成都"
  },
  {
    "url": "http://hd.8264.com/xianlu-162587",
    "img": "http://img.qunawan.com/ecmme/wan/xl/goods/20170825/201708251720011772_listfull.png",
    "title": "国庆金秋 红岩顶一个比牛背山更美的地方 含早晚餐（2日行程）",
    "money": "320",
    "date": "09/23",
    "city": "成都"
  },
  {
    "url": "http://hd.8264.com/xianlu-172174",
    "img": "http://img.qunawan.com/ecmme/wan/xl/goods/20170919/201709191646407833_listfull.jpg",
    "title": "泰山 夜爬泰山（2日行程）",
    "money": "329",
    "date": "10/01",
    "city": "北京"
  },
  {
    "url": "http://hd.8264.com/xianlu-172095",
    "img": "http://img.qunawan.com/ecmme/wan/xl/goods/20170917/201709171835563082_listfull.png",
    "title": "黑龙山 石林 黑河源 东猴顶 五彩林 游十里仙境 五彩林（2日行程）",
    "money": "399",
    "date": "10/01",
    "city": "北京"
  },
  {
    "url": "http://hd.8264.com/xianlu-172074",
    "img": "http://img.qunawan.com/ecmme/wan/xl/goods/20170916/201709161813588466_listfull.jpg",
    "title": "无锡出发 探秘上青古道 寻访兰若寺遗迹 邂逅小倩（1日行程）",
    "money": "178",
    "date": "09/23",
    "city": "无锡"
  },
  {
    "url": "http://hd.8264.com/xianlu-171863",
    "img": "http://img.qunawan.com/ecmme/wan/xl/goods/20170913/201709130933265027_listfull.png",
    "title": "京郊 游京西小九寨 双龙峡 赏醉美红叶秋景（1日行程）",
    "money": "70",
    "date": "10/07",
    "city": "东城"
  },
  {
    "url": "http://hd.8264.com/xianlu-171697",
    "img": "http://img.qunawan.com/ecmme/wan/xl/goods/20170908/201709081324175111_listfull.png",
    "title": "国庆 泰山看日出 赏云海 一览众山小（2日行程）",
    "money": "280",
    "date": "10/01",
    "city": "东城"
  },
  {
    "url": "http://hd.8264.com/xianlu-171694",
    "img": "http://img.qunawan.com/ecmme/wan/xl/goods/20170908/201709081240329022_listfull.jpg",
    "title": "国庆 感受山西文化探秘王家大院 穿越西周遗迹畅游平遥古城（2日行程）",
    "money": "450",
    "date": "10/01",
    "city": "东城"
  },
  {
    "url": "http://hd.8264.com/xianlu-171692",
    "img": "http://img.qunawan.com/ecmme/wan/xl/goods/20170908/201709081226536741_listfull.jpg",
    "title": "国庆 赏古北水镇夜景 登司马台长城 游雾灵湖 云岫谷（2日行程）",
    "money": "299",
    "date": "10/01",
    "city": "东城"
  },
  {
    "url": "http://hd.8264.com/xianlu-171680",
    "img": "http://img.qunawan.com/ecmme/wan/xl/goods/20170908/201709080910255406_listfull.jpg",
    "title": "泰山 夜爬泰山（2日行程）",
    "money": "329",
    "date": "10/01",
    "city": "北京"
  },
  {
    "url": "http://hd.8264.com/xianlu-171644",
    "img": "http://img.qunawan.com/ecmme/wan/xl/goods/20170907/201709071455213856_listfull.jpg",
    "title": "寻踪悠远的岗墩古道 登慈溪第一高峰塌脑岗（1日行程）",
    "money": "168",
    "date": "10/03",
    "city": "上海"
  }
]