[
  {
    "url": "http://hd.8264.com/xianlu-171409",
    "img": "http://img.qunawan.com/ecmme/wan/xl/goods/20170904/201709041003358838_listfull.jpg",
    "title": "十一国庆 小黄山 云蒙山森林公园 摄影（1日行程）",
    "money": "70",
    "date": "10/01",
    "city": "东城"
  },
  {
    "url": "http://hd.8264.com/xianlu-171405",
    "img": "http://img.qunawan.com/ecmme/wan/xl/goods/20170904/201709040942048450_listfull.jpg",
    "title": "十一国庆 喇叭沟门 白桦林休闲摄影徒步（1日行程）",
    "money": "80",
    "date": "10/01",
    "city": "北京"
  },
  {
    "url": "http://hd.8264.com/xianlu-171356",
    "img": "http://img.qunawan.com/ecmme/wan/xl/goods/20170902/201709021034542413_listfull.jpg",
    "title": "西藏天上阿里 南北 大环线秋季摄影穿越之旅（15日行程）",
    "money": "13600",
    "date": "10/07",
    "city": "拉萨"
  },
  {
    "url": "http://hd.8264.com/xianlu-171823",
    "img": "http://img.qunawan.com/ecmme/wan/xl/goods/20170912/201709121112579748_listfull.png",
    "title": "划海去 金秋逍遥环琪澳岛 晨曦中皮划艇赏海上日出（1日行程）",
    "money": "238",
    "date": "10/07",
    "city": "中山"
  },
  {
    "url": "http://hd.8264.com/xianlu-171094",
    "img": "http://img.qunawan.com/ecmme/wan/xl/goods/20170830/201708301012052078_listfull.jpg",
    "title": "星空下的古北水镇 雾灵湖 云岫谷 遥桥古堡（2日行程）",
    "money": "299",
    "date": "10/01",
    "city": "东城"
  },
  {
    "url": "http://hd.8264.com/xianlu-170930",
    "img": "http://img.qunawan.com/ecmme/wan/xl/goods/20170826/201708260700484663_listfull.jpg",
    "title": "大美新疆之五彩滩 白沙湖活动召集（8日行程）",
    "money": "3900",
    "date": "09/23",
    "city": "乌鲁"
  },
  {
    "url": "http://hd.8264.com/xianlu-170693",
    "img": "http://img.qunawan.com/ecmme/wan/xl/goods/20170822/201708221534549820_listfull.jpg",
    "title": "额济纳摄影B线（8日行程）",
    "money": "4980",
    "date": "09/28",
    "city": "兰州"
  },
  {
    "url": "http://hd.8264.com/xianlu-170459",
    "img": "http://img.qunawan.com/ecmme/wan/xl/goods/20170817/201708171240079396_listfull.jpg",
    "title": "国庆 中国马尔代夫 月坨岛邂逅 闲逛滦州古城（2日行程）",
    "money": "280",
    "date": "09/23",
    "city": "北京"
  },
  {
    "url": "http://hd.8264.com/xianlu-170462",
    "img": "http://img.qunawan.com/ecmme/wan/xl/goods/20170817/201708171326335810_listfull.jpg",
    "title": "国庆 原生态海滩 欢聚东戴河 一起漫步海滩 吃海鲜大餐（2日行程）",
    "money": "360",
    "date": "09/23",
    "city": "北京"
  },
  {
    "url": "http://hd.8264.com/xianlu-170390",
    "img": "http://img.qunawan.com/ecmme/wan/xl/goods/20170816/201708161113062874_listfull.jpg",
    "title": "休闲露营 体验式休闲露营 孟屯河谷（2日行程）",
    "money": "299",
    "date": "09/23",
    "city": "成都"
  },
  {
    "url": "http://hd.8264.com/xianlu-170386",
    "img": "http://img.qunawan.com/ecmme/wan/xl/goods/20170816/201708161101007514_listfull.jpg",
    "title": "观景摄影 日出 云海 360 观景平台 达瓦更扎（2日行程）",
    "money": "360",
    "date": "09/23",
    "city": "成都"
  },
  {
    "url": "http://hd.8264.com/xianlu-170379",
    "img": "http://img.qunawan.com/ecmme/wan/xl/goods/20170816/201708161025471195_listfull.jpg",
    "title": "蜀山之王贡嘎徒步穿越（7日行程）",
    "money": "2680",
    "date": "10/01",
    "city": "成都"
  },
  {
    "url": "http://hd.8264.com/xianlu-170029",
    "img": "http://img.qunawan.com/ecmme/wan/xl/goods/20170807/201708070922074224_listfull.jpeg",
    "title": "乌海线 胡杨林 乌海湖 滑沙 阿拉善峡谷 大同城遗址（7日行程）",
    "money": "3980",
    "date": "09/29",
    "city": "银川"
  },
  {
    "url": "http://hd.8264.com/xianlu-169600",
    "img": "http://img.qunawan.com/ecmme/wan/xl/goods/20170727/201707271415105322_listfull.jpg",
    "title": "国庆 中国马尔代夫 月坨岛 赏滦州古城夜景 共4期（2日行程）",
    "money": "280",
    "date": "10/01",
    "city": "北京"
  },
  {
    "url": "http://hd.8264.com/xianlu-169599",
    "img": "http://img.qunawan.com/ecmme/wan/xl/goods/20170727/201707271409326258_listfull.jpg",
    "title": "国庆坝上草原 草原天路 送篝火烤全羊共七期（2日行程）",
    "money": "350",
    "date": "10/01",
    "city": "北京"
  },
  {
    "url": "http://hd.8264.com/xianlu-169577",
    "img": "http://img.qunawan.com/ecmme/wan/xl/goods/20170727/201707271035417174_listfull.jpg",
    "title": "国庆登北岳恒山 探悬空寺 访云冈石窟 共四期（2日行程）",
    "money": "350",
    "date": "10/01",
    "city": "北京"
  },
  {
    "url": "http://hd.8264.com/xianlu-169507",
    "img": "http://img.qunawan.com/ecmme/wan/xl/goods/20170725/201707252125458756_listfull.jpg",
    "title": "坝上草原 闪电湖 大汗行宫 送篝火 烤全羊 策马奔腾（2日行程）",
    "money": "300",
    "date": "09/23",
    "city": "北京"
  },
  {
    "url": "http://hd.8264.com/xianlu-169406",
    "img": "http://img.qunawan.com/ecmme/wan/xl/goods/20170723/201707232227207378_listfull.png",
    "title": "远方的路户外 蝴蝶谷真的有蝴蝶吗 百度不知道 我知道（1日行程）",
    "money": "188",
    "date": "09/23",
    "city": "闵行"
  },
  {
    "url": "http://hd.8264.com/xianlu-169164",
    "img": "http://img.qunawan.com/ecmme/wan/xl/goods/20170718/201707180927089735_listfull.jpg",
    "title": "南宁周边哪里好玩 广西溯溪名地 野炊游泳露营徒步（2日行程）",
    "money": "298",
    "date": "09/23",
    "city": "南宁"
  },
  {
    "url": "http://hd.8264.com/xianlu-169048",
    "img": "http://img.qunawan.com/ecmme/wan/xl/goods/20170714/201707141142474601_listfull.jpg",
    "title": "国庆 登北岳恒山 探悬空寺 访云冈石窟（2日行程）",
    "money": "350",
    "date": "10/01",
    "city": "东城"
  }
]