[
  {
    "url": "http://hd.8264.com/xianlu-168639",
    "img": "http://img.qunawan.com/ecmme/wan/xl/goods/20170710/201707101039021697_listfull.png",
    "title": "徒步珠峰 拉萨东坡嘎玛沟 徒步探险（14日行程）",
    "money": "9800",
    "date": "09/24",
    "city": "拉萨"
  },
  {
    "url": "http://hd.8264.com/xianlu-168633",
    "img": "http://img.qunawan.com/ecmme/wan/xl/goods/20170710/201707101026528581_listfull.png",
    "title": "青藏线 世界屋脊上引人入胜的天然奇观 越野青藏（8日行程）",
    "money": "4600",
    "date": "09/30",
    "city": "西宁"
  },
  {
    "url": "http://hd.8264.com/xianlu-167966",
    "img": "http://img.qunawan.com/ecmme/wan/xl/goods/20170628/201706281455265375_listfull.jpg",
    "title": "平遥古城 乔家大院 休闲游连发四期（2日行程）",
    "money": "450",
    "date": "10/01",
    "city": "北京"
  },
  {
    "url": "http://hd.8264.com/xianlu-167943",
    "img": "http://img.qunawan.com/ecmme/wan/xl/goods/20170628/201706281056283780_listfull.jpg",
    "title": "国庆假期 登北岳恒山 探悬空寺 访云冈石窟（2日行程）",
    "money": "350",
    "date": "10/01",
    "city": "东城"
  },
  {
    "url": "http://hd.8264.com/xianlu-167903",
    "img": "http://img.qunawan.com/ecmme/wan/xl/goods/20170627/201706271713506917_listfull.jpg",
    "title": "越野自驾 川藏南线 稻城亚丁 羊卓雍措 半自助（11日行程）",
    "money": "7980",
    "date": "09/23",
    "city": "成都"
  },
  {
    "url": "http://hd.8264.com/xianlu-167854",
    "img": "http://img.qunawan.com/ecmme/wan/xl/goods/20170913/201709131447051106_listfull.jpg",
    "title": "观景摄影 新开发360 观景平台 红岩顶（2日行程）",
    "money": "360",
    "date": "09/23",
    "city": "成都"
  },
  {
    "url": "http://hd.8264.com/xianlu-168557",
    "img": "http://img.qunawan.com/ecmme/wan/xl/goods/20170707/201707071502151255_listfull.jpg",
    "title": "心花路放 大理双廊 泸沽湖 滇西北（7日行程）",
    "money": "3400",
    "date": "09/23",
    "city": "昆明"
  },
  {
    "url": "http://hd.8264.com/xianlu-167268",
    "img": "http://img.qunawan.com/ecmme/wan/xl/goods/20170619/201706191343322778_listfull.jpg",
    "title": "滇藏线反走11天 秋天的林芝 错过又要等明年（11日行程）",
    "money": "4900",
    "date": "10/07",
    "city": "昆明"
  },
  {
    "url": "http://hd.8264.com/xianlu-165749",
    "img": "http://img.qunawan.com/ecmme/wan/xl/goods/20170527/201705270902302907_listfull.jpg",
    "title": "穿越高黎贡南斋公房原始森林（3日行程）",
    "money": "1680",
    "date": "09/22",
    "city": "大理"
  },
  {
    "url": "http://hd.8264.com/xianlu-165750",
    "img": "http://img.qunawan.com/ecmme/wan/xl/goods/20170527/201705270907236284_listfull.jpg",
    "title": "探秘巨石上的纳西古城 雪山下的石头城（3日行程）",
    "money": "2100",
    "date": "09/22",
    "city": "丽江"
  },
  {
    "url": "http://hd.8264.com/xianlu-164918",
    "img": "http://img.qunawan.com/ecmme/wan/xl/goods/20170516/201705161700217436_listfull.jpg",
    "title": "扎尕那石林户外2017年徒步穿越活动之 B线风情休闲游（2日行程）",
    "money": "350",
    "date": "09/23",
    "city": "甘南"
  },
  {
    "url": "http://hd.8264.com/xianlu-166871",
    "img": "http://img.qunawan.com/ecmme/wan/xl/goods/20170613/201706131503101705_listfull.png",
    "title": "越野自驾 川藏南线 稻城亚丁 羊卓雍措半自助（11日行程）",
    "money": "7980",
    "date": "09/23",
    "city": "成都"
  },
  {
    "url": "http://hd.8264.com/xianlu-164299",
    "img": "http://img.qunawan.com/ecmme/wan/xl/goods/20170601/201706011919099696_listfull.jpg",
    "title": "自主哈巴雪山那玛峰尼泊尔EBC（4日行程）",
    "money": "2980",
    "date": "09/30",
    "city": "成都"
  },
  {
    "url": "http://hd.8264.com/xianlu-164222",
    "img": "http://img.qunawan.com/ecmme/wan/xl/goods/20170904/201709041551222673_listfull.jpg",
    "title": "国庆金秋 情人谷 红石滩 休闲纯玩 户外露营（2日行程）",
    "money": "360",
    "date": "09/23",
    "city": "成都"
  },
  {
    "url": "http://hd.8264.com/xianlu-165746",
    "img": "http://img.qunawan.com/ecmme/wan/xl/goods/20170527/201705270839577957_listfull.jpg",
    "title": "时光惊艳之旅 沙溪 诺邓（3日行程）",
    "money": "880",
    "date": "09/22",
    "city": "大理"
  },
  {
    "url": "http://hd.8264.com/xianlu-163696",
    "img": "http://img.qunawan.com/ecmme/wan/xl/goods/20170504/201705041738388642_listfull.jpg",
    "title": "丽江B 玉龙雪山 泸沽湖 大理古城 崇圣寺三塔 双廊古镇（6日行程）",
    "money": "2380",
    "date": "09/23",
    "city": "丽江"
  },
  {
    "url": "http://hd.8264.com/xianlu-163590",
    "img": "http://img.qunawan.com/ecmme/wan/xl/goods/20170504/201705040621532243_listfull.png",
    "title": "徒步拉练登山云蒙山 七道沟 天仙瀑 爬山穿越（1日行程）",
    "money": "70",
    "date": "09/23",
    "city": "北京"
  },
  {
    "url": "http://hd.8264.com/xianlu-163589",
    "img": "http://img.qunawan.com/ecmme/wan/xl/goods/20170504/201705040617169835_listfull.png",
    "title": "红螺寺 北方普陀红螺寺 环球之旅APEC会址 雁西湖（1日行程）",
    "money": "68",
    "date": "09/23",
    "city": "北京"
  },
  {
    "url": "http://hd.8264.com/xianlu-163587",
    "img": "http://img.qunawan.com/ecmme/wan/xl/goods/20170504/201705040607405835_listfull.png",
    "title": "黑龙潭 登北方奇山 探索怪洞 观密云水库 穿越黑龙潭（1日行程）",
    "money": "69",
    "date": "09/23",
    "city": "北京"
  },
  {
    "url": "http://hd.8264.com/xianlu-163586",
    "img": "http://img.qunawan.com/ecmme/wan/xl/goods/20170504/201705040603294335_listfull.png",
    "title": "八达岭古长城 万里长城 玉关天堑 望长城内外 分外妖娆（1日行程）",
    "money": "60",
    "date": "09/23",
    "city": "北京"
  }
]