[
  {
    "url": "http://hd.8264.com/xianlu-163584",
    "img": "http://img.qunawan.com/ecmme/wan/xl/goods/20170504/201705040553597046_listfull.png",
    "title": "胜芳古镇 胜水荷香 万古流芳 戏楼 牌坊 文昌阁 胜芳博物馆（1日行程）",
    "money": "98",
    "date": "09/23",
    "city": "北京"
  },
  {
    "url": "http://hd.8264.com/xianlu-163583",
    "img": "http://img.qunawan.com/ecmme/wan/xl/goods/20170504/201705040549557992_listfull.png",
    "title": "滴水崖村 探秘宝石沟 土窑洞 断崖绝壁 踏青赏花（1日行程）",
    "money": "139",
    "date": "09/23",
    "city": "北京"
  },
  {
    "url": "http://hd.8264.com/xianlu-163443",
    "img": "http://img.qunawan.com/ecmme/wan/xl/goods/20170502/201705021152164739_listfull.png",
    "title": "黄帝城 寻找始祖帝王 合符坛 黄帝泉 轩辕湖 三祖堂（1日行程）",
    "money": "98",
    "date": "09/23",
    "city": "保定"
  },
  {
    "url": "http://hd.8264.com/xianlu-163423",
    "img": "http://img.qunawan.com/ecmme/wan/xl/goods/20170502/201705020749342470_listfull.png",
    "title": "清东陵 世界遗产名录 孝陵 景陵 裕陵 定东陵（1日行程）",
    "money": "108",
    "date": "09/23",
    "city": "北京"
  },
  {
    "url": "http://hd.8264.com/xianlu-163421",
    "img": "http://img.qunawan.com/ecmme/wan/xl/goods/20170502/201705020736129458_listfull.png",
    "title": "红螺寺 北方普陀红螺寺 环球之旅APEC会址 雁西湖（1日行程）",
    "money": "68",
    "date": "09/23",
    "city": "北京"
  },
  {
    "url": "http://hd.8264.com/xianlu-163420",
    "img": "http://img.qunawan.com/ecmme/wan/xl/goods/20170502/201705020718574379_listfull.png",
    "title": "北京后花园凤凰岭小黄山 神泉 倚山口 飞来塔 一线天（1日行程）",
    "money": "60",
    "date": "09/23",
    "city": "北京"
  },
  {
    "url": "http://hd.8264.com/xianlu-163419",
    "img": "http://img.qunawan.com/ecmme/wan/xl/goods/20170502/201705020712522716_listfull.png",
    "title": "黑龙潭 登北方奇山 探索怪洞 观密云水库 穿越黑龙潭（1日行程）",
    "money": "69",
    "date": "09/23",
    "city": "北京"
  },
  {
    "url": "http://hd.8264.com/xianlu-163418",
    "img": "http://img.qunawan.com/ecmme/wan/xl/goods/20170502/201705020707209951_listfull.png",
    "title": "八达岭古长城 万里长城 玉关天堑 望长城内外 分外妖娆（1日行程）",
    "money": "60",
    "date": "09/23",
    "city": "北京"
  },
  {
    "url": "http://hd.8264.com/xianlu-163416",
    "img": "http://img.qunawan.com/ecmme/wan/xl/goods/20170502/201705020654452081_listfull.png",
    "title": "胜芳古镇 胜水荷香 万古流芳 戏楼 牌坊 文昌阁 胜芳博物馆（1日行程）",
    "money": "98",
    "date": "09/23",
    "city": "保定"
  },
  {
    "url": "http://hd.8264.com/xianlu-163415",
    "img": "http://img.qunawan.com/ecmme/wan/xl/goods/20170502/201705020647427352_listfull.png",
    "title": "滴水崖村 探秘宝石沟 土窑洞 断崖绝壁 踏青赏花（1日行程）",
    "money": "139",
    "date": "09/23",
    "city": "北京"
  },
  {
    "url": "http://hd.8264.com/xianlu-169588",
    "img": "http://img.qunawan.com/ecmme/wan/xl/goods/20170727/201707271149467792_listfull.jpg",
    "title": "国庆 平遥古城 乔家大院休闲游（2日行程）",
    "money": "450",
    "date": "10/01",
    "city": "北京"
  },
  {
    "url": "http://hd.8264.com/xianlu-163387",
    "img": "http://img.qunawan.com/ecmme/wan/xl/goods/20170429/201704291655505832_listfull.jpg",
    "title": "醉美林芝纳木错（8日行程）",
    "money": "3788",
    "date": "09/25",
    "city": "广州"
  },
  {
    "url": "http://hd.8264.com/xianlu-163194",
    "img": "http://img.qunawan.com/ecmme/wan/xl/goods/20170425/201704251615417944_listfull.png",
    "title": "山西杀虎口 贺兰山 苍头河 中陵湖 深度游览走西口之路（2日行程）",
    "money": "458",
    "date": "10/01",
    "city": "北京"
  },
  {
    "url": "http://hd.8264.com/xianlu-171536",
    "img": "http://img.qunawan.com/ecmme/wan/xl/goods/20170905/201709052014523066_listfull.png",
    "title": "河源客家画里乡村 苏家围 挑战高空玻璃栈道（2日行程）",
    "money": "350",
    "date": "10/01",
    "city": "深圳"
  },
  {
    "url": "http://hd.8264.com/xianlu-162848",
    "img": "http://img.qunawan.com/ecmme/wan/xl/goods/20170420/201704201541001689_listfull.png",
    "title": "十渡孤山寨 观瀑布 蹦极 挑战玻璃栈道 划竹筏（2日行程）",
    "money": "299",
    "date": "09/23",
    "city": "北京"
  },
  {
    "url": "http://hd.8264.com/xianlu-162394",
    "img": "http://img.qunawan.com/ecmme/wan/xl/goods/20170417/201704170745051728_listfull.png",
    "title": "天津之眼 游古文化街 北塘古镇 出海打渔 塘沽外滩（2日行程）",
    "money": "380",
    "date": "09/23",
    "city": "北京"
  },
  {
    "url": "http://hd.8264.com/xianlu-163502",
    "img": "http://img.qunawan.com/ecmme/wan/xl/goods/20170502/201705022238455600_listfull.jpg",
    "title": "穿越苏州最经典户外线路 登顶 灵岩山（1日行程）",
    "money": "124",
    "date": "10/07",
    "city": "上海"
  },
  {
    "url": "http://hd.8264.com/xianlu-162388",
    "img": "http://img.qunawan.com/ecmme/wan/xl/goods/20170417/201704170611542496_listfull.png",
    "title": "月坨岛中国马尔代夫 逛滦州古镇赏夜景 欣赏海上温泉（2日行程）",
    "money": "299",
    "date": "09/23",
    "city": "唐山"
  },
  {
    "url": "http://hd.8264.com/xianlu-162364",
    "img": "http://img.qunawan.com/ecmme/wan/xl/goods/20170416/201704161645169914_listfull.png",
    "title": "浪漫月色渤海湾 靓丽翡翠岛 海边烧烤 滑沙 做沙雕休闲腐败（2日行程）",
    "money": "260",
    "date": "09/23",
    "city": "秦皇"
  },
  {
    "url": "http://hd.8264.com/xianlu-162363",
    "img": "http://img.qunawan.com/ecmme/wan/xl/goods/20170416/201704161633594517_listfull.png",
    "title": "渤海明珠翡翠岛 滦州古镇夜景 滑沙 做沙雕休闲度假（2日行程）",
    "money": "260",
    "date": "09/23",
    "city": "秦皇"
  }
]