[
  {
    "url": "http://hd.8264.com/xianlu-162357",
    "img": "http://img.qunawan.com/ecmme/wan/xl/goods/20170416/201704161548314592_listfull.png",
    "title": "易水湖 太行水镇 赏夜景 赤壁外景地 清西陵 千佛森林（2日行程）",
    "money": "290",
    "date": "09/23",
    "city": "北京"
  },
  {
    "url": "http://hd.8264.com/xianlu-162348",
    "img": "http://img.qunawan.com/ecmme/wan/xl/goods/20170416/201704161306163994_listfull.png",
    "title": "行摄 66号公路 草原天路 塞北梯田 骑马射箭（2日行程）",
    "money": "350",
    "date": "09/23",
    "city": "张家"
  },
  {
    "url": "http://hd.8264.com/xianlu-162103",
    "img": "http://img.qunawan.com/ecmme/wan/xl/goods/20170411/201704111643089215_listfull.png",
    "title": "古火山遗址X抓螃蟹X捡贝壳X月光沙滩X海鲜大餐X游轮夜景（1日行程）",
    "money": "388",
    "date": "09/22",
    "city": "厦门"
  },
  {
    "url": "http://hd.8264.com/xianlu-162102",
    "img": "http://img.qunawan.com/ecmme/wan/xl/goods/20170411/201704111636509382_listfull.jpg",
    "title": "学生向导X无需排队X教研室上课X情人谷探秘X厦大趣味（1日行程）",
    "money": "99",
    "date": "09/22",
    "city": "厦门"
  },
  {
    "url": "http://hd.8264.com/xianlu-162098",
    "img": "http://img.qunawan.com/ecmme/wan/xl/goods/20170411/201704111622149289_listfull.jpg",
    "title": "迷失鼓浪屿 X秘密基地X菽庄花园X老别墅下午茶X本地向导（1日行程）",
    "money": "298",
    "date": "09/22",
    "city": "厦门"
  },
  {
    "url": "http://hd.8264.com/xianlu-162097",
    "img": "http://img.qunawan.com/ecmme/wan/xl/goods/20170411/201704111620132774_listfull.jpg",
    "title": "千年古庙X东方古城X渔港码头X丝绸起点（1日行程）",
    "money": "368",
    "date": "09/22",
    "city": "泉州"
  },
  {
    "url": "http://hd.8264.com/xianlu-162074",
    "img": "http://img.qunawan.com/ecmme/wan/xl/goods/20170411/201704111458315000_listfull.jpg",
    "title": "成都出发 色达 稻亚7日游（7日行程）",
    "money": "1800",
    "date": "09/22",
    "city": "成都"
  },
  {
    "url": "http://hd.8264.com/xianlu-162067",
    "img": "http://img.qunawan.com/ecmme/wan/xl/goods/20170411/201704111417106437_listfull.jpg",
    "title": "初级攀登四姑娘山 长坪沟徒步（5日行程）",
    "money": "2480",
    "date": "09/22",
    "city": "成都"
  },
  {
    "url": "http://hd.8264.com/xianlu-161994",
    "img": "http://img.qunawan.com/ecmme/wan/xl/goods/20170410/201704101820232254_listfull.jpg",
    "title": "跑跑卡丁车 专业赛道X专业赛车（1日行程）",
    "money": "91",
    "date": "09/22",
    "city": "厦门"
  },
  {
    "url": "http://hd.8264.com/xianlu-161993",
    "img": "http://img.qunawan.com/ecmme/wan/xl/goods/20170410/201704101815363517_listfull.png",
    "title": "游艇体验 享受生活X海天盛宴（1日行程）",
    "money": "178",
    "date": "09/22",
    "city": "厦门"
  },
  {
    "url": "http://hd.8264.com/xianlu-161991",
    "img": "http://img.qunawan.com/ecmme/wan/xl/goods/20170411/201704110930056418_listfull.png",
    "title": "南靖田螺坑 含接送X门票X午餐X导游（1日行程）",
    "money": "208",
    "date": "09/22",
    "city": "厦门"
  },
  {
    "url": "http://hd.8264.com/xianlu-161988",
    "img": "http://img.qunawan.com/ecmme/wan/xl/goods/20170410/201704101803242552_listfull.jpg",
    "title": "皮划艇体验 无需游泳基础X畅游大海X寻找白海豚（1日行程）",
    "money": "78",
    "date": "09/22",
    "city": "厦门"
  },
  {
    "url": "http://hd.8264.com/xianlu-161601",
    "img": "http://img.qunawan.com/ecmme/wan/xl/goods/20170406/201704061520189898_listfull.jpeg",
    "title": "南澳珊瑚潜水 带您走入神秘的海底世界快艇出海烧烤BBQ（1日行程）",
    "money": "299",
    "date": "09/23",
    "city": "深圳"
  },
  {
    "url": "http://hd.8264.com/xianlu-161172",
    "img": "http://img.qunawan.com/ecmme/wan/xl/goods/20170329/201703291249413708_listfull.jpg",
    "title": "横沙岛骑行 看大海 抓螃蟹 农家菜活动（1日行程）",
    "money": "139",
    "date": "10/07",
    "city": "黄浦"
  },
  {
    "url": "http://hd.8264.com/xianlu-160112",
    "img": "http://img.qunawan.com/ecmme/wan/xl/goods/20170315/201703151413462891_listfull.jpg",
    "title": "团体 私人路线定制 贡嘎 七藏沟 洛克线 稻城亚丁 川藏线（3日行程）",
    "money": "200",
    "date": "09/22",
    "city": "成都"
  },
  {
    "url": "http://hd.8264.com/xianlu-159604",
    "img": "http://img.qunawan.com/ecmme/wan/xl/goods/20170321/201703211105044272_listfull.jpg",
    "title": "大环线 青海丝绸之路（8日行程）",
    "money": "3180",
    "date": "09/26",
    "city": "西宁"
  },
  {
    "url": "http://hd.8264.com/xianlu-158732",
    "img": "http://img.qunawan.com/ecmme/wan/xl/goods/20170227/201702271808394276_listfull.jpg",
    "title": "九寨沟 黄龙 色达喇荣五明佛学院（8日行程）",
    "money": "2980",
    "date": "10/07",
    "city": "成都"
  },
  {
    "url": "http://hd.8264.com/xianlu-161293",
    "img": "http://img.qunawan.com/ecmme/wan/xl/goods/20170331/201703311406219052_listfull.jpg",
    "title": "天上阿里 南线 珠峰大本营11日自驾游（11日行程）",
    "money": "11500",
    "date": "09/24",
    "city": "拉萨"
  },
  {
    "url": "http://hd.8264.com/xianlu-157520",
    "img": "http://img.qunawan.com/ecmme/wan/xl/goods/20170216/201702161623522328_listfull.jpg",
    "title": "2017推荐 海螺沟 稻城亚丁 丹巴藏寨 四姑娘山深度摄影（8日行程）",
    "money": "2780",
    "date": "09/23",
    "city": "成都"
  },
  {
    "url": "http://hd.8264.com/xianlu-155119",
    "img": "http://img.qunawan.com/ecmme/wan/xl/goods/20170110/201701102223038544_listfull.jpg",
    "title": "达瓦更扎 观日出云海星空（2日行程）",
    "money": "299",
    "date": "09/23",
    "city": "成都"
  }
]