[
  {
    "url": "http://hd.8264.com/xianlu-171815",
    "img": "http://img.qunawan.com/ecmme/wan/xl/goods/20170912/201709121024319045_listfull.jpg",
    "title": "国庆长假 攀登四姑娘山二峰加长穿毕（6日行程）",
    "money": "3000",
    "date": "10/01",
    "city": "安庆"
  },
  {
    "url": "http://hd.8264.com/xianlu-171783",
    "img": "http://img.qunawan.com/ecmme/wan/xl/goods/20170911/201709111633374193_listfull.png",
    "title": "醉美滇东南哀牢山 神秘花腰傣 抚仙湖 建水古城 普者黑（7日行程）",
    "money": "3580",
    "date": "10/01",
    "city": "昆明"
  },
  {
    "url": "http://hd.8264.com/xianlu-171771",
    "img": "http://img.qunawan.com/ecmme/wan/xl/goods/20170911/201709111555047201_listfull.jpg",
    "title": "秘境贡嘎 寻觅哪些鲜为人知的秘境 贡嘎山独家深度摄影环线（10日行程）",
    "money": "6480",
    "date": "10/14",
    "city": "成都"
  },
  {
    "url": "http://hd.8264.com/xianlu-171770",
    "img": "http://img.qunawan.com/ecmme/wan/xl/goods/20170911/201709111543173348_listfull.png",
    "title": "七彩云南A线 柔情丽江朝圣摄影之旅（7日行程）",
    "money": "2680",
    "date": "09/25",
    "city": "丽江"
  },
  {
    "url": "http://hd.8264.com/xianlu-171758",
    "img": "http://img.qunawan.com/ecmme/wan/xl/goods/20170911/201709111224581600_listfull.jpg",
    "title": "2017国庆假期 登雪山看彩林 二峰加长穿毕（6日行程）",
    "money": "3000",
    "date": "09/23",
    "city": "成都"
  },
  {
    "url": "http://hd.8264.com/xianlu-171753",
    "img": "http://img.qunawan.com/ecmme/wan/xl/goods/20170911/201709111611257561_listfull.jpg",
    "title": "特价活动 行走山脊 徒步龙坞 探秘杭城仅存古道（1日行程）",
    "money": "99",
    "date": "10/21",
    "city": "上海"
  },
  {
    "url": "http://hd.8264.com/xianlu-171748",
    "img": "http://img.qunawan.com/ecmme/wan/xl/goods/20170911/201709111028386221_listfull.jpg",
    "title": "国庆雪山之梦 四姑娘山二峰加长穿毕 适合新驴（6日行程）",
    "money": "3000",
    "date": "10/01",
    "city": "成都"
  },
  {
    "url": "http://hd.8264.com/xianlu-171746",
    "img": "http://img.qunawan.com/ecmme/wan/xl/goods/20170911/201709110723057211_listfull.jpg",
    "title": "醉美泸沽湖 巍巍玉龙山 惊奇虎跳峡 梦幻亚丁行（11日行程）",
    "money": "7780",
    "date": "09/22",
    "city": "成都"
  },
  {
    "url": "http://hd.8264.com/xianlu-171738",
    "img": "http://img.qunawan.com/ecmme/wan/xl/goods/20170910/201709100350306079_listfull.jpg",
    "title": "川西旅游大环线 拜水都江堰 问道青城山（6日行程）",
    "money": "3980",
    "date": "09/22",
    "city": "成都"
  },
  {
    "url": "http://hd.8264.com/xianlu-171737",
    "img": "http://img.qunawan.com/ecmme/wan/xl/goods/20170910/201709100318556071_listfull.jpg",
    "title": "云端之路那玛峰2017年攀登行程（6日行程）",
    "money": "6000",
    "date": "09/27",
    "city": "成都"
  },
  {
    "url": "http://hd.8264.com/xianlu-171726",
    "img": "http://img.qunawan.com/ecmme/wan/xl/goods/20170909/201709091524519993_listfull.jpg",
    "title": "泸沽湖摩梭风情体验旅程（2日行程）",
    "money": "790",
    "date": "09/22",
    "city": "丽江"
  },
  {
    "url": "http://hd.8264.com/xianlu-171725",
    "img": "http://img.qunawan.com/ecmme/wan/xl/goods/20170909/201709091522073223_listfull.jpg",
    "title": "大理古城风情深度游（2日行程）",
    "money": "680",
    "date": "09/22",
    "city": "丽江"
  },
  {
    "url": "http://hd.8264.com/xianlu-171721",
    "img": "http://img.qunawan.com/ecmme/wan/xl/goods/20170909/201709091210591561_listfull.jpg",
    "title": "河北小桂林 易水湖 赤壁外景的拍摄地 走 高山栈道 休闲路线（1日行程）",
    "money": "89",
    "date": "09/23",
    "city": "北京"
  },
  {
    "url": "http://hd.8264.com/xianlu-172083",
    "img": "http://img.qunawan.com/ecmme/wan/xl/goods/20170917/201709171323418216_listfull.jpg",
    "title": "世界屋脊 西藏阿里北线 深入古格王朝 深度摄影游（13日行程）",
    "money": "5800",
    "date": "10/01",
    "city": "拉萨"
  },
  {
    "url": "http://hd.8264.com/xianlu-171724",
    "img": "http://img.qunawan.com/ecmme/wan/xl/goods/20170909/201709091450356447_listfull.jpg",
    "title": "香格里拉藏地风情深度体验游（2日行程）",
    "money": "890",
    "date": "09/22",
    "city": "丽江"
  },
  {
    "url": "http://hd.8264.com/xianlu-171705",
    "img": "http://img.qunawan.com/ecmme/wan/xl/goods/20170908/201709081450384498_listfull.jpg",
    "title": "2017国庆节 阿里大北线 古格 冈仁波齐 摄影深度（13日行程）",
    "money": "5800",
    "date": "09/23",
    "city": "拉萨"
  },
  {
    "url": "http://hd.8264.com/xianlu-171701",
    "img": "http://img.qunawan.com/ecmme/wan/xl/goods/20170908/201709081331406385_listfull.jpg",
    "title": "2017国庆稻城 川藏线阿里包车服务 路线设计（10日行程）",
    "money": "1",
    "date": "09/22",
    "city": "成都"
  },
  {
    "url": "http://hd.8264.com/xianlu-171696",
    "img": "http://img.qunawan.com/ecmme/wan/xl/goods/20170908/201709081315055544_listfull.jpg",
    "title": "2017国庆梅里大外传 甲应村 茶马古道 不远万里寻找自己（10日行程）",
    "money": "6999",
    "date": "09/23",
    "city": "香格"
  },
  {
    "url": "http://hd.8264.com/xianlu-171675",
    "img": "http://img.qunawan.com/ecmme/wan/xl/goods/20170907/201709072343353144_listfull.jpg",
    "title": "2017国庆 转山转水转佛塔 梅里雪山大外转加茶马古道（13日行程）",
    "money": "6999",
    "date": "09/29",
    "city": "迪庆"
  },
  {
    "url": "http://hd.8264.com/xianlu-171750",
    "img": "http://img.qunawan.com/ecmme/wan/xl/goods/20170914/201709140930498737_listfull.jpg",
    "title": "特价活动 单日徒步 莫厘峰 穿越东山苜里峰 品太湖大蟹（1日行程）",
    "money": "111",
    "date": "10/14",
    "city": "上海"
  }
]