[
  {
    "url": "http://hd.8264.com/xianlu-154131",
    "img": "http://img.qunawan.com/ecmme/wan/xl/goods/20161229/201612291932106608_listfull.jpg",
    "title": "川滇藏香格里拉之魂的寻觅 惊艳探秘摄影之旅 全年多期（7日行程）",
    "money": "2780",
    "date": "10/01",
    "city": "丽江"
  },
  {
    "url": "http://hd.8264.com/xianlu-152986",
    "img": "http://img.qunawan.com/ecmme/wan/xl/goods/20161220/201612201528519509_listfull.jpg",
    "title": "北京最高峰 东灵山 主峰折返活动（1日行程）",
    "money": "70",
    "date": "10/01",
    "city": "北京"
  },
  {
    "url": "http://hd.8264.com/xianlu-150491",
    "img": "http://img.qunawan.com/ecmme/wan/xl/goods/20161208/201612082325038419_listfull.jpg",
    "title": "四姑娘山二峰攀登 初级雪山攀登 人生的第一座雪山（3日行程）",
    "money": "1680",
    "date": "09/22",
    "city": "成都"
  },
  {
    "url": "http://hd.8264.com/xianlu-143098",
    "img": "http://img.qunawan.com/ecmme/wan/xl/goods/20161108/201611081112294515_listfull.jpg",
    "title": "探寻上海最隐秘海岛 大洋山环岛徒步 看海 吃海鲜活动（1日行程）",
    "money": "178",
    "date": "10/01",
    "city": "黄浦"
  },
  {
    "url": "http://hd.8264.com/xianlu-134235",
    "img": "http://img.qunawan.com/ecmme/wan/xl/goods/20160928/201609282135182585_listfull.jpg",
    "title": "巅峰徒步之哈巴雪山（4日行程）",
    "money": "3000",
    "date": "10/07",
    "city": "丽江"
  },
  {
    "url": "http://hd.8264.com/xianlu-132070",
    "img": "http://img.qunawan.com/ecmme/wan/xl/goods/20160921/201609211248477142_listfull.jpg",
    "title": "2016国庆相约额济纳旗胡杨林 青海 巴丹吉林沙漠摄影之旅（9日行程）",
    "money": "3980",
    "date": "09/28",
    "city": "西宁"
  },
  {
    "url": "http://hd.8264.com/xianlu-129673",
    "img": "http://img.qunawan.com/ecmme/wan/xl/goods/20160911/201609111520043319_listfull.jpg",
    "title": "国庆专线 登顶太湖第一峰 缥缈峰（1日行程）",
    "money": "139",
    "date": "10/07",
    "city": "上海"
  },
  {
    "url": "http://hd.8264.com/xianlu-116377",
    "img": "http://img.qunawan.com/ecmme/wan/xl/goods/20160727/201607271459474694_listfull.jpg",
    "title": "北疆 喀纳斯 禾木 五彩城 五彩滩 天山天池 吐鲁番（11日行程）",
    "money": "6280",
    "date": "09/22",
    "city": "乌鲁"
  },
  {
    "url": "http://hd.8264.com/xianlu-114399",
    "img": "http://img.qunawan.com/ecmme/wan/xl/goods/20160721/201607211556318780_listfull.jpg",
    "title": "单日莫干山古道徒步 重走蒋公道 玩味历史名人墨迹（1日行程）",
    "money": "110",
    "date": "10/07",
    "city": "杭州"
  },
  {
    "url": "http://hd.8264.com/xianlu-19565",
    "img": "http://img.qunawan.com/ecmme/wan/xl/goods/20160701/201607012315124017_listfull.jpg",
    "title": "登北岳恒山 观最美风光 悬空寺 云冈石窟（2日行程）",
    "money": "350",
    "date": "09/23",
    "city": "北京"
  },
  {
    "url": "http://hd.8264.com/xianlu-12978",
    "img": "http://img.qunawan.com/ecmme/wan/xl/goods/20160615/201606151231151520_listfull.jpg",
    "title": "华北明珠 5A景区 荷花大观园 看盛夏荷花别样红（1日行程）",
    "money": "166",
    "date": "09/23",
    "city": "北京"
  },
  {
    "url": "http://hd.8264.com/xianlu-10743",
    "img": "http://img.qunawan.com/ecmme/wan/xl/goods/20160607/201606071420529201_listfull.png",
    "title": "十里银滩双月湾露营 沙滩烧烤 沙滩KTV 看日出 出海捕鱼（2日行程）",
    "money": "188",
    "date": "09/23",
    "city": "深圳"
  },
  {
    "url": "http://hd.8264.com/xianlu-2687",
    "img": "http://img.qunawan.com/ecmme/wan/xl/goods/20160328/201603281639425249_listfull.jpg",
    "title": "重返徽商之路 徒步穿越徽杭古道（2日行程）",
    "money": "315",
    "date": "10/01",
    "city": "苏州"
  },
  {
    "url": "http://hd.8264.com/xianlu-1348",
    "img": "http://img.qunawan.com/ecmme/wan/xl/goods/20150605/201506051746109175_listfull.jpg",
    "title": "2017额济纳A线 胡杨林 张掖丹霞 嘉峪关 居延海（8日行程）",
    "money": "4180",
    "date": "09/22",
    "city": "西宁"
  },
  {
    "url": "http://hd.8264.com/xianlu-172124",
    "img": "http://img.qunawan.com/ecmme/wan/xl/goods/20170918/201709181301344049_listfull.jpg",
    "title": "新昌十九峰 千丈幽谷（3日行程）",
    "money": "380",
    "date": "10/27",
    "city": "徐汇"
  },
  {
    "url": "http://hd.8264.com/xianlu-171754",
    "img": "http://img.qunawan.com/ecmme/wan/xl/goods/20170911/201709111610262021_listfull.jpg",
    "title": "极限挑战 勇敢者的游戏 仙居飞拉达 岩上的舞蹈 慎报名（3日行程）",
    "money": "450",
    "date": "10/27",
    "city": "上海"
  },
  {
    "url": "http://hd.8264.com/xianlu-166590",
    "img": "http://img.qunawan.com/ecmme/wan/xl/goods/20170608/201706081725317506_listfull.jpg",
    "title": "南太行徒步穿越 九莲山 锡崖沟 抱犊村 八里沟 户外休闲（3日行程）",
    "money": "480",
    "date": "10/27",
    "city": "北京"
  },
  {
    "url": "http://hd.8264.com/xianlu-164968",
    "img": "http://img.qunawan.com/ecmme/wan/xl/goods/20170517/201705171128495811_listfull.jpg",
    "title": "全年计划 武功山火车团（4日行程）",
    "money": "710",
    "date": "09/30",
    "city": "广州"
  },
  {
    "url": "http://hd.8264.com/xianlu-161149",
    "img": "http://img.qunawan.com/ecmme/wan/xl/goods/20170329/201703291008267793_listfull.jpg",
    "title": "大漠召集令 库布其沙漠轻装徒步穿越（4日行程）",
    "money": "1580",
    "date": "10/01",
    "city": "包头"
  },
  {
    "url": "http://hd.8264.com/xianlu-158480",
    "img": "http://img.qunawan.com/ecmme/wan/xl/goods/20170224/201702241619018605_listfull.jpg",
    "title": "大美色稻 佛国圣地色达 稻城亚丁（8日行程）",
    "money": "3280",
    "date": "09/22",
    "city": "成都"
  }
]