[
  {
    "url": "http://hd.8264.com/xianlu-157708",
    "img": "http://img.qunawan.com/ecmme/wan/xl/goods/20170218/201702182340524376_listfull.jpg",
    "title": "诗画库布其一一徒步穿越沙漠自由行（4日行程）",
    "money": "1580",
    "date": "10/01",
    "city": "包头"
  },
  {
    "url": "http://hd.8264.com/xianlu-157272",
    "img": "http://img.qunawan.com/ecmme/wan/xl/goods/20170214/201702141456036596_listfull.jpg",
    "title": "华东驴友进阶必修课 江西武功山徒步穿越之旅（3日行程）",
    "money": "328",
    "date": "10/04",
    "city": "杭州"
  },
  {
    "url": "http://hd.8264.com/xianlu-134828",
    "img": "http://img.qunawan.com/ecmme/wan/xl/goods/20161003/201610031802192073_listfull.jpg",
    "title": "全球绝美顶级徒步路线 ACT徒步（13日行程）",
    "money": "8800",
    "date": "09/29",
    "city": "加德"
  },
  {
    "url": "http://hd.8264.com/xianlu-17833",
    "img": "http://img.qunawan.com/ecmme/wan/xl/goods/20160628/201606281253367502_listfull.jpg",
    "title": "川藏线越野环线拼车自由行一路游玩去拉萨（10日行程）",
    "money": "3880",
    "date": "09/22",
    "city": "成都"
  },
  {
    "url": "http://hd.8264.com/xianlu-11221",
    "img": "http://img.qunawan.com/ecmme/wan/xl/goods/20160609/201606091230283817_listfull.jpg",
    "title": "风云古道 徒步中国十大经典线路之一四姑娘山长坪沟穿越毕棚沟（6日行程）",
    "money": "2480",
    "date": "09/30",
    "city": "杭州"
  },
  {
    "url": "http://hd.8264.com/xianlu-171683",
    "img": "http://img.qunawan.com/ecmme/wan/xl/goods/20170908/201709081126255594_listfull.jpg",
    "title": "徒步穿越桃花岭古道 探索千年古村的旧时光（1日行程）",
    "money": "178",
    "date": "09/23",
    "city": "上海"
  },
  {
    "url": "http://hd.8264.com/xianlu-172215",
    "img": "http://img.qunawan.com/ecmme/wan/xl/goods/20170920/201709201502256369_listfull.jpg",
    "title": "红海滩（3日行程）",
    "money": "600",
    "date": "10/01",
    "city": "北京"
  },
  {
    "url": "http://hd.8264.com/xianlu-172153",
    "img": "http://img.qunawan.com/ecmme/wan/xl/goods/20170919/201709191305248758_listfull.jpg",
    "title": "探访华东香格里拉 登顶人间仙境公盂背 感受仙居飞拉达（3日行程）",
    "money": "680",
    "date": "10/06",
    "city": "上海"
  },
  {
    "url": "http://hd.8264.com/xianlu-172003",
    "img": "http://img.qunawan.com/ecmme/wan/xl/goods/20170915/201709151046493894_listfull.jpg",
    "title": "国庆 坝上草原 纵马草原 秋天的童话 喇叭沟门最美秋色（3日行程）",
    "money": "388",
    "date": "10/01",
    "city": "张家"
  },
  {
    "url": "http://hd.8264.com/xianlu-172001",
    "img": "http://img.qunawan.com/ecmme/wan/xl/goods/20170915/201709151032463071_listfull.jpg",
    "title": "国庆 井底村 比郭亮村更美 穿越挂壁公路 下到最美井底（3日行程）",
    "money": "398",
    "date": "10/01",
    "city": "朝阳"
  },
  {
    "url": "http://hd.8264.com/xianlu-172132",
    "img": "http://img.qunawan.com/ecmme/wan/xl/goods/20170918/201709181722104552_listfull.jpg",
    "title": "第二届中国 霞浦醉美海岸线徒步露营大会（2日行程）",
    "money": "288",
    "date": "10/06",
    "city": "福建"
  },
  {
    "url": "http://hd.8264.com/xianlu-171922",
    "img": "http://img.qunawan.com/ecmme/wan/xl/goods/20170914/201709140930448547_listfull.jpg",
    "title": "离成都最近的稻城亚丁 川西秘境 玛嘉沟 去看秋天的童话（3日行程）",
    "money": "680",
    "date": "10/01",
    "city": "成都"
  },
  {
    "url": "http://hd.8264.com/xianlu-171766",
    "img": "http://img.qunawan.com/ecmme/wan/xl/goods/20170911/201709111411049967_listfull.jpg",
    "title": "周末 坝上草原 骑马 免费烤全羊 赏坝上秋景 篝火狂欢（3日行程）",
    "money": "260",
    "date": "09/22",
    "city": "北京"
  },
  {
    "url": "http://hd.8264.com/xianlu-171689",
    "img": "http://img.qunawan.com/ecmme/wan/xl/goods/20170908/201709081205474683_listfull.png",
    "title": "夜爬泰山看日出 泰安老街闲逛（2日行程）",
    "money": "199",
    "date": "10/06",
    "city": "天津"
  },
  {
    "url": "http://hd.8264.com/xianlu-171364",
    "img": "http://img.qunawan.com/ecmme/wan/xl/goods/20170902/201709021435423416_listfull.jpg",
    "title": "四姑娘山大峰 挑战人生中的第一个5000米登山活动（3日行程）",
    "money": "1630",
    "date": "10/01",
    "city": "成都"
  },
  {
    "url": "http://hd.8264.com/xianlu-171362",
    "img": "http://img.qunawan.com/ecmme/wan/xl/goods/20170902/201709021406147801_listfull.jpg",
    "title": "朝拜蜀山之王贡嘎雪山子梅垭口巴王海泉华滩草科温泉（3日行程）",
    "money": "750",
    "date": "10/01",
    "city": "成都"
  },
  {
    "url": "http://hd.8264.com/xianlu-170827",
    "img": "http://img.qunawan.com/ecmme/wan/xl/goods/20170824/201708241030045988_listfull.jpg",
    "title": "国庆 在坝上草原 是收获了友谊 还是遇见了爱情（2日行程）",
    "money": "380",
    "date": "10/01",
    "city": "北京"
  },
  {
    "url": "http://hd.8264.com/xianlu-170811",
    "img": "http://img.qunawan.com/ecmme/wan/xl/goods/20170823/201708232225061620_listfull.jpg",
    "title": "国庆 金秋乌兰布统大草原将军泡子公主湖影视基地越野车穿越（3日行程）",
    "money": "660",
    "date": "10/01",
    "city": "北京"
  },
  {
    "url": "http://hd.8264.com/xianlu-170045",
    "img": "http://img.qunawan.com/ecmme/wan/xl/goods/20170807/201708071656304451_listfull.jpg",
    "title": "坝上草原最美季节 骑马 免费烤全羊 篝火狂欢（3日行程）",
    "money": "260",
    "date": "09/22",
    "city": "北京"
  },
  {
    "url": "http://hd.8264.com/xianlu-169934",
    "img": "http://img.qunawan.com/ecmme/wan/xl/goods/20170803/201708031551505325_listfull.jpg",
    "title": "樂吧 坝上草原 骑马 闪电湖 送篝火 送烤全羊（2日行程）",
    "money": "299",
    "date": "09/23",
    "city": "朝阳"
  }
]