[
  {
    "url": "http://hd.8264.com/xianlu-169552",
    "img": "http://img.qunawan.com/ecmme/wan/xl/goods/20170726/201707261732293988_listfull.jpg",
    "title": "国庆 美林谷 勃隆克沙漠 达理湖 锡林郭勒大草原赏秋色（3日行程）",
    "money": "688",
    "date": "10/01",
    "city": "北京"
  },
  {
    "url": "http://hd.8264.com/xianlu-168786",
    "img": "http://img.qunawan.com/ecmme/wan/xl/goods/20170831/201708311329466678_listfull.jpg",
    "title": "十一假期 坝上草原 骑马 免费送烤全羊 篝火狂欢（3日行程）",
    "money": "260",
    "date": "09/30",
    "city": "北京"
  },
  {
    "url": "http://hd.8264.com/xianlu-168673",
    "img": "http://img.qunawan.com/ecmme/wan/xl/goods/20170913/201709131523264107_listfull.jpg",
    "title": "2017国庆版 藏地秘境 玛嘉沟周末露营（3日行程）",
    "money": "680",
    "date": "09/30",
    "city": "成都"
  },
  {
    "url": "http://hd.8264.com/xianlu-168155",
    "img": "http://img.qunawan.com/ecmme/wan/xl/goods/20170630/201706301623176619_listfull.jpg",
    "title": "骑马旅行 呼伦贝尔大草原牧人生活深度体验（3日行程）",
    "money": "5600",
    "date": "09/22",
    "city": "呼伦"
  },
  {
    "url": "http://hd.8264.com/xianlu-167973",
    "img": "http://img.qunawan.com/ecmme/wan/xl/goods/20170628/201706281509323684_listfull.jpg",
    "title": "大美色达 色达 稻城亚丁经典行摄（8日行程）",
    "money": "3580",
    "date": "09/22",
    "city": "安庆"
  },
  {
    "url": "http://hd.8264.com/xianlu-167896",
    "img": "http://img.qunawan.com/ecmme/wan/xl/goods/20170627/201706271648014739_listfull.jpg",
    "title": "海上观明月 锦州红海滩 笔架山 九门口长城（3日行程）",
    "money": "599",
    "date": "10/01",
    "city": "东城"
  },
  {
    "url": "http://hd.8264.com/xianlu-167830",
    "img": "http://img.qunawan.com/ecmme/wan/xl/goods/20170627/201706271422499898_listfull.jpg",
    "title": "国庆五彩斑斓 塞罕坝 乌兰布统 公主湖 草原休闲摄影游（3日行程）",
    "money": "650",
    "date": "10/01",
    "city": "北京"
  },
  {
    "url": "http://hd.8264.com/xianlu-167626",
    "img": "http://img.qunawan.com/ecmme/wan/xl/goods/20170623/201706232245136555_listfull.jpg",
    "title": "国庆专线 感受手脚并用登山的乐趣 行走山脊 登顶高骊山（1日行程）",
    "money": "139",
    "date": "10/06",
    "city": "上海"
  },
  {
    "url": "http://hd.8264.com/xianlu-169116",
    "img": "http://img.qunawan.com/ecmme/wan/xl/goods/20170717/201707171210318594_listfull.jpg",
    "title": "世界十大徒步线路 香港麦理浩径 品味小众香港（4日行程）",
    "money": "980",
    "date": "10/02",
    "city": "上海"
  },
  {
    "url": "http://hd.8264.com/xianlu-167162",
    "img": "http://img.qunawan.com/ecmme/wan/xl/goods/20170617/201706170058553952_listfull.jpg",
    "title": "圆梦云中草原 论绝世武功山（2日行程）",
    "money": "528",
    "date": "09/23",
    "city": "广州"
  },
  {
    "url": "http://hd.8264.com/xianlu-166987",
    "img": "http://img.qunawan.com/ecmme/wan/xl/goods/20170614/201706141748163642_listfull.jpg",
    "title": "呼伦贝尔大草原满洲里额尔古纳恩和室韦高端户外纯玩越野深度穿越（5日行程）",
    "money": "2090",
    "date": "09/26",
    "city": "呼伦"
  },
  {
    "url": "http://hd.8264.com/xianlu-166819",
    "img": "http://img.qunawan.com/ecmme/wan/xl/goods/20170613/201706130343173851_listfull.jpg",
    "title": "诗和远方 尽在湘西 2017马拉河（3日行程）",
    "money": "588",
    "date": "09/22",
    "city": "武汉"
  },
  {
    "url": "http://hd.8264.com/xianlu-165609",
    "img": "http://img.qunawan.com/ecmme/wan/xl/goods/20170525/201705250105536450_listfull.png",
    "title": "白河峡谷扎营 露营烧烤 露天卡拉OK 真人CS 漂流（2日行程）",
    "money": "220",
    "date": "09/23",
    "city": "北京"
  },
  {
    "url": "http://hd.8264.com/xianlu-165050",
    "img": "http://img.qunawan.com/ecmme/wan/xl/goods/20170517/201705171954068260_listfull.jpg",
    "title": "端午节仰天湖草原 雾漫小东江 丹霞地貌高椅岭 流华湾古村（3日行程）",
    "money": "599",
    "date": "10/01",
    "city": "广州"
  },
  {
    "url": "http://hd.8264.com/xianlu-164280",
    "img": "http://img.qunawan.com/ecmme/wan/xl/goods/20170509/201705092309177187_listfull.png",
    "title": "太行大峡谷 林州 井底村 挂壁公路 神龙湾天瀑峡 寻古探幽（3日行程）",
    "money": "650",
    "date": "10/01",
    "city": "北京"
  },
  {
    "url": "http://hd.8264.com/xianlu-164278",
    "img": "http://img.qunawan.com/ecmme/wan/xl/goods/20170509/201705092257312767_listfull.png",
    "title": "美在井底村 太行大峡谷 挂壁公路 比郭亮村更美 南太行山（3日行程）",
    "money": "350",
    "date": "09/30",
    "city": "北京"
  },
  {
    "url": "http://hd.8264.com/xianlu-163499",
    "img": "http://img.qunawan.com/ecmme/wan/xl/goods/20170502/201705022218099969_listfull.jpg",
    "title": "穿越无锡丘陵腹地 徒步军嶂古道丛林（1日行程）",
    "money": "124",
    "date": "10/06",
    "city": "上海"
  },
  {
    "url": "http://hd.8264.com/xianlu-163057",
    "img": "http://img.qunawan.com/ecmme/wan/xl/goods/20170424/201704241025523109_listfull.png",
    "title": "太行大峡谷 林州 寻古探幽 观飞瀑奇峡休闲游（3日行程）",
    "money": "650",
    "date": "10/01",
    "city": "北京"
  },
  {
    "url": "http://hd.8264.com/xianlu-163049",
    "img": "http://img.qunawan.com/ecmme/wan/xl/goods/20170424/201704241012008308_listfull.png",
    "title": "邯郸武安京娘湖 仙境七步沟 梦幻黄粱梦 休闲游（3日行程）",
    "money": "580",
    "date": "10/01",
    "city": "北京"
  },
  {
    "url": "http://hd.8264.com/xianlu-163038",
    "img": "http://img.qunawan.com/ecmme/wan/xl/goods/20170424/201704240853249215_listfull.png",
    "title": "邯郸武安京娘湖 仙境七步沟 梦幻黄粱梦 休闲游（3日行程）",
    "money": "580",
    "date": "10/01",
    "city": "北京"
  }
]