[
  {
    "url": "http://hd.8264.com/xianlu-163047",
    "img": "http://img.qunawan.com/ecmme/wan/xl/goods/20170424/201704241005299560_listfull.png",
    "title": "威海鸡鸣岛 爸爸去哪儿拍摄地 蓬莱 月亮湾沙滩 休闲游（4日行程）",
    "money": "780",
    "date": "09/30",
    "city": "北京"
  },
  {
    "url": "http://hd.8264.com/xianlu-162873",
    "img": "http://img.qunawan.com/ecmme/wan/xl/goods/20170420/201704201636546493_listfull.png",
    "title": "山西云冈石窟 芦芽山万年冰洞 悬崖栈道 马伦草原 汾河源头（3日行程）",
    "money": "880",
    "date": "10/01",
    "city": "北京"
  },
  {
    "url": "http://hd.8264.com/xianlu-162843",
    "img": "http://img.qunawan.com/ecmme/wan/xl/goods/20170420/201704201530267758_listfull.png",
    "title": "山西云冈石窟 芦芽山万年冰洞 悬崖栈道 马伦草原 汾河源头（3日行程）",
    "money": "880",
    "date": "10/01",
    "city": "北京"
  },
  {
    "url": "http://hd.8264.com/xianlu-162828",
    "img": "http://img.qunawan.com/ecmme/wan/xl/goods/20170420/201704201455531403_listfull.png",
    "title": "山西芦芽山 马伦草原 万年冰洞 汾河源头 石门悬棺（3日行程）",
    "money": "698",
    "date": "10/01",
    "city": "北京"
  },
  {
    "url": "http://hd.8264.com/xianlu-162651",
    "img": "http://img.qunawan.com/ecmme/wan/xl/goods/20170419/201704191059448952_listfull.jpg",
    "title": "西藏A 拉萨 林芝 南迦巴瓦 纳木错 日喀则 羊湖南山11日（11日行程）",
    "money": "5800",
    "date": "09/22",
    "city": "拉萨"
  },
  {
    "url": "http://hd.8264.com/xianlu-162389",
    "img": "http://img.qunawan.com/ecmme/wan/xl/goods/20170417/201704170624265972_listfull.png",
    "title": "山西壶口瀑布 平遥古城 乔家大院 王家大院（3日行程）",
    "money": "799",
    "date": "10/01",
    "city": "太原"
  },
  {
    "url": "http://hd.8264.com/xianlu-162340",
    "img": "http://img.qunawan.com/ecmme/wan/xl/goods/20170416/201704161130215004_listfull.png",
    "title": "山西壶口瀑布 平遥古城 乔家大院 王家大院 休闲度假（3日行程）",
    "money": "799",
    "date": "10/01",
    "city": "太原"
  },
  {
    "url": "http://hd.8264.com/xianlu-162012",
    "img": "http://img.qunawan.com/ecmme/wan/xl/goods/20170410/201704102220562508_listfull.jpg",
    "title": "香港世界地质公园徒步（1日行程）",
    "money": "50",
    "date": "09/24",
    "city": "深圳"
  },
  {
    "url": "http://hd.8264.com/xianlu-161987",
    "img": "http://img.qunawan.com/ecmme/wan/xl/goods/20170410/201704101800435030_listfull.jpg",
    "title": "帆船体验 美国帆船X职业教练X寻找白海豚X环岛南路接送（1日行程）",
    "money": "118",
    "date": "09/22",
    "city": "厦门"
  },
  {
    "url": "http://hd.8264.com/xianlu-161982",
    "img": "http://img.qunawan.com/ecmme/wan/xl/goods/20170410/201704101738152214_listfull.jpg",
    "title": "方特游乐园 过山车X方特乐园X梦幻剧场 门票（1日行程）",
    "money": "190",
    "date": "09/22",
    "city": "安庆"
  },
  {
    "url": "http://hd.8264.com/xianlu-161936",
    "img": "http://img.qunawan.com/ecmme/wan/xl/goods/20170410/201704101331287840_listfull.jpg",
    "title": "官方授权 成都芙蓉国粹演艺甲乙丙门票 锦江剧场川剧变脸（1日行程）",
    "money": "150",
    "date": "09/22",
    "city": "成都"
  },
  {
    "url": "http://hd.8264.com/xianlu-161867",
    "img": "http://img.qunawan.com/ecmme/wan/xl/goods/20170409/201704092340488889_listfull.jpg",
    "title": "银川旅游包车旅行（1日行程）",
    "money": "200",
    "date": "09/22",
    "city": "银川"
  },
  {
    "url": "http://hd.8264.com/xianlu-161468",
    "img": "http://img.qunawan.com/ecmme/wan/xl/goods/20170405/201704051149565373_listfull.jpg",
    "title": "科莫多皮划艇跳岛挑战（3日行程）",
    "money": "1980",
    "date": "09/22",
    "city": "巴厘"
  },
  {
    "url": "http://hd.8264.com/xianlu-161432",
    "img": "http://img.qunawan.com/ecmme/wan/xl/goods/20170404/201704041414533181_listfull.jpg",
    "title": "穿越大兴安岭漠河 畅游呼伦贝尔大草原8天7晚自由行（8日行程）",
    "money": "2680",
    "date": "09/22",
    "city": "大兴"
  },
  {
    "url": "http://hd.8264.com/xianlu-160604",
    "img": "http://img.qunawan.com/ecmme/wan/xl/goods/20170321/201703211744294797_listfull.jpg",
    "title": "穿越罗布泊 探秘古楼兰（10日行程）",
    "money": "32800",
    "date": "10/06",
    "city": "黄浦"
  },
  {
    "url": "http://hd.8264.com/xianlu-160592",
    "img": "http://img.qunawan.com/ecmme/wan/xl/goods/20170321/201703211635041752_listfull.jpg",
    "title": "穿越罗布泊 探秘古楼兰（10日行程）",
    "money": "32800",
    "date": "10/06",
    "city": "黄浦"
  },
  {
    "url": "http://hd.8264.com/xianlu-160408",
    "img": "http://img.qunawan.com/ecmme/wan/xl/goods/20170319/201703192024422707_listfull.jpg",
    "title": "哈巴是您梦的开始（25日行程）",
    "money": "20",
    "date": "09/22",
    "city": "丽江"
  },
  {
    "url": "http://hd.8264.com/xianlu-159918",
    "img": "http://img.qunawan.com/ecmme/wan/xl/goods/20170913/201709131536231105_listfull.png",
    "title": "丹巴 莫斯卡 甲居藏寨 土拨鼠 日出 云海 流星 星空（3日行程）",
    "money": "680",
    "date": "09/28",
    "city": "成都"
  },
  {
    "url": "http://hd.8264.com/xianlu-159727",
    "img": "http://img.qunawan.com/ecmme/wan/xl/goods/20170310/201703100936433897_listfull.jpg",
    "title": "坝上秋摄 北沟杨树背五彩山蛤蟆坝公主湖等坝上草原秋色一网打尽（6日行程）",
    "money": "2680",
    "date": "09/22",
    "city": "北京"
  },
  {
    "url": "http://hd.8264.com/xianlu-159608",
    "img": "http://img.qunawan.com/ecmme/wan/xl/goods/20170308/201703081457194222_listfull.jpg",
    "title": "穿越河西走廊 重游丝绸之路（7日行程）",
    "money": "1260",
    "date": "09/22",
    "city": "西宁"
  }
]