[
  {
    "url": "http://hd.8264.com/xianlu-159367",
    "img": "http://img.qunawan.com/ecmme/wan/xl/goods/20170306/201703060411062716_listfull.jpg",
    "title": "重装露营 香港最美徒步路线 麦理浩径（5日行程）",
    "money": "1350",
    "date": "10/06",
    "city": "石家"
  },
  {
    "url": "http://hd.8264.com/xianlu-163431",
    "img": "http://img.qunawan.com/ecmme/wan/xl/goods/20170502/201705021019294867_listfull.png",
    "title": "乌兰布统 红山军马场 塞罕坝 公主湖 将军泡子 骑马射箭（3日行程）",
    "money": "548",
    "date": "09/22",
    "city": "承德"
  },
  {
    "url": "http://hd.8264.com/xianlu-158796",
    "img": "http://img.qunawan.com/ecmme/wan/xl/goods/20170228/201702281125321789_listfull.jpg",
    "title": "重庆矿山遗址公园户外体验攀岩索降（1日行程）",
    "money": "200",
    "date": "09/22",
    "city": "重庆"
  },
  {
    "url": "http://hd.8264.com/xianlu-158616",
    "img": "http://img.qunawan.com/ecmme/wan/xl/goods/20170227/201702271014558852_listfull.jpg",
    "title": "重装徒步洛克线 最后的香格里拉（10日行程）",
    "money": "1000",
    "date": "09/22",
    "city": "重庆"
  },
  {
    "url": "http://hd.8264.com/xianlu-156995",
    "img": "http://img.qunawan.com/ecmme/wan/xl/goods/20170210/201702101156266272_listfull.jpg",
    "title": "2017长穿毕经典 四姑娘山长坪沟毕棚沟穿越（5日行程）",
    "money": "2480",
    "date": "10/05",
    "city": "成都"
  },
  {
    "url": "http://hd.8264.com/xianlu-155798",
    "img": "http://img.qunawan.com/ecmme/wan/xl/goods/20170118/201701181424532608_listfull.jpg",
    "title": "海南东线骑行 让我们私奔到天涯海角去 报名送户外头巾一条（8日行程）",
    "money": "1200",
    "date": "10/06",
    "city": "佛山"
  },
  {
    "url": "http://hd.8264.com/xianlu-150040",
    "img": "http://img.qunawan.com/ecmme/wan/xl/goods/20170825/201708251730167919_listfull.png",
    "title": "国庆金秋 贡嘎朝拜徙步 贡嘎雪山 子梅垭口 巴王海（3日行程）",
    "money": "580",
    "date": "09/22",
    "city": "成都"
  },
  {
    "url": "http://hd.8264.com/xianlu-138024",
    "img": "http://img.qunawan.com/ecmme/wan/xl/goods/20170905/201709051644419947_listfull.png",
    "title": "国庆金秋牛背山兄弟山 四人同山 观云海 日落 日出 星空（3日行程）",
    "money": "450",
    "date": "09/22",
    "city": "成都"
  },
  {
    "url": "http://hd.8264.com/xianlu-128348",
    "img": "http://img.qunawan.com/ecmme/wan/xl/goods/20160907/201609071132325448_listfull.jpg",
    "title": "川藏南线 稻城亚丁 来古村（10日行程）",
    "money": "6980",
    "date": "09/22",
    "city": "成都"
  },
  {
    "url": "http://hd.8264.com/xianlu-125122",
    "img": "http://img.qunawan.com/ecmme/wan/xl/goods/20160829/201608291313383594_listfull.jpg",
    "title": "醉美海岸线黑排角徒步（1日行程）",
    "money": "120",
    "date": "10/01",
    "city": "深圳"
  },
  {
    "url": "http://hd.8264.com/xianlu-17913",
    "img": "http://img.qunawan.com/ecmme/wan/xl/goods/20160628/201606281611419910_listfull.jpg",
    "title": "新昌飞越千丈幽谷 探秘倒脱靴 俯瞰江南第一拐 韩妃江大拐弯（1日行程）",
    "money": "130",
    "date": "10/06",
    "city": "杭州"
  },
  {
    "url": "http://hd.8264.com/xianlu-14183",
    "img": "http://img.qunawan.com/ecmme/wan/xl/goods/20160618/201606181858475167_listfull.jpg",
    "title": "拉萨川藏线318国道 稻城亚丁 西藏经典越野车自由行（10日行程）",
    "money": "3880",
    "date": "09/22",
    "city": "成都"
  },
  {
    "url": "http://hd.8264.com/xianlu-155014",
    "img": "http://img.qunawan.com/ecmme/wan/xl/goods/20170109/201701091749269951_listfull.jpg",
    "title": "风起云涌 华尖山（3日行程）",
    "money": "500",
    "date": "09/22",
    "city": "成都"
  },
  {
    "url": "http://hd.8264.com/xianlu-20674",
    "img": "http://img.qunawan.com/ecmme/wan/xl/goods/20160706/201607061518028412_listfull.jpg",
    "title": "在那山花烂漫时 年保玉则 色达川西越野环线休闲摄影之旅（5日行程）",
    "money": "2080",
    "date": "09/27",
    "city": "成都"
  },
  {
    "url": "http://hd.8264.com/xianlu-155462",
    "img": "http://img.qunawan.com/ecmme/wan/xl/goods/20170114/201701141335056959_listfull.png",
    "title": "雪山之吻高山服务团队2017年青海玉珠峰6178米计划（7日行程）",
    "money": "8500",
    "date": "10/01",
    "city": "海西"
  },
  {
    "url": "http://hd.8264.com/xianlu-164081",
    "img": "http://img.qunawan.com/ecmme/wan/xl/goods/20170601/201706011030492232_listfull.jpg",
    "title": "中国十非 湖南K2韭菜岭 山高水远总是情（3日行程）",
    "money": "558",
    "date": "09/22",
    "city": "广州"
  },
  {
    "url": "http://hd.8264.com/xianlu-172138",
    "img": "http://img.qunawan.com/ecmme/wan/xl/goods/20170919/201709191110057738_listfull.png",
    "title": "大美长城 秋登v字型长城（1日行程）",
    "money": "130",
    "date": "10/28",
    "city": "天津"
  },
  {
    "url": "http://hd.8264.com/xianlu-171757",
    "img": "http://img.qunawan.com/ecmme/wan/xl/goods/20170914/201709141049404107_listfull.jpg",
    "title": "名山系列 登泰山而小天下 体会天人合一的圣人思想（2日行程）",
    "money": "188",
    "date": "10/28",
    "city": "泰安"
  },
  {
    "url": "http://hd.8264.com/xianlu-171429",
    "img": "http://img.qunawan.com/ecmme/wan/xl/goods/20170904/201709041145283341_listfull.jpg",
    "title": "醉在秋风送爽时深度行摄四姑娘山丹巴色达海螺沟红叶之旅（8日行程）",
    "money": "3180",
    "date": "10/28",
    "city": "成都"
  },
  {
    "url": "http://hd.8264.com/xianlu-171350",
    "img": "http://img.qunawan.com/ecmme/wan/xl/goods/20170901/201709012146351382_listfull.jpg",
    "title": "探秘怒江 独龙江大峡谷 世外桃源丙中洛（9日行程）",
    "money": "3680",
    "date": "09/23",
    "city": "昆明"
  }
]