[
  {
    "url": "http://hd.8264.com/xianlu-170361",
    "img": "http://img.qunawan.com/ecmme/wan/xl/goods/20170815/201708151827583554_listfull.jpg",
    "title": "醉在秋风送爽时深度行摄四姑娘山丹巴色达海螺沟红叶之旅（8日行程）",
    "money": "3180",
    "date": "10/28",
    "city": "成都"
  },
  {
    "url": "http://hd.8264.com/xianlu-169275",
    "img": "http://img.qunawan.com/ecmme/wan/xl/goods/20170719/201707191943374405_listfull.jpg",
    "title": "徒步穿越百花岭高黎贡山原始森林（5日行程）",
    "money": "1590",
    "date": "09/22",
    "city": "丽江"
  },
  {
    "url": "http://hd.8264.com/xianlu-168006",
    "img": "http://img.qunawan.com/ecmme/wan/xl/goods/20170629/201706291020449025_listfull.jpg",
    "title": "雪山和神的国度 尼泊尔深度体验（8日行程）",
    "money": "3180",
    "date": "09/30",
    "city": "加德"
  },
  {
    "url": "http://hd.8264.com/xianlu-165871",
    "img": "http://img.qunawan.com/ecmme/wan/xl/goods/20170531/201705311649141885_listfull.jpg",
    "title": "2017年 尼泊尔珠峰南坡大本营EBC徒步活动召集（14日行程）",
    "money": "8600",
    "date": "09/30",
    "city": "加德"
  },
  {
    "url": "http://hd.8264.com/xianlu-164771",
    "img": "http://img.qunawan.com/ecmme/wan/xl/goods/20170515/201705151741545277_listfull.jpg",
    "title": "雪山与神的国度 加德满都 纳加阔特 奇特旺 博卡拉深度游（8日行程）",
    "money": "3180",
    "date": "09/30",
    "city": "加德"
  },
  {
    "url": "http://hd.8264.com/xianlu-163731",
    "img": "http://img.qunawan.com/ecmme/wan/xl/goods/20170504/201705042231217201_listfull.jpg",
    "title": "尼泊尔ABC 安娜普尔纳大本营 ABC徒步计划（12日行程）",
    "money": "4700",
    "date": "09/30",
    "city": "加德"
  },
  {
    "url": "http://hd.8264.com/xianlu-162365",
    "img": "http://img.qunawan.com/ecmme/wan/xl/goods/20170416/201704161647396035_listfull.jpg",
    "title": "尼泊尔深度体验 加德满都 纳加阔特 博卡拉 奇特旺（8日行程）",
    "money": "3180",
    "date": "09/30",
    "city": "加德"
  },
  {
    "url": "http://hd.8264.com/xianlu-162356",
    "img": "http://img.qunawan.com/ecmme/wan/xl/goods/20170416/201704161545207053_listfull.jpg",
    "title": "尼泊尔珠峰南坡环线EBC 徒步（14日行程）",
    "money": "8600",
    "date": "09/30",
    "city": "加德"
  },
  {
    "url": "http://hd.8264.com/xianlu-161878",
    "img": "http://img.qunawan.com/ecmme/wan/xl/goods/20170410/201704100833199818_listfull.",
    "title": "秀甲天下齐云山穿越（3日行程）",
    "money": "450",
    "date": "09/30",
    "city": "广州"
  },
  {
    "url": "http://hd.8264.com/xianlu-161542",
    "img": "http://img.qunawan.com/ecmme/wan/xl/goods/20170406/201704060402007068_listfull.jpg",
    "title": "2017 冬季自主宁金抗沙峰（11日行程）",
    "money": "12000",
    "date": "10/28",
    "city": "拉萨"
  },
  {
    "url": "http://hd.8264.com/xianlu-161694",
    "img": "http://img.qunawan.com/ecmme/wan/xl/goods/20170407/201704071445053652_listfull.jpg",
    "title": "独家地狱穿越天堂线路  卡斯地狱谷穿越稻城亚丁（8日行程）",
    "money": "4280",
    "date": "10/28",
    "city": "成都"
  },
  {
    "url": "http://hd.8264.com/xianlu-157692",
    "img": "http://img.qunawan.com/ecmme/wan/xl/goods/20170218/201702181502421376_listfull.jpg",
    "title": "柬埔寨 高棉的微笑 柬埔寨吴哥窟的时光假期（7日行程）",
    "money": "2880",
    "date": "10/01",
    "city": "金边"
  },
  {
    "url": "http://hd.8264.com/xianlu-151477",
    "img": "http://img.qunawan.com/ecmme/wan/xl/goods/20161213/201612131743149773_listfull.jpg",
    "title": "高棉的微笑 柬埔寨吴哥窟的时光假期（7日行程）",
    "money": "2880",
    "date": "10/01",
    "city": "金边"
  },
  {
    "url": "http://hd.8264.com/xianlu-147874",
    "img": "http://img.qunawan.com/ecmme/wan/xl/goods/20161128/201611281848102094_listfull.jpg",
    "title": "雪山和神的国度 尼泊尔深度体验（8日行程）",
    "money": "3180",
    "date": "09/30",
    "city": "加德"
  },
  {
    "url": "http://hd.8264.com/xianlu-147458",
    "img": "http://img.qunawan.com/ecmme/wan/xl/goods/20161126/201611260013112075_listfull.jpg",
    "title": "尼泊尔EBC徒步 天堂的约会（14日行程）",
    "money": "8600",
    "date": "09/30",
    "city": "加德"
  },
  {
    "url": "http://hd.8264.com/xianlu-145734",
    "img": "http://img.qunawan.com/ecmme/wan/xl/goods/20161118/201611181502197390_listfull.jpg",
    "title": "尼泊尔ABC大环线徒步 世界最美十大徒步路线之一（11日行程）",
    "money": "5900",
    "date": "09/30",
    "city": "加德"
  },
  {
    "url": "http://hd.8264.com/xianlu-137459",
    "img": "http://img.qunawan.com/ecmme/wan/xl/goods/20161017/201610171718116681_listfull.jpg",
    "title": "稻城亚丁转山 从亚丁的全世界路过（8日行程）",
    "money": "3280",
    "date": "10/01",
    "city": "成都"
  },
  {
    "url": "http://hd.8264.com/xianlu-137123",
    "img": "http://img.qunawan.com/ecmme/wan/xl/goods/20161013/201610132049577621_listfull.jpg",
    "title": "行走的力量 坡峰岭热力赏秋徒步（1日行程）",
    "money": "150",
    "date": "10/28",
    "city": "天津"
  },
  {
    "url": "http://hd.8264.com/xianlu-134219",
    "img": "http://img.qunawan.com/ecmme/wan/xl/goods/20161221/201612211605509718_listfull.jpg",
    "title": "尼泊尔 安娜普尔纳大本营ABC徒步（11日行程）",
    "money": "5980",
    "date": "09/30",
    "city": "加德"
  },
  {
    "url": "http://hd.8264.com/xianlu-17887",
    "img": "http://img.qunawan.com/ecmme/wan/xl/goods/20160628/201606281552494222_listfull.jpg",
    "title": "探访华东最后的香格里拉 勇登公盂背 轻装10公里（2日行程）",
    "money": "260",
    "date": "10/04",
    "city": "杭州"
  }
]