[
  {
    "url": "http://hd.8264.com/xianlu-11219",
    "img": "http://img.qunawan.com/ecmme/wan/xl/goods/20160609/201606091224373271_listfull.jpg",
    "title": "贡嘎转山 蜀山之王大环线完美穿越 穿越挑战极限（8日行程）",
    "money": "2880",
    "date": "09/30",
    "city": "杭州"
  },
  {
    "url": "http://hd.8264.com/xianlu-8093",
    "img": "http://img.qunawan.com/ecmme/wan/xl/goods/20160529/201605291246273165_listfull.jpg",
    "title": "风云古道 穿越中国十大徒步线路之一徽杭古道（2日行程）",
    "money": "318",
    "date": "10/28",
    "city": "杭州"
  },
  {
    "url": "http://hd.8264.com/xianlu-2696",
    "img": "http://img.qunawan.com/ecmme/wan/xl/goods/20160328/201603281646297937_listfull.jpg",
    "title": "喜马拉雅  雪山环绕 鸡年ABC（12日行程）",
    "money": "4800",
    "date": "09/30",
    "city": "加德"
  },
  {
    "url": "http://hd.8264.com/xianlu-415",
    "img": "http://img.qunawan.com/ecmme/wan/xl/goods/20170104/201701041454112040_listfull.jpg",
    "title": "尼泊尔安娜普尔纳大本营 ABC 徒步（12日行程）",
    "money": "4800",
    "date": "09/30",
    "city": "加德"
  },
  {
    "url": "http://hd.8264.com/xianlu-244",
    "img": "http://img.qunawan.com/ecmme/wan/xl/goods/20170104/201701041503346885_listfull.jpg",
    "title": "尼泊尔深度体验 加德满都 纳加阔特 博卡拉 奇特旺（8日行程）",
    "money": "3180",
    "date": "09/30",
    "city": "加德"
  },
  {
    "url": "http://hd.8264.com/xianlu-171949",
    "img": "http://img.qunawan.com/ecmme/wan/xl/goods/20170914/201709141206247473_listfull.png",
    "title": "国庆特辑 重装徒步 安徽龙须七姑战龙脊 重装徒步线路（3日行程）",
    "money": "380",
    "date": "10/05",
    "city": "上海"
  },
  {
    "url": "http://hd.8264.com/xianlu-161383",
    "img": "http://img.qunawan.com/ecmme/wan/xl/goods/20170401/201704011741158241_listfull.jpg",
    "title": "云中草原 户外天堂 经典武功山徒步（4日行程）",
    "money": "388",
    "date": "10/02",
    "city": "南京"
  },
  {
    "url": "http://hd.8264.com/xianlu-172207",
    "img": "http://img.qunawan.com/ecmme/wan/xl/goods/20170920/201709201200004103_listfull.jpg",
    "title": "库不齐扎营 经典东线轻装穿越 体验大漠荒凉 扎营 住宿均可（4日行程）",
    "money": "350",
    "date": "09/30",
    "city": "包头"
  },
  {
    "url": "http://hd.8264.com/xianlu-172097",
    "img": "http://img.qunawan.com/ecmme/wan/xl/goods/20170917/201709171850015783_listfull.png",
    "title": "乌拉盖 狼图腾拍摄地 勃隆克 九曲湾 天鹅湖 玉龙沙湖（4日行程）",
    "money": "450",
    "date": "09/30",
    "city": "北京"
  },
  {
    "url": "http://hd.8264.com/xianlu-172076",
    "img": "http://img.qunawan.com/ecmme/wan/xl/goods/20170916/201709161820422323_listfull.jpg",
    "title": "无锡出发 登缥缈峰 徒步山脊仙境 看太湖万顷风光（1日行程）",
    "money": "138",
    "date": "10/05",
    "city": "无锡"
  },
  {
    "url": "http://hd.8264.com/xianlu-171891",
    "img": "http://img.qunawan.com/ecmme/wan/xl/goods/20170913/201709131508222055_listfull.jpg",
    "title": "国庆活动 海岛之刷州岛露营 2017年末尾海岛露营二（2日行程）",
    "money": "350",
    "date": "10/05",
    "city": "深圳"
  },
  {
    "url": "http://hd.8264.com/xianlu-171792",
    "img": "http://img.qunawan.com/ecmme/wan/xl/goods/20170911/201709111701485348_listfull.jpg",
    "title": "达瓦更扎 看云海 看星空 看云海 你来吗（2日行程）",
    "money": "138",
    "date": "09/23",
    "city": "成都"
  },
  {
    "url": "http://hd.8264.com/xianlu-171549",
    "img": "http://img.qunawan.com/ecmme/wan/xl/goods/20170906/201709060916511763_listfull.jpg",
    "title": "从千年 陈峭 古村徒步到5A鸳鸯溪 深度游福建的 西双版纳（2日行程）",
    "money": "388",
    "date": "10/05",
    "city": "福州"
  },
  {
    "url": "http://hd.8264.com/xianlu-171531",
    "img": "http://img.qunawan.com/ecmme/wan/xl/goods/20170905/201709051706292850_listfull.jpg",
    "title": "72小时 挑战皮划艇（3日行程）",
    "money": "1499",
    "date": "10/05",
    "city": "河源"
  },
  {
    "url": "http://hd.8264.com/xianlu-171414",
    "img": "http://img.qunawan.com/ecmme/wan/xl/goods/20170904/201709041052143157_listfull.jpg",
    "title": "十一国庆 游盘锦天下奇观 红海滩 东戴河黄金沙滩戏水逐浪（3日行程）",
    "money": "600",
    "date": "10/01",
    "city": "东城"
  },
  {
    "url": "http://hd.8264.com/xianlu-171412",
    "img": "http://img.qunawan.com/ecmme/wan/xl/goods/20170904/201709041033204222_listfull.jpg",
    "title": "十一国庆 游古北口水镇 雾灵湖 云岫谷（2日行程）",
    "money": "350",
    "date": "10/01",
    "city": "北京"
  },
  {
    "url": "http://hd.8264.com/xianlu-171345",
    "img": "http://img.qunawan.com/ecmme/wan/xl/goods/20170901/201709011853536058_listfull.png",
    "title": "额济纳胡杨林 巴丹吉林沙漠 青海 敦煌 仙米彩林摄影（12日行程）",
    "money": "6580",
    "date": "09/27",
    "city": "兰州"
  },
  {
    "url": "http://hd.8264.com/xianlu-171901",
    "img": "http://img.qunawan.com/ecmme/wan/xl/goods/20170913/201709131657347052_listfull.jpg",
    "title": "国庆专线 神奇海岛 长岛浪漫游（3日行程）",
    "money": "1150",
    "date": "10/01",
    "city": "烟台"
  },
  {
    "url": "http://hd.8264.com/xianlu-171154",
    "img": "http://img.qunawan.com/ecmme/wan/xl/goods/20170830/201708301854071401_listfull.jpg",
    "title": "额济纳旗D线 金秋最美的颜色走进美丽的内蒙古额济纳旗胡杨林（9日行程）",
    "money": "3980",
    "date": "09/28",
    "city": "兰州"
  },
  {
    "url": "http://hd.8264.com/xianlu-171152",
    "img": "http://img.qunawan.com/ecmme/wan/xl/goods/20170830/201708301851359963_listfull.jpg",
    "title": "额济纳旗C线 成都出发 带您领略西北沙漠奇观（11日行程）",
    "money": "4280",
    "date": "09/27",
    "city": "成都"
  }
]