[
  {
    "url": "http://hd.8264.com/xianlu-171191",
    "img": "http://img.qunawan.com/ecmme/wan/xl/goods/20170831/201708311027095326_listfull.jpg",
    "title": "国庆 中国马尔代夫 月坨岛邂逅 滦州古城（2日行程）",
    "money": "280",
    "date": "10/01",
    "city": "北京"
  },
  {
    "url": "http://hd.8264.com/xianlu-171065",
    "img": "http://img.qunawan.com/ecmme/wan/xl/goods/20170829/201708291710036402_listfull.jpg",
    "title": "国庆共三期 十渡东湖港 竹筏 篝火 漂流 自助烧烤（2日行程）",
    "money": "339",
    "date": "10/01",
    "city": "朝阳"
  },
  {
    "url": "http://hd.8264.com/xianlu-170876",
    "img": "http://img.qunawan.com/ecmme/wan/xl/goods/20170824/201708242014199817_listfull.jpeg",
    "title": "登顶巍巍铁匠山穿越黑洞瀑布群 探神秘 仙人洞（3日行程）",
    "money": "368",
    "date": "10/05",
    "city": "宣城"
  },
  {
    "url": "http://hd.8264.com/xianlu-170807",
    "img": "http://img.qunawan.com/ecmme/wan/xl/goods/20170823/201708232139436853_listfull.jpg",
    "title": "国庆 乌兰布统 锡林郭勒达里湖将军泡子公主湖小火山曼陀山（4日行程）",
    "money": "699",
    "date": "10/01",
    "city": "北京"
  },
  {
    "url": "http://hd.8264.com/xianlu-170806",
    "img": "http://img.qunawan.com/ecmme/wan/xl/goods/20170823/201708232129289165_listfull.jpg",
    "title": "国庆 库不齐沙漠红石峡波浪谷壶口瀑布无购物无夜车（4日行程）",
    "money": "999",
    "date": "10/01",
    "city": "北京"
  },
  {
    "url": "http://hd.8264.com/xianlu-170703",
    "img": "http://img.qunawan.com/ecmme/wan/xl/goods/20170822/201708221637314634_listfull.jpg",
    "title": "额济纳摄影A（7日行程）",
    "money": "3980",
    "date": "09/30",
    "city": "西宁"
  },
  {
    "url": "http://hd.8264.com/xianlu-170591",
    "img": "http://img.qunawan.com/ecmme/wan/xl/goods/20170821/201708210944542263_listfull.jpg",
    "title": "国庆 美林谷 勃隆克沙漠 玉龙沙湖 贡格尔大草原（3日行程）",
    "money": "680",
    "date": "10/01",
    "city": "东城"
  },
  {
    "url": "http://hd.8264.com/xianlu-170311",
    "img": "http://img.qunawan.com/ecmme/wan/xl/goods/20170814/201708141721127046_listfull.jpg",
    "title": "喀纳斯 禾木 白哈巴 贾登峪玩遍新疆阿勒泰地区（9日行程）",
    "money": "4780",
    "date": "09/23",
    "city": "乌鲁"
  },
  {
    "url": "http://hd.8264.com/xianlu-170338",
    "img": "http://img.qunawan.com/ecmme/wan/xl/goods/20170815/201708151013491479_listfull.jpg",
    "title": "国庆假期畅游平遥古城 王家大院 赏晋中美景 品美食快乐（2日行程）",
    "money": "450",
    "date": "10/01",
    "city": "北京"
  },
  {
    "url": "http://hd.8264.com/xianlu-169607",
    "img": "http://img.qunawan.com/ecmme/wan/xl/goods/20170727/201707271445137355_listfull.jpg",
    "title": "国庆 徒步库布齐沙漠 老牛湾 A队穿越 B队休闲 两期连发（4日行程）",
    "money": "650",
    "date": "10/01",
    "city": "北京"
  },
  {
    "url": "http://hd.8264.com/xianlu-169586",
    "img": "http://img.qunawan.com/ecmme/wan/xl/goods/20170727/201707271134076502_listfull.jpg",
    "title": "库不齐沙漠 红石峡 波浪谷 壶口瀑布 大召寺 共三期（4日行程）",
    "money": "990",
    "date": "10/01",
    "city": "北京"
  },
  {
    "url": "http://hd.8264.com/xianlu-169581",
    "img": "http://img.qunawan.com/ecmme/wan/xl/goods/20170727/201707271059357528_listfull.jpg",
    "title": "国庆 策马乌兰布统草原 将军泡子 公主湖看醉美日落（3日行程）",
    "money": "650",
    "date": "10/01",
    "city": "北京"
  },
  {
    "url": "http://hd.8264.com/xianlu-169265",
    "img": "http://img.qunawan.com/ecmme/wan/xl/goods/20170719/201707191723169288_listfull.jpg",
    "title": "国庆假期坝上骑马 吃烤全羊 篝火狂欢（3日行程）",
    "money": "260",
    "date": "09/22",
    "city": "北京"
  },
  {
    "url": "http://hd.8264.com/xianlu-169047",
    "img": "http://img.qunawan.com/ecmme/wan/xl/goods/20170714/201707141136493493_listfull.jpg",
    "title": "国庆 徒步库布齐沙漠 老牛湾 A队穿越 B队休闲（4日行程）",
    "money": "650",
    "date": "10/01",
    "city": "东城"
  },
  {
    "url": "http://hd.8264.com/xianlu-168858",
    "img": "http://img.qunawan.com/ecmme/wan/xl/goods/20170712/201707120819563813_listfull.jpg",
    "title": "秋季不走夜车乌兰布统 蛤蟆坝 五彩山休闲摄影（3日行程）",
    "money": "650",
    "date": "10/01",
    "city": "朝阳"
  },
  {
    "url": "http://hd.8264.com/xianlu-171502",
    "img": "http://img.qunawan.com/ecmme/wan/xl/goods/20170905/201709051049442340_listfull.jpeg",
    "title": "额济纳旗D线不走重复路（9日行程）",
    "money": "3980",
    "date": "09/28",
    "city": "兰州"
  },
  {
    "url": "http://hd.8264.com/xianlu-167941",
    "img": "http://img.qunawan.com/ecmme/wan/xl/goods/20170628/201706281048093557_listfull.jpg",
    "title": "国庆假期 徒步库布齐沙漠 老牛湾 A队穿越 B队休闲（4日行程）",
    "money": "650",
    "date": "10/01",
    "city": "东城"
  },
  {
    "url": "http://hd.8264.com/xianlu-167887",
    "img": "http://img.qunawan.com/ecmme/wan/xl/goods/20170913/201709131532202508_listfull.jpg",
    "title": "库不齐沙漠 红石峡 波浪谷 壶口瀑布 无购物 无夜车（4日行程）",
    "money": "999",
    "date": "10/01",
    "city": "东城"
  },
  {
    "url": "http://hd.8264.com/xianlu-166602",
    "img": "http://img.qunawan.com/ecmme/wan/xl/goods/20170609/201706090124072536_listfull.jpg",
    "title": "国庆专线 走进 浙东香格里拉 徒步宁波九龙湖群山 赏湖光山色（1日行程）",
    "money": "139",
    "date": "10/05",
    "city": "上海"
  },
  {
    "url": "http://hd.8264.com/xianlu-171529",
    "img": "http://img.qunawan.com/ecmme/wan/xl/goods/20170905/201709051740436062_listfull.jpg",
    "title": "返璞之旅 行走在额济纳旗胡杨林寻找最真实的自己（4日行程）",
    "money": "2380",
    "date": "10/05",
    "city": "银川"
  }
]