[
  {
    "url": "http://hd.8264.com/xianlu-165495",
    "img": "http://img.qunawan.com/ecmme/wan/xl/goods/20170523/201705231618505446_listfull.png",
    "title": "坝上草原 多伦草原 闪电湖 姑娘湖 访元上都遗址 骑马（3日行程）",
    "money": "590",
    "date": "10/01",
    "city": "北京"
  },
  {
    "url": "http://hd.8264.com/xianlu-165432",
    "img": "http://img.qunawan.com/ecmme/wan/xl/goods/20170523/201705230131529294_listfull.png",
    "title": "盘锦红海滩 游九门口长城 走神奇天路 笔架山 休闲游（3日行程）",
    "money": "650",
    "date": "10/01",
    "city": "北京"
  },
  {
    "url": "http://hd.8264.com/xianlu-165042",
    "img": "http://img.qunawan.com/ecmme/wan/xl/goods/20170517/201705171826305265_listfull.jpg",
    "title": "萧山经典户外线路 西山公园穿越（1日行程）",
    "money": "160",
    "date": "10/05",
    "city": "上海"
  },
  {
    "url": "http://hd.8264.com/xianlu-164319",
    "img": "http://img.qunawan.com/ecmme/wan/xl/goods/20170912/201709121647419213_listfull.jpg",
    "title": "十一假期 游盘锦天下奇观红海滩 东戴河黄金沙滩（3日行程）",
    "money": "600",
    "date": "10/01",
    "city": "北京"
  },
  {
    "url": "http://hd.8264.com/xianlu-163404",
    "img": "http://img.qunawan.com/ecmme/wan/xl/goods/20170501/201705010034538377_listfull.jpg",
    "title": "呼伦贝尔草原深度游亲子游户外摄影会议旅游包车租车（5日行程）",
    "money": "1580",
    "date": "10/05",
    "city": "呼伦"
  },
  {
    "url": "http://hd.8264.com/xianlu-163037",
    "img": "http://img.qunawan.com/ecmme/wan/xl/goods/20170424/201704240845212096_listfull.png",
    "title": "南太行山 马武寨 秦家磨大峡谷 红石岩 七仙潭 赏太行山水（4日行程）",
    "money": "380",
    "date": "09/30",
    "city": "北京"
  },
  {
    "url": "http://hd.8264.com/xianlu-171953",
    "img": "http://img.qunawan.com/ecmme/wan/xl/goods/20170914/201709141438567505_listfull.jpg",
    "title": "国庆广东最美十大海岛之龟龄岛露营 风车岛行摄 抓螃蟹日落日出（2日行程）",
    "money": "330",
    "date": "10/05",
    "city": "深圳"
  },
  {
    "url": "http://hd.8264.com/xianlu-162595",
    "img": "http://img.qunawan.com/ecmme/wan/xl/goods/20170418/201704182240246075_listfull.jpg",
    "title": "徒步千年 吴越古道 赏浙西天池探神秘 仙人洞 行程（3日行程）",
    "money": "368",
    "date": "10/05",
    "city": "宣城"
  },
  {
    "url": "http://hd.8264.com/xianlu-162149",
    "img": "http://img.qunawan.com/ecmme/wan/xl/goods/20170412/201704121434294984_listfull.jpg",
    "title": "山脊上的舞蹈 龙须山七姑山重装或轻装连穿（2日行程）",
    "money": "400",
    "date": "10/05",
    "city": "南京"
  },
  {
    "url": "http://hd.8264.com/xianlu-162001",
    "img": "http://img.qunawan.com/ecmme/wan/xl/goods/20170410/201704102118226838_listfull.png",
    "title": "山西晋中文化 平遥古城 乔家大院 王家大院 览美景 吃美食（2日行程）",
    "money": "360",
    "date": "10/01",
    "city": "西城"
  },
  {
    "url": "http://hd.8264.com/xianlu-161859",
    "img": "http://img.qunawan.com/ecmme/wan/xl/goods/20170409/201704091710424965_listfull.png",
    "title": "沙漠新玩法 彩徒腾格里（1日行程）",
    "money": "100",
    "date": "09/22",
    "city": "阿拉"
  },
  {
    "url": "http://hd.8264.com/xianlu-161865",
    "img": "http://img.qunawan.com/ecmme/wan/xl/goods/20170409/201704092250574566_listfull.jpg",
    "title": "东极赏明月 海岛过中秋 一起邂逅属于你的后会无期（4日行程）",
    "money": "430",
    "date": "10/05",
    "city": "上海"
  },
  {
    "url": "http://hd.8264.com/xianlu-161484",
    "img": "http://img.qunawan.com/ecmme/wan/xl/goods/20170405/201704051407597964_listfull.jpg",
    "title": "纵马驰骋呼伦贝尔大草原月牙湾狼岛魅力满洲里深度纯玩游（6日行程）",
    "money": "2180",
    "date": "09/23",
    "city": "呼和"
  },
  {
    "url": "http://hd.8264.com/xianlu-161259",
    "img": "http://img.qunawan.com/ecmme/wan/xl/goods/20170330/201703301516383189_listfull.jpg",
    "title": "沙漠徒步 内蒙 乌海 沙漠徒步活动（3日行程）",
    "money": "2980",
    "date": "10/02",
    "city": "银川"
  },
  {
    "url": "http://hd.8264.com/xianlu-161207",
    "img": "http://img.qunawan.com/ecmme/wan/xl/goods/20170329/201703291739169687_listfull.jpg",
    "title": "探寻隐秘衢山岛 阳光沙滩 蔚蓝大海 看日出日落（2日行程）",
    "money": "480",
    "date": "10/01",
    "city": "黄浦"
  },
  {
    "url": "http://hd.8264.com/xianlu-160763",
    "img": "http://img.qunawan.com/ecmme/wan/xl/goods/20170323/201703231146459609_listfull.jpg",
    "title": "2017雀儿山攀登活动（8日行程）",
    "money": "12000",
    "date": "09/25",
    "city": "甘孜"
  },
  {
    "url": "http://hd.8264.com/xianlu-160263",
    "img": "http://img.qunawan.com/ecmme/wan/xl/goods/20170316/201703161509507222_listfull.jpg",
    "title": "雀儿山 川藏队全年攀登计划（7日行程）",
    "money": "9000",
    "date": "09/25",
    "city": "甘孜"
  },
  {
    "url": "http://hd.8264.com/xianlu-159657",
    "img": "http://img.qunawan.com/ecmme/wan/xl/goods/20170309/201703091036197551_listfull.jpg",
    "title": "情人的眼泪 康定白海子徒步露营初体验（3日行程）",
    "money": "760",
    "date": "10/02",
    "city": "成都"
  },
  {
    "url": "http://hd.8264.com/xianlu-161608",
    "img": "http://img.qunawan.com/ecmme/wan/xl/goods/20170406/201704061552192546_listfull.jpg",
    "title": "桂林阳朔游山玩水（3日行程）",
    "money": "680",
    "date": "09/30",
    "city": "深圳"
  },
  {
    "url": "http://hd.8264.com/xianlu-158021",
    "img": "http://img.qunawan.com/ecmme/wan/xl/goods/20170221/201702211549069448_listfull.jpg",
    "title": "2017鳌山穿越 十大非著名山峰 鳌山两日徒步穿越（2日行程）",
    "money": "320",
    "date": "10/02",
    "city": "西安"
  }
]