[
  {
    "url": "http://hd.8264.com/xianlu-155705",
    "img": "http://img.qunawan.com/ecmme/wan/xl/goods/20170908/201709081548387685_listfull.jpg",
    "title": "探访茅镬古村 四明山游（1日行程）",
    "money": "139",
    "date": "10/05",
    "city": "上海"
  },
  {
    "url": "http://hd.8264.com/xianlu-154937",
    "img": "http://img.qunawan.com/ecmme/wan/xl/goods/20170109/201701091043285541_listfull.jpg",
    "title": "阿拉斯加 冰上垂钓 热饮暖手 烤鱼暖胃（1日行程）",
    "money": "1520",
    "date": "09/22",
    "city": "安克"
  },
  {
    "url": "http://hd.8264.com/xianlu-143225",
    "img": "http://img.qunawan.com/ecmme/wan/xl/goods/20170203/201702031644484477_listfull.jpg",
    "title": "相约吴越古道 走千年古道 看壮美天池 探幽深峡谷（2日行程）",
    "money": "390",
    "date": "09/23",
    "city": "黄浦"
  },
  {
    "url": "http://hd.8264.com/xianlu-138152",
    "img": "http://img.qunawan.com/ecmme/wan/xl/goods/20161018/201610182248111972_listfull.jpg",
    "title": "库布其沙漠轻装徒步穿越（3日行程）",
    "money": "1280",
    "date": "10/02",
    "city": "包头"
  },
  {
    "url": "http://hd.8264.com/xianlu-132892",
    "img": "http://img.qunawan.com/ecmme/wan/xl/goods/20170406/201704061058404196_listfull.jpg",
    "title": "水蓝色星球上最后一片净土稻城亚丁 海螺沟 丹巴越野摄影之旅（7日行程）",
    "money": "2180",
    "date": "09/23",
    "city": "成都"
  },
  {
    "url": "http://hd.8264.com/xianlu-128999",
    "img": "http://img.qunawan.com/ecmme/wan/xl/goods/20160908/201609081426276937_listfull.jpg",
    "title": "穿越梦幻西海大峡谷 观绝美日出云海 黄山胜景游（2日行程）",
    "money": "660",
    "date": "10/05",
    "city": "杭州"
  },
  {
    "url": "http://hd.8264.com/xianlu-171142",
    "img": "http://img.qunawan.com/ecmme/wan/xl/goods/20170830/201708301659523068_listfull.png",
    "title": "国庆4日共两期 乌兰布统 锡林郭勒 达里湖 将军泡子 公主湖（4日行程）",
    "money": "688",
    "date": "10/01",
    "city": "朝阳"
  },
  {
    "url": "http://hd.8264.com/xianlu-124565",
    "img": "http://img.qunawan.com/ecmme/wan/xl/goods/20160826/201608261244387052_listfull.jpg",
    "title": "天下奇观 盘锦红海滩 走神奇天路 笔架山（3日行程）",
    "money": "599",
    "date": "10/01",
    "city": "东城"
  },
  {
    "url": "http://hd.8264.com/xianlu-114942",
    "img": "http://img.qunawan.com/ecmme/wan/xl/goods/20170406/201704061107104357_listfull.jpg",
    "title": "色达 年保玉则 红原 川西越野环线摄影之旅（5日行程）",
    "money": "2080",
    "date": "09/27",
    "city": "成都"
  },
  {
    "url": "http://hd.8264.com/xianlu-114940",
    "img": "http://img.qunawan.com/ecmme/wan/xl/goods/20160830/201608301815114817_listfull.jpg",
    "title": "色达佛教圣地 禅心 祈福之旅（4日行程）",
    "money": "680",
    "date": "09/22",
    "city": "成都"
  },
  {
    "url": "http://hd.8264.com/xianlu-6150",
    "img": "http://img.qunawan.com/ecmme/wan/xl/goods/20160520/201605201132238986_listfull.jpg",
    "title": "国庆专线 宁波东钱湖大嵩岭古道徒步（1日行程）",
    "money": "139",
    "date": "10/05",
    "city": "上海"
  },
  {
    "url": "http://hd.8264.com/xianlu-3106",
    "img": "http://img.qunawan.com/ecmme/wan/xl/goods/20160415/201604151303293445_listfull.jpg",
    "title": "徒步吴越古道环江南天池 探秘奇妙洞穴 黄石岩瀑布群探险（2日行程）",
    "money": "440",
    "date": "10/02",
    "city": "南京"
  },
  {
    "url": "http://hd.8264.com/xianlu-1253",
    "img": "http://img.qunawan.com/ecmme/wan/xl/goods/20150513/201505131403378002_listfull.jpg",
    "title": "狼牙谷溪水轻装徒步 观龙井河瀑布（2日行程）",
    "money": "550",
    "date": "10/05",
    "city": "南京"
  },
  {
    "url": "http://hd.8264.com/xianlu-1011",
    "img": "http://img.qunawan.com/ecmme/wan/xl/goods/20160315/201603151059089272_listfull.jpg",
    "title": "小众轻户外 青海湖 茶卡盐湖 祁连 门源 深度漫步行摄（4日行程）",
    "money": "1499",
    "date": "09/25",
    "city": "西宁"
  },
  {
    "url": "http://hd.8264.com/xianlu-162584",
    "img": "http://img.qunawan.com/ecmme/wan/xl/goods/20170825/201708251713275264_listfull.png",
    "title": "国庆金秋 莫斯卡邂逅土拨鼠 最宁静的藏族村落 丹巴甲居藏寨（3日行程）",
    "money": "480",
    "date": "09/22",
    "city": "成都"
  },
  {
    "url": "http://hd.8264.com/xianlu-172146",
    "img": "http://img.qunawan.com/ecmme/wan/xl/goods/20170919/201709191220444844_listfull.png",
    "title": "坡峰岭赏秋看红叶（1日行程）",
    "money": "130",
    "date": "10/29",
    "city": "天津"
  },
  {
    "url": "http://hd.8264.com/xianlu-171144",
    "img": "http://img.qunawan.com/ecmme/wan/xl/goods/20170830/201708301717133294_listfull.jpg",
    "title": "世界最浪漫的节日 就在泰国清迈水灯节（7日行程）",
    "money": "2680",
    "date": "10/29",
    "city": "清迈"
  },
  {
    "url": "http://hd.8264.com/xianlu-160175",
    "img": "http://img.qunawan.com/ecmme/wan/xl/goods/20170316/201703160905068604_listfull.jpg",
    "title": "稻城亚丁转山 三怙主鸡年本命年 结合尼汝 泸沽湖 洛克线精华（8日行程）",
    "money": "3280",
    "date": "10/01",
    "city": "成都"
  },
  {
    "url": "http://hd.8264.com/xianlu-169681",
    "img": "http://img.qunawan.com/ecmme/wan/xl/goods/20170728/201707282351443025_listfull.jpg",
    "title": "国庆相约云中草原户外天堂武功山（3日行程）",
    "money": "318",
    "date": "10/04",
    "city": "萍乡"
  },
  {
    "url": "http://hd.8264.com/xianlu-160326",
    "img": "http://img.qunawan.com/ecmme/wan/xl/goods/20170317/201703171050248758_listfull.jpg",
    "title": "最美海上草原大嵛山岛 中国十大最美岛屿（3日行程）",
    "money": "690",
    "date": "09/22",
    "city": "杭州"
  }
]