[
  {
    "url": "http://hd.8264.com/xianlu-171671",
    "img": "http://img.qunawan.com/ecmme/wan/xl/goods/20170907/201709072249372733_listfull.jpg",
    "title": "蜀山之后 攀登四姑娘山二峰加长坪沟穿越毕棚沟（6日行程）",
    "money": "3000",
    "date": "10/01",
    "city": "成都"
  },
  {
    "url": "http://hd.8264.com/xianlu-171665",
    "img": "http://img.qunawan.com/ecmme/wan/xl/goods/20170907/201709071623386823_listfull.jpg",
    "title": "游人间仙境白石山 体验惊险刺激的玻璃栈道 登北方奇山（1日行程）",
    "money": "110",
    "date": "10/01",
    "city": "北京"
  },
  {
    "url": "http://hd.8264.com/xianlu-171663",
    "img": "http://img.qunawan.com/ecmme/wan/xl/goods/20170907/201709071614502140_listfull.png",
    "title": "封存千年山水画 天津北极 梨木台 休闲活动（1日行程）",
    "money": "89",
    "date": "10/01",
    "city": "北京"
  },
  {
    "url": "http://hd.8264.com/xianlu-171662",
    "img": "http://img.qunawan.com/ecmme/wan/xl/goods/20170907/201709071607043336_listfull.jpg",
    "title": "京郊最美小九寨 玉渡山 高山草坪 忘忧湖 休闲摄影活动（1日行程）",
    "money": "70",
    "date": "10/01",
    "city": "北京"
  },
  {
    "url": "http://hd.8264.com/xianlu-171660",
    "img": "http://img.qunawan.com/ecmme/wan/xl/goods/20170907/201709071557511550_listfull.jpg",
    "title": "神堂峪 徒步山水栈道 观自然山水 欣赏篱苑书屋特殊建筑（1日行程）",
    "money": "70",
    "date": "10/01",
    "city": "北京"
  },
  {
    "url": "http://hd.8264.com/xianlu-171658",
    "img": "http://img.qunawan.com/ecmme/wan/xl/goods/20170907/201709071550464362_listfull.jpg",
    "title": "喇叭沟原始森林公园 金秋赏红叶 漫步五彩缤纷的童话世界（1日行程）",
    "money": "79",
    "date": "10/01",
    "city": "北京"
  },
  {
    "url": "http://hd.8264.com/xianlu-171655",
    "img": "http://img.qunawan.com/ecmme/wan/xl/goods/20170907/201709071537375481_listfull.jpg",
    "title": "到 爸爸去哪儿 拍摄地 灵水村 古村爨底下 爬山 品农家饭（1日行程）",
    "money": "70",
    "date": "10/01",
    "city": "北京"
  },
  {
    "url": "http://hd.8264.com/xianlu-171653",
    "img": "http://img.qunawan.com/ecmme/wan/xl/goods/20170907/201709071531339785_listfull.jpg",
    "title": "带您京郊最美 黄花城 水长城 爬长城 腐败吃虹鳟鱼（1日行程）",
    "money": "69",
    "date": "10/01",
    "city": "北京"
  },
  {
    "url": "http://hd.8264.com/xianlu-171650",
    "img": "http://img.qunawan.com/ecmme/wan/xl/goods/20170907/201709071522019016_listfull.jpg",
    "title": "十渡 仙西山水洞寨 钟乳石洞 真人CS 烧烤 玻璃栈道 竹筏（1日行程）",
    "money": "180",
    "date": "10/01",
    "city": "北京"
  },
  {
    "url": "http://hd.8264.com/xianlu-171648",
    "img": "http://img.qunawan.com/ecmme/wan/xl/goods/20170907/201709071453138790_listfull.jpg",
    "title": "四姑娘山 塔公草原 丹巴 稻城亚丁拼车自由行（8日行程）",
    "money": "1780",
    "date": "09/22",
    "city": "成都"
  },
  {
    "url": "http://hd.8264.com/xianlu-171646",
    "img": "http://img.qunawan.com/ecmme/wan/xl/goods/20170907/201709071457342476_listfull.jpg",
    "title": "挑战世界第一悬空玻璃 石林峡 UFO观景台 一日休闲活动（1日行程）",
    "money": "70",
    "date": "10/01",
    "city": "北京"
  },
  {
    "url": "http://hd.8264.com/xianlu-171645",
    "img": "http://img.qunawan.com/ecmme/wan/xl/goods/20170907/201709071437539201_listfull.jpg",
    "title": "藏地大穿越川藏线稻城亚丁青藏线越野车拼车包车朝圣之旅（18日行程）",
    "money": "5800",
    "date": "09/22",
    "city": "成都"
  },
  {
    "url": "http://hd.8264.com/xianlu-171631",
    "img": "http://img.qunawan.com/ecmme/wan/xl/goods/20170907/201709071300063738_listfull.jpg",
    "title": "巡秘南疆秘境 一眼成瘾（12日行程）",
    "money": "6500",
    "date": "10/18",
    "city": "乌鲁"
  },
  {
    "url": "http://hd.8264.com/xianlu-171643",
    "img": "http://img.qunawan.com/ecmme/wan/xl/goods/20170907/201709071449071913_listfull.jpg",
    "title": "双龙峡 京西小九寨 人间天堂 金秋赏红叶（1日行程）",
    "money": "70",
    "date": "10/01",
    "city": "北京"
  },
  {
    "url": "http://hd.8264.com/xianlu-171622",
    "img": "http://img.qunawan.com/ecmme/wan/xl/goods/20170907/201709071030241516_listfull.jpg",
    "title": "穿过佛国净土 走进最后香格里拉 色达 稻城亚丁深度游（9日行程）",
    "money": "3580",
    "date": "09/30",
    "city": "成都"
  },
  {
    "url": "http://hd.8264.com/xianlu-171621",
    "img": "http://img.qunawan.com/ecmme/wan/xl/goods/20170907/201709071013302391_listfull.jpeg",
    "title": "舌尖上的意大利（10日行程）",
    "money": "13200",
    "date": "09/22",
    "city": "上海"
  },
  {
    "url": "http://hd.8264.com/xianlu-171603",
    "img": "http://img.qunawan.com/ecmme/wan/xl/goods/20170906/201709061808144224_listfull.jpg",
    "title": "2017年奶子沟神仙包丹巴藏寨党龄葫芦海四姑娘山深度游（8日行程）",
    "money": "3680",
    "date": "10/21",
    "city": "成都"
  },
  {
    "url": "http://hd.8264.com/xianlu-171626",
    "img": "http://img.qunawan.com/ecmme/wan/xl/goods/20170907/201709071139117018_listfull.jpg",
    "title": "国庆深秋 九寨后花园 仙境七藏沟徒步穿越（8日行程）",
    "money": "2680",
    "date": "10/14",
    "city": "成都"
  },
  {
    "url": "http://hd.8264.com/xianlu-171580",
    "img": "http://img.qunawan.com/ecmme/wan/xl/goods/20170906/201709061527218724_listfull.jpg",
    "title": "绝美丝绸之路 青海湖 莫高窟 月牙泉 魔鬼城深度行摄（9日行程）",
    "money": "3480",
    "date": "09/23",
    "city": "兰州"
  },
  {
    "url": "http://hd.8264.com/xianlu-171574",
    "img": "http://img.qunawan.com/ecmme/wan/xl/goods/20170906/201709061445232153_listfull.jpg",
    "title": "藏地秘境 色达佛学院 党岭 莫斯卡 丹巴藏寨行摄（8日行程）",
    "money": "3480",
    "date": "09/23",
    "city": "成都"
  }
]