[
  {
    "url": "http://hd.8264.com/xianlu-165431",
    "img": "http://img.qunawan.com/ecmme/wan/xl/goods/20170523/201705230124303468_listfull.png",
    "title": "库布齐沙漠 希拉穆仁草原 库布其沙漠 漫步草原 库不齐（4日行程）",
    "money": "580",
    "date": "09/30",
    "city": "北京"
  },
  {
    "url": "http://hd.8264.com/xianlu-162617",
    "img": "http://img.qunawan.com/ecmme/wan/xl/goods/20170419/201704190939412142_listfull.jpg",
    "title": "2017年海螺沟新都桥稻城亚丁深度旅行之旅（8日行程）",
    "money": "2780",
    "date": "09/22",
    "city": "成都"
  },
  {
    "url": "http://hd.8264.com/xianlu-159151",
    "img": "http://img.qunawan.com/ecmme/wan/xl/goods/20170907/201709071552172373_listfull.jpg",
    "title": "国庆金秋 色达新都桥 塔公草原 川西小环线（4日行程）",
    "money": "980",
    "date": "09/26",
    "city": "成都"
  },
  {
    "url": "http://hd.8264.com/xianlu-4576",
    "img": "http://img.qunawan.com/ecmme/wan/xl/goods/20170403/201704032131453943_listfull.jpg",
    "title": "骑行青海湖 摄影茶卡盐湖 徒步花海 攀登雪山 骑马草原 篝火（4日行程）",
    "money": "1280",
    "date": "09/23",
    "city": "西宁"
  },
  {
    "url": "http://hd.8264.com/xianlu-170752",
    "img": "http://img.qunawan.com/ecmme/wan/xl/goods/20170823/201708231026583848_listfull.jpg",
    "title": "国庆 上帝的指纹 雅丹奇观 波浪谷 库不齐 壶口瀑布（4日行程）",
    "money": "880",
    "date": "09/30",
    "city": "东城"
  },
  {
    "url": "http://hd.8264.com/xianlu-168196",
    "img": "http://img.qunawan.com/ecmme/wan/xl/goods/20170702/201707022056048475_listfull.jpg",
    "title": "远征腾格里沙漠 轻装徒步穿越五大湖（4日行程）",
    "money": "2680",
    "date": "09/28",
    "city": "银川"
  },
  {
    "url": "http://hd.8264.com/xianlu-117726",
    "img": "http://img.qunawan.com/ecmme/wan/xl/goods/20160801/201608011459185950_listfull.jpg",
    "title": "年保玉则 扎尕那 唐克川西经典越野车环线摄影自由行（5日行程）",
    "money": "2280",
    "date": "09/27",
    "city": "成都"
  },
  {
    "url": "http://hd.8264.com/xianlu-164085",
    "img": "http://img.qunawan.com/ecmme/wan/xl/goods/20170508/201705081728422536_listfull.jpg",
    "title": "越野车深游坝上乌兰布统无人区 星空下的原始草原 游玩赏景深（4日行程）",
    "money": "1980",
    "date": "09/22",
    "city": "北京"
  },
  {
    "url": "http://hd.8264.com/xianlu-172211",
    "img": "http://img.qunawan.com/ecmme/wan/xl/goods/20170920/201709201254045680_listfull.jpg",
    "title": "国庆 丰宁坝上草原 醉美闪电湖 大汗行宫 骑马 免费烤全羊（3日行程）",
    "money": "400",
    "date": "10/01",
    "city": "朝阳"
  },
  {
    "url": "http://hd.8264.com/xianlu-172073",
    "img": "http://img.qunawan.com/ecmme/wan/xl/goods/20170916/201709161806471609_listfull.jpg",
    "title": "单身专题 徒步探寻上海最隐秘海岛 大洋山环岛（1日行程）",
    "money": "178",
    "date": "10/04",
    "city": "上海"
  },
  {
    "url": "http://hd.8264.com/xianlu-171994",
    "img": "http://img.qunawan.com/ecmme/wan/xl/goods/20170914/201709142303479885_listfull.jpeg",
    "title": "国庆 长岛 神奇海岛游 蓬莱 万鸟岛 海豹苑（4日行程）",
    "money": "650",
    "date": "10/01",
    "city": "朝阳"
  },
  {
    "url": "http://hd.8264.com/xianlu-171993",
    "img": "http://img.qunawan.com/ecmme/wan/xl/goods/20170914/201709142252096157_listfull.jpg",
    "title": "国庆 青岛 醉美青岛 崂山 栈桥 八大关 遇见未知的自己（4日行程）",
    "money": "650",
    "date": "10/01",
    "city": "朝阳"
  },
  {
    "url": "http://hd.8264.com/xianlu-171989",
    "img": "http://img.qunawan.com/ecmme/wan/xl/goods/20170914/201709142222002742_listfull.jpg",
    "title": "国庆 内蒙草原 锡林郭勒 乌兰布统 草原美景一网（4日行程）",
    "money": "650",
    "date": "10/01",
    "city": "朝阳"
  },
  {
    "url": "http://hd.8264.com/xianlu-171987",
    "img": "http://img.qunawan.com/ecmme/wan/xl/goods/20170914/201709142201519412_listfull.jpg",
    "title": "国庆 长白山天池 高山花园 吊水壶 木屋村（4日行程）",
    "money": "980",
    "date": "10/01",
    "city": "朝阳"
  },
  {
    "url": "http://hd.8264.com/xianlu-171986",
    "img": "http://img.qunawan.com/ecmme/wan/xl/goods/20170914/201709142154388229_listfull.jpg",
    "title": "国庆 华山 访兵马俑 登华山 游古城 行摄壶口瀑布（4日行程）",
    "money": "850",
    "date": "10/01",
    "city": "朝阳"
  },
  {
    "url": "http://hd.8264.com/xianlu-171984",
    "img": "http://img.qunawan.com/ecmme/wan/xl/goods/20170914/201709142138249371_listfull.jpg",
    "title": "国庆 访兵马俑 登华山 游西安古城 行摄壶口瀑布（4日行程）",
    "money": "850",
    "date": "10/01",
    "city": "朝阳"
  },
  {
    "url": "http://hd.8264.com/xianlu-171982",
    "img": "http://img.qunawan.com/ecmme/wan/xl/goods/20170914/201709142132446397_listfull.jpg",
    "title": "国庆 徒步中国第七大沙漠 观 天下第一湾（4日行程）",
    "money": "580",
    "date": "10/01",
    "city": "朝阳"
  },
  {
    "url": "http://hd.8264.com/xianlu-171980",
    "img": "http://img.qunawan.com/ecmme/wan/xl/goods/20170914/201709142056556356_listfull.jpg",
    "title": "国庆山西 北岳恒山 悬空寺 云冈石窟 平遥古城（3日行程）",
    "money": "650",
    "date": "10/01",
    "city": "朝阳"
  },
  {
    "url": "http://hd.8264.com/xianlu-171740",
    "img": "http://img.qunawan.com/ecmme/wan/xl/goods/20170912/201709121607121628_listfull.jpg",
    "title": "中秋绝佳休闲方式 秋高气爽徒步灵白线 品尝木渎羊肉（1日行程）",
    "money": "160",
    "date": "10/04",
    "city": "上海"
  },
  {
    "url": "http://hd.8264.com/xianlu-171698",
    "img": "http://img.qunawan.com/ecmme/wan/xl/goods/20170908/201709081333482059_listfull.jpg",
    "title": "国庆 比郭亮村更美 穿越挂壁公路 下到最美井底（3日行程）",
    "money": "350",
    "date": "10/01",
    "city": "东城"
  }
]