[
  {
    "url": "http://hd.8264.com/xianlu-171667",
    "img": "http://img.qunawan.com/ecmme/wan/xl/goods/20170907/201709071753402551_listfull.jpg",
    "title": "海上观明月 九门口长城 红海滩 笔架山（3日行程）",
    "money": "600",
    "date": "10/01",
    "city": "北京"
  },
  {
    "url": "http://hd.8264.com/xianlu-171639",
    "img": "http://img.qunawan.com/ecmme/wan/xl/goods/20170907/201709071413094864_listfull.jpg",
    "title": "波浪谷 西安 波浪谷 红石峡 榆林 黄河画廊 碛口 平遥古城（8日行程）",
    "money": "2780",
    "date": "10/01",
    "city": "成都"
  },
  {
    "url": "http://hd.8264.com/xianlu-171479",
    "img": "http://img.qunawan.com/ecmme/wan/xl/goods/20170904/201709041954419604_listfull.jpg",
    "title": "海滨大连 国庆嗨翻天（3日行程）",
    "money": "850",
    "date": "09/30",
    "city": "朝阳"
  },
  {
    "url": "http://hd.8264.com/xianlu-171440",
    "img": "http://img.qunawan.com/ecmme/wan/xl/goods/20170904/201709041300096417_listfull.jpg",
    "title": "汽车 体验客家生活 云水谣古镇 厦门鼓浪屿（4日行程）",
    "money": "980",
    "date": "10/01",
    "city": "深圳"
  },
  {
    "url": "http://hd.8264.com/xianlu-171437",
    "img": "http://img.qunawan.com/ecmme/wan/xl/goods/20170904/201709041251035624_listfull.jpg",
    "title": "汽车 厦门鼓浪屿（3日行程）",
    "money": "650",
    "date": "10/01",
    "city": "深圳"
  },
  {
    "url": "http://hd.8264.com/xianlu-171272",
    "img": "http://img.qunawan.com/ecmme/wan/xl/goods/20170901/201709010745327398_listfull.jpg",
    "title": "山西全境 国庆连发两期（3日行程）",
    "money": "650",
    "date": "10/01",
    "city": "北京"
  },
  {
    "url": "http://hd.8264.com/xianlu-171214",
    "img": "http://img.qunawan.com/ecmme/wan/xl/goods/20170831/201708311200304647_listfull.jpg",
    "title": "国庆 红海滩天下奇观红海滩 中国最美的红海滩原来离北京这么近（3日行程）",
    "money": "600",
    "date": "10/01",
    "city": "北京"
  },
  {
    "url": "http://hd.8264.com/xianlu-171202",
    "img": "http://img.qunawan.com/ecmme/wan/xl/goods/20170831/201708311122523679_listfull.jpg",
    "title": "国庆假期 波浪谷 库不齐 壶口瀑布（4日行程）",
    "money": "880",
    "date": "09/30",
    "city": "东城"
  },
  {
    "url": "http://hd.8264.com/xianlu-171199",
    "img": "http://img.qunawan.com/ecmme/wan/xl/goods/20170831/201708311115191853_listfull.jpg",
    "title": "国庆假期 达达线 阿斯哈图石林 黄岗梁 玉龙沙湖 美林谷（4日行程）",
    "money": "1180",
    "date": "10/01",
    "city": "东城"
  },
  {
    "url": "http://hd.8264.com/xianlu-171139",
    "img": "http://img.qunawan.com/ecmme/wan/xl/goods/20170830/201708301649364683_listfull.jpg",
    "title": "越南越美 发现南越深度玩转西贡 大叻 芽庄 美奈休闲之旅（8日行程）",
    "money": "4300",
    "date": "10/01",
    "city": "胡志"
  },
  {
    "url": "http://hd.8264.com/xianlu-171040",
    "img": "http://img.qunawan.com/ecmme/wan/xl/goods/20170829/201708291426043009_listfull.jpg",
    "title": "国庆共两期畅游山西 平遥古城 乔家大院 悬空寺 北岳恒山（3日行程）",
    "money": "600",
    "date": "10/01",
    "city": "北京"
  },
  {
    "url": "http://hd.8264.com/xianlu-171197",
    "img": "http://img.qunawan.com/ecmme/wan/xl/goods/20170831/201708311106585022_listfull.jpg",
    "title": "国庆假期 乌兰布统 木兰围场 桦木沟 将军泡子（3日行程）",
    "money": "628",
    "date": "10/01",
    "city": "北京"
  },
  {
    "url": "http://hd.8264.com/xianlu-170918",
    "img": "http://img.qunawan.com/ecmme/wan/xl/goods/20170825/201708251757122466_listfull.jpg",
    "title": "金秋国庆长坪沟穿越毕棚沟活动中国十大经典徒步路线之一（6日行程）",
    "money": "2880",
    "date": "09/30",
    "city": "成都"
  },
  {
    "url": "http://hd.8264.com/xianlu-170816",
    "img": "http://img.qunawan.com/ecmme/wan/xl/goods/20170824/201708240603143377_listfull.jpeg",
    "title": "激情 三尖 挑战自我极限 初尝户外自虐的味道（3日行程）",
    "money": "360",
    "date": "10/04",
    "city": "杭州"
  },
  {
    "url": "http://hd.8264.com/xianlu-170758",
    "img": "http://img.qunawan.com/ecmme/wan/xl/goods/20170823/201708231144247887_listfull.jpg",
    "title": "国庆 塞上草原 阿斯哈图石林 浑善达克沙漠 达达线 黄岗梁（4日行程）",
    "money": "1190",
    "date": "10/01",
    "city": "东城"
  },
  {
    "url": "http://hd.8264.com/xianlu-170747",
    "img": "http://img.qunawan.com/ecmme/wan/xl/goods/20170823/201708231003543842_listfull.jpg",
    "title": "国庆 云岗石窟 芦芽山 万年冰洞 龙洲丹霞 波浪谷 碛口古镇（4日行程）",
    "money": "880",
    "date": "10/01",
    "city": "东城"
  },
  {
    "url": "http://hd.8264.com/xianlu-170719",
    "img": "http://img.qunawan.com/ecmme/wan/xl/goods/20170822/201708221919582390_listfull.jpg",
    "title": "国庆节 徒步者天堂 世外桃源之雨崩村（7日行程）",
    "money": "2280",
    "date": "10/01",
    "city": "丽江"
  },
  {
    "url": "http://hd.8264.com/xianlu-170640",
    "img": "http://img.qunawan.com/ecmme/wan/xl/goods/20170821/201708212157377398_listfull.jpg",
    "title": "天下奇观 红海滩 海上天路 笔架山 户外休闲（3日行程）",
    "money": "499",
    "date": "09/22",
    "city": "北京"
  },
  {
    "url": "http://hd.8264.com/xianlu-170592",
    "img": "http://img.qunawan.com/ecmme/wan/xl/goods/20170821/201708211020111247_listfull.jpg",
    "title": "国庆 塞上草原秋色 阿斯哈图石林 大青山 达里湖 勃隆克（4日行程）",
    "money": "1180",
    "date": "10/01",
    "city": "东城"
  },
  {
    "url": "http://hd.8264.com/xianlu-170415",
    "img": "http://img.qunawan.com/ecmme/wan/xl/goods/20170816/201708161508497624_listfull.jpg",
    "title": "山西全境 悬空寺 北岳恒山 云冈石窟 乔家大院 平遥古城（3日行程）",
    "money": "650",
    "date": "10/01",
    "city": "北京"
  }
]