[
  {
    "url": "http://hd.8264.com/xianlu-170404",
    "img": "http://img.qunawan.com/ecmme/wan/xl/goods/20170816/201708161359375006_listfull.png",
    "title": "国庆假期 盘锦红海滩 品尝大闸蟹 赏丹顶鹤 登笔架山（3日行程）",
    "money": "600",
    "date": "10/01",
    "city": "朝阳"
  },
  {
    "url": "http://hd.8264.com/xianlu-170376",
    "img": "http://img.qunawan.com/ecmme/wan/xl/goods/20170816/201708160957451939_listfull.png",
    "title": "国庆 乌兰布统草原 越野车深度摄影游 绝美白桦林 仙境公主湖（3日行程）",
    "money": "600",
    "date": "10/01",
    "city": "朝阳"
  },
  {
    "url": "http://hd.8264.com/xianlu-170333",
    "img": "http://img.qunawan.com/ecmme/wan/xl/goods/20170815/201708150859347250_listfull.jpg",
    "title": "国庆十一 最美秋天之金秋木兰专线 公主湖 五彩山 乌兰布统（4日行程）",
    "money": "900",
    "date": "10/01",
    "city": "北京"
  },
  {
    "url": "http://hd.8264.com/xianlu-170334",
    "img": "http://img.qunawan.com/ecmme/wan/xl/goods/20170821/201708211011175828_listfull.jpg",
    "title": "国庆 寻找时间的指纹 雅丹奇观 库布其 波浪谷 壶口瀑布（4日行程）",
    "money": "880",
    "date": "09/30",
    "city": "北京"
  },
  {
    "url": "http://hd.8264.com/xianlu-170302",
    "img": "http://img.qunawan.com/ecmme/wan/xl/goods/20170814/201708141626286908_listfull.jpg",
    "title": "丝绸之路环线（9日行程）",
    "money": "3780",
    "date": "09/23",
    "city": "兰州"
  },
  {
    "url": "http://hd.8264.com/xianlu-170184",
    "img": "http://img.qunawan.com/ecmme/wan/xl/goods/20170810/201708101920139481_listfull.jpg",
    "title": "穿越内蒙库布齐沙漠 体验摩托越野车 滑沙板一次嗨够本（4日行程）",
    "money": "998",
    "date": "10/04",
    "city": "包头"
  },
  {
    "url": "http://hd.8264.com/xianlu-169914",
    "img": "http://img.qunawan.com/ecmme/wan/xl/goods/20170803/201708031346509814_listfull.jpg",
    "title": "樂吧 徒步库布齐 老牛湾 2期 十一国庆（4日行程）",
    "money": "599",
    "date": "09/30",
    "city": "北京"
  },
  {
    "url": "http://hd.8264.com/xianlu-169898",
    "img": "http://img.qunawan.com/ecmme/wan/xl/goods/20170803/201708031259378127_listfull.jpg",
    "title": "十月北欧岛国 冰岛旅拍（9日行程）",
    "money": "6880",
    "date": "10/04",
    "city": "成都"
  },
  {
    "url": "http://hd.8264.com/xianlu-169591",
    "img": "http://img.qunawan.com/ecmme/wan/xl/goods/20170727/201707271152393463_listfull.png",
    "title": "国庆 青岛 逃票崂山 金沙滩 全程无门票 全程无夜车（3日行程）",
    "money": "699",
    "date": "10/01",
    "city": "北京"
  },
  {
    "url": "http://hd.8264.com/xianlu-169579",
    "img": "http://img.qunawan.com/ecmme/wan/xl/goods/20170907/201709071005068693_listfull.jpg",
    "title": "国庆比郭亮村更美 穿越挂壁公路 下到最美井底（3日行程）",
    "money": "350",
    "date": "10/01",
    "city": "北京"
  },
  {
    "url": "http://hd.8264.com/xianlu-169546",
    "img": "http://img.qunawan.com/ecmme/wan/xl/goods/20170726/201707261640079812_listfull.jpg",
    "title": "国庆 邂逅蓬莱 长岛 万鸟岛 候叽岛 庙岛 海豹苑（3日行程）",
    "money": "899",
    "date": "10/01",
    "city": "北京"
  },
  {
    "url": "http://hd.8264.com/xianlu-169223",
    "img": "http://img.qunawan.com/ecmme/wan/xl/goods/20170719/201707191022234024_listfull.jpg",
    "title": "潮尚户外 醉美内蒙C 深游坝上乌兰布统 星空下的原始草原（5日行程）",
    "money": "1980",
    "date": "09/22",
    "city": "北京"
  },
  {
    "url": "http://hd.8264.com/xianlu-168549",
    "img": "http://img.qunawan.com/ecmme/wan/xl/goods/20170707/201707071421073097_listfull.jpg",
    "title": "徒步雨崩 丽江 香格里拉小环线（7日行程）",
    "money": "1960",
    "date": "09/22",
    "city": "丽江"
  },
  {
    "url": "http://hd.8264.com/xianlu-168501",
    "img": "http://img.qunawan.com/ecmme/wan/xl/goods/20170706/201707062012302645_listfull.jpg",
    "title": "乌兰布统无人区 星空下的原始草原 游玩赏景越野车深度游（5日行程）",
    "money": "1980",
    "date": "09/22",
    "city": "北京"
  },
  {
    "url": "http://hd.8264.com/xianlu-168338",
    "img": "http://img.qunawan.com/ecmme/wan/xl/goods/20170704/201707041726299453_listfull.jpg",
    "title": "潮尚户外 醉美内蒙C 深游坝上乌兰布统 星空下的原始草原（5日行程）",
    "money": "1980",
    "date": "09/22",
    "city": "北京"
  },
  {
    "url": "http://hd.8264.com/xianlu-168143",
    "img": "http://img.qunawan.com/ecmme/wan/xl/goods/20170707/201707071725183855_listfull.jpg",
    "title": "速降 岩降 包吃包住 去纪龙山寻找你的freestyle（2日行程）",
    "money": "458",
    "date": "09/23",
    "city": "上海"
  },
  {
    "url": "http://hd.8264.com/xianlu-167965",
    "img": "http://img.qunawan.com/ecmme/wan/xl/goods/20170628/201706281447203206_listfull.jpg",
    "title": "国庆 龙洲丹霞 波浪谷B线 碛口古镇 壶口瀑布 全程无夜车（4日行程）",
    "money": "880",
    "date": "09/30",
    "city": "北京"
  },
  {
    "url": "http://hd.8264.com/xianlu-167868",
    "img": "http://img.qunawan.com/ecmme/wan/xl/goods/20170627/201706271547125391_listfull.jpg",
    "title": "十一国庆节 比郭亮村更美 穿越挂壁公路 下到最美井底（3日行程）",
    "money": "350",
    "date": "10/01",
    "city": "丰台"
  },
  {
    "url": "http://hd.8264.com/xianlu-171849",
    "img": "http://img.qunawan.com/ecmme/wan/xl/goods/20170912/201709121715511738_listfull.jpg",
    "title": "国庆 色达 年保玉则朝圣转湖年宝玉则之旅（5日行程）",
    "money": "1780",
    "date": "09/27",
    "city": "成都"
  },
  {
    "url": "http://hd.8264.com/xianlu-167193",
    "img": "http://img.qunawan.com/ecmme/wan/xl/goods/20170617/201706171756121935_listfull.jpeg",
    "title": "三奥雪山之奥太娜登山 海拔5000米级别雪山攀登（6日行程）",
    "money": "2280",
    "date": "09/30",
    "city": "成都"
  }
]