[
  {
    "url": "http://hd.8264.com/xianlu-165614",
    "img": "http://img.qunawan.com/ecmme/wan/xl/goods/20170525/201705250159053401_listfull.png",
    "title": "大连全景游 圣亚 老虎滩海洋公园 发现王国 星海广场（4日行程）",
    "money": "850",
    "date": "09/30",
    "city": "北京"
  },
  {
    "url": "http://hd.8264.com/xianlu-165613",
    "img": "http://img.qunawan.com/ecmme/wan/xl/goods/20170525/201705250151309021_listfull.png",
    "title": "北方鼓浪屿大钦岛 东北亚小塞班 大钦岛 蓬莱阁 海洋游乐园（4日行程）",
    "money": "899",
    "date": "09/30",
    "city": "北京"
  },
  {
    "url": "http://hd.8264.com/xianlu-165433",
    "img": "http://img.qunawan.com/ecmme/wan/xl/goods/20170523/201705230546459608_listfull.png",
    "title": "锡林郭勒 锡林格勒草原 达里诺尔湖 勃隆克沙漠 玉龙沙湖（4日行程）",
    "money": "498",
    "date": "09/30",
    "city": "北京"
  },
  {
    "url": "http://hd.8264.com/xianlu-165430",
    "img": "http://img.qunawan.com/ecmme/wan/xl/goods/20170523/201705230116229100_listfull.png",
    "title": "乌拉盖大草原 乌拉盖九曲湾 天鹅湖 乌拉盖河（4日行程）",
    "money": "980",
    "date": "09/30",
    "city": "北京"
  },
  {
    "url": "http://hd.8264.com/xianlu-165406",
    "img": "http://img.qunawan.com/ecmme/wan/xl/goods/20170522/201705221634427793_listfull.png",
    "title": "北方鼓浪屿大钦岛 东北亚小塞班 蓬莱阁 海洋游乐园（4日行程）",
    "money": "899",
    "date": "09/30",
    "city": "北京"
  },
  {
    "url": "http://hd.8264.com/xianlu-165014",
    "img": "http://img.qunawan.com/ecmme/wan/xl/goods/20170517/201705171740005465_listfull.jpg",
    "title": "神奇海岛游长岛万鸟岛蓬莱吃海鲜长岛拍片吃海鲜快乐游（4日行程）",
    "money": "550",
    "date": "09/30",
    "city": "北京"
  },
  {
    "url": "http://hd.8264.com/xianlu-164871",
    "img": "http://img.qunawan.com/ecmme/wan/xl/goods/20170516/201705161302153645_listfull.jpg",
    "title": "三奥雪山之奥太娜登山 海拔5000米级别雪山攀登（6日行程）",
    "money": "2280",
    "date": "09/30",
    "city": "成都"
  },
  {
    "url": "http://hd.8264.com/xianlu-164731",
    "img": "http://img.qunawan.com/ecmme/wan/xl/goods/20170515/201705151538476022_listfull.jpg",
    "title": "国庆专线 登顶栲栳山 赏上林湖全貌 新线路（1日行程）",
    "money": "139",
    "date": "10/04",
    "city": "上海"
  },
  {
    "url": "http://hd.8264.com/xianlu-163988",
    "img": "http://img.qunawan.com/ecmme/wan/xl/goods/20170905/201709051656406821_listfull.jpg",
    "title": "登顶苏南第一峰 穿越清凉大竹海 寻觅太湖之源（1日行程）",
    "money": "124",
    "date": "10/04",
    "city": "上海"
  },
  {
    "url": "http://hd.8264.com/xianlu-163901",
    "img": "http://img.qunawan.com/ecmme/wan/xl/goods/20170507/201705071248465000_listfull.jpg",
    "title": "国庆徒步武功山 看日出云海 赏高山草甸（4日行程）",
    "money": "480",
    "date": "10/01",
    "city": "武汉"
  },
  {
    "url": "http://hd.8264.com/xianlu-163740",
    "img": "http://img.qunawan.com/ecmme/wan/xl/goods/20170505/201705050151122832_listfull.png",
    "title": "壶口瀑布 波浪谷 碛口古镇 上帝的指纹 波浪谷 访古寻幽（4日行程）",
    "money": "880",
    "date": "09/30",
    "city": "北京"
  },
  {
    "url": "http://hd.8264.com/xianlu-163725",
    "img": "http://img.qunawan.com/ecmme/wan/xl/goods/20170504/201705042202088487_listfull.jpg",
    "title": "青海湖 敦煌 莫高窟 雅丹魔鬼城 月牙泉 玉门关（9日行程）",
    "money": "2879",
    "date": "09/23",
    "city": "兰州"
  },
  {
    "url": "http://hd.8264.com/xianlu-163581",
    "img": "http://img.qunawan.com/ecmme/wan/xl/goods/20170504/201705040024047840_listfull.jpg",
    "title": "国庆半脊峰攀登计划（4日行程）",
    "money": "2900",
    "date": "10/01",
    "city": "成都"
  },
  {
    "url": "http://hd.8264.com/xianlu-163435",
    "img": "http://img.qunawan.com/ecmme/wan/xl/goods/20170502/201705021048028416_listfull.png",
    "title": "壶口瀑布 波浪谷 碛口古镇 上帝的指纹 波浪谷 访古寻幽（4日行程）",
    "money": "880",
    "date": "09/30",
    "city": "榆林"
  },
  {
    "url": "http://hd.8264.com/xianlu-163279",
    "img": "http://img.qunawan.com/ecmme/wan/xl/goods/20170426/201704262102375478_listfull.png",
    "title": "银山塔林 法华寺 金华佛塔 铁壁银山 望宝川（1日行程）",
    "money": "70",
    "date": "09/23",
    "city": "北京"
  },
  {
    "url": "http://hd.8264.com/xianlu-163260",
    "img": "http://img.qunawan.com/ecmme/wan/xl/goods/20170426/201704261543072104_listfull.png",
    "title": "延庆野鸭湖 穿芦苇塘 体验农家野趣 环湖骑行（1日行程）",
    "money": "70",
    "date": "09/23",
    "city": "北京"
  },
  {
    "url": "http://hd.8264.com/xianlu-163262",
    "img": "http://img.qunawan.com/ecmme/wan/xl/goods/20170426/201704261601528341_listfull.png",
    "title": "张裕爱斐堡 送白兰地 欧式庄园行摄 3D馆体验 踏青采摘（1日行程）",
    "money": "70",
    "date": "09/23",
    "city": "北京"
  },
  {
    "url": "http://hd.8264.com/xianlu-163254",
    "img": "http://img.qunawan.com/ecmme/wan/xl/goods/20170426/201704261452289346_listfull.png",
    "title": "延庆野鸭湖 穿芦苇塘 体验农家野趣 环湖骑行（1日行程）",
    "money": "70",
    "date": "09/23",
    "city": "北京"
  },
  {
    "url": "http://hd.8264.com/xianlu-163236",
    "img": "http://img.qunawan.com/ecmme/wan/xl/goods/20170426/201704261030076884_listfull.png",
    "title": "十渡爱琴海 花海漫游 竹筏 蹦极 京西小桂林休闲度假（1日行程）",
    "money": "60",
    "date": "09/23",
    "city": "北京"
  },
  {
    "url": "http://hd.8264.com/xianlu-163234",
    "img": "http://img.qunawan.com/ecmme/wan/xl/goods/20170426/201704261026183299_listfull.png",
    "title": "十渡 乐佛山 乐佛寺 聚龙湾玻璃阶梯 江南竹筏 休闲摄影（1日行程）",
    "money": "69",
    "date": "09/23",
    "city": "北京"
  }
]