[
  {
    "url": "http://hd.8264.com/xianlu-163222",
    "img": "http://img.qunawan.com/ecmme/wan/xl/goods/20170425/201704252302509761_listfull.png",
    "title": "野三坡 百里峡 老虎嘴 金线悬针 回首观音 天桥 天梯（1日行程）",
    "money": "98",
    "date": "09/23",
    "city": "北京"
  },
  {
    "url": "http://hd.8264.com/xianlu-163221",
    "img": "http://img.qunawan.com/ecmme/wan/xl/goods/20170425/201704252249219754_listfull.png",
    "title": "野三坡 百里峡游 攀一线天老虎嘴 金线悬针 天桥 天梯（1日行程）",
    "money": "98",
    "date": "09/23",
    "city": "北京"
  },
  {
    "url": "http://hd.8264.com/xianlu-163142",
    "img": "http://img.qunawan.com/ecmme/wan/xl/goods/20170425/201704250939297933_listfull.png",
    "title": "怀柔响水湖长城风景区 观看花儿 踏青 欣赏长城美景（1日行程）",
    "money": "70",
    "date": "09/23",
    "city": "北京"
  },
  {
    "url": "http://hd.8264.com/xianlu-163138",
    "img": "http://img.qunawan.com/ecmme/wan/xl/goods/20170425/201704250907299072_listfull.png",
    "title": "穿越延庆四司 燕羽山 果树园村艳遇之旅 品尝柳沟豆腐宴（1日行程）",
    "money": "70",
    "date": "09/23",
    "city": "北京"
  },
  {
    "url": "http://hd.8264.com/xianlu-163033",
    "img": "http://img.qunawan.com/ecmme/wan/xl/goods/20170423/201704232326219458_listfull.png",
    "title": "箭扣长城 最美最刺激的长城 驴友心中的圣地（1日行程）",
    "money": "78",
    "date": "09/23",
    "city": "北京"
  },
  {
    "url": "http://hd.8264.com/xianlu-163032",
    "img": "http://img.qunawan.com/ecmme/wan/xl/goods/20170423/201704232320577168_listfull.png",
    "title": "北京房山一渡 三皇山 仙峰谷 五渡全程穿越（1日行程）",
    "money": "70",
    "date": "09/23",
    "city": "北京"
  },
  {
    "url": "http://hd.8264.com/xianlu-163030",
    "img": "http://img.qunawan.com/ecmme/wan/xl/goods/20170423/201704232307504276_listfull.png",
    "title": "太行水镇品小吃 易水湖 赤壁外景地 摄影游（1日行程）",
    "money": "90",
    "date": "09/23",
    "city": "北京"
  },
  {
    "url": "http://hd.8264.com/xianlu-163029",
    "img": "http://img.qunawan.com/ecmme/wan/xl/goods/20170423/201704232303188698_listfull.png",
    "title": "清西陵 恋乡 太行水镇 摄影休闲游（1日行程）",
    "money": "108",
    "date": "09/23",
    "city": "北京"
  },
  {
    "url": "http://hd.8264.com/xianlu-163026",
    "img": "http://img.qunawan.com/ecmme/wan/xl/goods/20170423/201704232249427534_listfull.png",
    "title": "易水湖 太行水镇品小吃 赤壁外景地（1日行程）",
    "money": "90",
    "date": "09/23",
    "city": "北京"
  },
  {
    "url": "http://hd.8264.com/xianlu-163025",
    "img": "http://img.qunawan.com/ecmme/wan/xl/goods/20170423/201704232234032320_listfull.png",
    "title": "早知有盘山 何必下江南 盘山赏景穿越（1日行程）",
    "money": "80",
    "date": "09/23",
    "city": "北京"
  },
  {
    "url": "http://hd.8264.com/xianlu-163023",
    "img": "http://img.qunawan.com/ecmme/wan/xl/goods/20170423/201704232216333292_listfull.png",
    "title": "箭扣长城 最美最刺激的长城 驴友心中的圣地（1日行程）",
    "money": "78",
    "date": "09/23",
    "city": "北京"
  },
  {
    "url": "http://hd.8264.com/xianlu-163005",
    "img": "http://img.qunawan.com/ecmme/wan/xl/goods/20170423/201704230115227414_listfull.png",
    "title": "金海湖风景区 海子水库（1日行程）",
    "money": "70",
    "date": "09/23",
    "city": "北京"
  },
  {
    "url": "http://hd.8264.com/xianlu-163003",
    "img": "http://img.qunawan.com/ecmme/wan/xl/goods/20170423/201704230106206944_listfull.png",
    "title": "样边长城 大营盘长城 水关长城（1日行程）",
    "money": "80",
    "date": "09/23",
    "city": "北京"
  },
  {
    "url": "http://hd.8264.com/xianlu-163002",
    "img": "http://img.qunawan.com/ecmme/wan/xl/goods/20170423/201704230041149568_listfull.png",
    "title": "最美郁金香 北京第八届郁金香文化节 顺义国际鲜花港（1日行程）",
    "money": "60",
    "date": "09/23",
    "city": "北京"
  },
  {
    "url": "http://hd.8264.com/xianlu-163000",
    "img": "http://img.qunawan.com/ecmme/wan/xl/goods/20170422/201704222354573464_listfull.png",
    "title": "走进京西小九寨 双龙峡 坐小火车 观赏百潭瀑布（1日行程）",
    "money": "70",
    "date": "09/23",
    "city": "北京"
  },
  {
    "url": "http://hd.8264.com/xianlu-162999",
    "img": "http://img.qunawan.com/ecmme/wan/xl/goods/20170422/201704222340199214_listfull.png",
    "title": "垂涎欲滴的雾灵山色 云岫谷 雾灵湖 遥桥峪堡（1日行程）",
    "money": "79",
    "date": "09/23",
    "city": "北京"
  },
  {
    "url": "http://hd.8264.com/xianlu-162981",
    "img": "http://img.qunawan.com/ecmme/wan/xl/goods/20170422/201704221241571838_listfull.png",
    "title": "金海湖风景区 海子水库（1日行程）",
    "money": "70",
    "date": "09/23",
    "city": "北京"
  },
  {
    "url": "http://hd.8264.com/xianlu-162870",
    "img": "http://img.qunawan.com/ecmme/wan/xl/goods/20170420/201704201629563087_listfull.png",
    "title": "黄河山西芦芽山 万年冰洞 龙洲丹霞波浪谷 碛口古镇（4日行程）",
    "money": "880",
    "date": "09/30",
    "city": "北京"
  },
  {
    "url": "http://hd.8264.com/xianlu-162861",
    "img": "http://img.qunawan.com/ecmme/wan/xl/goods/20170420/201704201607202876_listfull.png",
    "title": "长白山 西坡 天池 西坡吊水壶 长白山大峡谷 锦江木屋村（4日行程）",
    "money": "980",
    "date": "09/30",
    "city": "北京"
  },
  {
    "url": "http://hd.8264.com/xianlu-162854",
    "img": "http://img.qunawan.com/ecmme/wan/xl/goods/20170420/201704201554541361_listfull.png",
    "title": "山西绵山 大槐树寻根 山西绵山 王家大院（4日行程）",
    "money": "788",
    "date": "09/30",
    "city": "北京"
  }
]