[
  {
    "url": "http://hd.8264.com/xianlu-162838",
    "img": "http://img.qunawan.com/ecmme/wan/xl/goods/20170420/201704201519574477_listfull.png",
    "title": "黄河山西芦芽山 万年冰洞 龙洲丹霞波浪谷 碛口古镇（4日行程）",
    "money": "880",
    "date": "09/30",
    "city": "北京"
  },
  {
    "url": "http://hd.8264.com/xianlu-162832",
    "img": "http://img.qunawan.com/ecmme/wan/xl/goods/20170420/201704201503202922_listfull.png",
    "title": "长白山西坡 天池 西坡吊水壶 长白山大峡谷 锦江木屋村（4日行程）",
    "money": "980",
    "date": "09/30",
    "city": "北京"
  },
  {
    "url": "http://hd.8264.com/xianlu-162825",
    "img": "http://img.qunawan.com/ecmme/wan/xl/goods/20170420/201704201434333097_listfull.png",
    "title": "山西绵山 大槐树寻根 山西绵山 王家大院（4日行程）",
    "money": "788",
    "date": "09/30",
    "city": "北京"
  },
  {
    "url": "http://hd.8264.com/xianlu-162822",
    "img": "http://img.qunawan.com/ecmme/wan/xl/goods/20170420/201704201425165582_listfull.png",
    "title": "沙坡头 腾格里沙漠 沙湖 水洞沟 西夏王陵 西部影城（4日行程）",
    "money": "780",
    "date": "09/30",
    "city": "银川"
  },
  {
    "url": "http://hd.8264.com/xianlu-162489",
    "img": "http://img.qunawan.com/ecmme/wan/xl/goods/20170418/201704180844441780_listfull.jpg",
    "title": "最美丹霞 看漫雾小东江品三文鱼 飞拉达（3日行程）",
    "money": "580",
    "date": "10/01",
    "city": "武汉"
  },
  {
    "url": "http://hd.8264.com/xianlu-166644",
    "img": "http://img.qunawan.com/ecmme/wan/xl/goods/20170609/201706091457485329_listfull.png",
    "title": "桃花源小灵山户外天堂 速降 皮划艇 探洞（2日行程）",
    "money": "680",
    "date": "09/30",
    "city": "南宁"
  },
  {
    "url": "http://hd.8264.com/xianlu-162391",
    "img": "http://img.qunawan.com/ecmme/wan/xl/goods/20170417/201704170653331774_listfull.png",
    "title": "库布齐 库布其 沙漠 黄河第一湾 老牛湾 体验沙漠穿越（4日行程）",
    "money": "349",
    "date": "09/30",
    "city": "乌兰"
  },
  {
    "url": "http://hd.8264.com/xianlu-162390",
    "img": "http://img.qunawan.com/ecmme/wan/xl/goods/20170417/201704170640142659_listfull.png",
    "title": "江南扬州苏州行 瘦西湖 同里 周庄 何园 京杭大运河（4日行程）",
    "money": "850",
    "date": "09/30",
    "city": "扬州"
  },
  {
    "url": "http://hd.8264.com/xianlu-162350",
    "img": "http://img.qunawan.com/ecmme/wan/xl/goods/20170416/201704161451523955_listfull.png",
    "title": "山东青岛日照 崂山 栈桥 八大关 金沙滩 奥帆中心 休闲游（4日行程）",
    "money": "650",
    "date": "09/30",
    "city": "青岛"
  },
  {
    "url": "http://hd.8264.com/xianlu-162345",
    "img": "http://img.qunawan.com/ecmme/wan/xl/goods/20170416/201704161235525816_listfull.png",
    "title": "江南扬州苏州行 李中水上森林 瘦西湖 周庄 京杭大运河（4日行程）",
    "money": "850",
    "date": "09/30",
    "city": "扬州"
  },
  {
    "url": "http://hd.8264.com/xianlu-161957",
    "img": "http://img.qunawan.com/ecmme/wan/xl/goods/20170410/201704101538007141_listfull.png",
    "title": "川西秘境 玛嘉沟探秘游（3日行程）",
    "money": "780",
    "date": "10/01",
    "city": "成都"
  },
  {
    "url": "http://hd.8264.com/xianlu-161769",
    "img": "http://img.qunawan.com/ecmme/wan/xl/goods/20170408/201704081615499709_listfull.jpg",
    "title": "国庆金秋 年宝玉则 神座村 走进天神的花园 年保玉则（3日行程）",
    "money": "580",
    "date": "09/22",
    "city": "成都"
  },
  {
    "url": "http://hd.8264.com/xianlu-161415",
    "img": "http://img.qunawan.com/ecmme/wan/xl/goods/20170403/201704031533597641_listfull.png",
    "title": "敦煌文化狂野之旅（4日行程）",
    "money": "2380",
    "date": "09/22",
    "city": "酒泉"
  },
  {
    "url": "http://hd.8264.com/xianlu-161367",
    "img": "http://img.qunawan.com/ecmme/wan/xl/goods/20170829/201708291654047002_listfull.png",
    "title": "国庆金秋 四川 娘娘山 徒步登山 观星空日出云海（2日行程）",
    "money": "420",
    "date": "09/23",
    "city": "成都"
  },
  {
    "url": "http://hd.8264.com/xianlu-161315",
    "img": "http://img.qunawan.com/ecmme/wan/xl/goods/20170331/201703311428036418_listfull.jpg",
    "title": "2017年西藏雪鹰高山探险青海 玉珠峰全年攀登计划（8日行程）",
    "money": "8800",
    "date": "09/28",
    "city": "格尔"
  },
  {
    "url": "http://hd.8264.com/xianlu-162970",
    "img": "http://img.qunawan.com/ecmme/wan/xl/goods/20170422/201704221222597844_listfull.png",
    "title": "样边长城 大营盘长城 水关长城（1日行程）",
    "money": "80",
    "date": "09/23",
    "city": "北京"
  },
  {
    "url": "http://hd.8264.com/xianlu-160900",
    "img": "http://img.qunawan.com/ecmme/wan/xl/goods/20170324/201703241803189605_listfull.jpg",
    "title": "独家线路 微辣型荒岛求生 竹湾岛屿（2日行程）",
    "money": "260",
    "date": "09/23",
    "city": "广州"
  },
  {
    "url": "http://hd.8264.com/xianlu-160306",
    "img": "http://img.qunawan.com/ecmme/wan/xl/goods/20170316/201703161802286194_listfull.jpg",
    "title": "拍婺源最美油菜花田 游三清山 新安江百里画廊（5日行程）",
    "money": "880",
    "date": "09/30",
    "city": "北京"
  },
  {
    "url": "http://hd.8264.com/xianlu-159937",
    "img": "http://img.qunawan.com/ecmme/wan/xl/goods/20170519/201705191232506216_listfull.jpg",
    "title": "稻亚经典 梦中香格里拉 稻城亚丁海螺沟新都桥深度游（8日行程）",
    "money": "3280",
    "date": "09/22",
    "city": "成都"
  },
  {
    "url": "http://hd.8264.com/xianlu-159928",
    "img": "http://img.qunawan.com/ecmme/wan/xl/goods/20170424/201704241437546659_listfull.jpg",
    "title": "徒步苏州苜厘山（1日行程）",
    "money": "139",
    "date": "10/04",
    "city": "黄浦"
  }
]