[
  {
    "url": "http://hd.8264.com/xianlu-159833",
    "img": "http://img.qunawan.com/ecmme/wan/xl/goods/20170312/201703120236373712_listfull.jpg",
    "title": "奇山异水张家界 玻璃栈道（5日行程）",
    "money": "980",
    "date": "09/30",
    "city": "深圳"
  },
  {
    "url": "http://hd.8264.com/xianlu-160148",
    "img": "http://img.qunawan.com/ecmme/wan/xl/goods/20170315/201703150215046550_listfull.jpg",
    "title": "梦幻穿越 有一个神秘的无人区叫腾格里（3日行程）",
    "money": "2980",
    "date": "10/01",
    "city": "银川"
  },
  {
    "url": "http://hd.8264.com/xianlu-163137",
    "img": "http://img.qunawan.com/ecmme/wan/xl/goods/20170425/201704250858115149_listfull.png",
    "title": "怀柔响水湖长城风景区 观看花儿 踏青 欣赏长城美景（1日行程）",
    "money": "70",
    "date": "09/23",
    "city": "北京"
  },
  {
    "url": "http://hd.8264.com/xianlu-159102",
    "img": "http://img.qunawan.com/ecmme/wan/xl/goods/20170302/201703021346005202_listfull.jpg",
    "title": "端午 神奇海岛游 长岛 蓬莱 万鸟岛快乐游（4日行程）",
    "money": "550",
    "date": "09/30",
    "city": "安庆"
  },
  {
    "url": "http://hd.8264.com/xianlu-157743",
    "img": "http://img.qunawan.com/ecmme/wan/xl/goods/20170219/201702192210448692_listfull.jpg",
    "title": "徒步穿越中国最美沙漠 巴丹吉林沙漠（5日行程）",
    "money": "2580",
    "date": "10/01",
    "city": "金昌"
  },
  {
    "url": "http://hd.8264.com/xianlu-157739",
    "img": "http://img.qunawan.com/ecmme/wan/xl/goods/20170219/201702192124572863_listfull.jpg",
    "title": "徒步腾格里沙漠 探寻苍天般的阿拉善（4日行程）",
    "money": "2280",
    "date": "10/01",
    "city": "银川"
  },
  {
    "url": "http://hd.8264.com/xianlu-156745",
    "img": "http://img.qunawan.com/ecmme/wan/xl/goods/20170207/201702071510517032_listfull.jpg",
    "title": "2017腾格里沙漠徒步穿越 穿越无人区（3日行程）",
    "money": "2980",
    "date": "10/01",
    "city": "银川"
  },
  {
    "url": "http://hd.8264.com/xianlu-156578",
    "img": "http://img.qunawan.com/ecmme/wan/xl/goods/20170919/201709191354376678_listfull.jpg",
    "title": "穿越徽杭古道 登顶清凉峰（3日行程）",
    "money": "640",
    "date": "10/04",
    "city": "上海"
  },
  {
    "url": "http://hd.8264.com/xianlu-156389",
    "img": "http://img.qunawan.com/ecmme/wan/xl/goods/20170125/201701251835155950_listfull.jpg",
    "title": "七彩A 香格里拉 梅里雪山 巴拉格宗大峡谷朝圣摄影之旅（7日行程）",
    "money": "2980",
    "date": "09/25",
    "city": "丽江"
  },
  {
    "url": "http://hd.8264.com/xianlu-155612",
    "img": "http://img.qunawan.com/ecmme/wan/xl/goods/20170322/201703220927181121_listfull.jpg",
    "title": "库布齐沙漠（3日行程）",
    "money": "950",
    "date": "10/02",
    "city": "乌兰"
  },
  {
    "url": "http://hd.8264.com/xianlu-154112",
    "img": "http://img.qunawan.com/ecmme/wan/xl/goods/20161229/201612291553412097_listfull.jpg",
    "title": "2017湖南凤凰古城 苗寨游（4日行程）",
    "money": "680",
    "date": "09/30",
    "city": "深圳"
  },
  {
    "url": "http://hd.8264.com/xianlu-153681",
    "img": "http://img.qunawan.com/ecmme/wan/xl/goods/20161226/201612261400183595_listfull.jpg",
    "title": "十一假期 云冈石窟 恒山 平遥古城 王家大院 悬空寺（3日行程）",
    "money": "650",
    "date": "10/01",
    "city": "北京"
  },
  {
    "url": "http://hd.8264.com/xianlu-152657",
    "img": "http://img.qunawan.com/ecmme/wan/xl/goods/20170503/201705031434346936_listfull.jpg",
    "title": "徒步穿越九华山 体验启封一见惊魂魄（3日行程）",
    "money": "630",
    "date": "10/04",
    "city": "池州"
  },
  {
    "url": "http://hd.8264.com/xianlu-152038",
    "img": "http://img.qunawan.com/ecmme/wan/xl/goods/20161215/201612151607436114_listfull.png",
    "title": "相约海南三亚 非诚勿扰（5日行程）",
    "money": "680",
    "date": "10/01",
    "city": "深圳"
  },
  {
    "url": "http://hd.8264.com/xianlu-144428",
    "img": "http://img.qunawan.com/ecmme/wan/xl/goods/20170915/201709151110422933_listfull.jpg",
    "title": "特价活动 莫干山 徒步莫干山 探秘蒋公道 穿行竹海幽径（1日行程）",
    "money": "99",
    "date": "10/04",
    "city": "上海"
  },
  {
    "url": "http://hd.8264.com/xianlu-170573",
    "img": "http://img.qunawan.com/ecmme/wan/xl/goods/20170819/201708191647216553_listfull.jpg",
    "title": "无锡出发 漂洋过海去小洋山岛 探访海上小黄山 看世界第一大港（1日行程）",
    "money": "168",
    "date": "09/23",
    "city": "无锡"
  },
  {
    "url": "http://hd.8264.com/xianlu-136428",
    "img": "http://img.qunawan.com/ecmme/wan/xl/goods/20161011/201610111604069643_listfull.jpg",
    "title": "苏梅岛 Full Moon Party（6日行程）",
    "money": "3980",
    "date": "10/04",
    "city": "苏梅"
  },
  {
    "url": "http://hd.8264.com/xianlu-135206",
    "img": "http://img.qunawan.com/ecmme/wan/xl/goods/20161008/201610081409241129_listfull.jpg",
    "title": "国庆专线 穿越三尖 徒步华东经典线（3日行程）",
    "money": "570",
    "date": "10/04",
    "city": "上海"
  },
  {
    "url": "http://hd.8264.com/xianlu-130188",
    "img": "http://img.qunawan.com/ecmme/wan/xl/goods/20160913/201609131208564962_listfull.jpg",
    "title": "洛阳 游嵩山少林寺 观龙门石窟 白马寺 休闲游（4日行程）",
    "money": "600",
    "date": "09/30",
    "city": "北京"
  },
  {
    "url": "http://hd.8264.com/xianlu-130179",
    "img": "http://img.qunawan.com/ecmme/wan/xl/goods/20160913/201609131159044067_listfull.jpg",
    "title": "苏州 拙政园 杭州 西湖 西溪 乌镇 西塘 同里 苏杭古镇（5日行程）",
    "money": "790",
    "date": "09/30",
    "city": "北京"
  }
]