[
  {
    "url": "http://hd.8264.com/xianlu-130166",
    "img": "http://img.qunawan.com/ecmme/wan/xl/goods/20160913/201609131145041211_listfull.jpg",
    "title": "访兵马俑 登西岳华山 游西安古城 品西安美食 行摄壶口瀑布（4日行程）",
    "money": "850",
    "date": "09/30",
    "city": "北京"
  },
  {
    "url": "http://hd.8264.com/xianlu-130163",
    "img": "http://img.qunawan.com/ecmme/wan/xl/goods/20160913/201609131141407655_listfull.jpg",
    "title": "神奇海岛游长岛蓬莱万鸟岛候叽岛庙岛海豹苑拍片吃海鲜（4日行程）",
    "money": "350",
    "date": "09/30",
    "city": "北京"
  },
  {
    "url": "http://hd.8264.com/xianlu-130045",
    "img": "http://img.qunawan.com/ecmme/wan/xl/goods/20160913/201609130935315023_listfull.jpg",
    "title": "赏云台山奇峰异石 观郭亮绝壁长廊 游万仙山挂壁公路 南太行山（4日行程）",
    "money": "590",
    "date": "09/30",
    "city": "北京"
  },
  {
    "url": "http://hd.8264.com/xianlu-130020",
    "img": "http://img.qunawan.com/ecmme/wan/xl/goods/20160913/201609130922136037_listfull.jpg",
    "title": "青岛 崂山 金沙滩 全程无门票 游灵山岛 吃海鲜 活动（4日行程）",
    "money": "699",
    "date": "09/30",
    "city": "北京"
  },
  {
    "url": "http://hd.8264.com/xianlu-130007",
    "img": "http://img.qunawan.com/ecmme/wan/xl/goods/20160913/201609130131474003_listfull.jpg",
    "title": "湖北神农架 武当山 问道寻仙 神农架武当山寻野人 休闲游（5日行程）",
    "money": "980",
    "date": "09/30",
    "city": "北京"
  },
  {
    "url": "http://hd.8264.com/xianlu-130005",
    "img": "http://img.qunawan.com/ecmme/wan/xl/goods/20160913/201609130120307210_listfull.jpg",
    "title": "苏州 拙政园 杭州 西湖 西溪 乌镇 西塘 同里 苏杭古镇（5日行程）",
    "money": "790",
    "date": "09/30",
    "city": "北京"
  },
  {
    "url": "http://hd.8264.com/xianlu-130001",
    "img": "http://img.qunawan.com/ecmme/wan/xl/goods/20160913/201609130049267617_listfull.jpg",
    "title": "访兵马俑 登西岳华山 游西安古城 品西安美食 行摄壶口瀑布（4日行程）",
    "money": "850",
    "date": "09/30",
    "city": "北京"
  },
  {
    "url": "http://hd.8264.com/xianlu-130000",
    "img": "http://img.qunawan.com/ecmme/wan/xl/goods/20160913/201609130042473155_listfull.jpg",
    "title": "神奇海岛游长岛蓬莱万鸟岛候叽岛庙岛海豹苑拍片吃海鲜（4日行程）",
    "money": "380",
    "date": "09/30",
    "city": "北京"
  },
  {
    "url": "http://hd.8264.com/xianlu-129992",
    "img": "http://img.qunawan.com/ecmme/wan/xl/goods/20160912/201609122342407633_listfull.jpg",
    "title": "库布齐沙漠 库不齐 黄河第一湾 库布其老牛湾（4日行程）",
    "money": "349",
    "date": "09/30",
    "city": "北京"
  },
  {
    "url": "http://hd.8264.com/xianlu-129990",
    "img": "http://img.qunawan.com/ecmme/wan/xl/goods/20160912/201609122326214470_listfull.jpg",
    "title": "库不齐沙漠 红石峡 波浪谷 壶口瀑布 库布其 库布齐（4日行程）",
    "money": "880",
    "date": "09/30",
    "city": "北京"
  },
  {
    "url": "http://hd.8264.com/xianlu-128940",
    "img": "http://img.qunawan.com/ecmme/wan/xl/goods/20160908/201609081344109611_listfull.jpg",
    "title": "川西经典环线 新都桥 康定 海螺沟 稻城亚丁 318部分段（7日行程）",
    "money": "2780",
    "date": "09/22",
    "city": "成都"
  },
  {
    "url": "http://hd.8264.com/xianlu-127303",
    "img": "http://img.qunawan.com/ecmme/wan/xl/goods/20160904/201609041950099742_listfull.jpg",
    "title": "中秋佳节 摄最美欧家梯田 行千年丰阳古村（2日行程）",
    "money": "388",
    "date": "10/04",
    "city": "广州"
  },
  {
    "url": "http://hd.8264.com/xianlu-119040",
    "img": "http://img.qunawan.com/ecmme/wan/xl/goods/20170318/201703181417498239_listfull.jpg",
    "title": "三奥雪山之奥太娜登山 海拔5000米级别雪山攀登（6日行程）",
    "money": "2280",
    "date": "09/30",
    "city": "成都"
  },
  {
    "url": "http://hd.8264.com/xianlu-116874",
    "img": "http://img.qunawan.com/ecmme/wan/xl/goods/20160728/201607281748419530_listfull.jpg",
    "title": "十一草原 乌兰布统 将军泡子 蛤蟆坝 公主湖（3日行程）",
    "money": "600",
    "date": "10/01",
    "city": "北京"
  },
  {
    "url": "http://hd.8264.com/xianlu-114859",
    "img": "http://img.qunawan.com/ecmme/wan/xl/goods/20170317/201703171841001277_listfull.jpg",
    "title": "醉美川西海螺沟 新都桥 稻城亚丁 红石滩 深度旅行（8日行程）",
    "money": "2380",
    "date": "09/22",
    "city": "成都"
  },
  {
    "url": "http://hd.8264.com/xianlu-129984",
    "img": "http://img.qunawan.com/ecmme/wan/xl/goods/20160912/201609122231173442_listfull.jpg",
    "title": "青岛 崂山 金沙滩 全程无门票 游灵山岛 吃海鲜 活动（4日行程）",
    "money": "699",
    "date": "09/30",
    "city": "北京"
  },
  {
    "url": "http://hd.8264.com/xianlu-22862",
    "img": "http://img.qunawan.com/ecmme/wan/xl/goods/20170317/201703171210107252_listfull.jpg",
    "title": "最美川西海螺沟 新都桥 稻城亚丁 红石滩 深度旅行（8日行程）",
    "money": "2780",
    "date": "09/22",
    "city": "成都"
  },
  {
    "url": "http://hd.8264.com/xianlu-20902",
    "img": "http://img.qunawan.com/ecmme/wan/xl/goods/20160707/201607071121153910_listfull.jpg",
    "title": "探秘最后的女儿国 泸沽湖（4日行程）",
    "money": "1380",
    "date": "10/01",
    "city": "成都"
  },
  {
    "url": "http://hd.8264.com/xianlu-15606",
    "img": "http://img.qunawan.com/ecmme/wan/xl/goods/20170504/201705041705112385_listfull.jpg",
    "title": "三奥雪山之奥太娜登山 海拔5000米级别雪山攀登（6日行程）",
    "money": "2280",
    "date": "09/30",
    "city": "成都"
  },
  {
    "url": "http://hd.8264.com/xianlu-13296",
    "img": "http://img.qunawan.com/ecmme/wan/xl/goods/20170609/201706091243587952_listfull.png",
    "title": "香港海岛露营 品茶 烧烤 享受阳光与魅力海滩（2日行程）",
    "money": "490",
    "date": "09/30",
    "city": "深圳"
  }
]