[
  {
    "url": "http://hd.8264.com/xianlu-9791",
    "img": "http://img.qunawan.com/ecmme/wan/xl/goods/20160603/201606030101562092_listfull.jpg",
    "title": "终极阿里大北线（13日行程）",
    "money": "6500",
    "date": "09/23",
    "city": "拉萨"
  },
  {
    "url": "http://hd.8264.com/xianlu-6227",
    "img": "http://img.qunawan.com/ecmme/wan/xl/goods/20160520/201605201301335858_listfull.jpg",
    "title": "徒步徽杭古道 穿越障山大峡谷（2日行程）",
    "money": "450",
    "date": "09/23",
    "city": "南京"
  },
  {
    "url": "http://hd.8264.com/xianlu-2797",
    "img": "http://img.qunawan.com/ecmme/wan/xl/goods/20160405/201604051429219712_listfull.jpg",
    "title": "环青海湖骑行（5日行程）",
    "money": "1499",
    "date": "10/01",
    "city": "西宁"
  },
  {
    "url": "http://hd.8264.com/xianlu-2304",
    "img": "http://img.qunawan.com/ecmme/wan/xl/goods/20160304/201603041113424319_listfull.jpg",
    "title": "中秋节 登天下第一奇山 黄山 相约赏圆月 看云海 观日出（3日行程）",
    "money": "880",
    "date": "10/04",
    "city": "杭州"
  },
  {
    "url": "http://hd.8264.com/xianlu-1113",
    "img": "http://img.qunawan.com/ecmme/wan/xl/goods/20160621/201606211528408074_listfull.jpg",
    "title": "青海湖骑行 茶卡盐湖 祁连 门源深度漫步行摄（6日行程）",
    "money": "1999",
    "date": "10/01",
    "city": "西宁"
  },
  {
    "url": "http://hd.8264.com/xianlu-1010",
    "img": "http://img.qunawan.com/ecmme/wan/xl/goods/20161028/201610280956046004_listfull.jpg",
    "title": "环青海湖骑行 领队 保障车护航 圆梦圣湖 茶卡盐湖（5日行程）",
    "money": "1499",
    "date": "10/01",
    "city": "西宁"
  },
  {
    "url": "http://hd.8264.com/xianlu-168896",
    "img": "http://img.qunawan.com/ecmme/wan/xl/goods/20170712/201707121405556257_listfull.jpg",
    "title": "初上高原 朝拜蜀山之王 贡嘎西南坡徒步穿越 无露营（5日行程）",
    "money": "2280",
    "date": "09/30",
    "city": "成都"
  },
  {
    "url": "http://hd.8264.com/xianlu-170605",
    "img": "http://img.qunawan.com/ecmme/wan/xl/goods/20170821/201708211229153024_listfull.jpg",
    "title": "文化之旅 探寻诺亚方舟神迹 攀登土耳其最高峰大亚拉腊山（15日行程）",
    "money": "25800",
    "date": "09/30",
    "city": "伊斯"
  },
  {
    "url": "http://hd.8264.com/xianlu-125881",
    "img": "http://img.qunawan.com/ecmme/wan/xl/goods/20160830/201608302218086022_listfull.png",
    "title": "最美的新疆 金秋胡杨林 童话禾木（11日行程）",
    "money": "200",
    "date": "10/30",
    "city": "乌鲁"
  },
  {
    "url": "http://hd.8264.com/xianlu-171572",
    "img": "http://img.qunawan.com/ecmme/wan/xl/goods/20170906/201709061428497582_listfull.jpg",
    "title": "最美高铁团 额济纳旗胡杨林 嘉峪关 张掖丹霞（6日行程）",
    "money": "3380",
    "date": "09/24",
    "city": "兰州"
  },
  {
    "url": "http://hd.8264.com/xianlu-170583",
    "img": "http://img.qunawan.com/ecmme/wan/xl/goods/20170820/201708201837159896_listfull.jpg",
    "title": "2017国庆库布齐沙漠徒步穿越（3日行程）",
    "money": "1280",
    "date": "10/02",
    "city": "包头"
  },
  {
    "url": "http://hd.8264.com/xianlu-168968",
    "img": "http://img.qunawan.com/ecmme/wan/xl/goods/20170718/201707181135512448_listfull.jpg",
    "title": "含大交通 寻美中国极致景色 呼伦贝尔阿尔山 徒步骑行穿行（6日行程）",
    "money": "3880",
    "date": "10/01",
    "city": "北京"
  },
  {
    "url": "http://hd.8264.com/xianlu-2751",
    "img": "http://img.qunawan.com/ecmme/wan/xl/goods/20160331/201603311930299691_listfull.png",
    "title": "观太行 赏民俗 南太行 郭亮 王莽岭 锡崖沟 抱犊沟 八里沟（5日行程）",
    "money": "1180",
    "date": "09/23",
    "city": "郑州"
  },
  {
    "url": "http://hd.8264.com/xianlu-172218",
    "img": "http://img.qunawan.com/ecmme/wan/xl/goods/20170920/201709201513311977_listfull.jpg",
    "title": "国庆专线 徒步苏州小七尖灵树线 初级驴友毕业虐线（1日行程）",
    "money": "139",
    "date": "10/03",
    "city": "长宁"
  },
  {
    "url": "http://hd.8264.com/xianlu-172111",
    "img": "http://img.qunawan.com/ecmme/wan/xl/goods/20170918/201709180950595622_listfull.png",
    "title": "额济纳专线 胡杨林赏秋 结伴包车 休闲纯粹游（5日行程）",
    "money": "1800",
    "date": "10/02",
    "city": "北京"
  },
  {
    "url": "http://hd.8264.com/xianlu-171845",
    "img": "http://img.qunawan.com/ecmme/wan/xl/goods/20170912/201709121526561989_listfull.jpg",
    "title": "国庆 游南太行仙境 云台山观飞瀑流泉 行走郭亮绝壁长廊（4日行程）",
    "money": "850",
    "date": "10/01",
    "city": "东城"
  },
  {
    "url": "http://hd.8264.com/xianlu-171944",
    "img": "http://img.qunawan.com/ecmme/wan/xl/goods/20170914/201709141132186969_listfull.jpg",
    "title": "登天台山 访海盗文化景区蛇蟠岛 漫步木杓沙滩 静心国清寺（3日行程）",
    "money": "780",
    "date": "10/03",
    "city": "上海"
  },
  {
    "url": "http://hd.8264.com/xianlu-171638",
    "img": "http://img.qunawan.com/ecmme/wan/xl/goods/20170908/201709080942595142_listfull.jpg",
    "title": "梦幻新疆 可可托海五彩滩喀纳斯禾木魔鬼城深度游（8日行程）",
    "money": "3988",
    "date": "09/23",
    "city": "乌鲁"
  },
  {
    "url": "http://hd.8264.com/xianlu-171624",
    "img": "http://img.qunawan.com/ecmme/wan/xl/goods/20170907/201709071035183723_listfull.jpg",
    "title": "318国道川藏线 人生该有个不一样的旅行（10日行程）",
    "money": "4500",
    "date": "09/30",
    "city": "成都"
  },
  {
    "url": "http://hd.8264.com/xianlu-171487",
    "img": "http://img.qunawan.com/ecmme/wan/xl/goods/20170904/201709042354112797_listfull.jpg",
    "title": "九十月份结伴新疆喀纳斯 禾木 白哈巴 克拉玛依 休闲之旅（9日行程）",
    "money": "4680",
    "date": "09/23",
    "city": "乌鲁"
  }
]