[
  {
    "url": "http://hd.8264.com/xianlu-171369",
    "img": "http://img.qunawan.com/ecmme/wan/xl/goods/20170902/201709021518061974_listfull.jpg",
    "title": "10 3 额济纳 中国有如此美的胡杨林 驴友们都震惊了（6日行程）",
    "money": "3580",
    "date": "10/03",
    "city": "银川"
  },
  {
    "url": "http://hd.8264.com/xianlu-171270",
    "img": "http://img.qunawan.com/ecmme/wan/xl/goods/20170901/201709010732542810_listfull.jpg",
    "title": "国庆连发两期 樂吧 波浪谷 库不齐沙漠（4日行程）",
    "money": "999",
    "date": "10/01",
    "city": "北京"
  },
  {
    "url": "http://hd.8264.com/xianlu-171138",
    "img": "http://img.qunawan.com/ecmme/wan/xl/goods/20170830/201708301627239170_listfull.png",
    "title": "国庆 穿越南太行绝壁公路郭亮村 八里沟 隐居抱犊村（4日行程）",
    "money": "580",
    "date": "09/30",
    "city": "北京"
  },
  {
    "url": "http://hd.8264.com/xianlu-171143",
    "img": "http://img.qunawan.com/ecmme/wan/xl/goods/20170914/201709140937585273_listfull.jpg",
    "title": "国庆 黄山火车 宏村 木坑竹海 西递 观黄山云海奇峰（4日行程）",
    "money": "680",
    "date": "09/30",
    "city": "丰台"
  },
  {
    "url": "http://hd.8264.com/xianlu-171025",
    "img": "http://img.qunawan.com/ecmme/wan/xl/goods/20170829/201708291028041885_listfull.jpg",
    "title": "国庆度假休闲 河南固始西九华山 龙津溪地 留梦河谷山水画廊（2日行程）",
    "money": "490",
    "date": "10/03",
    "city": "武汉"
  },
  {
    "url": "http://hd.8264.com/xianlu-170874",
    "img": "http://img.qunawan.com/ecmme/wan/xl/goods/20170824/201708241902214928_listfull.jpg",
    "title": "探秘华东香格里拉 仙居公盂岩 括苍山顶观云海日出（3日行程）",
    "money": "550",
    "date": "10/03",
    "city": "台州"
  },
  {
    "url": "http://hd.8264.com/xianlu-170630",
    "img": "http://img.qunawan.com/ecmme/wan/xl/goods/20170821/201708211654023373_listfull.jpg",
    "title": "樂吧 波浪谷 国庆连发两期（4日行程）",
    "money": "999",
    "date": "10/01",
    "city": "朝阳"
  },
  {
    "url": "http://hd.8264.com/xianlu-170595",
    "img": "http://img.qunawan.com/ecmme/wan/xl/goods/20170821/201708211039459073_listfull.jpg",
    "title": "国庆 寻最美的秋 玉龙沙湖 阿斯哈图石林 锡林郭勒 达理湖（5日行程）",
    "money": "1280",
    "date": "10/01",
    "city": "东城"
  },
  {
    "url": "http://hd.8264.com/xianlu-170426",
    "img": "http://img.qunawan.com/ecmme/wan/xl/goods/20170816/201708161623587084_listfull.jpg",
    "title": "神奇海岛游长岛 看海鸥飞起 海边日落（4日行程）",
    "money": "350",
    "date": "09/30",
    "city": "北京"
  },
  {
    "url": "http://hd.8264.com/xianlu-170371",
    "img": "http://img.qunawan.com/ecmme/wan/xl/goods/20170816/201708160852592743_listfull.jpg",
    "title": "国庆假期 库布齐经典东线穿越 体验大漠荒凉 可住宿可扎营（4日行程）",
    "money": "350",
    "date": "09/30",
    "city": "朝阳"
  },
  {
    "url": "http://hd.8264.com/xianlu-170113",
    "img": "http://img.qunawan.com/ecmme/wan/xl/goods/20170809/201708091139134597_listfull.jpg",
    "title": "特价活动 徒步 长乐林场红杉枫香 甘岭湖野餐之旅（1日行程）",
    "money": "99",
    "date": "10/03",
    "city": "上海"
  },
  {
    "url": "http://hd.8264.com/xianlu-170424",
    "img": "http://img.qunawan.com/ecmme/wan/xl/goods/20170816/201708161557243336_listfull.jpg",
    "title": "闲游户外 国庆两期 乌兰布统金秋摄影 越野车深度航拍（4日行程）",
    "money": "690",
    "date": "09/30",
    "city": "北京"
  },
  {
    "url": "http://hd.8264.com/xianlu-169856",
    "img": "http://img.qunawan.com/ecmme/wan/xl/goods/20170802/201708021556232956_listfull.jpg",
    "title": "上林湖 栲栳山古道环线徒步（1日行程）",
    "money": "139",
    "date": "10/03",
    "city": "上海"
  },
  {
    "url": "http://hd.8264.com/xianlu-169783",
    "img": "http://img.qunawan.com/ecmme/wan/xl/goods/20170801/201708011117442928_listfull.jpg",
    "title": "2017国庆 给生活一点颜色 最美的秋天相约腾格里沙漠（5日行程）",
    "money": "3320",
    "date": "10/01",
    "city": "银川"
  },
  {
    "url": "http://hd.8264.com/xianlu-169598",
    "img": "http://img.qunawan.com/ecmme/wan/xl/goods/20170727/201707271352311893_listfull.jpg",
    "title": "国庆火车团黄山 宏村 呈坎 黄山云海奇峰 可代订火车票（3日行程）",
    "money": "680",
    "date": "10/03",
    "city": "合肥"
  },
  {
    "url": "http://hd.8264.com/xianlu-169551",
    "img": "http://img.qunawan.com/ecmme/wan/xl/goods/20170726/201707261713279127_listfull.jpg",
    "title": "国庆 寻最美的秋 锡林郭勒 达理湖 西拉木伦河（5日行程）",
    "money": "1280",
    "date": "10/01",
    "city": "北京"
  },
  {
    "url": "http://hd.8264.com/xianlu-169046",
    "img": "http://img.qunawan.com/ecmme/wan/xl/goods/20170714/201707141129079134_listfull.jpg",
    "title": "国庆 神奇海岛游 长岛 蓬莱 万鸟岛 候叽岛 庙岛 海豹苑（4日行程）",
    "money": "899",
    "date": "10/01",
    "city": "东城"
  },
  {
    "url": "http://hd.8264.com/xianlu-169009",
    "img": "http://img.qunawan.com/ecmme/wan/xl/goods/20170713/201707131701533905_listfull.jpeg",
    "title": "大美阿里 羊湖 日喀则 岗仁波齐 古格王朝遗址 珠峰 纳木错（9日行程）",
    "money": "6380",
    "date": "09/26",
    "city": "北京"
  },
  {
    "url": "http://hd.8264.com/xianlu-168623",
    "img": "http://img.qunawan.com/ecmme/wan/xl/goods/20170710/201707100856462151_listfull.jpg",
    "title": "金秋相约新疆喀纳斯 最美丽的乡村风光 最经典的乡村路线（9日行程）",
    "money": "4680",
    "date": "09/23",
    "city": "北京"
  },
  {
    "url": "http://hd.8264.com/xianlu-168564",
    "img": "http://img.qunawan.com/ecmme/wan/xl/goods/20170707/201707071520175484_listfull.png",
    "title": "遇见之阿坝 年宝玉则 若尔盖 九寨沟 摄影纯玩（7日行程）",
    "money": "3380",
    "date": "09/24",
    "city": "成都"
  }
]