[
  {
    "url": "http://hd.8264.com/xianlu-171550",
    "img": "http://img.qunawan.com/ecmme/wan/xl/goods/20170906/201709060920216075_listfull.jpg",
    "title": "广西南宁周边 户外徒步野炊溯溪自驾游 驴友露营圣地 龙头峰（2日行程）",
    "money": "199",
    "date": "09/22",
    "city": "南宁"
  },
  {
    "url": "http://hd.8264.com/xianlu-171548",
    "img": "http://img.qunawan.com/ecmme/wan/xl/goods/20170906/201709060914144697_listfull.jpg",
    "title": "长春 长白山深度游玩 近距离走进长白山（4日行程）",
    "money": "2980",
    "date": "09/22",
    "city": "长春"
  },
  {
    "url": "http://hd.8264.com/xianlu-171543",
    "img": "http://img.qunawan.com/ecmme/wan/xl/goods/20170905/201709052305514148_listfull.jpg",
    "title": "金秋呼伦贝尔 约起（5日行程）",
    "money": "1750",
    "date": "09/23",
    "city": "呼伦"
  },
  {
    "url": "http://hd.8264.com/xianlu-171537",
    "img": "http://img.qunawan.com/ecmme/wan/xl/goods/20170905/201709052025223174_listfull.jpg",
    "title": "广州真人CS胶弹野战（1日行程）",
    "money": "128",
    "date": "09/22",
    "city": "广州"
  },
  {
    "url": "http://hd.8264.com/xianlu-171532",
    "img": "http://img.qunawan.com/ecmme/wan/xl/goods/20170905/201709051857123763_listfull.jpg",
    "title": "雪山攀登四姑娘山长坪沟徒步适应海拔加入门级雪山二峰攀登（6日行程）",
    "money": "2280",
    "date": "09/22",
    "city": "成都"
  },
  {
    "url": "http://hd.8264.com/xianlu-171525",
    "img": "http://img.qunawan.com/ecmme/wan/xl/goods/20170905/201709051529552897_listfull.png",
    "title": "消失的地平线 国庆洛克新线穿越 人间最后的香格里拉（7日行程）",
    "money": "4500",
    "date": "10/01",
    "city": "广州"
  },
  {
    "url": "http://hd.8264.com/xianlu-171659",
    "img": "http://img.qunawan.com/ecmme/wan/xl/goods/20170907/201709071554472271_listfull.jpg",
    "title": "逛龙门飞甲拍摄地 天漠 游荡永宁古城 享用柳沟豆腐宴（1日行程）",
    "money": "70",
    "date": "10/01",
    "city": "北京"
  },
  {
    "url": "http://hd.8264.com/xianlu-171520",
    "img": "http://img.qunawan.com/ecmme/wan/xl/goods/20170905/201709051429562826_listfull.jpg",
    "title": "2017国庆冈仁波齐转山 一错再错 阿里大环线（16日行程）",
    "money": "6380",
    "date": "09/23",
    "city": "拉萨"
  },
  {
    "url": "http://hd.8264.com/xianlu-171512",
    "img": "http://img.qunawan.com/ecmme/wan/xl/goods/20170905/201709051119205908_listfull.jpg",
    "title": "2017国庆 十大经典徒步 四姑娘山长坪沟穿越毕棚沟（5日行程）",
    "money": "2380",
    "date": "10/04",
    "city": "成都"
  },
  {
    "url": "http://hd.8264.com/xianlu-171510",
    "img": "http://img.qunawan.com/ecmme/wan/xl/goods/20170905/201709051111237410_listfull.jpg",
    "title": "2017国庆 攀登四姑娘山二峰 徒步长坪沟穿越毕棚沟（6日行程）",
    "money": "3000",
    "date": "09/22",
    "city": "成都"
  },
  {
    "url": "http://hd.8264.com/xianlu-171507",
    "img": "http://img.qunawan.com/ecmme/wan/xl/goods/20170905/201709051101214908_listfull.jpg",
    "title": "阿里大北线 冈仁波齐转山 神山圣湖 休闲摄影游（16日行程）",
    "money": "6600",
    "date": "09/24",
    "city": "拉萨"
  },
  {
    "url": "http://hd.8264.com/xianlu-171497",
    "img": "http://img.qunawan.com/ecmme/wan/xl/goods/20170905/201709051027541029_listfull.jpg",
    "title": "17年国庆 梅里外转山 茶马古道 最后一期（13日行程）",
    "money": "6999",
    "date": "09/29",
    "city": "迪庆"
  },
  {
    "url": "http://hd.8264.com/xianlu-171478",
    "img": "http://img.qunawan.com/ecmme/wan/xl/goods/20170904/201709041855485686_listfull.jpg",
    "title": "探访苦修密地 走进佛国世界色达 亚青寺 甘孜之旅（7日行程）",
    "money": "2880",
    "date": "10/01",
    "city": "成都"
  },
  {
    "url": "http://hd.8264.com/xianlu-171477",
    "img": "http://img.qunawan.com/ecmme/wan/xl/goods/20170907/201709071444308602_listfull.jpg",
    "title": "相约金秋 唯美胡杨林包车游（7日行程）",
    "money": "1500",
    "date": "09/22",
    "city": "西宁"
  },
  {
    "url": "http://hd.8264.com/xianlu-171467",
    "img": "http://img.qunawan.com/ecmme/wan/xl/goods/20170904/201709041644105180_listfull.jpg",
    "title": "阿里北线 冈仁波齐转山 珠峰 古格王朝 双湖 深度摄影纯玩（16日行程）",
    "money": "6400",
    "date": "09/24",
    "city": "拉萨"
  },
  {
    "url": "http://hd.8264.com/xianlu-171466",
    "img": "http://img.qunawan.com/ecmme/wan/xl/goods/20170904/201709041638009995_listfull.png",
    "title": "河源客家画里乡村 挑战高空玻璃栈道（2日行程）",
    "money": "350",
    "date": "10/01",
    "city": "深圳"
  },
  {
    "url": "http://hd.8264.com/xianlu-171459",
    "img": "http://img.qunawan.com/ecmme/wan/xl/goods/20170904/201709041621381057_listfull.jpg",
    "title": "2017国庆特辑 贡嘎大小环线完美穿越 朝圣贡嘎雪山（7日行程）",
    "money": "2880",
    "date": "10/01",
    "city": "成都"
  },
  {
    "url": "http://hd.8264.com/xianlu-171458",
    "img": "http://img.qunawan.com/ecmme/wan/xl/goods/20170904/201709041619367669_listfull.jpg",
    "title": "骑游佘山 城市骑行单身交友派对（1日行程）",
    "money": "58",
    "date": "09/24",
    "city": "徐汇"
  },
  {
    "url": "http://hd.8264.com/xianlu-171768",
    "img": "http://img.qunawan.com/ecmme/wan/xl/goods/20170911/201709111540003176_listfull.jpg",
    "title": "朝圣 蜀山之王 贡嘎山全线穿越（7日行程）",
    "money": "2880",
    "date": "10/14",
    "city": "成都"
  },
  {
    "url": "http://hd.8264.com/xianlu-171442",
    "img": "http://img.qunawan.com/ecmme/wan/xl/goods/20170904/201709041300198534_listfull.jpg",
    "title": "2017国庆深秋 走进贡嘎 蜀山之王 完美穿越（7日行程）",
    "money": "3000",
    "date": "09/23",
    "city": "成都"
  }
]