[
  {
    "url": "http://hd.8264.com/xianlu-168052",
    "img": "http://img.qunawan.com/ecmme/wan/xl/goods/20170629/201706291420421889_listfull.jpg",
    "title": "亲子之旅 避暑圣地之哀牢山 建水古城 普者黑（7日行程）",
    "money": "3380",
    "date": "09/23",
    "city": "昆明"
  },
  {
    "url": "http://hd.8264.com/xianlu-167939",
    "img": "http://img.qunawan.com/ecmme/wan/xl/goods/20170628/201706281040287317_listfull.jpg",
    "title": "国庆假期 神奇海岛游 长岛 蓬莱 万鸟岛 候叽岛 庙岛（4日行程）",
    "money": "899",
    "date": "10/01",
    "city": "东城"
  },
  {
    "url": "http://hd.8264.com/xianlu-167751",
    "img": "http://img.qunawan.com/ecmme/wan/xl/goods/20170626/201706261553105198_listfull.jpg",
    "title": "徒步 年保玉则仙女湖 妖女湖 上下日干措之旅（6日行程）",
    "money": "2980",
    "date": "09/23",
    "city": "成都"
  },
  {
    "url": "http://hd.8264.com/xianlu-167554",
    "img": "http://img.qunawan.com/ecmme/wan/xl/goods/20170622/201706221402018148_listfull.jpg",
    "title": "小鼓浪屿较尾场与大鹏古城 最美溪谷杨梅坑骑行（1日行程）",
    "money": "108",
    "date": "10/03",
    "city": "广州"
  },
  {
    "url": "http://hd.8264.com/xianlu-167192",
    "img": "http://img.qunawan.com/ecmme/wan/xl/goods/20170617/201706171711066204_listfull.jpg",
    "title": "雀儿山6168米技术型登山探险活动（8日行程）",
    "money": "10800",
    "date": "09/24",
    "city": "成都"
  },
  {
    "url": "http://hd.8264.com/xianlu-167864",
    "img": "http://img.qunawan.com/ecmme/wan/xl/goods/20170627/201706271537454090_listfull.jpg",
    "title": "十一 玉龙沙湖 阿斯哈图石林 锡林郭勒 达理湖 西拉木伦河（5日行程）",
    "money": "1280",
    "date": "10/01",
    "city": "北京"
  },
  {
    "url": "http://hd.8264.com/xianlu-166736",
    "img": "http://img.qunawan.com/ecmme/wan/xl/goods/20170612/201706120759234223_listfull.jpg",
    "title": "国庆专线 漫步松兰山海滩 体验华东首条 飞拉达（2日行程）",
    "money": "650",
    "date": "10/03",
    "city": "上海"
  },
  {
    "url": "http://hd.8264.com/xianlu-166620",
    "img": "http://img.qunawan.com/ecmme/wan/xl/goods/20170609/201706091055018652_listfull.jpg",
    "title": "岗仁波齐 古格王朝 珠峰大本营 羊湖 纳木错阿里南线（10日行程）",
    "money": "6380",
    "date": "09/26",
    "city": "拉萨"
  },
  {
    "url": "http://hd.8264.com/xianlu-166118",
    "img": "http://img.qunawan.com/ecmme/wan/xl/goods/20170603/201706032247427785_listfull.jpg",
    "title": "房山孤山寨小桂林 十渡漂流休闲戏水 漂流戏水 休闲登山（1日行程）",
    "money": "69",
    "date": "10/01",
    "city": "北京"
  },
  {
    "url": "http://hd.8264.com/xianlu-165795",
    "img": "http://img.qunawan.com/ecmme/wan/xl/goods/20170528/201705280953453441_listfull.jpg",
    "title": "北疆喀纳斯 禾木 五彩滩 火焰山惊艳之旅（9日行程）",
    "money": "4280",
    "date": "09/22",
    "city": "乌鲁"
  },
  {
    "url": "http://hd.8264.com/xianlu-165594",
    "img": "http://img.qunawan.com/ecmme/wan/xl/goods/20170524/201705241746076072_listfull.jpg",
    "title": "甘南精华 拉卜楞寺 桑科草原 扎尕那 九曲 唐克 花湖（6日行程）",
    "money": "1980",
    "date": "10/01",
    "city": "兰州"
  },
  {
    "url": "http://hd.8264.com/xianlu-165591",
    "img": "http://img.qunawan.com/ecmme/wan/xl/goods/20170524/201705241736284541_listfull.jpg",
    "title": "全程SUV 甘川线 九色甘南 川北 九寨沟 扎尕那 花湖（6日行程）",
    "money": "3780",
    "date": "10/01",
    "city": "兰州"
  },
  {
    "url": "http://hd.8264.com/xianlu-165075",
    "img": "http://img.qunawan.com/ecmme/wan/xl/goods/20170518/201705181137077103_listfull.png",
    "title": "徒步 年保玉则仙女湖 妖女湖 上下日干措徒步之旅（6日行程）",
    "money": "2980",
    "date": "09/23",
    "city": "成都"
  },
  {
    "url": "http://hd.8264.com/xianlu-165031",
    "img": "http://img.qunawan.com/ecmme/wan/xl/goods/20170517/201705171804257812_listfull.jpg",
    "title": "毕棚沟 九寨沟 黄龙 若尔盖 花湖 摄影之旅（6日行程）",
    "money": "2880",
    "date": "10/01",
    "city": "成都"
  },
  {
    "url": "http://hd.8264.com/xianlu-165023",
    "img": "http://img.qunawan.com/ecmme/wan/xl/goods/20170517/201705171750051691_listfull.jpg",
    "title": "醉美川西北九寨 黄龙 花湖 若尔盖 九曲 年保玉则 摄影（7日行程）",
    "money": "2980",
    "date": "09/24",
    "city": "成都"
  },
  {
    "url": "http://hd.8264.com/xianlu-164916",
    "img": "http://img.qunawan.com/ecmme/wan/xl/goods/20170516/201705161703113918_listfull.jpg",
    "title": "惠州喜洲岛生态之旅 烧烤 沙滩音乐 篝火 快艇冲浪 捉海鲜（2日行程）",
    "money": "480",
    "date": "09/23",
    "city": "深圳"
  },
  {
    "url": "http://hd.8264.com/xianlu-164660",
    "img": "http://img.qunawan.com/ecmme/wan/xl/goods/20170513/201705131830218771_listfull.jpg",
    "title": "走进圣地 行走在消失的地平线 稻城亚丁 四姑娘山 丹巴（8日行程）",
    "money": "2980",
    "date": "09/23",
    "city": "成都"
  },
  {
    "url": "http://hd.8264.com/xianlu-164659",
    "img": "http://img.qunawan.com/ecmme/wan/xl/goods/20170513/201705131754217291_listfull.png",
    "title": "壮丽北疆 五彩滩 禾木 喀纳斯 魔鬼城 可可托海 火焰山（9日行程）",
    "money": "4280",
    "date": "09/22",
    "city": "乌鲁"
  },
  {
    "url": "http://hd.8264.com/xianlu-164089",
    "img": "http://img.qunawan.com/ecmme/wan/xl/goods/20170508/201705081737522536_listfull.jpeg",
    "title": "VIP 西北全线青海至敦煌全线之旅 精品小团（9日行程）",
    "money": "4480",
    "date": "10/01",
    "city": "西宁"
  },
  {
    "url": "http://hd.8264.com/xianlu-170551",
    "img": "http://img.qunawan.com/ecmme/wan/xl/goods/20170818/201708181712523582_listfull.jpg",
    "title": "北疆金秋经典环线（9日行程）",
    "money": "4780",
    "date": "09/22",
    "city": "乌鲁"
  }
]