[
  {
    "url": "http://hd.8264.com/xianlu-163714",
    "img": "http://img.qunawan.com/ecmme/wan/xl/goods/20170504/201705042034182272_listfull.jpg",
    "title": "珠峰大本营 拉萨 羊湖 扎什伦布寺 珠峰 纳木措（8日行程）",
    "money": "2450",
    "date": "10/03",
    "city": "拉萨"
  },
  {
    "url": "http://hd.8264.com/xianlu-163619",
    "img": "http://img.qunawan.com/ecmme/wan/xl/goods/20170504/201705041137311089_listfull.jpg",
    "title": "遇见最美好的自己 岗仁波齐 珠峰 纳木错阿里南线（10日行程）",
    "money": "6380",
    "date": "09/26",
    "city": "西藏"
  },
  {
    "url": "http://hd.8264.com/xianlu-163445",
    "img": "http://img.qunawan.com/ecmme/wan/xl/goods/20170502/201705021207302643_listfull.jpg",
    "title": "壮丽北疆 五彩滩 禾木 喀纳斯 魔鬼城 可可托海 火焰山（9日行程）",
    "money": "4280",
    "date": "09/22",
    "city": "乌鲁"
  },
  {
    "url": "http://hd.8264.com/xianlu-163442",
    "img": "http://img.qunawan.com/ecmme/wan/xl/goods/20170502/201705021144148081_listfull.png",
    "title": "壮丽北疆 五彩滩 禾木 喀纳斯 魔鬼城 可可托海 库木塔格（9日行程）",
    "money": "4280",
    "date": "09/22",
    "city": "乌鲁"
  },
  {
    "url": "http://hd.8264.com/xianlu-162967",
    "img": "http://img.qunawan.com/ecmme/wan/xl/goods/20170422/201704221148272428_listfull.png",
    "title": "双龙峡 坐小火车 观赏百潭瀑布 休闲踏青（1日行程）",
    "money": "70",
    "date": "09/23",
    "city": "北京"
  },
  {
    "url": "http://hd.8264.com/xianlu-162966",
    "img": "http://img.qunawan.com/ecmme/wan/xl/goods/20170422/201704221138147375_listfull.png",
    "title": "垂涎欲滴的雾灵山色 云岫谷 雾灵湖 遥桥峪堡（1日行程）",
    "money": "79",
    "date": "09/23",
    "city": "北京"
  },
  {
    "url": "http://hd.8264.com/xianlu-162707",
    "img": "http://img.qunawan.com/ecmme/wan/xl/goods/20170905/201709051651115873_listfull.jpg",
    "title": "上青古道单日徒步休闲游 寻找兰若寺 赏幽幽竹海 暑期特价（1日行程）",
    "money": "124",
    "date": "10/03",
    "city": "上海"
  },
  {
    "url": "http://hd.8264.com/xianlu-162532",
    "img": "http://img.qunawan.com/ecmme/wan/xl/goods/20170418/201704181442563681_listfull.jpg",
    "title": "甘南精华（6日行程）",
    "money": "1980",
    "date": "10/01",
    "city": "兰州"
  },
  {
    "url": "http://hd.8264.com/xianlu-171681",
    "img": "http://img.qunawan.com/ecmme/wan/xl/goods/20170908/201709080921306356_listfull.jpg",
    "title": "国庆 波浪谷 国庆连发两期（4日行程）",
    "money": "999",
    "date": "10/01",
    "city": "北京"
  },
  {
    "url": "http://hd.8264.com/xianlu-162171",
    "img": "http://img.qunawan.com/ecmme/wan/xl/goods/20170412/201704121725112261_listfull.jpg",
    "title": "醉美西藏 拉萨 羊湖 珠峰 纳木措 含接机接站（8日行程）",
    "money": "3650",
    "date": "10/03",
    "city": "拉萨"
  },
  {
    "url": "http://hd.8264.com/xianlu-161695",
    "img": "http://img.qunawan.com/ecmme/wan/xl/goods/20170407/201704071419123880_listfull.jpg",
    "title": "漠河经典原生态户外旅游 带你走进不一样的世界（3日行程）",
    "money": "780",
    "date": "09/22",
    "city": "大兴"
  },
  {
    "url": "http://hd.8264.com/xianlu-161671",
    "img": "http://img.qunawan.com/ecmme/wan/xl/goods/20170407/201704071059434893_listfull.png",
    "title": "探秘川西秘境 党岭仙境葫芦海（3日行程）",
    "money": "750",
    "date": "09/22",
    "city": "成都"
  },
  {
    "url": "http://hd.8264.com/xianlu-160899",
    "img": "http://img.qunawan.com/ecmme/wan/xl/goods/20170324/201703241734235762_listfull.jpg",
    "title": "哈巴雪山攀登 大理温泉 C1营地（6日行程）",
    "money": "6000",
    "date": "10/01",
    "city": "丽江"
  },
  {
    "url": "http://hd.8264.com/xianlu-160127",
    "img": "http://img.qunawan.com/ecmme/wan/xl/goods/20170315/201703151534218013_listfull.jpg",
    "title": "传说中的人间仙境 夏秋之际相会在最美喀纳斯（9日行程）",
    "money": "4680",
    "date": "09/23",
    "city": "上海"
  },
  {
    "url": "http://hd.8264.com/xianlu-159473",
    "img": "http://img.qunawan.com/ecmme/wan/xl/goods/20170307/201703071008422609_listfull.jpg",
    "title": "库布其中线中和西 丁红湾 恩格贝 东线黑赖沟连穿（3日行程）",
    "money": "980",
    "date": "10/03",
    "city": "包头"
  },
  {
    "url": "http://hd.8264.com/xianlu-166388",
    "img": "http://img.qunawan.com/ecmme/wan/xl/goods/20170606/201706062055199586_listfull.jpg",
    "title": "甘南精华 八角城 拉卜楞寺 扎尕那 九曲 花湖 郎木寺（6日行程）",
    "money": "1980",
    "date": "10/01",
    "city": "兰州"
  },
  {
    "url": "http://hd.8264.com/xianlu-159022",
    "img": "http://img.qunawan.com/ecmme/wan/xl/goods/20170301/201703011659146015_listfull.jpg",
    "title": "川藏线 全程拼车自由行 极致自驾极致体验（10日行程）",
    "money": "3780",
    "date": "09/23",
    "city": "成都"
  },
  {
    "url": "http://hd.8264.com/xianlu-158886",
    "img": "http://img.qunawan.com/ecmme/wan/xl/goods/20170502/201705021246587340_listfull.jpg",
    "title": "壮丽北疆 五彩滩 禾木 喀纳斯 魔鬼城 可可托海 库木塔格（9日行程）",
    "money": "4280",
    "date": "09/22",
    "city": "乌鲁"
  },
  {
    "url": "http://hd.8264.com/xianlu-158728",
    "img": "http://img.qunawan.com/ecmme/wan/xl/goods/20170227/201702271718216469_listfull.jpg",
    "title": "雀儿山 冰雪技术型 进阶级6000米级必选（8日行程）",
    "money": "10800",
    "date": "09/24",
    "city": "甘孜"
  },
  {
    "url": "http://hd.8264.com/xianlu-158650",
    "img": "http://img.qunawan.com/ecmme/wan/xl/goods/20170227/201702271317569664_listfull.jpg",
    "title": "新疆喀纳斯行（9日行程）",
    "money": "4680",
    "date": "09/23",
    "city": "广州"
  }
]