[
  {
    "url": "http://hd.8264.com/xianlu-158651",
    "img": "http://img.qunawan.com/ecmme/wan/xl/goods/20170227/201702271322155051_listfull.jpg",
    "title": "国庆专线 探访美丽古村落 行走宋明古道（1日行程）",
    "money": "139",
    "date": "10/03",
    "city": "上海"
  },
  {
    "url": "http://hd.8264.com/xianlu-158214",
    "img": "http://img.qunawan.com/ecmme/wan/xl/goods/20170222/201702221911082440_listfull.jpg",
    "title": "阿里南线 真正的藏域圣地（10日行程）",
    "money": "6380",
    "date": "09/26",
    "city": "拉萨"
  },
  {
    "url": "http://hd.8264.com/xianlu-157627",
    "img": "http://img.qunawan.com/ecmme/wan/xl/goods/20170217/201702171514257350_listfull.jpg",
    "title": "大美阿里 遇见最美好的自己 岗仁波齐（10日行程）",
    "money": "6380",
    "date": "09/26",
    "city": "安庆"
  },
  {
    "url": "http://hd.8264.com/xianlu-156841",
    "img": "http://img.qunawan.com/ecmme/wan/xl/goods/20170208/201702081656541963_listfull.jpg",
    "title": "经典线路 挑战灵树线（1日行程）",
    "money": "139",
    "date": "10/03",
    "city": "上海"
  },
  {
    "url": "http://hd.8264.com/xianlu-156660",
    "img": "http://img.qunawan.com/ecmme/wan/xl/goods/20170206/201702062308004053_listfull.jpg",
    "title": "春城昆明大理洱海丽江香格里拉梅里雪山明永冰川西藏盐井（7日行程）",
    "money": "2780",
    "date": "09/23",
    "city": "昆明"
  },
  {
    "url": "http://hd.8264.com/xianlu-156658",
    "img": "http://img.qunawan.com/ecmme/wan/xl/goods/20170206/201702062244073815_listfull.jpg",
    "title": "春城昆明大理双廊洱海丽江泸沽湖香格里拉普达措（7日行程）",
    "money": "2780",
    "date": "09/23",
    "city": "昆明"
  },
  {
    "url": "http://hd.8264.com/xianlu-155920",
    "img": "http://img.qunawan.com/ecmme/wan/xl/goods/20170119/201701191746165047_listfull.jpg",
    "title": "中国十大经典徒步穿越路线 毕棚沟 长坪沟穿越（3日行程）",
    "money": "1600",
    "date": "10/03",
    "city": "成都"
  },
  {
    "url": "http://hd.8264.com/xianlu-154681",
    "img": "http://img.qunawan.com/ecmme/wan/xl/goods/20170105/201701051504438701_listfull.jpg",
    "title": "岗仁波齐 古格王朝遗址 珠峰大本营 纳木错阿里南线（10日行程）",
    "money": "6580",
    "date": "09/26",
    "city": "拉萨"
  },
  {
    "url": "http://hd.8264.com/xianlu-149546",
    "img": "http://img.qunawan.com/ecmme/wan/xl/goods/20161206/201612060023065398_listfull.jpg",
    "title": "2017大美阿里 神山圣湖 古格王朝 珠峰 纳木错深度线路（10日行程）",
    "money": "6380",
    "date": "09/26",
    "city": "拉萨"
  },
  {
    "url": "http://hd.8264.com/xianlu-143470",
    "img": "http://img.qunawan.com/ecmme/wan/xl/goods/20170430/201704301432594794_listfull.jpg",
    "title": "行走在消失的地平线 稻城亚丁 四姑娘山 丹巴畅游之旅（8日行程）",
    "money": "2780",
    "date": "09/23",
    "city": "成都"
  },
  {
    "url": "http://hd.8264.com/xianlu-129558",
    "img": "http://img.qunawan.com/ecmme/wan/xl/goods/20160909/201609092008407958_listfull.jpg",
    "title": "国庆专线 檀头山岛搭帐篷 看日出（2日行程）",
    "money": "800",
    "date": "10/03",
    "city": "上海"
  },
  {
    "url": "http://hd.8264.com/xianlu-124837",
    "img": "http://img.qunawan.com/ecmme/wan/xl/goods/20160828/201608281725301330_listfull.jpg",
    "title": "徒步穿越腾格里 65km（4日行程）",
    "money": "2980",
    "date": "09/30",
    "city": "银川"
  },
  {
    "url": "http://hd.8264.com/xianlu-116706",
    "img": "http://img.qunawan.com/ecmme/wan/xl/goods/20160923/201609230154255097_listfull.jpg",
    "title": "哈巴雪山登山（5日行程）",
    "money": "3980",
    "date": "09/25",
    "city": "丽江"
  },
  {
    "url": "http://hd.8264.com/xianlu-114534",
    "img": "http://img.qunawan.com/ecmme/wan/xl/goods/20170317/201703171826185671_listfull.jpg",
    "title": "雀儿山6168米技术型登山探险活动计划（8日行程）",
    "money": "10800",
    "date": "09/24",
    "city": "甘孜"
  },
  {
    "url": "http://hd.8264.com/xianlu-22103",
    "img": "http://img.qunawan.com/ecmme/wan/xl/goods/20170430/201704301820563653_listfull.jpg",
    "title": "壮丽北疆 五彩滩 禾木 喀纳斯 魔鬼城 可可托海 库木塔格（9日行程）",
    "money": "4280",
    "date": "09/22",
    "city": "乌鲁"
  },
  {
    "url": "http://hd.8264.com/xianlu-20168",
    "img": "http://img.qunawan.com/ecmme/wan/xl/goods/20160705/201607051142315307_listfull.jpg",
    "title": "坝上休闲A线 策马越野乌兰布统坝上草原 登金山岭长城（6日行程）",
    "money": "2380",
    "date": "09/23",
    "city": "北京"
  },
  {
    "url": "http://hd.8264.com/xianlu-11925",
    "img": "http://img.qunawan.com/ecmme/wan/xl/goods/20170323/201703231244422169_listfull.jpg",
    "title": "青海环线摄影 处身天境 茶卡盐湖 祁连 赠户外保险（5日行程）",
    "money": "2790",
    "date": "10/01",
    "city": "西宁"
  },
  {
    "url": "http://hd.8264.com/xianlu-7754",
    "img": "http://img.qunawan.com/ecmme/wan/xl/goods/20170504/201705041430229743_listfull.jpg",
    "title": "雀儿山6168米技术型登山 探险挑战一座雄鹰飞不过的雪山（8日行程）",
    "money": "10800",
    "date": "09/24",
    "city": "甘孜"
  },
  {
    "url": "http://hd.8264.com/xianlu-3039",
    "img": "http://img.qunawan.com/ecmme/wan/xl/goods/20170221/201702211357085317_listfull.jpg",
    "title": "环青海湖骑行 趣其行 领队 后勤车护航 户外保险 摄影茶卡（5日行程）",
    "money": "1450",
    "date": "09/22",
    "city": "西宁"
  },
  {
    "url": "http://hd.8264.com/xianlu-2950",
    "img": "http://img.qunawan.com/ecmme/wan/xl/goods/20160411/201604111703403885_listfull.jpg",
    "title": "雀儿山6168米技术型登山探险活动 挑战一座雄鹰飞不过的雪山（8日行程）",
    "money": "10800",
    "date": "09/24",
    "city": "甘孜"
  }
]