[
  {
    "url": "http://hd.8264.com/xianlu-1847",
    "img": "http://img.qunawan.com/ecmme/wan/xl/goods/20160118/201601181608596157_listfull.jpg",
    "title": "乐业天坑轻装徒步 洞穴观光探险（4日行程）",
    "money": "2800",
    "date": "10/01",
    "city": "南宁"
  },
  {
    "url": "http://hd.8264.com/xianlu-165873",
    "img": "http://img.qunawan.com/ecmme/wan/xl/goods/20170531/201705311703293722_listfull.jpg",
    "title": "甘川线 九色甘南 川北 九寨沟 扎尕那 花湖 深度游（6日行程）",
    "money": "3380",
    "date": "10/01",
    "city": "兰州"
  },
  {
    "url": "http://hd.8264.com/xianlu-160057",
    "img": "http://img.qunawan.com/ecmme/wan/xl/goods/20170314/201703142031247027_listfull.jpg",
    "title": "登脊户外2017半脊峰雪山攀登 全年活动安排（7日行程）",
    "money": "6000",
    "date": "09/22",
    "city": "成都"
  },
  {
    "url": "http://hd.8264.com/xianlu-159742",
    "img": "http://img.qunawan.com/ecmme/wan/xl/goods/20170310/201703101113502014_listfull.jpg",
    "title": "走吧去西藏（11日行程）",
    "money": "3000",
    "date": "10/31",
    "city": "成都"
  },
  {
    "url": "http://hd.8264.com/xianlu-120276",
    "img": "http://img.qunawan.com/ecmme/wan/xl/goods/20160811/201608111732309401_listfull.jpg",
    "title": "探秘高黎贡山之贡山穿越独龙江深度游（11日行程）",
    "money": "7580",
    "date": "09/30",
    "city": "昆明"
  },
  {
    "url": "http://hd.8264.com/xianlu-171652",
    "img": "http://img.qunawan.com/ecmme/wan/xl/goods/20170907/201709071528237026_listfull.jpg",
    "title": "国庆金秋 色达自驾五明佛学院 新都桥户外川西小环线（5日行程）",
    "money": "2380",
    "date": "10/01",
    "city": "成都"
  },
  {
    "url": "http://hd.8264.com/xianlu-170633",
    "img": "http://img.qunawan.com/ecmme/wan/xl/goods/20170821/201708211550206908_listfull.jpg",
    "title": "徽杭古道 通商之旅 户外社交 徒步（2日行程）",
    "money": "499",
    "date": "10/02",
    "city": "徐汇"
  },
  {
    "url": "http://hd.8264.com/xianlu-171649",
    "img": "http://img.qunawan.com/ecmme/wan/xl/goods/20170907/201709071517396035_listfull.jpg",
    "title": "国庆金秋 稻城亚丁自驾摄影新都桥 纯玩户外（6日行程）",
    "money": "3280",
    "date": "10/01",
    "city": "成都"
  },
  {
    "url": "http://hd.8264.com/xianlu-159746",
    "img": "http://img.qunawan.com/ecmme/wan/xl/goods/20170310/201703101146312725_listfull.jpg",
    "title": "武功山 上海出发大巴团（4日行程）",
    "money": "499",
    "date": "10/02",
    "city": "上海"
  },
  {
    "url": "http://hd.8264.com/xianlu-158430",
    "img": "http://img.qunawan.com/ecmme/wan/xl/goods/20170224/201702241314255120_listfull.jpg",
    "title": "川藏队半脊等攀登计划（7日行程）",
    "money": "6500",
    "date": "09/30",
    "city": "成都"
  },
  {
    "url": "http://hd.8264.com/xianlu-169539",
    "img": "http://img.qunawan.com/ecmme/wan/xl/goods/20170726/201707261609205811_listfull.jpg",
    "title": "国庆 火车团 赠送火车票 额济纳 胡杨林 青海湖 敦煌（7日行程）",
    "money": "2980",
    "date": "10/02",
    "city": "北京"
  },
  {
    "url": "http://hd.8264.com/xianlu-169053",
    "img": "http://img.qunawan.com/ecmme/wan/xl/goods/20170714/201707141512024466_listfull.jpg",
    "title": "行走在路上 禾木 小黑湖 喀纳斯 白哈巴 深度轻装徒步（7日行程）",
    "money": "3550",
    "date": "09/23",
    "city": "乌鲁"
  },
  {
    "url": "http://hd.8264.com/xianlu-166778",
    "img": "http://img.qunawan.com/ecmme/wan/xl/goods/20170612/201706121455307347_listfull.jpg",
    "title": "梦幻新疆 禾木 喀纳斯 魔鬼城 五彩滩 可可托海（7日行程）",
    "money": "3680",
    "date": "09/23",
    "city": "乌鲁"
  },
  {
    "url": "http://hd.8264.com/xianlu-162952",
    "img": "http://img.qunawan.com/ecmme/wan/xl/goods/20170421/201704211818293929_listfull.jpg",
    "title": "半脊峰攀登探险计划 冰雪技术型登山 毕棚沟徒步（7日行程）",
    "money": "6000",
    "date": "09/30",
    "city": "成都"
  },
  {
    "url": "http://hd.8264.com/xianlu-161422",
    "img": "http://img.qunawan.com/ecmme/wan/xl/goods/20170404/201704040907264479_listfull.jpg",
    "title": "云端有路 2017年哈巴雪山攀登标准行程（4日行程）",
    "money": "3680",
    "date": "09/22",
    "city": "丽江"
  },
  {
    "url": "http://hd.8264.com/xianlu-12680",
    "img": "http://img.qunawan.com/ecmme/wan/xl/goods/20170606/201706061032537512_listfull.jpg",
    "title": "小七孔 岜沙苗寨 肇兴侗寨 镇远古镇 东南民族体验深度游（7日行程）",
    "money": "2880",
    "date": "10/01",
    "city": "贵阳"
  },
  {
    "url": "http://hd.8264.com/xianlu-172202",
    "img": "http://img.qunawan.com/ecmme/wan/xl/goods/20170920/201709201125232266_listfull.jpg",
    "title": "庐山婺源三清山景德镇双卧游（4日行程）",
    "money": "2260",
    "date": "10/02",
    "city": "景德"
  },
  {
    "url": "http://hd.8264.com/xianlu-172117",
    "img": "http://img.qunawan.com/ecmme/wan/xl/goods/20170918/201709181033478119_listfull.jpg",
    "title": "野马 我们来啦 嗨翻目屿岛露营活动（2日行程）",
    "money": "328",
    "date": "10/02",
    "city": "福州"
  },
  {
    "url": "http://hd.8264.com/xianlu-172070",
    "img": "http://img.qunawan.com/ecmme/wan/xl/goods/20170916/201709161447131179_listfull.png",
    "title": "2017国庆首发 人少 景还美 康巴秘境深度游（6日行程）",
    "money": "1950",
    "date": "10/02",
    "city": "成都"
  },
  {
    "url": "http://hd.8264.com/xianlu-172048",
    "img": "http://img.qunawan.com/ecmme/wan/xl/goods/20170916/201709160008066075_listfull.jpg",
    "title": "国庆最美泸沽湖 摩梭女儿国 神秘走婚族环湖自由行（4日行程）",
    "money": "650",
    "date": "10/02",
    "city": "重庆"
  }
]