[
  {
    "url": "http://hd.8264.com/xianlu-171957",
    "img": "http://img.qunawan.com/ecmme/wan/xl/goods/20170914/201709141455538016_listfull.jpg",
    "title": "梅州平远天道 挑战五指石玻璃栈道 赏广东万绿湖镜花缘美景（2日行程）",
    "money": "380",
    "date": "10/02",
    "city": "安庆"
  },
  {
    "url": "http://hd.8264.com/xianlu-171925",
    "img": "http://img.qunawan.com/ecmme/wan/xl/goods/20170914/201709140941383681_listfull.jpg",
    "title": "层林尽染 虹桥沟 多彩秋色深度游（5日行程）",
    "money": "1580",
    "date": "10/02",
    "city": "成都"
  },
  {
    "url": "http://hd.8264.com/xianlu-171910",
    "img": "http://img.qunawan.com/ecmme/wan/xl/goods/20170913/201709131846503483_listfull.jpg",
    "title": "库布齐沙漠 感受沙漠的深邃（4日行程）",
    "money": "720",
    "date": "10/02",
    "city": "河东"
  },
  {
    "url": "http://hd.8264.com/xianlu-171909",
    "img": "http://img.qunawan.com/ecmme/wan/xl/goods/20170913/201709131759339445_listfull.jpg",
    "title": "四姑娘山二峰 人生一定要体验一次雪山（5日行程）",
    "money": "2180",
    "date": "10/02",
    "city": "河东"
  },
  {
    "url": "http://hd.8264.com/xianlu-171706",
    "img": "http://img.qunawan.com/ecmme/wan/xl/goods/20170908/201709081433399012_listfull.jpg",
    "title": "西宁 青海湖 德令哈 敦煌 张掖 大环线旅游4人以上独立成团（7日行程）",
    "money": "1500",
    "date": "09/29",
    "city": "西宁"
  },
  {
    "url": "http://hd.8264.com/xianlu-171618",
    "img": "http://img.qunawan.com/ecmme/wan/xl/goods/20170907/201709071024233477_listfull.jpg",
    "title": "从你的全世界路过 寻找最后的香格里拉 海螺沟 稻亚深度游（8日行程）",
    "money": "3880",
    "date": "09/28",
    "city": "成都"
  },
  {
    "url": "http://hd.8264.com/xianlu-171590",
    "img": "http://img.qunawan.com/ecmme/wan/xl/goods/20170906/201709061625336316_listfull.png",
    "title": "挑绝壁飞拉达 赏千亩紫薇花 原始丹霞东浒寨（2日行程）",
    "money": "490",
    "date": "10/02",
    "city": "武汉"
  },
  {
    "url": "http://hd.8264.com/xianlu-171586",
    "img": "http://img.qunawan.com/ecmme/wan/xl/goods/20170906/201709061606361062_listfull.jpg",
    "title": "醉美霞浦 嵛山岛 闽东夏威夷 畲族历史文化村 动车团（5日行程）",
    "money": "1380",
    "date": "10/02",
    "city": "福州"
  },
  {
    "url": "http://hd.8264.com/xianlu-171594",
    "img": "http://img.qunawan.com/ecmme/wan/xl/goods/20170906/201709061642523021_listfull.jpg",
    "title": "贵阳 荔波小七孔 丹寨石桥 西江苗寨 贵阳 黄果树 青岩古镇（6日行程）",
    "money": "3080",
    "date": "10/01",
    "city": "贵阳"
  },
  {
    "url": "http://hd.8264.com/xianlu-171542",
    "img": "http://img.qunawan.com/ecmme/wan/xl/goods/20170905/201709052234274313_listfull.jpg",
    "title": "十一独家 寻秋天童话 越野车穿越草原无人区 层林尽染乌兰布统（4日行程）",
    "money": "1080",
    "date": "10/02",
    "city": "朝阳"
  },
  {
    "url": "http://hd.8264.com/xianlu-171373",
    "img": "http://img.qunawan.com/ecmme/wan/xl/goods/20170902/201709021509542180_listfull.jpg",
    "title": "天鹅湖畔的静谧 腾格里沙漠轻装穿越（4日行程）",
    "money": "2680",
    "date": "10/02",
    "city": "银川"
  },
  {
    "url": "http://hd.8264.com/xianlu-171344",
    "img": "http://img.qunawan.com/ecmme/wan/xl/goods/20170901/201709011842491295_listfull.jpg",
    "title": "穿越贡嘎 重塑自我 蜀山之王贡嘎山大环线终极穿越（6日行程）",
    "money": "1900",
    "date": "10/02",
    "city": "成都"
  },
  {
    "url": "http://hd.8264.com/xianlu-171314",
    "img": "http://img.qunawan.com/ecmme/wan/xl/goods/20170901/201709011450185579_listfull.jpg",
    "title": "阿坝精华 九寨沟年宝玉则环线深度摄影（8日行程）",
    "money": "3580",
    "date": "09/23",
    "city": "成都"
  },
  {
    "url": "http://hd.8264.com/xianlu-171185",
    "img": "http://img.qunawan.com/ecmme/wan/xl/goods/20170831/201708310954427347_listfull.jpg",
    "title": "山西 悬空寺 云冈石窟 平遥古城 乔家大院 恒山（3日行程）",
    "money": "588",
    "date": "10/01",
    "city": "北京"
  },
  {
    "url": "http://hd.8264.com/xianlu-171148",
    "img": "http://img.qunawan.com/ecmme/wan/xl/goods/20170830/201708301819073611_listfull.jpg",
    "title": "漫旅行 醉美新疆 一个人无聊的时光最不应该被浪费（8日行程）",
    "money": "4380",
    "date": "10/01",
    "city": "乌鲁"
  },
  {
    "url": "http://hd.8264.com/xianlu-171113",
    "img": "http://img.qunawan.com/ecmme/wan/xl/goods/20170830/201708301327194943_listfull.jpg",
    "title": "5A崂山 青岛自由行 金沙滩（4日行程）",
    "money": "339",
    "date": "10/02",
    "city": "上海"
  },
  {
    "url": "http://hd.8264.com/xianlu-171031",
    "img": "http://img.qunawan.com/ecmme/wan/xl/goods/20170829/201708291141068827_listfull.jpg",
    "title": "年国庆自驾穿越晋陕大峡谷 行走黄河最动人的曲线（6日行程）",
    "money": "2780",
    "date": "10/02",
    "city": "北京"
  },
  {
    "url": "http://hd.8264.com/xianlu-171014",
    "img": "http://img.qunawan.com/ecmme/wan/xl/goods/20170828/201708282134478859_listfull.jpg",
    "title": "绝色风光 喀纳斯 白哈巴 禾木深度之旅（8日行程）",
    "money": "4080",
    "date": "09/23",
    "city": "乌鲁"
  },
  {
    "url": "http://hd.8264.com/xianlu-170978",
    "img": "http://img.qunawan.com/ecmme/wan/xl/goods/20170827/201708272226322152_listfull.jpg",
    "title": "国庆特辑康巴秘境泉华滩五须海甲根坝新都桥户外纯玩游（6日行程）",
    "money": "1750",
    "date": "10/02",
    "city": "成都"
  },
  {
    "url": "http://hd.8264.com/xianlu-170957",
    "img": "http://img.qunawan.com/ecmme/wan/xl/goods/20170826/201708261526211544_listfull.png",
    "title": "国庆 游丽江古城 七星街 哈巴雪山 虎跳峡（4日行程）",
    "money": "3880",
    "date": "10/02",
    "city": "东城"
  }
]