[
  {
    "url": "http://hd.8264.com/xianlu-170837",
    "img": "http://img.qunawan.com/ecmme/wan/xl/goods/20170824/201708241224249179_listfull.png",
    "title": "国庆特辑 观云海日出 享冰川温泉 四人同 海螺沟（4日行程）",
    "money": "1180",
    "date": "10/01",
    "city": "重庆"
  },
  {
    "url": "http://hd.8264.com/xianlu-170746",
    "img": "http://img.qunawan.com/ecmme/wan/xl/goods/20170823/201708231014566634_listfull.jpg",
    "title": "国庆长线 四姑娘山 走进东方阿尔卑斯 完成初级雪山梦想（5日行程）",
    "money": "2680",
    "date": "10/02",
    "city": "成都"
  },
  {
    "url": "http://hd.8264.com/xianlu-170689",
    "img": "http://img.qunawan.com/ecmme/wan/xl/goods/20170822/201708221420508880_listfull.jpg",
    "title": "额济纳火车 额济纳 胡杨林 青海湖 敦煌 茶卡盐湖（7日行程）",
    "money": "2980",
    "date": "10/02",
    "city": "兰州"
  },
  {
    "url": "http://hd.8264.com/xianlu-170702",
    "img": "http://img.qunawan.com/ecmme/wan/xl/goods/20170822/201708221640269559_listfull.jpg",
    "title": "十一国庆 青海湖茶卡盐湖张掖敦煌莫高窟全程无夜车赠火车票（7日行程）",
    "money": "2880",
    "date": "10/02",
    "city": "兰州"
  },
  {
    "url": "http://hd.8264.com/xianlu-170528",
    "img": "http://img.qunawan.com/ecmme/wan/xl/goods/20170818/201708181149033892_listfull.jpg",
    "title": "三奥雪山 雪山之子奥太娜4天登山计划 圆你5000海拔登山梦（4日行程）",
    "money": "1480",
    "date": "10/02",
    "city": "成都"
  },
  {
    "url": "http://hd.8264.com/xianlu-170527",
    "img": "http://img.qunawan.com/ecmme/wan/xl/goods/20170818/201708181143444476_listfull.jpg",
    "title": "雅拉雪山穿越 我在路上 那空中的尘埃都将变成思念（4日行程）",
    "money": "1580",
    "date": "10/02",
    "city": "成都"
  },
  {
    "url": "http://hd.8264.com/xianlu-170501",
    "img": "http://img.qunawan.com/ecmme/wan/xl/goods/20170817/201708172128248167_listfull.jpg",
    "title": "国庆自驾 云南 印象普者黑之绮丽水乡 秘境坝美（5日行程）",
    "money": "2288",
    "date": "10/02",
    "city": "昆明"
  },
  {
    "url": "http://hd.8264.com/xianlu-170500",
    "img": "http://img.qunawan.com/ecmme/wan/xl/goods/20170817/201708172118532826_listfull.jpg",
    "title": "国庆自驾 云南 相约梅里 携手等待日照金山（5日行程）",
    "money": "1999",
    "date": "10/02",
    "city": "北京"
  },
  {
    "url": "http://hd.8264.com/xianlu-170516",
    "img": "http://img.qunawan.com/ecmme/wan/xl/goods/20170818/201708181016577436_listfull.jpg",
    "title": "锡林格勒达里湖大青山乌兰布统蛤蟆坝草原金秋行摄之旅（4日行程）",
    "money": "1298",
    "date": "10/02",
    "city": "海淀"
  },
  {
    "url": "http://hd.8264.com/xianlu-170418",
    "img": "http://img.qunawan.com/ecmme/wan/xl/goods/20170816/201708161525024509_listfull.jpg",
    "title": "国庆 火车团 穿越世外桃源 鹿苑坪 恩施大峡谷（3日行程）",
    "money": "699",
    "date": "10/02",
    "city": "北京"
  },
  {
    "url": "http://hd.8264.com/xianlu-170318",
    "img": "http://img.qunawan.com/ecmme/wan/xl/goods/20170814/201708141816349604_listfull.jpg",
    "title": "十一国庆节 雪山初体验 2017年度哈巴雪山攀登计划（4日行程）",
    "money": "3880",
    "date": "10/02",
    "city": "丽江"
  },
  {
    "url": "http://hd.8264.com/xianlu-170435",
    "img": "http://img.qunawan.com/ecmme/wan/xl/goods/20170816/201708162112549359_listfull.jpg",
    "title": "徒步恩施大峡谷 探秘七层洞穴 游鄂西大兴安岭 探访土家族奥秘（5日行程）",
    "money": "2380",
    "date": "10/02",
    "city": "恩施"
  },
  {
    "url": "http://hd.8264.com/xianlu-170160",
    "img": "http://img.qunawan.com/ecmme/wan/xl/goods/20170810/201708101646493566_listfull.jpg",
    "title": "国庆 火车团 赠送火车票 额济纳胡杨林 青海湖 茶卡盐湖（7日行程）",
    "money": "2980",
    "date": "10/02",
    "city": "北京"
  },
  {
    "url": "http://hd.8264.com/xianlu-170088",
    "img": "http://img.qunawan.com/ecmme/wan/xl/goods/20170808/201708081650224338_listfull.jpg",
    "title": "北疆秋色可可托五彩滩禾木喀纳斯白哈巴魔鬼城行程（9日行程）",
    "money": "3980",
    "date": "09/23",
    "city": "安庆"
  },
  {
    "url": "http://hd.8264.com/xianlu-170074",
    "img": "http://img.qunawan.com/ecmme/wan/xl/goods/20170808/201708081410474583_listfull.jpg",
    "title": "北国春色 新疆 禾木 小黑湖 喀纳斯 白哈巴 深度轻装徒步（7日行程）",
    "money": "3550",
    "date": "09/23",
    "city": "乌鲁"
  },
  {
    "url": "http://hd.8264.com/xianlu-170058",
    "img": "http://img.qunawan.com/ecmme/wan/xl/goods/20170807/201708072202534203_listfull.jpg",
    "title": "朝拜世界最大佛学院 色达新都桥环线 不走回头路（4日行程）",
    "money": "780",
    "date": "09/26",
    "city": "成都"
  },
  {
    "url": "http://hd.8264.com/xianlu-170017",
    "img": "http://img.qunawan.com/ecmme/wan/xl/goods/20170806/201708061217104966_listfull.jpg",
    "title": "国庆活动 小众入门级雪山 深度体验原生态圣地三奥雪山（4日行程）",
    "money": "1480",
    "date": "10/02",
    "city": "成都"
  },
  {
    "url": "http://hd.8264.com/xianlu-170157",
    "img": "http://img.qunawan.com/ecmme/wan/xl/goods/20170811/201708111120321732_listfull.jpg",
    "title": "国庆 赠送火车票 额济纳 嘉峪关 魔鬼城（7日行程）",
    "money": "2980",
    "date": "10/02",
    "city": "北京"
  },
  {
    "url": "http://hd.8264.com/xianlu-169908",
    "img": "http://img.qunawan.com/ecmme/wan/xl/goods/20170803/201708031246586569_listfull.jpg",
    "title": "观竹海 品茶香 古道探幽 登顶王位山（1日行程）",
    "money": "139",
    "date": "10/02",
    "city": "上海"
  },
  {
    "url": "http://hd.8264.com/xianlu-169906",
    "img": "http://img.qunawan.com/ecmme/wan/xl/goods/20170803/201708031221119401_listfull.jpg",
    "title": "国庆 轻装徒步 一探高山瑶池红星海七藏沟（5日行程）",
    "money": "1980",
    "date": "10/02",
    "city": "成都"
  }
]