[
  {
    "url": "http://hd.8264.com/xianlu-170267",
    "img": "http://img.qunawan.com/ecmme/wan/xl/goods/20170816/201708161432587817_listfull.png",
    "title": "魅力乌兰布统秋 遇见金秋多彩乌兰布统七日游（7日行程）",
    "money": "3280",
    "date": "09/23",
    "city": "北京"
  },
  {
    "url": "http://hd.8264.com/xianlu-169732",
    "img": "http://img.qunawan.com/ecmme/wan/xl/goods/20170731/201707311554148814_listfull.jpg",
    "title": "徒步活动 新疆 禾木 小黑湖 喀纳斯 白哈巴 深度轻装徒步（7日行程）",
    "money": "3550",
    "date": "09/23",
    "city": "乌鲁"
  },
  {
    "url": "http://hd.8264.com/xianlu-169572",
    "img": "http://img.qunawan.com/ecmme/wan/xl/goods/20170727/201707271012464638_listfull.jpg",
    "title": "陶醉平遥古城 行摄壶口瀑布 登西岳华山 游西安古城（4日行程）",
    "money": "1280",
    "date": "10/02",
    "city": "北京"
  },
  {
    "url": "http://hd.8264.com/xianlu-169568",
    "img": "http://img.qunawan.com/ecmme/wan/xl/goods/20170726/201707262233036010_listfull.jpg",
    "title": "绝色风光 喀纳斯 白哈巴 禾木深度之旅（8日行程）",
    "money": "3980",
    "date": "09/23",
    "city": "乌鲁"
  },
  {
    "url": "http://hd.8264.com/xianlu-169506",
    "img": "http://img.qunawan.com/ecmme/wan/xl/goods/20170725/201707252051472391_listfull.png",
    "title": "远方的路户外 火舞黄沙 穿越腾格里沙漠（4日行程）",
    "money": "2680",
    "date": "09/30",
    "city": "银川"
  },
  {
    "url": "http://hd.8264.com/xianlu-169311",
    "img": "http://img.qunawan.com/ecmme/wan/xl/goods/20170720/201707201348543590_listfull.jpg",
    "title": "北国春色 新疆 禾木 小黑湖 喀纳斯 白哈巴 小环线徒步（7日行程）",
    "money": "3550",
    "date": "09/23",
    "city": "乌鲁"
  },
  {
    "url": "http://hd.8264.com/xianlu-169289",
    "img": "http://img.qunawan.com/ecmme/wan/xl/goods/20170720/201707201016283853_listfull.jpg",
    "title": "穿越群狼守护的塔山 狼塔C线徒步穿越（8日行程）",
    "money": "2480",
    "date": "09/24",
    "city": "乌鲁"
  },
  {
    "url": "http://hd.8264.com/xianlu-171555",
    "img": "http://img.qunawan.com/ecmme/wan/xl/goods/20170906/201709061101435310_listfull.jpg",
    "title": "国庆 轻装上太白 南北线（3日行程）",
    "money": "1280",
    "date": "10/02",
    "city": "西安"
  },
  {
    "url": "http://hd.8264.com/xianlu-169007",
    "img": "http://img.qunawan.com/ecmme/wan/xl/goods/20170713/201707131651466538_listfull.jpg",
    "title": "梦幻新疆丨禾木 喀纳斯 魔鬼城 五彩滩 可可托海（7日行程）",
    "money": "3680",
    "date": "09/23",
    "city": "北京"
  },
  {
    "url": "http://hd.8264.com/xianlu-168969",
    "img": "http://img.qunawan.com/ecmme/wan/xl/goods/20170713/201707131128349007_listfull.png",
    "title": "给生活一点颜色 腾格里沙漠轻装徒步（5日行程）",
    "money": "3980",
    "date": "10/02",
    "city": "银川"
  },
  {
    "url": "http://hd.8264.com/xianlu-168547",
    "img": "http://img.qunawan.com/ecmme/wan/xl/goods/20170707/201707071424524571_listfull.jpg",
    "title": "新疆 禾木 小黑湖 喀纳斯 白哈巴 深度轻装徒步（7日行程）",
    "money": "3550",
    "date": "09/23",
    "city": "乌鲁"
  },
  {
    "url": "http://hd.8264.com/xianlu-168459",
    "img": "http://img.qunawan.com/ecmme/wan/xl/goods/20170706/201707061041466799_listfull.jpg",
    "title": "北国春色 新疆 禾木 小黑湖 喀纳斯 白哈巴 深度轻装徒步（7日行程）",
    "money": "3550",
    "date": "09/23",
    "city": "乌鲁"
  },
  {
    "url": "http://hd.8264.com/xianlu-168243",
    "img": "http://img.qunawan.com/ecmme/wan/xl/goods/20170703/201707031430567309_listfull.jpg",
    "title": "阿坝精华 九寨沟 年宝玉则深度游（8日行程）",
    "money": "3580",
    "date": "09/23",
    "city": "成都"
  },
  {
    "url": "http://hd.8264.com/xianlu-168171",
    "img": "http://img.qunawan.com/ecmme/wan/xl/goods/20170701/201707011655427908_listfull.jpg",
    "title": "新疆 禾木 小黑湖 喀纳斯 白哈巴 深度轻装徒步（7日行程）",
    "money": "3550",
    "date": "09/23",
    "city": "乌鲁"
  },
  {
    "url": "http://hd.8264.com/xianlu-167860",
    "img": "http://img.qunawan.com/ecmme/wan/xl/goods/20170627/201706271523227654_listfull.jpg",
    "title": "国庆四川莲花湖至伍须海徒步穿越（6日行程）",
    "money": "2580",
    "date": "10/02",
    "city": "成都"
  },
  {
    "url": "http://hd.8264.com/xianlu-167850",
    "img": "http://img.qunawan.com/ecmme/wan/xl/goods/20170627/201706271505136833_listfull.jpg",
    "title": "阿坝精华 九寨沟 年宝玉则深度摄影（8日行程）",
    "money": "3580",
    "date": "09/23",
    "city": "成都"
  },
  {
    "url": "http://hd.8264.com/xianlu-167823",
    "img": "http://img.qunawan.com/ecmme/wan/xl/goods/20170627/201706271407458547_listfull.jpg",
    "title": "国庆节 悬空寺 土林 北岳恒山 云冈石窟 乔家大院 平遥古城（4日行程）",
    "money": "999",
    "date": "10/02",
    "city": "北京"
  },
  {
    "url": "http://hd.8264.com/xianlu-167736",
    "img": "http://img.qunawan.com/ecmme/wan/xl/goods/20170626/201706261221228395_listfull.jpg",
    "title": "九寨沟 黄龙 若尔盖花湖 九曲黄河 年保玉则环线深度游（8日行程）",
    "money": "3380",
    "date": "09/23",
    "city": "成都"
  },
  {
    "url": "http://hd.8264.com/xianlu-167354",
    "img": "http://img.qunawan.com/ecmme/wan/xl/goods/20170620/201706201054171525_listfull.jpg",
    "title": "徒步翻越云南最美原始森林高黎贡山 实现人生最美的遇见（5日行程）",
    "money": "1780",
    "date": "10/02",
    "city": "昆明"
  },
  {
    "url": "http://hd.8264.com/xianlu-167283",
    "img": "http://img.qunawan.com/ecmme/wan/xl/goods/20170619/201706191524287269_listfull.jpg",
    "title": "徒步世界十大经典线路之一虎跳峡高路 遇见最美的物事（5日行程）",
    "money": "1780",
    "date": "10/02",
    "city": "昆明"
  }
]