[
  {
    "url": "http://hd.8264.com/xianlu-167002",
    "img": "http://img.qunawan.com/ecmme/wan/xl/goods/20170614/201706142314343045_listfull.png",
    "title": "金川梨花 林芝桃花 南迦巴瓦峰 雅鲁藏布大峡谷（11日行程）",
    "money": "5580",
    "date": "09/23",
    "city": "成都"
  },
  {
    "url": "http://hd.8264.com/xianlu-167001",
    "img": "http://img.qunawan.com/ecmme/wan/xl/goods/20170614/201706142259486336_listfull.png",
    "title": "爸爸去哪儿 拍摄地普者黑 坝美 万峰林 抚仙湖时光之旅（7日行程）",
    "money": "2780",
    "date": "09/23",
    "city": "昆明"
  },
  {
    "url": "http://hd.8264.com/xianlu-166952",
    "img": "http://img.qunawan.com/ecmme/wan/xl/goods/20170614/201706141357553639_listfull.jpg",
    "title": "小黑湖轻装徒步喀纳斯（7日行程）",
    "money": "3550",
    "date": "09/23",
    "city": "乌鲁"
  },
  {
    "url": "http://hd.8264.com/xianlu-166909",
    "img": "http://img.qunawan.com/ecmme/wan/xl/goods/20170614/201706140954543391_listfull.jpg",
    "title": "潮尚户外 勃隆克 玉龙沙湖 达里湖 乌兰布统 慕田峪（7日行程）",
    "money": "2680",
    "date": "09/30",
    "city": "北京"
  },
  {
    "url": "http://hd.8264.com/xianlu-166724",
    "img": "http://img.qunawan.com/ecmme/wan/xl/goods/20170611/201706112138314497_listfull.png",
    "title": "北疆大环线 行走四国边境喀纳斯（7日行程）",
    "money": "3680",
    "date": "09/23",
    "city": "乌鲁"
  },
  {
    "url": "http://hd.8264.com/xianlu-166681",
    "img": "http://img.qunawan.com/ecmme/wan/xl/goods/20170610/201706101549147181_listfull.jpg",
    "title": "醉美地方串起 年保玉则 九曲 黄河十八弯 若尔盖九寨沟主题游（8日行程）",
    "money": "3380",
    "date": "09/23",
    "city": "成都"
  },
  {
    "url": "http://hd.8264.com/xianlu-166455",
    "img": "http://img.qunawan.com/ecmme/wan/xl/goods/20170607/201706071446109339_listfull.jpg",
    "title": "贡嘎雪山卫峰 5588米那玛峰初级技术型雪山登山计划（7日行程）",
    "money": "6800",
    "date": "09/30",
    "city": "成都"
  },
  {
    "url": "http://hd.8264.com/xianlu-168479",
    "img": "http://img.qunawan.com/ecmme/wan/xl/goods/20170706/201707061257456256_listfull.jpg",
    "title": "禾木 小黑湖 喀纳斯 白哈巴 东西线轻装徒步（7日行程）",
    "money": "3350",
    "date": "09/23",
    "city": "乌鲁"
  },
  {
    "url": "http://hd.8264.com/xianlu-167230",
    "img": "http://img.qunawan.com/ecmme/wan/xl/goods/20170618/201706182314164024_listfull.jpg",
    "title": "国庆去神秘藏区 甘南深度游 九色魅力 圣境天堂 寻梦香巴拉（5日行程）",
    "money": "1000",
    "date": "10/02",
    "city": "兰州"
  },
  {
    "url": "http://hd.8264.com/xianlu-166151",
    "img": "http://img.qunawan.com/ecmme/wan/xl/goods/20170604/201706041339143763_listfull.jpg",
    "title": "坝上草原大汗行宫闪电湖跟团游 吃住全含（2日行程）",
    "money": "295",
    "date": "09/23",
    "city": "北京"
  },
  {
    "url": "http://hd.8264.com/xianlu-170899",
    "img": "http://img.qunawan.com/ecmme/wan/xl/goods/20170825/201708251436322459_listfull.jpg",
    "title": "可可托海 五彩滩 布尔津 白哈巴 禾木 乌尔禾（8日行程）",
    "money": "4080",
    "date": "09/23",
    "city": "乌鲁"
  },
  {
    "url": "http://hd.8264.com/xianlu-165580",
    "img": "http://img.qunawan.com/ecmme/wan/xl/goods/20170524/201705241632076004_listfull.png",
    "title": "超值结伴自助游 一路向北全景送烤全羊 篝火 祭敖包 迎宾酒（6日行程）",
    "money": "1800",
    "date": "09/23",
    "city": "呼伦"
  },
  {
    "url": "http://hd.8264.com/xianlu-169111",
    "img": "http://img.qunawan.com/ecmme/wan/xl/goods/20170717/201707171055006884_listfull.png",
    "title": "大美黔西南 贵阳 云峰屯堡环线（7日行程）",
    "money": "2880",
    "date": "10/01",
    "city": "贵阳"
  },
  {
    "url": "http://hd.8264.com/xianlu-165314",
    "img": "http://img.qunawan.com/ecmme/wan/xl/goods/20170521/201705212308057785_listfull.jpg",
    "title": "国庆新疆 喀纳斯 禾木 白哈巴 魔鬼城 火焰山 库木塔格沙漠（9日行程）",
    "money": "4800",
    "date": "10/02",
    "city": "乌鲁"
  },
  {
    "url": "http://hd.8264.com/xianlu-164773",
    "img": "http://img.qunawan.com/ecmme/wan/xl/goods/20170515/201705151750011910_listfull.jpg",
    "title": "半脊峰5430米攀登计划 技术型登山 毕棚沟徒步（7日行程）",
    "money": "6000",
    "date": "09/30",
    "city": "成都"
  },
  {
    "url": "http://hd.8264.com/xianlu-168994",
    "img": "http://img.qunawan.com/ecmme/wan/xl/goods/20170713/201707131540554034_listfull.jpg",
    "title": "北国春色禾木 小黑湖 喀纳斯 白哈巴 轻装徒步（7日行程）",
    "money": "3550",
    "date": "09/23",
    "city": "乌鲁"
  },
  {
    "url": "http://hd.8264.com/xianlu-164531",
    "img": "http://img.qunawan.com/ecmme/wan/xl/goods/20170512/201705121237118016_listfull.jpg",
    "title": "阿坝精华 九寨沟年保玉则环线深度摄影VIP私家小团（7日行程）",
    "money": "2680",
    "date": "09/23",
    "city": "成都"
  },
  {
    "url": "http://hd.8264.com/xianlu-164221",
    "img": "http://img.qunawan.com/ecmme/wan/xl/goods/20170509/201705091445235002_listfull.jpg",
    "title": "新疆A线 梦幻新疆 禾木 喀纳斯 魔鬼城 五彩滩 可可托海（7日行程）",
    "money": "3180",
    "date": "09/23",
    "city": "乌鲁"
  },
  {
    "url": "http://hd.8264.com/xianlu-163797",
    "img": "http://img.qunawan.com/ecmme/wan/xl/goods/20170505/201705051435042657_listfull.jpg",
    "title": "北疆春色 禾木 小黑湖 喀纳斯 白哈巴 东西线轻装徒步（7日行程）",
    "money": "3550",
    "date": "09/23",
    "city": "乌鲁"
  },
  {
    "url": "http://hd.8264.com/xianlu-163766",
    "img": "http://img.qunawan.com/ecmme/wan/xl/goods/20170505/201705051028559013_listfull.jpg",
    "title": "国庆 畅游太行山大峡谷 穿越井底村挂壁公路 无夜车（4日行程）",
    "money": "680",
    "date": "10/02",
    "city": "北京"
  }
]