[
  {
    "url": "http://hd.8264.com/xianlu-171895",
    "img": "http://img.qunawan.com/ecmme/wan/xl/goods/20170913/201709131554147548_listfull.jpg",
    "title": "国庆畅游太行山大峡谷 穿越井底村挂壁公路（4日行程）",
    "money": "680",
    "date": "10/02",
    "city": "山西"
  },
  {
    "url": "http://hd.8264.com/xianlu-163610",
    "img": "http://img.qunawan.com/ecmme/wan/xl/goods/20170504/201705040952447189_listfull.jpg",
    "title": "轻装穿越中华龙脊最高峰 太白山南北跨越（3日行程）",
    "money": "1280",
    "date": "09/22",
    "city": "西安"
  },
  {
    "url": "http://hd.8264.com/xianlu-163436",
    "img": "http://img.qunawan.com/ecmme/wan/xl/goods/20170502/201705021114507827_listfull.jpg",
    "title": "2017年鳌太 小鳌太AB线穿越活动计划（7日行程）",
    "money": "1280",
    "date": "10/02",
    "city": "西安"
  },
  {
    "url": "http://hd.8264.com/xianlu-163440",
    "img": "http://img.qunawan.com/ecmme/wan/xl/goods/20170502/201705021142402424_listfull.jpg",
    "title": "大美川藏线 稻城亚丁休闲摄影自驾游（11日行程）",
    "money": "3980",
    "date": "10/01",
    "city": "成都"
  },
  {
    "url": "http://hd.8264.com/xianlu-163362",
    "img": "http://img.qunawan.com/ecmme/wan/xl/goods/20170428/201704281045145294_listfull.jpg",
    "title": "阿坝精华 九寨沟年保玉则环线深度摄影（7日行程）",
    "money": "2980",
    "date": "09/23",
    "city": "成都"
  },
  {
    "url": "http://hd.8264.com/xianlu-163088",
    "img": "http://img.qunawan.com/ecmme/wan/xl/goods/20170424/201704241556461042_listfull.jpg",
    "title": "轻装徒步新疆禾木小黑湖喀纳斯白哈巴 深度纯玩（7日行程）",
    "money": "3380",
    "date": "09/23",
    "city": "乌鲁"
  },
  {
    "url": "http://hd.8264.com/xianlu-162945",
    "img": "http://img.qunawan.com/ecmme/wan/xl/goods/20170421/201704211641469821_listfull.jpg",
    "title": "贵州精华七日游 肇兴侗寨 镇远 西江苗 小七孔 青岩古镇（7日行程）",
    "money": "2880",
    "date": "10/01",
    "city": "贵阳"
  },
  {
    "url": "http://hd.8264.com/xianlu-166654",
    "img": "http://img.qunawan.com/ecmme/wan/xl/goods/20170609/201706091940511371_listfull.jpg",
    "title": "越南越美 玩转西贡 畅游美拖 迷途美奈 纯玩之旅（6日行程）",
    "money": "2980",
    "date": "10/02",
    "city": "胡志"
  },
  {
    "url": "http://hd.8264.com/xianlu-162715",
    "img": "http://img.qunawan.com/ecmme/wan/xl/goods/20170419/201704191735496651_listfull.jpg",
    "title": "赏千亩梯田 攀冰川遗址 覆卮山石河群（1日行程）",
    "money": "160",
    "date": "10/02",
    "city": "上海"
  },
  {
    "url": "http://hd.8264.com/xianlu-164975",
    "img": "http://img.qunawan.com/ecmme/wan/xl/goods/20170517/201705171335268852_listfull.jpg",
    "title": "北国春色 新疆 禾木 小黑湖 喀纳斯 白哈巴 深度轻装徒步（7日行程）",
    "money": "3550",
    "date": "09/23",
    "city": "新疆"
  },
  {
    "url": "http://hd.8264.com/xianlu-161791",
    "img": "http://img.qunawan.com/ecmme/wan/xl/goods/20170408/201704081902071087_listfull.jpg",
    "title": "阿坝精华 九寨沟年宝玉则环线深度摄影（7日行程）",
    "money": "2680",
    "date": "09/23",
    "city": "成都"
  },
  {
    "url": "http://hd.8264.com/xianlu-161766",
    "img": "http://img.qunawan.com/ecmme/wan/xl/goods/20170408/201704081556186655_listfull.jpg",
    "title": "阿坝精华 九寨沟年宝玉则环线深度摄影（7日行程）",
    "money": "2680",
    "date": "09/23",
    "city": "成都"
  },
  {
    "url": "http://hd.8264.com/xianlu-161633",
    "img": "http://img.qunawan.com/ecmme/wan/xl/goods/20170406/201704061706551772_listfull.jpg",
    "title": "蜀山传奇 四姑娘丹巴新都桥贡嘎山伍须海摄影（7日行程）",
    "money": "2580",
    "date": "09/22",
    "city": "成都"
  },
  {
    "url": "http://hd.8264.com/xianlu-161627",
    "img": "http://img.qunawan.com/ecmme/wan/xl/goods/20170406/201704061655288643_listfull.jpg",
    "title": "天界之渡 四姑娘山稻城亚丁川藏南线（10日行程）",
    "money": "5600",
    "date": "09/22",
    "city": "成都"
  },
  {
    "url": "http://hd.8264.com/xianlu-161580",
    "img": "http://img.qunawan.com/ecmme/wan/xl/goods/20170406/201704061232487795_listfull.jpg",
    "title": "西藏经典环线 林芝 山南 羊湖 纳木错 圣象天门 召集令（5日行程）",
    "money": "2600",
    "date": "09/22",
    "city": "拉萨"
  },
  {
    "url": "http://hd.8264.com/xianlu-161475",
    "img": "http://img.qunawan.com/ecmme/wan/xl/goods/20170405/201704051338288342_listfull.jpg",
    "title": "新疆禾木 喀纳斯 魔鬼城 五彩滩 可可托海休闲摄影游（7日行程）",
    "money": "3480",
    "date": "09/23",
    "city": "乌鲁"
  },
  {
    "url": "http://hd.8264.com/xianlu-161757",
    "img": "http://img.qunawan.com/ecmme/wan/xl/goods/20170408/201704081501484208_listfull.jpg",
    "title": "经典环线 年宝玉则 色达 四姑娘山 丹巴 甲居藏寨深度游（5日行程）",
    "money": "1280",
    "date": "09/27",
    "city": "成都"
  },
  {
    "url": "http://hd.8264.com/xianlu-161200",
    "img": "http://img.qunawan.com/ecmme/wan/xl/goods/20170405/201704051146188418_listfull.jpg",
    "title": "九寨沟 黄龙 若尔盖花湖 九曲黄河 年保玉则环线深度摄影（8日行程）",
    "money": "2980",
    "date": "09/23",
    "city": "成都"
  },
  {
    "url": "http://hd.8264.com/xianlu-161181",
    "img": "http://img.qunawan.com/ecmme/wan/xl/goods/20170329/201703291447077063_listfull.jpg",
    "title": "贵州全景精华 荔波小七孔 丹寨石桥 西江苗寨 黄果树（6日行程）",
    "money": "2880",
    "date": "10/01",
    "city": "贵阳"
  },
  {
    "url": "http://hd.8264.com/xianlu-161169",
    "img": "http://img.qunawan.com/ecmme/wan/xl/goods/20170329/201703291205503068_listfull.jpg",
    "title": "2017木雅朝圣 蜀山之王 贡嘎山西南坡经典徒步摄影（6日行程）",
    "money": "2280",
    "date": "10/01",
    "city": "成都"
  }
]