[
  {
    "url": "http://hd.8264.com/xianlu-160868",
    "img": "http://img.qunawan.com/ecmme/wan/xl/goods/20170324/201703241353087971_listfull.jpg",
    "title": "极限挑战狼塔C V徒步穿越 全年二期（12日行程）",
    "money": "3680",
    "date": "10/02",
    "city": "乌鲁"
  },
  {
    "url": "http://hd.8264.com/xianlu-160866",
    "img": "http://img.qunawan.com/ecmme/wan/xl/goods/20170324/201703241340572681_listfull.jpg",
    "title": "穿越群狼守护的塔山 狼塔C线徒步穿越（8日行程）",
    "money": "2480",
    "date": "09/24",
    "city": "乌鲁"
  },
  {
    "url": "http://hd.8264.com/xianlu-160768",
    "img": "http://img.qunawan.com/ecmme/wan/xl/goods/20170323/201703231207279322_listfull.jpg",
    "title": "阿坝精华（8日行程）",
    "money": "2980",
    "date": "09/23",
    "city": "成都"
  },
  {
    "url": "http://hd.8264.com/xianlu-160764",
    "img": "http://img.qunawan.com/ecmme/wan/xl/goods/20170511/201705111535294902_listfull.jpg",
    "title": "2017半脊峰全年攀登活动（7日行程）",
    "money": "65000",
    "date": "09/30",
    "city": "成都"
  },
  {
    "url": "http://hd.8264.com/xianlu-160869",
    "img": "http://img.qunawan.com/ecmme/wan/xl/goods/20170324/201703241358276677_listfull.jpg",
    "title": "极限挑战狼塔C V徒步穿越（12日行程）",
    "money": "3680",
    "date": "10/02",
    "city": "乌鲁"
  },
  {
    "url": "http://hd.8264.com/xianlu-160706",
    "img": "http://img.qunawan.com/ecmme/wan/xl/goods/20170322/201703221634265297_listfull.jpg",
    "title": "秘境探索 黔东南 天天出团（4日行程）",
    "money": "1650",
    "date": "09/22",
    "city": "黔东"
  },
  {
    "url": "http://hd.8264.com/xianlu-160313",
    "img": "http://img.qunawan.com/ecmme/wan/xl/goods/20170317/201703171003335204_listfull.jpg",
    "title": "入门级哈巴雪山攀登 5396米（5日行程）",
    "money": "3480",
    "date": "10/01",
    "city": "丽江"
  },
  {
    "url": "http://hd.8264.com/xianlu-160020",
    "img": "http://img.qunawan.com/ecmme/wan/xl/goods/20170314/201703141535204833_listfull.jpg",
    "title": "极限挑战狼塔C V徒步穿越 全年二期（12日行程）",
    "money": "3680",
    "date": "10/02",
    "city": "乌鲁"
  },
  {
    "url": "http://hd.8264.com/xianlu-160014",
    "img": "http://img.qunawan.com/ecmme/wan/xl/goods/20170314/201703141514259101_listfull.jpg",
    "title": "穿越群狼守护的塔山 狼塔C线徒步穿越 全年五期（8日行程）",
    "money": "2480",
    "date": "09/24",
    "city": "乌鲁"
  },
  {
    "url": "http://hd.8264.com/xianlu-159684",
    "img": "http://img.qunawan.com/ecmme/wan/xl/goods/20170309/201703091546339898_listfull.jpg",
    "title": "年宝玉则仙女湖妖女湖徒步穿越（5日行程）",
    "money": "2980",
    "date": "09/30",
    "city": "成都"
  },
  {
    "url": "http://hd.8264.com/xianlu-159275",
    "img": "http://img.qunawan.com/ecmme/wan/xl/goods/20170303/201703031710436546_listfull.jpg",
    "title": "乌兰布统 勃隆克沙漠 玉龙沙湖 达里诺尔湖 金山岭长城（7日行程）",
    "money": "2680",
    "date": "09/30",
    "city": "北京"
  },
  {
    "url": "http://hd.8264.com/xianlu-158893",
    "img": "http://img.qunawan.com/ecmme/wan/xl/goods/20170228/201702281703369609_listfull.jpg",
    "title": "那玛峰 近距离朝拜蜀山之王贡嘎 5000米入门级技术型（7日行程）",
    "money": "6800",
    "date": "09/30",
    "city": "成都"
  },
  {
    "url": "http://hd.8264.com/xianlu-158662",
    "img": "http://img.qunawan.com/ecmme/wan/xl/goods/20170227/201702271149048505_listfull.jpg",
    "title": "半脊峰 冰雪技术型 入门级5000M级首选（7日行程）",
    "money": "5999",
    "date": "09/30",
    "city": "成都"
  },
  {
    "url": "http://hd.8264.com/xianlu-158563",
    "img": "http://img.qunawan.com/ecmme/wan/xl/goods/20170824/201708240351434829_listfull.jpg",
    "title": "徒步阳产土楼 观篁岭晒秋 赏晨雾中的宏村 古徽州深度游（5日行程）",
    "money": "800",
    "date": "10/02",
    "city": "宣城"
  },
  {
    "url": "http://hd.8264.com/xianlu-158329",
    "img": "http://img.qunawan.com/ecmme/wan/xl/goods/20170223/201702231618134834_listfull.jpg",
    "title": "桑雪登山17年半脊峰攀登（7日行程）",
    "money": "6000",
    "date": "09/29",
    "city": "成都"
  },
  {
    "url": "http://hd.8264.com/xianlu-158111",
    "img": "http://img.qunawan.com/ecmme/wan/xl/goods/20170222/201702221105024479_listfull.jpg",
    "title": "醉美内蒙 勃隆克沙漠 玉龙沙湖 达里诺尔湖 乌兰布统 金山岭（7日行程）",
    "money": "2680",
    "date": "09/30",
    "city": "北京"
  },
  {
    "url": "http://hd.8264.com/xianlu-157893",
    "img": "http://img.qunawan.com/ecmme/wan/xl/goods/20170220/201702202115506690_listfull.jpg",
    "title": "走进天堂的角落 徒步醉美乌孙古道（7日行程）",
    "money": "2980",
    "date": "10/01",
    "city": "乌鲁"
  },
  {
    "url": "http://hd.8264.com/xianlu-157659",
    "img": "http://img.qunawan.com/ecmme/wan/xl/goods/20170217/201702171714123876_listfull.jpg",
    "title": "库布其沙漠东线 西线 中线徒步穿越活动召集（3日行程）",
    "money": "550",
    "date": "10/02",
    "city": "包头"
  },
  {
    "url": "http://hd.8264.com/xianlu-157344",
    "img": "http://img.qunawan.com/ecmme/wan/xl/goods/20170912/201709121640495932_listfull.jpg",
    "title": "十一假期 黄山 西递 宏村 千岛湖 木坑竹海 屯溪老街（5日行程）",
    "money": "1550",
    "date": "10/02",
    "city": "北京"
  },
  {
    "url": "http://hd.8264.com/xianlu-167613",
    "img": "http://img.qunawan.com/ecmme/wan/xl/goods/20170623/201706231715419513_listfull.jpg",
    "title": "大美黔西南 贵阳 云峰屯堡环线（7日行程）",
    "money": "2880",
    "date": "10/01",
    "city": "贵阳"
  }
]