[
  {
    "url": "http://hd.8264.com/xianlu-171430",
    "img": "http://img.qunawan.com/ecmme/wan/xl/goods/20170904/201709041204465924_listfull.jpg",
    "title": "稻城亚丁色达拼车自由行 穿越红色海洋 从你的全世界路过（8日行程）",
    "money": "2580",
    "date": "09/22",
    "city": "成都"
  },
  {
    "url": "http://hd.8264.com/xianlu-171428",
    "img": "http://img.qunawan.com/ecmme/wan/xl/goods/20170904/201709041150022789_listfull.jpg",
    "title": "四姑娘山 中国的的阿尔卑斯 东方圣山深度探寻（2日行程）",
    "money": "360",
    "date": "09/23",
    "city": "成都"
  },
  {
    "url": "http://hd.8264.com/xianlu-171425",
    "img": "http://img.qunawan.com/ecmme/wan/xl/goods/20170904/201709041137051817_listfull.jpg",
    "title": "冶勒湖 冕宁冶勒湖边晒太阳 发现大凉山深处原始之美（2日行程）",
    "money": "380",
    "date": "09/23",
    "city": "成都"
  },
  {
    "url": "http://hd.8264.com/xianlu-171418",
    "img": "http://img.qunawan.com/ecmme/wan/xl/goods/20170904/201709041118378885_listfull.jpg",
    "title": "商务小团 川西小环线 色达丹巴四姑娘山朝圣之旅（4日行程）",
    "money": "1680",
    "date": "09/23",
    "city": "成都"
  },
  {
    "url": "http://hd.8264.com/xianlu-171408",
    "img": "http://img.qunawan.com/ecmme/wan/xl/goods/20170904/201709040957423475_listfull.jpg",
    "title": "国庆深秋 穿越佛国净土 色达稻城亚丁经典之旅（9日行程）",
    "money": "3580",
    "date": "09/22",
    "city": "成都"
  },
  {
    "url": "http://hd.8264.com/xianlu-171404",
    "img": "http://img.qunawan.com/ecmme/wan/xl/goods/20170904/201709040936465491_listfull.jpg",
    "title": "佛色稻亚 深度自由行（8日行程）",
    "money": "2580",
    "date": "09/22",
    "city": "成都"
  },
  {
    "url": "http://hd.8264.com/xianlu-171396",
    "img": "http://img.qunawan.com/ecmme/wan/xl/goods/20170903/201709031957441331_listfull.jpg",
    "title": "2017国庆节 梅里大外传 或加甲应村 大满贯之行（10日行程）",
    "money": "6999",
    "date": "09/23",
    "city": "丽江"
  },
  {
    "url": "http://hd.8264.com/xianlu-171394",
    "img": "http://img.qunawan.com/ecmme/wan/xl/goods/20170903/201709031932419466_listfull.jpg",
    "title": "2017国庆四姑娘山二峰 长穿毕大满贯招募（6日行程）",
    "money": "3000",
    "date": "09/23",
    "city": "成都"
  },
  {
    "url": "http://hd.8264.com/xianlu-171392",
    "img": "http://img.qunawan.com/ecmme/wan/xl/goods/20170903/201709031919522119_listfull.jpg",
    "title": "2017国庆阿里大满贯 冈仁波齐转山 古格 双湖深度游（16日行程）",
    "money": "6380",
    "date": "09/23",
    "city": "拉萨"
  },
  {
    "url": "http://hd.8264.com/xianlu-171419",
    "img": "http://img.qunawan.com/ecmme/wan/xl/goods/20170904/201709041124496202_listfull.jpg",
    "title": "探寻秘境 追寻传说中的秘境七藏沟徒步（7日行程）",
    "money": "3180",
    "date": "09/30",
    "city": "成都"
  },
  {
    "url": "http://hd.8264.com/xianlu-171379",
    "img": "http://img.qunawan.com/ecmme/wan/xl/goods/20170902/201709021643302385_listfull.jpg",
    "title": "成都9至12人精选攀岩定制团（1日行程）",
    "money": "1800",
    "date": "09/22",
    "city": "成都"
  },
  {
    "url": "http://hd.8264.com/xianlu-171421",
    "img": "http://img.qunawan.com/ecmme/wan/xl/goods/20170904/201709041132299369_listfull.jpeg",
    "title": "玛嘉沟 与您相约美丽的传说秘境 体验最原始的处女圣地（2日行程）",
    "money": "360",
    "date": "09/23",
    "city": "成都"
  },
  {
    "url": "http://hd.8264.com/xianlu-171360",
    "img": "http://img.qunawan.com/ecmme/wan/xl/goods/20170902/201709021142162037_listfull.jpg",
    "title": "动力三角翼 可以抚摸云朵的飞行 工作日特惠（1日行程）",
    "money": "430",
    "date": "09/22",
    "city": "成都"
  },
  {
    "url": "http://hd.8264.com/xianlu-171352",
    "img": "http://img.qunawan.com/ecmme/wan/xl/goods/20170905/201709051622505658_listfull.jpg",
    "title": "急救培训 发普及急救培训证书（1日行程）",
    "money": "45",
    "date": "10/14",
    "city": "上海"
  },
  {
    "url": "http://hd.8264.com/xianlu-171347",
    "img": "http://img.qunawan.com/ecmme/wan/xl/goods/20170901/201709011935305775_listfull.jpg",
    "title": "用脚步丈量沙漠 遇见腾格里 中卫沙坡头露营（2日行程）",
    "money": "1580",
    "date": "09/22",
    "city": "中卫"
  },
  {
    "url": "http://hd.8264.com/xianlu-171346",
    "img": "http://img.qunawan.com/ecmme/wan/xl/goods/20170901/201709011934545705_listfull.jpg",
    "title": "国庆深秋 西藏阿里北线 冈仁波齐转山 双湖 深度纯玩（16日行程）",
    "money": "6400",
    "date": "09/24",
    "city": "拉萨"
  },
  {
    "url": "http://hd.8264.com/xianlu-171335",
    "img": "http://img.qunawan.com/ecmme/wan/xl/goods/20170901/201709011643162277_listfull.jpg",
    "title": "滇西金秋童话 腾冲银杏 西双版纳 大理 喜洲（8日行程）",
    "money": "3280",
    "date": "10/04",
    "city": "昆明"
  },
  {
    "url": "http://hd.8264.com/xianlu-171334",
    "img": "http://img.qunawan.com/ecmme/wan/xl/goods/20170901/201709011631222365_listfull.jpg",
    "title": "穿过佛国净土 走进最后香格里拉 色达 稻城亚丁（8日行程）",
    "money": "3580",
    "date": "09/22",
    "city": "成都"
  },
  {
    "url": "http://hd.8264.com/xianlu-171329",
    "img": "http://img.qunawan.com/ecmme/wan/xl/goods/20170901/201709011604344587_listfull.jpg",
    "title": "醉美云南 普者黑 坝美 元阳 东川 罗平 抚仙湖 深度纯玩（8日行程）",
    "money": "3600",
    "date": "09/23",
    "city": "昆明"
  },
  {
    "url": "http://hd.8264.com/xianlu-171328",
    "img": "http://img.qunawan.com/ecmme/wan/xl/goods/20170901/201709011555075154_listfull.jpg",
    "title": "秘境秋色 川西小环线 四姑娘山莫斯卡甲居藏寨新都桥海螺沟（7日行程）",
    "money": "3880",
    "date": "10/01",
    "city": "成都"
  }
]