[
  {
    "url": "http://hd.8264.com/xianlu-167615",
    "img": "http://img.qunawan.com/ecmme/wan/xl/goods/20170623/201706231727103817_listfull.jpg",
    "title": "多彩黔东南 醉美贵州 探秘黔东南少数民族（7日行程）",
    "money": "2880",
    "date": "10/01",
    "city": "贵阳"
  },
  {
    "url": "http://hd.8264.com/xianlu-156223",
    "img": "http://img.qunawan.com/ecmme/wan/xl/goods/20170123/201701231445405095_listfull.jpg",
    "title": "极度体验青海岗什卡雪山攀登 滑雪温泉婚纱摄影等主题活动（5日行程）",
    "money": "15800",
    "date": "09/25",
    "city": "西宁"
  },
  {
    "url": "http://hd.8264.com/xianlu-155964",
    "img": "http://img.qunawan.com/ecmme/wan/xl/goods/20170120/201701201109231025_listfull.jpg",
    "title": "追寻梦幻般画廊 孟克德古道徒步穿越（7日行程）",
    "money": "1580",
    "date": "09/23",
    "city": "乌鲁"
  },
  {
    "url": "http://hd.8264.com/xianlu-155801",
    "img": "http://img.qunawan.com/ecmme/wan/xl/goods/20170118/201701181459354211_listfull.png",
    "title": "人间净土 新疆喀纳斯 禾木 小黑湖 白哈巴 深度轻装徒步（7日行程）",
    "money": "3550",
    "date": "09/23",
    "city": "乌鲁"
  },
  {
    "url": "http://hd.8264.com/xianlu-153739",
    "img": "http://img.qunawan.com/ecmme/wan/xl/goods/20161226/201612261649495273_listfull.jpg",
    "title": "法国户外天堂留尼汪 火山岛 军医陪同（7日行程）",
    "money": "17800",
    "date": "09/25",
    "city": "广州"
  },
  {
    "url": "http://hd.8264.com/xianlu-152994",
    "img": "http://img.qunawan.com/ecmme/wan/xl/goods/20161220/201612201556356274_listfull.jpg",
    "title": "2017年蜀山之王 贡嘎山西南坡经典徒步摄影 无露营（6日行程）",
    "money": "2580",
    "date": "10/01",
    "city": "成都"
  },
  {
    "url": "http://hd.8264.com/xianlu-152020",
    "img": "http://img.qunawan.com/ecmme/wan/xl/goods/20161215/201612151446187749_listfull.jpg",
    "title": "色达佛学院 这个星球上最大的佛学院（4日行程）",
    "money": "980",
    "date": "10/02",
    "city": "成都"
  },
  {
    "url": "http://hd.8264.com/xianlu-151761",
    "img": "http://img.qunawan.com/ecmme/wan/xl/goods/20161214/201612141508092216_listfull.jpg",
    "title": "浪漫广西 德天大瀑布 北海银滩 涠洲岛 浪漫阳光海滩半自助游（6日行程）",
    "money": "2800",
    "date": "09/30",
    "city": "南宁"
  },
  {
    "url": "http://hd.8264.com/xianlu-150704",
    "img": "http://img.qunawan.com/ecmme/wan/xl/goods/20161209/201612091646023416_listfull.jpg",
    "title": "九寨沟伴黄龙 若尔盖花湖年保玉则环线摄影（8日行程）",
    "money": "2980",
    "date": "09/23",
    "city": "成都"
  },
  {
    "url": "http://hd.8264.com/xianlu-149541",
    "img": "http://img.qunawan.com/ecmme/wan/xl/goods/20161205/201612052358538273_listfull.jpg",
    "title": "2017 大美稻亚 海螺沟 稻城亚丁经典行程（8日行程）",
    "money": "2380",
    "date": "09/22",
    "city": "成都"
  },
  {
    "url": "http://hd.8264.com/xianlu-166286",
    "img": "http://img.qunawan.com/ecmme/wan/xl/goods/20170605/201706051852178259_listfull.jpg",
    "title": "那玛峰技术型高海拔登山 贡嘎卫峰攀登摄影之旅（7日行程）",
    "money": "6800",
    "date": "09/30",
    "city": "成都"
  },
  {
    "url": "http://hd.8264.com/xianlu-145742",
    "img": "http://img.qunawan.com/ecmme/wan/xl/goods/20170605/201706051833065000_listfull.jpg",
    "title": "那玛峰技术型高海拔登山 贡嘎卫峰攀登摄影之旅（7日行程）",
    "money": "6800",
    "date": "09/30",
    "city": "成都"
  },
  {
    "url": "http://hd.8264.com/xianlu-142197",
    "img": "http://img.qunawan.com/ecmme/wan/xl/goods/20170903/201709031620558920_listfull.png",
    "title": "雅拉雪山穿越（4日行程）",
    "money": "1280",
    "date": "10/02",
    "city": "成都"
  },
  {
    "url": "http://hd.8264.com/xianlu-164754",
    "img": "http://img.qunawan.com/ecmme/wan/xl/goods/20170515/201705151637337274_listfull.jpg",
    "title": "阿坝精华 九寨沟黄龙年宝玉则唐克若尔盖花湖环线深度游（8日行程）",
    "money": "3380",
    "date": "09/23",
    "city": "成都"
  },
  {
    "url": "http://hd.8264.com/xianlu-135099",
    "img": "http://img.qunawan.com/ecmme/wan/xl/goods/20161008/201610081101441765_listfull.jpg",
    "title": "国庆专线 最美风车公路徒步之旅（1日行程）",
    "money": "139",
    "date": "10/02",
    "city": "上海"
  },
  {
    "url": "http://hd.8264.com/xianlu-129578",
    "img": "http://img.qunawan.com/ecmme/wan/xl/goods/20160909/201609092307008292_listfull.jpg",
    "title": "徒步吴越古道 穿越天龙大峡谷 漫步浙西天池（2日行程）",
    "money": "275",
    "date": "10/02",
    "city": "苏州"
  },
  {
    "url": "http://hd.8264.com/xianlu-124031",
    "img": "http://img.qunawan.com/ecmme/wan/xl/goods/20160824/201608241659012238_listfull.jpg",
    "title": "年保玉则 九曲黄河 若尔盖花湖 九寨沟深度旅行（8日行程）",
    "money": "2980",
    "date": "09/23",
    "city": "成都"
  },
  {
    "url": "http://hd.8264.com/xianlu-122564",
    "img": "http://img.qunawan.com/ecmme/wan/xl/goods/20160820/201608200123395771_listfull.jpg",
    "title": "与你邂逅广东最美风车山 珠海高栏岛（1日行程）",
    "money": "128",
    "date": "10/02",
    "city": "广州"
  },
  {
    "url": "http://hd.8264.com/xianlu-119039",
    "img": "http://img.qunawan.com/ecmme/wan/xl/goods/20160806/201608061517159152_listfull.jpg",
    "title": "半脊峰攀登探险计划 冰雪技术型登山 毕棚沟徒步（7日行程）",
    "money": "6000",
    "date": "09/30",
    "city": "成都"
  },
  {
    "url": "http://hd.8264.com/xianlu-117228",
    "img": "http://img.qunawan.com/ecmme/wan/xl/goods/20170517/201705171021132922_listfull.jpg",
    "title": "千户苗寨 荔波小七孔 黄果树精华全景深度游（6日行程）",
    "money": "2880",
    "date": "10/01",
    "city": "贵阳"
  }
]