[
  {
    "url": "http://hd.8264.com/xianlu-19744",
    "img": "http://img.qunawan.com/ecmme/wan/xl/goods/20160704/201607041118035539_listfull.jpg",
    "title": "九寨沟黄龙若尔盖花湖九曲黄河第一湾红原草原年保玉则深度游（8日行程）",
    "money": "3280",
    "date": "09/23",
    "city": "成都"
  },
  {
    "url": "http://hd.8264.com/xianlu-15762",
    "img": "http://img.qunawan.com/ecmme/wan/xl/goods/20160623/201606230347025438_listfull.jpg",
    "title": "宁波亲水线大松湾古道徒步（1日行程）",
    "money": "139",
    "date": "10/02",
    "city": "上海"
  },
  {
    "url": "http://hd.8264.com/xianlu-15023",
    "img": "http://img.qunawan.com/ecmme/wan/xl/goods/20160621/201606211436434745_listfull.jpg",
    "title": "水墨仙都 瓯江帆影 南尖岩 云和梯田 松阳古村风光人文摄影团（5日行程）",
    "money": "1680",
    "date": "10/02",
    "city": "丽水"
  },
  {
    "url": "http://hd.8264.com/xianlu-12611",
    "img": "http://img.qunawan.com/ecmme/wan/xl/goods/20160614/201606141444243922_listfull.jpg",
    "title": "贵州全景精华深度游（6日行程）",
    "money": "2880",
    "date": "10/01",
    "city": "贵阳"
  },
  {
    "url": "http://hd.8264.com/xianlu-11217",
    "img": "http://img.qunawan.com/ecmme/wan/xl/goods/20161212/201612122124066640_listfull.jpg",
    "title": "朝拜蜀山之王 贡嘎西南坡徒步摄影活动（6日行程）",
    "money": "2280",
    "date": "09/30",
    "city": "杭州"
  },
  {
    "url": "http://hd.8264.com/xianlu-168463",
    "img": "http://img.qunawan.com/ecmme/wan/xl/goods/20170706/201707061116387408_listfull.jpg",
    "title": "十一国庆贵阳荔波小七孔丹寨石桥西江苗寨黄果树青岩古镇（6日行程）",
    "money": "3080",
    "date": "10/01",
    "city": "贵阳"
  },
  {
    "url": "http://hd.8264.com/xianlu-4976",
    "img": "http://img.qunawan.com/ecmme/wan/xl/goods/20160511/201605111508313643_listfull.jpg",
    "title": "蜀山之王 贡嘎山西南坡经典徒步 无露营（6日行程）",
    "money": "2280",
    "date": "10/01",
    "city": "成都"
  },
  {
    "url": "http://hd.8264.com/xianlu-3108",
    "img": "http://img.qunawan.com/ecmme/wan/xl/goods/20160415/201604151323096842_listfull.jpg",
    "title": "走进恩施 探秘世外桃源鹿院坪 徒步清江古河床 体验土家族文化（5日行程）",
    "money": "1580",
    "date": "10/02",
    "city": "恩施"
  },
  {
    "url": "http://hd.8264.com/xianlu-2175",
    "img": "http://img.qunawan.com/ecmme/wan/xl/goods/20160226/201602261106153406_listfull.jpg",
    "title": "初级高原经典徒步线路 雪山漫步 贡嘎西南坡 休闲无露营版（6日行程）",
    "money": "2280",
    "date": "10/01",
    "city": "成都"
  },
  {
    "url": "http://hd.8264.com/xianlu-1871",
    "img": "http://img.qunawan.com/ecmme/wan/xl/goods/20170210/201702101422219282_listfull.jpg",
    "title": "朝拜蜀山之王 贡嘎山西南坡经典徒步穿越（6日行程）",
    "money": "2580",
    "date": "09/30",
    "city": "成都"
  },
  {
    "url": "http://hd.8264.com/xianlu-1353",
    "img": "http://img.qunawan.com/ecmme/wan/xl/goods/20150605/201506051623082368_listfull.jpg",
    "title": "奇幻黔西南（7日行程）",
    "money": "2880",
    "date": "10/01",
    "city": "贵阳"
  },
  {
    "url": "http://hd.8264.com/xianlu-1352",
    "img": "http://img.qunawan.com/ecmme/wan/xl/goods/20150605/201506051605545972_listfull.jpg",
    "title": "贵州精华游（6日行程）",
    "money": "2880",
    "date": "10/01",
    "city": "贵阳"
  },
  {
    "url": "http://hd.8264.com/xianlu-1322",
    "img": "http://img.qunawan.com/ecmme/wan/xl/goods/20150601/201506011716258824_listfull.jpg",
    "title": "江郎山 探访宁静廿八都古镇 徒步仙霞古道（3日行程）",
    "money": "750",
    "date": "10/02",
    "city": "南京"
  },
  {
    "url": "http://hd.8264.com/xianlu-1255",
    "img": "http://img.qunawan.com/ecmme/wan/xl/goods/20150513/201505131445056741_listfull.jpg",
    "title": "探访华东最后的香格里拉 仙居公盂住农家 也可露营（2日行程）",
    "money": "450",
    "date": "10/02",
    "city": "南京"
  },
  {
    "url": "http://hd.8264.com/xianlu-171736",
    "img": "http://img.qunawan.com/ecmme/wan/xl/goods/20170910/201709100223059765_listfull.jpg",
    "title": "冰岩之路 玄武峰2017年攀登行程（5日行程）",
    "money": "5400",
    "date": "11/01",
    "city": "成都"
  },
  {
    "url": "http://hd.8264.com/xianlu-170680",
    "img": "http://img.qunawan.com/ecmme/wan/xl/goods/20170822/201708221221027026_listfull.jpg",
    "title": "塞梅鲁 布罗莫 宜珍三座火山连登（8日行程）",
    "money": "14000",
    "date": "10/01",
    "city": "泗水"
  },
  {
    "url": "http://hd.8264.com/xianlu-158964",
    "img": "http://img.qunawan.com/ecmme/wan/xl/goods/20170301/201703011202595338_listfull.jpg",
    "title": "川藏南线进珠峰大本营青藏线出20日拼车自助行（20日行程）",
    "money": "6000",
    "date": "10/01",
    "city": "成都"
  },
  {
    "url": "http://hd.8264.com/xianlu-155169",
    "img": "http://img.qunawan.com//ecmme/wan/xl/goods/20170111/201701111150073244_listfull.jpg",
    "title": "到庐山享受门票淡季价 感受南国冰雪 迎新年活动（3日行程）",
    "money": "135",
    "date": "11/01",
    "city": "福州"
  },
  {
    "url": "http://hd.8264.com/xianlu-144873",
    "img": "http://img.qunawan.com/ecmme/wan/xl/goods/20161116/201611161055169008_listfull.jpg",
    "title": "全程五星 豪华FB 哈尔滨 雪乡 镜泊湖 长白山 滑雪赏雾凇（7日行程）",
    "money": "3880",
    "date": "11/01",
    "city": "哈尔"
  },
  {
    "url": "http://hd.8264.com/xianlu-143959",
    "img": "http://img.qunawan.com/ecmme/wan/xl/goods/20161111/201611111556188644_listfull.jpg",
    "title": "双滑雪 冰城哈尔滨 亚布力国际滑雪 梦幻雪乡 长白山 雾凇岛（7日行程）",
    "money": "2380",
    "date": "11/01",
    "city": "哈尔"
  }
]