[
  {
    "url": "http://hd.8264.com/xianlu-141475",
    "img": "http://img.qunawan.com/ecmme/wan/xl/goods/20161031/201610312119127260_listfull.jpg",
    "title": "雾凇岛 2016相约冰城 哈尔滨 梦里雪乡 滑雪赏雾凇（5日行程）",
    "money": "1780",
    "date": "11/01",
    "city": "哈尔"
  },
  {
    "url": "http://hd.8264.com/xianlu-141477",
    "img": "http://img.qunawan.com/ecmme/wan/xl/goods/20161031/201610312125491711_listfull.jpg",
    "title": "亚布力 冰城哈尔滨 穿越雪乡 亚布力激情滑雪亚布力（5日行程）",
    "money": "1680",
    "date": "11/01",
    "city": "哈尔"
  },
  {
    "url": "http://hd.8264.com/xianlu-125384",
    "img": "http://img.qunawan.com/ecmme/wan/xl/goods/20160830/201608301058478535_listfull.jpg",
    "title": "骑行海南岛 迎着海风听着海浪声去裸鲤亲临海口一湖再骑行一陆（5日行程）",
    "money": "1690",
    "date": "11/01",
    "city": "海口"
  },
  {
    "url": "http://hd.8264.com/xianlu-117141",
    "img": "http://img.qunawan.com/ecmme/wan/xl/goods/20160729/201607291509583639_listfull.jpg",
    "title": "环塔克拉玛干沙漠绿洲民俗 帕米尔高原（12日行程）",
    "money": "4580",
    "date": "09/25",
    "city": "乌鲁"
  },
  {
    "url": "http://hd.8264.com/xianlu-122786",
    "img": "http://img.qunawan.com/ecmme/wan/xl/goods/20170912/201709121407518095_listfull.jpg",
    "title": "人间净土 新疆禾木 小黑湖 喀纳斯小环线轻装徒步穿越（7日行程）",
    "money": "3550",
    "date": "09/23",
    "city": "乌鲁"
  },
  {
    "url": "http://hd.8264.com/xianlu-161451",
    "img": "http://img.qunawan.com/ecmme/wan/xl/goods/20170702/201707022307591558_listfull.jpg",
    "title": "自主攀登雀儿山（8日行程）",
    "money": "5000",
    "date": "09/30",
    "city": "成都"
  },
  {
    "url": "http://hd.8264.com/xianlu-170894",
    "img": "http://img.qunawan.com/ecmme/wan/xl/goods/20170825/201708251415107853_listfull.jpg",
    "title": "五彩城 可可托海 喀纳斯 二十八公里徒步至禾木 魔鬼城（9日行程）",
    "money": "3680",
    "date": "09/22",
    "city": "乌鲁"
  },
  {
    "url": "http://hd.8264.com/xianlu-159711",
    "img": "http://img.qunawan.com/ecmme/wan/xl/goods/20170309/201703091810286510_listfull.jpg",
    "title": "喀纳斯 东西线大回环轻装徒步穿越之旅 全年十一期全程马匹服务（12日行程）",
    "money": "4480",
    "date": "10/01",
    "city": "乌鲁"
  },
  {
    "url": "http://hd.8264.com/xianlu-171597",
    "img": "http://img.qunawan.com/ecmme/wan/xl/goods/20170906/201709061709052810_listfull.jpg",
    "title": "大美伊犁金秋之赛湖 大西沟巴音 那拉提 安集海峡谷 塔河沙漠（11日行程）",
    "money": "4680",
    "date": "10/01",
    "city": "乌鲁"
  },
  {
    "url": "http://hd.8264.com/xianlu-167037",
    "img": "http://img.qunawan.com/ecmme/wan/xl/goods/20170615/201706151326403892_listfull.jpg",
    "title": "喀纳斯大环线徒步（10日行程）",
    "money": "4280",
    "date": "09/23",
    "city": "乌鲁"
  },
  {
    "url": "http://hd.8264.com/xianlu-5235",
    "img": "http://img.qunawan.com/ecmme/wan/xl/goods/20160624/201606241448534598_listfull.jpg",
    "title": "户外 摄影 徒步 骑行 登雪山 骑马 青海甘肃敦煌丝路环线（7日行程）",
    "money": "3280",
    "date": "09/24",
    "city": "西宁"
  },
  {
    "url": "http://hd.8264.com/xianlu-171964",
    "img": "http://img.qunawan.com/ecmme/wan/xl/goods/20170914/201709141625044301_listfull.png",
    "title": "独家探险线路 深度探秘碧罗雪山 徒步南极洛（7日行程）",
    "money": "4580",
    "date": "10/01",
    "city": "丽江"
  },
  {
    "url": "http://hd.8264.com/xianlu-171553",
    "img": "http://img.qunawan.com/ecmme/wan/xl/goods/20170906/201709061420062422_listfull.jpg",
    "title": "国庆 川西线 稻城亚丁 探寻消失于地平线的香巴拉（8日行程）",
    "money": "3880",
    "date": "10/01",
    "city": "北京"
  },
  {
    "url": "http://hd.8264.com/xianlu-170631",
    "img": "http://img.qunawan.com/ecmme/wan/xl/goods/20170821/201708211705332917_listfull.jpg",
    "title": "七藏探秘 七藏沟经典徒步穿越 追寻传说中的秘境仙乡（7日行程）",
    "money": "3180",
    "date": "09/30",
    "city": "成都"
  },
  {
    "url": "http://hd.8264.com/xianlu-170690",
    "img": "http://img.qunawan.com/ecmme/wan/xl/goods/20170822/201708221435246297_listfull.jpg",
    "title": "国庆 贡嘎转山 蜀山之王大环线完美穿越 挑战自我（7日行程）",
    "money": "3280",
    "date": "10/01",
    "city": "成都"
  },
  {
    "url": "http://hd.8264.com/xianlu-169075",
    "img": "http://img.qunawan.com/ecmme/wan/xl/goods/20170715/201707151204114743_listfull.jpg",
    "title": "国庆相约武功山（3日行程）",
    "money": "288",
    "date": "10/01",
    "city": "萍乡"
  },
  {
    "url": "http://hd.8264.com/xianlu-156138",
    "img": "http://img.qunawan.com/ecmme/wan/xl/goods/20170522/201705221024125061_listfull.jpg",
    "title": "新疆北疆禾木 双湖 那仁牧场 喀纳斯东西大环线轻装徒步（10日行程）",
    "money": "4280",
    "date": "09/23",
    "city": "乌鲁"
  },
  {
    "url": "http://hd.8264.com/xianlu-16687",
    "img": "http://img.qunawan.com/ecmme/wan/xl/goods/20160625/201606251550336574_listfull.jpg",
    "title": "草原深度 2017年我和草原有个约定 内蒙古呼伦贝尔（7日行程）",
    "money": "2980",
    "date": "09/23",
    "city": "海拉"
  },
  {
    "url": "http://hd.8264.com/xianlu-172236",
    "img": "http://img.qunawan.com/ecmme/wan/xl/goods/20170921/201709211003503401_listfull.jpg",
    "title": "年保玉则仙女湖妖女湖上下日干错徒步之旅（5日行程）",
    "money": "3180",
    "date": "09/30",
    "city": "成都"
  },
  {
    "url": "http://hd.8264.com/xianlu-172206",
    "img": "http://img.qunawan.com/ecmme/wan/xl/goods/20170920/201709201121576501_listfull.jpg",
    "title": "梦幻额济纳 七彩丹霞 敦煌莫高窟鸣沙山 青海湖茶卡盐湖（8日行程）",
    "money": "2600",
    "date": "09/30",
    "city": "朝阳"
  }
]