[
  {
    "url": "http://hd.8264.com/xianlu-172189",
    "img": "http://img.qunawan.com/ecmme/wan/xl/goods/20170920/201709200118477928_listfull.jpg",
    "title": "吴越古道赏浙西天池黑洞瀑布群（3日行程）",
    "money": "380",
    "date": "10/01",
    "city": "宣城"
  },
  {
    "url": "http://hd.8264.com/xianlu-172180",
    "img": "http://img.qunawan.com/ecmme/wan/xl/goods/20170919/201709191941369277_listfull.jpg",
    "title": "国庆 金秋越野车行摄乌兰布统 白桦林 公主湖 将军泡子（3日行程）",
    "money": "599",
    "date": "10/01",
    "city": "北京"
  },
  {
    "url": "http://hd.8264.com/xianlu-172179",
    "img": "http://img.qunawan.com/ecmme/wan/xl/goods/20170919/201709191926209333_listfull.jpg",
    "title": "雨岔 探秘中国的羚羊彩穴 访萨拉乌苏沙漠大峡谷湿地（4日行程）",
    "money": "599",
    "date": "10/01",
    "city": "北京"
  },
  {
    "url": "http://hd.8264.com/xianlu-172135",
    "img": "http://img.qunawan.com/ecmme/wan/xl/goods/20170919/201709190957228601_listfull.jpg",
    "title": "额济纳 丝绸之路 探秘可可西里 青海湖 茶卡盐湖（8日行程）",
    "money": "3280",
    "date": "10/01",
    "city": "兰州"
  },
  {
    "url": "http://hd.8264.com/xianlu-172127",
    "img": "http://img.qunawan.com/ecmme/wan/xl/goods/20170918/201709181420076216_listfull.jpg",
    "title": "云南哈吧雪山攀登计划5396小武（4日行程）",
    "money": "2800",
    "date": "10/01",
    "city": "丽江"
  },
  {
    "url": "http://hd.8264.com/xianlu-172126",
    "img": "http://img.qunawan.com/ecmme/wan/xl/goods/20170918/201709181421491935_listfull.jpg",
    "title": "漫步鼓浪屿 探秘土楼 畅游武夷山（8日行程）",
    "money": "2580",
    "date": "10/01",
    "city": "朝阳"
  },
  {
    "url": "http://hd.8264.com/xianlu-172125",
    "img": "http://img.qunawan.com/ecmme/wan/xl/goods/20170918/201709181406448013_listfull.jpg",
    "title": "丽江 香格里拉 大理休闲游（7日行程）",
    "money": "4950",
    "date": "10/01",
    "city": "安庆"
  },
  {
    "url": "http://hd.8264.com/xianlu-172133",
    "img": "http://img.qunawan.com/ecmme/wan/xl/goods/20170919/201709190016497816_listfull.jpeg",
    "title": "船底顶 我们一起毕业了 庆国庆迎中秋双重活动（3日行程）",
    "money": "398",
    "date": "10/01",
    "city": "广州"
  },
  {
    "url": "http://hd.8264.com/xianlu-172102",
    "img": "http://img.qunawan.com/ecmme/wan/xl/goods/20170918/201709180126017347_listfull.png",
    "title": "额济纳C线 普通大巴 送火车票 青海湖 嘉峪关（9日行程）",
    "money": "2499",
    "date": "09/30",
    "city": "北京"
  },
  {
    "url": "http://hd.8264.com/xianlu-172101",
    "img": "http://img.qunawan.com/ecmme/wan/xl/goods/20170918/201709180113243616_listfull.png",
    "title": "额济纳B线 卧铺 普通大巴 火车 青海湖敦煌雅丹魔鬼城嘉峪（9日行程）",
    "money": "2260",
    "date": "09/30",
    "city": "北京"
  },
  {
    "url": "http://hd.8264.com/xianlu-172078",
    "img": "http://img.qunawan.com/ecmme/wan/xl/goods/20170917/201709170313111361_listfull.jpg",
    "title": "国庆华东最经典路线 徽杭古道 龙须山 龙川古镇 第二期（3日行程）",
    "money": "390",
    "date": "10/01",
    "city": "上海"
  },
  {
    "url": "http://hd.8264.com/xianlu-172054",
    "img": "http://img.qunawan.com/ecmme/wan/xl/goods/20170916/201709161325008602_listfull.jpg",
    "title": "金秋专辑 稻城亚丁 探访梦中的香格里拉 稻城亚丁（7日行程）",
    "money": "2880",
    "date": "10/01",
    "city": "安庆"
  },
  {
    "url": "http://hd.8264.com/xianlu-172028",
    "img": "http://img.qunawan.com/ecmme/wan/xl/goods/20170915/201709151557555017_listfull.jpg",
    "title": "京迹户外 国庆 阿尔山梦幻呼伦贝尔（8日行程）",
    "money": "2480",
    "date": "10/01",
    "city": "北京"
  },
  {
    "url": "http://hd.8264.com/xianlu-172022",
    "img": "http://img.qunawan.com/ecmme/wan/xl/goods/20170915/201709151427497749_listfull.jpg",
    "title": "十一专场 城市版密室逃脱 City Walk单身交友派对（1日行程）",
    "money": "128",
    "date": "10/01",
    "city": "徐汇"
  },
  {
    "url": "http://hd.8264.com/xianlu-172005",
    "img": "http://img.qunawan.com/ecmme/wan/xl/goods/20170918/201709180914306075_listfull.jpg",
    "title": "国庆 烟雨江南 乌镇 西湖 三河古镇（8日行程）",
    "money": "2100",
    "date": "10/01",
    "city": "朝阳"
  },
  {
    "url": "http://hd.8264.com/xianlu-171977",
    "img": "http://img.qunawan.com/ecmme/wan/xl/goods/20170914/201709142023597863_listfull.jpg",
    "title": "国庆 江南行 杭州西湖 乌镇 千岛湖 黄山 宏村（8日行程）",
    "money": "1850",
    "date": "10/01",
    "city": "朝阳"
  },
  {
    "url": "http://hd.8264.com/xianlu-171974",
    "img": "http://img.qunawan.com/ecmme/wan/xl/goods/20170914/201709141949004715_listfull.jpg",
    "title": "额济纳火车 额济纳 胡杨林 青海湖 敦煌（8日行程）",
    "money": "2980",
    "date": "10/01",
    "city": "朝阳"
  },
  {
    "url": "http://hd.8264.com/xianlu-171972",
    "img": "http://img.qunawan.com/ecmme/wan/xl/goods/20170914/201709141935174884_listfull.jpg",
    "title": "遇见最美秋色 额济纳 青海 敦煌深度游（8日行程）",
    "money": "2280",
    "date": "10/01",
    "city": "朝阳"
  },
  {
    "url": "http://hd.8264.com/xianlu-171918",
    "img": "http://img.qunawan.com/ecmme/wan/xl/goods/20170914/201709140218279989_listfull.jpg",
    "title": "国庆徒步穿越腾格里沙漠（4日行程）",
    "money": "2380",
    "date": "10/01",
    "city": "银川"
  },
  {
    "url": "http://hd.8264.com/xianlu-171903",
    "img": "http://img.qunawan.com/ecmme/wan/xl/goods/20170913/201709131714089392_listfull.jpg",
    "title": "国庆活动 七尖穿越 重轻装均可（3日行程）",
    "money": "380",
    "date": "10/01",
    "city": "上海"
  }
]