[
  {
    "url": "http://hd.8264.com/xianlu-171877",
    "img": "http://img.qunawan.com/ecmme/wan/xl/goods/20170913/201709131230276113_listfull.jpg",
    "title": "国庆野游 徒步穿越太行山 一天跨两省（7日行程）",
    "money": "1400",
    "date": "10/01",
    "city": "长沙"
  },
  {
    "url": "http://hd.8264.com/xianlu-171862",
    "img": "http://img.qunawan.com/ecmme/wan/xl/goods/20170913/201709130727064353_listfull.jpg",
    "title": "国庆小众旅行 呼伦贝尔 大兴安岭 最美秋天行摄（8日行程）",
    "money": "2880",
    "date": "10/01",
    "city": "齐齐"
  },
  {
    "url": "http://hd.8264.com/xianlu-171850",
    "img": "http://img.qunawan.com/ecmme/wan/xl/goods/20170912/201709121959517764_listfull.jpg",
    "title": "国庆 走吴越古道赏浙西天池 游玩黑洞瀑布群（3日行程）",
    "money": "380",
    "date": "10/01",
    "city": "上海"
  },
  {
    "url": "http://hd.8264.com/xianlu-171814",
    "img": "http://img.qunawan.com/ecmme/wan/xl/goods/20170912/201709120647297531_listfull.jpg",
    "title": "我们在行动藏羌彝文化走廊探秘多彩贵州古夜郎之旅（15日行程）",
    "money": "9000",
    "date": "09/25",
    "city": "贵阳"
  },
  {
    "url": "http://hd.8264.com/xianlu-171808",
    "img": "http://img.qunawan.com/ecmme/wan/xl/goods/20170912/201709120000064476_listfull.png",
    "title": "绝美乌孙古道徒步探旅2017年国庆出驴啦（6日行程）",
    "money": "1980",
    "date": "10/01",
    "city": "伊犁"
  },
  {
    "url": "http://hd.8264.com/xianlu-171807",
    "img": "http://img.qunawan.com/ecmme/wan/xl/goods/20170912/201709120007025794_listfull.jpg",
    "title": "国庆假期确定出发四姑娘 色达 川西环线摄影深度行（7日行程）",
    "money": "2880",
    "date": "10/01",
    "city": "广州"
  },
  {
    "url": "http://hd.8264.com/xianlu-171777",
    "img": "http://img.qunawan.com/ecmme/wan/xl/goods/20170911/201709111600425622_listfull.jpg",
    "title": "最独家 拜两大神山 穿越无人区 寻母亲河源头（7日行程）",
    "money": "3480",
    "date": "10/01",
    "city": "西宁"
  },
  {
    "url": "http://hd.8264.com/xianlu-171775",
    "img": "http://img.qunawan.com/ecmme/wan/xl/goods/20170911/201709111611386649_listfull.jpg",
    "title": "国庆火车团 青海湖 嘉峪关 怪树林 额济纳胡杨林（7日行程）",
    "money": "2980",
    "date": "10/01",
    "city": "西宁"
  },
  {
    "url": "http://hd.8264.com/xianlu-171747",
    "img": "http://img.qunawan.com/ecmme/wan/xl/goods/20170911/201709110853484945_listfull.jpg",
    "title": "国庆徒步穿越南太行山经典段 十字岭 王莽岭 郭亮村 壁挂公路（4日行程）",
    "money": "380",
    "date": "10/01",
    "city": "新乡"
  },
  {
    "url": "http://hd.8264.com/xianlu-171735",
    "img": "http://img.qunawan.com/ecmme/wan/xl/goods/20170910/201709100206366590_listfull.jpg",
    "title": "雪山进阶之路 半脊峰2017攀登行程（7日行程）",
    "money": "6000",
    "date": "09/26",
    "city": "成都"
  },
  {
    "url": "http://hd.8264.com/xianlu-171717",
    "img": "http://img.qunawan.com/ecmme/wan/xl/goods/20170908/201709082221171768_listfull.jpg",
    "title": "龙脊梯田 漓江徒步 遇龙河漂流 户外纯玩（4日行程）",
    "money": "900",
    "date": "10/01",
    "city": "广东"
  },
  {
    "url": "http://hd.8264.com/xianlu-171678",
    "img": "http://img.qunawan.com/ecmme/wan/xl/goods/20170908/201709080100166850_listfull.jpg",
    "title": "遇见最美的你 相约额济纳旗（8日行程）",
    "money": "3480",
    "date": "10/01",
    "city": "成都"
  },
  {
    "url": "http://hd.8264.com/xianlu-171637",
    "img": "http://img.qunawan.com/ecmme/wan/xl/goods/20170907/201709071400507342_listfull.jpg",
    "title": "唯美北海 情定涠洲 释放欢乐激情 相约最美火山岛（7日行程）",
    "money": "2680",
    "date": "10/01",
    "city": "成都"
  },
  {
    "url": "http://hd.8264.com/xianlu-171632",
    "img": "http://img.qunawan.com/ecmme/wan/xl/goods/20170907/201709071304428087_listfull.jpg",
    "title": "成都集合丨稻城亚丁 2017穿过佛国净土 走进最后香格里拉（8日行程）",
    "money": "3880",
    "date": "10/01",
    "city": "成都"
  },
  {
    "url": "http://hd.8264.com/xianlu-171612",
    "img": "http://img.qunawan.com/ecmme/wan/xl/goods/20170907/201709070653393228_listfull.jpg",
    "title": "国庆 樂吧 额济纳C线（8日行程）",
    "money": "2980",
    "date": "10/01",
    "city": "北京"
  },
  {
    "url": "http://hd.8264.com/xianlu-171605",
    "img": "http://img.qunawan.com/ecmme/wan/xl/goods/20170906/201709061831253557_listfull.jpg",
    "title": "人神共居 丙中洛 寻找独龙族与世隔绝纹面女 梅里雪山 怒江（8日行程）",
    "money": "3380",
    "date": "10/01",
    "city": "北京"
  },
  {
    "url": "http://hd.8264.com/xianlu-171575",
    "img": "http://img.qunawan.com/ecmme/wan/xl/goods/20170906/201709061447174571_listfull.jpg",
    "title": "新疆 金秋徒步净土喀纳斯 寻遗世最美村庄禾木（9日行程）",
    "money": "3680",
    "date": "10/01",
    "city": "北京"
  },
  {
    "url": "http://hd.8264.com/xianlu-171654",
    "img": "http://img.qunawan.com/ecmme/wan/xl/goods/20170907/201709071513383187_listfull.png",
    "title": "国庆青海湖 茶卡盐湖 额济纳 胡杨林（8日行程）",
    "money": "2280",
    "date": "10/01",
    "city": "北京"
  },
  {
    "url": "http://hd.8264.com/xianlu-171560",
    "img": "http://img.qunawan.com/ecmme/wan/xl/goods/20170906/201709061111249635_listfull.jpg",
    "title": "国庆 红色之旅 海上观明月红海滩 笔架山 九门口长城（3日行程）",
    "money": "599",
    "date": "10/01",
    "city": "北京"
  },
  {
    "url": "http://hd.8264.com/xianlu-171559",
    "img": "http://img.qunawan.com/ecmme/wan/xl/goods/20170906/201709061117351108_listfull.png",
    "title": "色达莫失莫忘 边走边爱丨让我们一起踏上朝圣之途（4日行程）",
    "money": "1180",
    "date": "10/01",
    "city": "重庆"
  }
]