[
  {
    "url": "http://hd.8264.com/xianlu-171547",
    "img": "http://img.qunawan.com/ecmme/wan/xl/goods/20170906/201709060908015307_listfull.jpg",
    "title": "杭州英赛户外华东第一虐千八穿越 露营黄茅尖 赏百山祖风景（4日行程）",
    "money": "520",
    "date": "10/01",
    "city": "杭州"
  },
  {
    "url": "http://hd.8264.com/xianlu-171538",
    "img": "http://img.qunawan.com/ecmme/wan/xl/goods/20170905/201709052205521039_listfull.jpg",
    "title": "国庆艺术游学 扎染学习深度教学课程 参观非物质文化（8日行程）",
    "money": "3880",
    "date": "10/01",
    "city": "大理"
  },
  {
    "url": "http://hd.8264.com/xianlu-171489",
    "img": "http://img.qunawan.com/ecmme/wan/xl/goods/20170905/201709050714046570_listfull.jpg",
    "title": "国庆 额济纳B 胡杨林 青海湖 茶卡盐湖（8日行程）",
    "money": "2280",
    "date": "10/01",
    "city": "北京"
  },
  {
    "url": "http://hd.8264.com/xianlu-171480",
    "img": "http://img.qunawan.com/ecmme/wan/xl/goods/20170904/201709041959587429_listfull.jpg",
    "title": "国庆 赠火车票 额济纳C线（8日行程）",
    "money": "2980",
    "date": "10/01",
    "city": "兰州"
  },
  {
    "url": "http://hd.8264.com/xianlu-171464",
    "img": "http://img.qunawan.com/ecmme/wan/xl/goods/20170904/201709041627515440_listfull.jpg",
    "title": "城市版密室逃脱之私家记忆 City Walk单身交友派对（1日行程）",
    "money": "128",
    "date": "10/01",
    "city": "徐汇"
  },
  {
    "url": "http://hd.8264.com/xianlu-171401",
    "img": "http://img.qunawan.com/ecmme/wan/xl/goods/20170904/201709040549395755_listfull.jpg",
    "title": "6000米技术级入门之选 17年雀儿山登山计划（9日行程）",
    "money": "10600",
    "date": "10/01",
    "city": "成都"
  },
  {
    "url": "http://hd.8264.com/xianlu-171387",
    "img": "http://img.qunawan.com/ecmme/wan/xl/goods/20170903/201709031511171900_listfull.jpg",
    "title": "十一假期湖州探索之旅 第一季 选一份生活给自己 给未来（2日行程）",
    "money": "599",
    "date": "10/01",
    "city": "杭州"
  },
  {
    "url": "http://hd.8264.com/xianlu-171386",
    "img": "http://img.qunawan.com/ecmme/wan/xl/goods/20170903/201709031157582903_listfull.jpeg",
    "title": "十一 徒步吴越古道 攻占千倾关（2日行程）",
    "money": "299",
    "date": "10/01",
    "city": "杭州"
  },
  {
    "url": "http://hd.8264.com/xianlu-171366",
    "img": "http://img.qunawan.com/ecmme/wan/xl/goods/20170902/201709021447353689_listfull.jpg",
    "title": "喀纳斯 北疆大环线 秋天的童话 一路西北向北（9日行程）",
    "money": "4880",
    "date": "10/01",
    "city": "乌鲁"
  },
  {
    "url": "http://hd.8264.com/xianlu-171327",
    "img": "http://img.qunawan.com/ecmme/wan/xl/goods/20170901/201709011551454121_listfull.jpg",
    "title": "探秘高黎贡山 贡山穿越独龙江（11日行程）",
    "money": "6800",
    "date": "10/01",
    "city": "昆明"
  },
  {
    "url": "http://hd.8264.com/xianlu-171257",
    "img": "http://img.qunawan.com/ecmme/wan/xl/goods/20170831/201708311752347481_listfull.png",
    "title": "国庆广西 德天瀑布 名仕田园 北海银滩 涠洲岛（6日行程）",
    "money": "2680",
    "date": "10/01",
    "city": "安庆"
  },
  {
    "url": "http://hd.8264.com/xianlu-171256",
    "img": "http://img.qunawan.com/ecmme/wan/xl/goods/20170831/201708311747004867_listfull.png",
    "title": "国庆东北 笔架山 红海滩 五彩斑斓红叶谷 长白山秋色 鸭绿江（6日行程）",
    "money": "2180",
    "date": "10/01",
    "city": "朝阳"
  },
  {
    "url": "http://hd.8264.com/xianlu-171251",
    "img": "http://img.qunawan.com/ecmme/wan/xl/goods/20170831/201708311703023740_listfull.webp",
    "title": "心灵朝圣之路 国庆节阿里大北线 冈仁波齐转山深度游（12日行程）",
    "money": "6600",
    "date": "10/01",
    "city": "广州"
  },
  {
    "url": "http://hd.8264.com/xianlu-171247",
    "img": "http://img.qunawan.com/ecmme/wan/xl/goods/20170831/201708311710316318_listfull.jpg",
    "title": "国庆两期 新疆 北疆（8日行程）",
    "money": "3980",
    "date": "09/22",
    "city": "乌鲁"
  },
  {
    "url": "http://hd.8264.com/xianlu-171212",
    "img": "http://img.qunawan.com/ecmme/wan/xl/goods/20170831/201708311141168301_listfull.jpg",
    "title": "国庆假期 西北全境 额济纳胡杨林 怪树林 魔鬼城 莫高窟（8日行程）",
    "money": "3080",
    "date": "10/01",
    "city": "东城"
  },
  {
    "url": "http://hd.8264.com/xianlu-171211",
    "img": "http://img.qunawan.com/ecmme/wan/xl/goods/20170831/201708311142092059_listfull.jpeg",
    "title": "成都集合 稻城亚丁 2017穿过佛国净土 走进最后香格里拉（8日行程）",
    "money": "3880",
    "date": "10/01",
    "city": "成都"
  },
  {
    "url": "http://hd.8264.com/xianlu-171205",
    "img": "http://img.qunawan.com/ecmme/wan/xl/goods/20170831/201708311127476606_listfull.jpg",
    "title": "恩施市集合 恩施 坐着漂浮的小船 穿行在悠长的峡谷里（7日行程）",
    "money": "2980",
    "date": "10/01",
    "city": "恩施"
  },
  {
    "url": "http://hd.8264.com/xianlu-171200",
    "img": "http://img.qunawan.com/ecmme/wan/xl/goods/20170831/201708311112022649_listfull.png",
    "title": "西宁集合 额济纳 赴三千年之约 只为那一抹亮丽的金黄（7日行程）",
    "money": "2980",
    "date": "10/01",
    "city": "西宁"
  },
  {
    "url": "http://hd.8264.com/xianlu-171184",
    "img": "http://img.qunawan.com/ecmme/wan/xl/goods/20170831/201708310940517998_listfull.jpg",
    "title": "木雅贡嘎 蜀山之王 贡嘎徒步穿越南北全线（7日行程）",
    "money": "2680",
    "date": "10/01",
    "city": "成都"
  },
  {
    "url": "http://hd.8264.com/xianlu-171172",
    "img": "http://img.qunawan.com/ecmme/wan/xl/goods/20170831/201708312131232433_listfull.jpg",
    "title": "国庆特辑 邂逅最后的香格里拉稻城亚丁（6日行程）",
    "money": "3080",
    "date": "10/01",
    "city": "成都"
  }
]