[
  {
    "url": "http://hd.8264.com/xianlu-171140",
    "img": "http://img.qunawan.com/ecmme/wan/xl/goods/20170830/201708301621159478_listfull.jpg",
    "title": "那马蜂半自助攀登（6日行程）",
    "money": "4800",
    "date": "10/01",
    "city": "安庆"
  },
  {
    "url": "http://hd.8264.com/xianlu-171134",
    "img": "http://img.qunawan.com/ecmme/wan/xl/goods/20170830/201708301615262395_listfull.jpg",
    "title": "塞梅鲁 布罗莫 宜珍三座火山连登（8日行程）",
    "money": "14000",
    "date": "10/01",
    "city": "泗水"
  },
  {
    "url": "http://hd.8264.com/xianlu-171216",
    "img": "http://img.qunawan.com/ecmme/wan/xl/goods/20170831/201708311241113082_listfull.jpg",
    "title": "国庆节 轻装船底顶 献给青春无悔的毕业礼（3日行程）",
    "money": "390",
    "date": "10/01",
    "city": "广州"
  },
  {
    "url": "http://hd.8264.com/xianlu-171112",
    "img": "http://img.qunawan.com/ecmme/wan/xl/goods/20170830/201708301321234019_listfull.jpg",
    "title": "恩施大峡谷 鹿院坪 清江古河床 屏山峡谷恩（7日行程）",
    "money": "999",
    "date": "10/01",
    "city": "上海"
  },
  {
    "url": "http://hd.8264.com/xianlu-171057",
    "img": "http://img.qunawan.com/ecmme/wan/xl/goods/20170829/201708291637214947_listfull.jpg",
    "title": "国庆 黄山 杭州 千岛湖 西塘 乌镇 同里 西湖 宏村 呈坎（8日行程）",
    "money": "1850",
    "date": "10/01",
    "city": "北京"
  },
  {
    "url": "http://hd.8264.com/xianlu-171055",
    "img": "http://img.qunawan.com/ecmme/wan/xl/goods/20170829/201708291624237331_listfull.jpg",
    "title": "寻找最美处女地 行摄最野滇西 大盈江诗蜜娃底自驾摄影7日游（7日行程）",
    "money": "2680",
    "date": "10/01",
    "city": "昆明"
  },
  {
    "url": "http://hd.8264.com/xianlu-171052",
    "img": "http://img.qunawan.com/ecmme/wan/xl/goods/20170829/201708291615278469_listfull.jpg",
    "title": "边境线 秋日童话穿越最北中俄边境线漠河至海拉尔一路向北之旅（8日行程）",
    "money": "3380",
    "date": "10/01",
    "city": "漠河"
  },
  {
    "url": "http://hd.8264.com/xianlu-171030",
    "img": "http://img.qunawan.com/ecmme/wan/xl/goods/20170829/201708291117521583_listfull.jpg",
    "title": "年国庆节自驾波浪谷 张掖七彩丹霞 额济纳胡杨林（9日行程）",
    "money": "4980",
    "date": "10/01",
    "city": "北京"
  },
  {
    "url": "http://hd.8264.com/xianlu-171028",
    "img": "http://img.qunawan.com/ecmme/wan/xl/goods/20170829/201708291057046444_listfull.png",
    "title": "国庆赏秋色长白山天池 寻找北国最美红叶（8日行程）",
    "money": "3680",
    "date": "10/01",
    "city": "北京"
  },
  {
    "url": "http://hd.8264.com/xianlu-171027",
    "img": "http://img.qunawan.com/ecmme/wan/xl/goods/20170829/201708291043032970_listfull.jpg",
    "title": "北斗星 国庆 恩施女儿城 石门河 小溪村深度旅行（4日行程）",
    "money": "780",
    "date": "10/01",
    "city": "武汉"
  },
  {
    "url": "http://hd.8264.com/xianlu-171010",
    "img": "http://img.qunawan.com/ecmme/wan/xl/goods/20170828/201708281737131118_listfull.jpg",
    "title": "攀登奥林匹斯最高峰 天空之城攀岩 沉船湾潜水（9日行程）",
    "money": "19800",
    "date": "10/01",
    "city": "雅典"
  },
  {
    "url": "http://hd.8264.com/xianlu-171051",
    "img": "http://img.qunawan.com/ecmme/wan/xl/goods/20170829/201708291606489859_listfull.jpg",
    "title": "甘南 国庆 九色甘南全境 醉美扎尕那 惊喜西部行（7日行程）",
    "money": "4580",
    "date": "10/01",
    "city": "北京"
  },
  {
    "url": "http://hd.8264.com/xianlu-170958",
    "img": "http://img.qunawan.com/ecmme/wan/xl/goods/20170826/201708261629403598_listfull.jpg",
    "title": "国庆 背起心爱的相机 相约厦门 漫步鼓浪屿 探秘土楼（8日行程）",
    "money": "2380",
    "date": "10/01",
    "city": "东城"
  },
  {
    "url": "http://hd.8264.com/xianlu-170945",
    "img": "http://img.qunawan.com/ecmme/wan/xl/goods/20170826/201708261359041325_listfull.jpg",
    "title": "国庆 秋天的童话世界 五彩滩 布尔津 禾木 贾登峪 喀纳斯（9日行程）",
    "money": "4588",
    "date": "10/01",
    "city": "乌鲁"
  },
  {
    "url": "http://hd.8264.com/xianlu-170934",
    "img": "http://img.qunawan.com/ecmme/wan/xl/goods/20170826/201708261246549479_listfull.jpg",
    "title": "国庆 额济纳胡杨林 青海湖 茶卡盐湖 张掖丹霞 敦煌 魔鬼城（8日行程）",
    "money": "2280",
    "date": "10/01",
    "city": "东城"
  },
  {
    "url": "http://hd.8264.com/xianlu-170929",
    "img": "http://img.qunawan.com/ecmme/wan/xl/goods/20170826/201708260636378450_listfull.jpg",
    "title": "恩施秘境 探索地心世界 走进中国的仙本那（7日行程）",
    "money": "2380",
    "date": "10/01",
    "city": "武汉"
  },
  {
    "url": "http://hd.8264.com/xianlu-170928",
    "img": "http://img.qunawan.com/ecmme/wan/xl/goods/20170825/201708252341137547_listfull.jpg",
    "title": "国庆特辑 北海涠洲岛休闲腐败深度纯玩（7日行程）",
    "money": "2780",
    "date": "10/01",
    "city": "成都"
  },
  {
    "url": "http://hd.8264.com/xianlu-170923",
    "img": "http://img.qunawan.com/ecmme/wan/xl/goods/20170825/201708252010181438_listfull.jpg",
    "title": "国庆假期亲子 特殊环境的生活方式（3日行程）",
    "money": "2600",
    "date": "10/01",
    "city": "北京"
  },
  {
    "url": "http://hd.8264.com/xianlu-170898",
    "img": "http://img.qunawan.com/ecmme/wan/xl/goods/20170825/201708251431581950_listfull.jpg",
    "title": "大美新疆之秋醉北疆三千里 密林里的白桦秋歌（11日行程）",
    "money": "5580",
    "date": "09/23",
    "city": "乌鲁"
  },
  {
    "url": "http://hd.8264.com/xianlu-170882",
    "img": "http://img.qunawan.com/ecmme/wan/xl/goods/20170825/201708251004399978_listfull.jpg",
    "title": "金秋草原 阿尔山 12人精品 额尔古纳 室韦 满洲里（7日行程）",
    "money": "2980",
    "date": "09/22",
    "city": "呼伦"
  }
]