[
  {
    "url": "http://hd.8264.com/xianlu-170848",
    "img": "http://img.qunawan.com/ecmme/wan/xl/goods/20170824/201708241307116169_listfull.jpg",
    "title": "醉美秋色 聆听大兴安岭 呼伦贝尔的色彩双重奏（8日行程）",
    "money": "2680",
    "date": "10/01",
    "city": "哈尔"
  },
  {
    "url": "http://hd.8264.com/xianlu-170871",
    "img": "http://img.qunawan.com/ecmme/wan/xl/goods/20170824/201708241739244488_listfull.jpg",
    "title": "国庆海驴岛 鸡鸣岛 野生动物园 青州古城（4日行程）",
    "money": "999",
    "date": "10/01",
    "city": "北京"
  },
  {
    "url": "http://hd.8264.com/xianlu-170836",
    "img": "http://img.qunawan.com/ecmme/wan/xl/goods/20170824/201708241221185456_listfull.jpg",
    "title": "国庆特辑 越南越美之北越篇（7日行程）",
    "money": "2380",
    "date": "10/01",
    "city": "重庆"
  },
  {
    "url": "http://hd.8264.com/xianlu-171608",
    "img": "http://img.qunawan.com/ecmme/wan/xl/goods/20170906/201709062258523567_listfull.jpg",
    "title": "探秘仙居 华东最后的香格里拉 登顶人间仙境公盂背（2日行程）",
    "money": "298",
    "date": "10/01",
    "city": "上海"
  },
  {
    "url": "http://hd.8264.com/xianlu-170818",
    "img": "http://img.qunawan.com/ecmme/wan/xl/goods/20170824/201708240748339392_listfull.jpg",
    "title": "阿尔山 梦幻呼伦贝尔（8日行程）",
    "money": "2666",
    "date": "10/01",
    "city": "北京"
  },
  {
    "url": "http://hd.8264.com/xianlu-170805",
    "img": "http://img.qunawan.com/ecmme/wan/xl/goods/20170823/201708232123246518_listfull.jpg",
    "title": "国庆秦晋之旅 恒山云冈石窟悬空 平遥古城壶口瀑布（6日行程）",
    "money": "1599",
    "date": "10/01",
    "city": "北京"
  },
  {
    "url": "http://hd.8264.com/xianlu-170790",
    "img": "http://img.qunawan.com/ecmme/wan/xl/goods/20170823/201708231538199233_listfull.jpg",
    "title": "国庆 秦晋之旅行摄云冈石窟 北岳恒山 平遥古城 西安 兵马俑（6日行程）",
    "money": "1599",
    "date": "10/01",
    "city": "北京"
  },
  {
    "url": "http://hd.8264.com/xianlu-170781",
    "img": "http://img.qunawan.com/ecmme/wan/xl/goods/20170823/201708231510207098_listfull.jpg",
    "title": "国庆 西夏王陵 额济纳 胡杨林 黑城 深度摄影之旅 无夜车（6日行程）",
    "money": "2480",
    "date": "10/01",
    "city": "北京"
  },
  {
    "url": "http://hd.8264.com/xianlu-170839",
    "img": "http://img.qunawan.com/ecmme/wan/xl/goods/20170824/201708241235255436_listfull.jpg",
    "title": "国庆特辑 摄影天堂 新都桥 色达（4日行程）",
    "money": "1780",
    "date": "10/01",
    "city": "重庆"
  },
  {
    "url": "http://hd.8264.com/xianlu-170759",
    "img": "http://img.qunawan.com/ecmme/wan/xl/goods/20170823/201708231203166696_listfull.jpg",
    "title": "北疆 喀纳斯 可可托海 白哈巴 禾木 贾登峪 大环线（9日行程）",
    "money": "4780",
    "date": "09/23",
    "city": "乌鲁"
  },
  {
    "url": "http://hd.8264.com/xianlu-170721",
    "img": "http://img.qunawan.com/ecmme/wan/xl/goods/20170822/201708221931325865_listfull.jpg",
    "title": "国庆节 醉美西藏环线游 林芝 山南 羊湖 纳木错（8日行程）",
    "money": "4680",
    "date": "10/01",
    "city": "拉萨"
  },
  {
    "url": "http://hd.8264.com/xianlu-170718",
    "img": "http://img.qunawan.com/ecmme/wan/xl/goods/20170822/201708221914458704_listfull.jpg",
    "title": "国庆贵州 卧铺大巴团 西江苗寨 小七孔 岜沙 黄果树（8日行程）",
    "money": "3280",
    "date": "10/01",
    "city": "北京"
  },
  {
    "url": "http://hd.8264.com/xianlu-170674",
    "img": "http://img.qunawan.com/ecmme/wan/xl/goods/20170822/201708221129046070_listfull.jpg",
    "title": "西部穿越 天神后花园 年保玉则仙女湖妖女湖上下日干错徒步（6日行程）",
    "money": "2980",
    "date": "09/30",
    "city": "成都"
  },
  {
    "url": "http://hd.8264.com/xianlu-170661",
    "img": "http://img.qunawan.com/ecmme/wan/xl/goods/20170822/201708222325506457_listfull.jpeg",
    "title": "十一额济纳火车团 胡杨林 黑城 怪树林 居延海 探秘西北（4日行程）",
    "money": "500",
    "date": "10/01",
    "city": "呼和"
  },
  {
    "url": "http://hd.8264.com/xianlu-170653",
    "img": "http://img.qunawan.com/ecmme/wan/xl/goods/20170822/201708220941113602_listfull.jpg",
    "title": "北疆 双卧 禾木 喀纳斯 白哈巴 五彩滩（6日行程）",
    "money": "3980",
    "date": "10/01",
    "city": "乌鲁"
  },
  {
    "url": "http://hd.8264.com/xianlu-170642",
    "img": "http://img.qunawan.com/ecmme/wan/xl/goods/20170821/201708212202354588_listfull.jpg",
    "title": "德天 明仕 河内 吉婆岛 兰夏湾 下龙湾 纯户外游玩（7日行程）",
    "money": "3380",
    "date": "10/01",
    "city": "南宁"
  },
  {
    "url": "http://hd.8264.com/xianlu-170629",
    "img": "http://img.qunawan.com/ecmme/wan/xl/goods/20170823/201708230949255214_listfull.jpg",
    "title": "新疆喀纳斯 可可托海 图瓦人的村落 全景穿越之旅（9日行程）",
    "money": "4780",
    "date": "09/23",
    "city": "乌鲁"
  },
  {
    "url": "http://hd.8264.com/xianlu-170622",
    "img": "http://img.qunawan.com/ecmme/wan/xl/goods/20170821/201708211527172543_listfull.png",
    "title": "国庆火车 阿尔山 旅行约拍（7日行程）",
    "money": "2980",
    "date": "10/01",
    "city": "兴安"
  },
  {
    "url": "http://hd.8264.com/xianlu-170618",
    "img": "http://img.qunawan.com/ecmme/wan/xl/goods/20170823/201708231510327035_listfull.jpg",
    "title": "国庆火车 甘南 与你相遇（8日行程）",
    "money": "2680",
    "date": "10/01",
    "city": "西宁"
  },
  {
    "url": "http://hd.8264.com/xianlu-170616",
    "img": "http://img.qunawan.com/ecmme/wan/xl/goods/20170821/201708211504343014_listfull.png",
    "title": "国庆火车 西藏（8日行程）",
    "money": "4380",
    "date": "10/01",
    "city": "拉萨"
  }
]