[
  {
    "url": "http://hd.8264.com/xianlu-170590",
    "img": "http://img.qunawan.com/ecmme/wan/xl/goods/20170823/201708231725501833_listfull.jpg",
    "title": "国庆 甘南 年宝玉则 色达 郎木寺 拉卜楞寺 可以代买火车（8日行程）",
    "money": "2600",
    "date": "10/01",
    "city": "兰州"
  },
  {
    "url": "http://hd.8264.com/xianlu-170589",
    "img": "http://img.qunawan.com/ecmme/wan/xl/goods/20170821/201708210930223160_listfull.jpg",
    "title": "国庆 新疆 北疆环游 白哈巴 喀纳斯 可可苏里 可可托海（9日行程）",
    "money": "4588",
    "date": "10/01",
    "city": "乌鲁"
  },
  {
    "url": "http://hd.8264.com/xianlu-170550",
    "img": "http://img.qunawan.com/ecmme/wan/xl/goods/20170818/201708181704562797_listfull.jpg",
    "title": "北疆巅峰（6日行程）",
    "money": "3980",
    "date": "10/01",
    "city": "乌鲁"
  },
  {
    "url": "http://hd.8264.com/xianlu-171616",
    "img": "http://img.qunawan.com/ecmme/wan/xl/goods/20170907/201709070950315986_listfull.jpg",
    "title": "色达 环贡嘎 子梅垭口 泉华滩 新都桥 把最美川西一网打尽（6日行程）",
    "money": "2380",
    "date": "10/01",
    "city": "成都"
  },
  {
    "url": "http://hd.8264.com/xianlu-170499",
    "img": "http://img.qunawan.com/ecmme/wan/xl/goods/20170817/201708172111113378_listfull.jpg",
    "title": "国庆大巴 甘南 隔着时光与你相遇 坠落在上帝的调色板（7日行程）",
    "money": "2680",
    "date": "10/01",
    "city": "西宁"
  },
  {
    "url": "http://hd.8264.com/xianlu-170425",
    "img": "http://img.qunawan.com/ecmme/wan/xl/goods/20170816/201708161612297920_listfull.png",
    "title": "国庆新疆 喀纳斯 可可托海 五彩滩 禾木 白哈巴 魔鬼城（8日行程）",
    "money": "4580",
    "date": "09/30",
    "city": "朝阳"
  },
  {
    "url": "http://hd.8264.com/xianlu-170416",
    "img": "http://img.qunawan.com/ecmme/wan/xl/goods/20170816/201708161522155305_listfull.jpg",
    "title": "秋季阿尔山 12人精品小团 额济纳 室韦 满洲里 深度游（7日行程）",
    "money": "2980",
    "date": "09/22",
    "city": "呼伦"
  },
  {
    "url": "http://hd.8264.com/xianlu-170413",
    "img": "http://img.qunawan.com/ecmme/wan/xl/goods/20170817/201708171414415168_listfull.jpg",
    "title": "国庆我要去西藏 珠峰大本营 纳木错 日喀则 羊湖 江孜（10日行程）",
    "money": "4550",
    "date": "09/24",
    "city": "朝阳"
  },
  {
    "url": "http://hd.8264.com/xianlu-170366",
    "img": "http://img.qunawan.com/ecmme/wan/xl/goods/20170815/201708152118529205_listfull.jpg",
    "title": "秋季阿尔山 精品小团 额济纳 黑山头 阿尔山（7日行程）",
    "money": "2980",
    "date": "09/22",
    "city": "呼伦"
  },
  {
    "url": "http://hd.8264.com/xianlu-170362",
    "img": "http://img.qunawan.com/ecmme/wan/xl/goods/20170815/201708151844233025_listfull.png",
    "title": "国庆 西北 驰骋大西北 用生命演绎秋色 青海湖 茶卡 额济纳（8日行程）",
    "money": "2500",
    "date": "10/01",
    "city": "北京"
  },
  {
    "url": "http://hd.8264.com/xianlu-170249",
    "img": "http://img.qunawan.com/ecmme/wan/xl/goods/20170814/201708140823378990_listfull.jpg",
    "title": "国庆贵州民族风情游（7日行程）",
    "money": "3180",
    "date": "10/01",
    "city": "贵阳"
  },
  {
    "url": "http://hd.8264.com/xianlu-170245",
    "img": "http://img.qunawan.com/ecmme/wan/xl/goods/20170825/201708250916192695_listfull.png",
    "title": "国庆火车 西藏 一梦到拉萨 朝圣之旅从心开始（7日行程）",
    "money": "4380",
    "date": "10/01",
    "city": "拉萨"
  },
  {
    "url": "http://hd.8264.com/xianlu-170804",
    "img": "http://img.qunawan.com/ecmme/wan/xl/goods/20170823/201708232116547101_listfull.jpg",
    "title": "国庆 长白山西坡王池天池红海滩 笔架山红叶谷望天洞鸭绿江大桥（6日行程）",
    "money": "2280",
    "date": "10/01",
    "city": "北京"
  },
  {
    "url": "http://hd.8264.com/xianlu-170200",
    "img": "http://img.qunawan.com/ecmme/wan/xl/goods/20170811/201708111255375829_listfull.jpg",
    "title": "国庆 梦幻呼伦贝尔 满洲里 根河湿地 室韦 额尔古纳（8日行程）",
    "money": "2666",
    "date": "10/01",
    "city": "北京"
  },
  {
    "url": "http://hd.8264.com/xianlu-170238",
    "img": "http://img.qunawan.com/ecmme/wan/xl/goods/20170812/201708122121589445_listfull.jpg",
    "title": "十一长假 醉美甘南朝圣 徒步十大非著名山峰之 扎尕那（7日行程）",
    "money": "2280",
    "date": "10/01",
    "city": "北京"
  },
  {
    "url": "http://hd.8264.com/xianlu-170182",
    "img": "http://img.qunawan.com/ecmme/wan/xl/goods/20170810/201708101909298298_listfull.jpg",
    "title": "国庆 西夏王陵 额济纳 胡杨林 黑城 深度摄影之旅（6日行程）",
    "money": "3280",
    "date": "10/01",
    "city": "北京"
  },
  {
    "url": "http://hd.8264.com/xianlu-171554",
    "img": "http://img.qunawan.com/ecmme/wan/xl/goods/20170906/201709061112561899_listfull.jpg",
    "title": "国庆 千年之美 大漠胡杨（7日行程）",
    "money": "1280",
    "date": "10/01",
    "city": "西安"
  },
  {
    "url": "http://hd.8264.com/xianlu-170078",
    "img": "http://img.qunawan.com/ecmme/wan/xl/goods/20170808/201708081418392608_listfull.jpg",
    "title": "喀纳斯大环线 新疆禾木 喀纳斯 双湖 白哈巴 深度轻装徒步（10日行程）",
    "money": "4280",
    "date": "09/23",
    "city": "乌鲁"
  },
  {
    "url": "http://hd.8264.com/xianlu-169939",
    "img": "http://img.qunawan.com/ecmme/wan/xl/goods/20170803/201708031603574015_listfull.png",
    "title": "青海湖A线 关于青海湖 青海湖 茶卡盐湖 夏拉草原精美4（4日行程）",
    "money": "499",
    "date": "10/01",
    "city": "西安"
  },
  {
    "url": "http://hd.8264.com/xianlu-170159",
    "img": "http://img.qunawan.com/ecmme/wan/xl/goods/20170811/201708111121452978_listfull.jpg",
    "title": "国庆拍摄 额济纳 胡杨林 深度摄影之旅（6日行程）",
    "money": "3280",
    "date": "10/01",
    "city": "北京"
  }
]