[
  {
    "url": "http://hd.8264.com/xianlu-169810",
    "img": "http://img.qunawan.com/ecmme/wan/xl/goods/20170802/201708022237324147_listfull.png",
    "title": "呼伦贝尔大草原 七卡五卡深度游（5日行程）",
    "money": "3380",
    "date": "09/23",
    "city": "乌兰"
  },
  {
    "url": "http://hd.8264.com/xianlu-170072",
    "img": "http://img.qunawan.com/ecmme/wan/xl/goods/20170808/201708081140393558_listfull.jpg",
    "title": "风向标2017国庆那玛峰自主攀登计划（7日行程）",
    "money": "6200",
    "date": "10/01",
    "city": "成都"
  },
  {
    "url": "http://hd.8264.com/xianlu-170581",
    "img": "http://img.qunawan.com/ecmme/wan/xl/goods/20170820/201708201433504764_listfull.jpg",
    "title": "这里比九寨沟更美 一个骨灰级的户外天堂 它的名字叫七藏沟（7日行程）",
    "money": "3180",
    "date": "10/01",
    "city": "成都"
  },
  {
    "url": "http://hd.8264.com/xianlu-169786",
    "img": "http://img.qunawan.com/ecmme/wan/xl/goods/20170801/201708011118199180_listfull.jpg",
    "title": "南太行之绝壁深处马武寨柳暗花明抱犊村（3日行程）",
    "money": "1280",
    "date": "10/01",
    "city": "郑州"
  },
  {
    "url": "http://hd.8264.com/xianlu-169756",
    "img": "http://img.qunawan.com/ecmme/wan/xl/goods/20170731/201707312033574743_listfull.jpg",
    "title": "五彩城 可可托海 白哈巴 喀纳斯 禾木 五彩滩 魔鬼城（9日行程）",
    "money": "3680",
    "date": "09/23",
    "city": "乌鲁"
  },
  {
    "url": "http://hd.8264.com/xianlu-169711",
    "img": "http://img.qunawan.com/ecmme/wan/xl/goods/20170731/201707310813522744_listfull.jpg",
    "title": "十一假期洛克B线 追随洛克脚步 泸沽湖到稻城亚丁徒步穿越（10日行程）",
    "money": "2900",
    "date": "10/01",
    "city": "凉山"
  },
  {
    "url": "http://hd.8264.com/xianlu-171577",
    "img": "http://img.qunawan.com/ecmme/wan/xl/goods/20170906/201709061504173288_listfull.jpg",
    "title": "国庆火车团 青海湖 嘉峪关 怪树林 额济纳胡杨林（7日行程）",
    "money": "2980",
    "date": "10/01",
    "city": "西宁"
  },
  {
    "url": "http://hd.8264.com/xianlu-169633",
    "img": "http://img.qunawan.com/ecmme/wan/xl/goods/20170727/201707272117537773_listfull.jpg",
    "title": "10 1国庆探秘神农架穿越无人区 重装徒步穿越（6日行程）",
    "money": "1880",
    "date": "10/01",
    "city": "宜昌"
  },
  {
    "url": "http://hd.8264.com/xianlu-169608",
    "img": "http://img.qunawan.com/ecmme/wan/xl/goods/20170727/201707271451133082_listfull.jpg",
    "title": "国庆假期 额济纳胡杨林 青海湖 茶卡盐湖 张掖丹霞 敦煌（8日行程）",
    "money": "2280",
    "date": "10/01",
    "city": "北京"
  },
  {
    "url": "http://hd.8264.com/xianlu-169605",
    "img": "http://img.qunawan.com/ecmme/wan/xl/goods/20170727/201707271436218469_listfull.jpg",
    "title": "国庆 烟雨江南 黄山 杭州 西塘 乌镇 同里 西湖（8日行程）",
    "money": "1850",
    "date": "10/01",
    "city": "北京"
  },
  {
    "url": "http://hd.8264.com/xianlu-170775",
    "img": "http://img.qunawan.com/ecmme/wan/xl/goods/20170823/201708231434122620_listfull.jpg",
    "title": "国庆8天 卧铺大巴 额济纳胡杨林（8日行程）",
    "money": "3280",
    "date": "10/01",
    "city": "北京"
  },
  {
    "url": "http://hd.8264.com/xianlu-169584",
    "img": "http://img.qunawan.com/ecmme/wan/xl/goods/20170727/201707271128083263_listfull.jpg",
    "title": "希拉穆仁 库布齐 魅力青城 无夜车 超低价 共两期（4日行程）",
    "money": "850",
    "date": "10/01",
    "city": "北京"
  },
  {
    "url": "http://hd.8264.com/xianlu-169580",
    "img": "http://img.qunawan.com/ecmme/wan/xl/goods/20170727/201707271053489350_listfull.jpg",
    "title": "云冈石窟 万年冰洞 波浪谷 碛口古镇 壶口瀑布 全程无夜车（4日行程）",
    "money": "990",
    "date": "10/01",
    "city": "北京"
  },
  {
    "url": "http://hd.8264.com/xianlu-169574",
    "img": "http://img.qunawan.com/ecmme/wan/xl/goods/20170727/201707271026261732_listfull.jpg",
    "title": "行摄云冈石窟 北岳恒山 平遥古城 西安 华山 兵马俑（6日行程）",
    "money": "1599",
    "date": "10/01",
    "city": "北京"
  },
  {
    "url": "http://hd.8264.com/xianlu-169545",
    "img": "http://img.qunawan.com/ecmme/wan/xl/goods/20170726/201707261628379143_listfull.jpg",
    "title": "东方好莱坞 西北影视城 中国金字塔 西夏王陵 波浪谷（6日行程）",
    "money": "1580",
    "date": "10/01",
    "city": "北京"
  },
  {
    "url": "http://hd.8264.com/xianlu-169526",
    "img": "http://img.qunawan.com/ecmme/wan/xl/goods/20170726/201707261329149013_listfull.jpg",
    "title": "国庆 梦幻呼伦贝尔 满洲里 根河湿地 室韦 额尔古纳（8日行程）",
    "money": "2666",
    "date": "10/01",
    "city": "北京"
  },
  {
    "url": "http://hd.8264.com/xianlu-169519",
    "img": "http://img.qunawan.com/ecmme/wan/xl/goods/20170726/201707261231391892_listfull.jpg",
    "title": "国庆 最美好的时光在路上 九寨沟 黄龙 色达 达古冰川（7日行程）",
    "money": "3980",
    "date": "09/28",
    "city": "成都"
  },
  {
    "url": "http://hd.8264.com/xianlu-169516",
    "img": "http://img.qunawan.com/ecmme/wan/xl/goods/20170726/201707261145398111_listfull.png",
    "title": "国庆 醉美西藏 拉萨 林芝 羊湖 纳木错 拉姆拉错（8日行程）",
    "money": "4680",
    "date": "10/01",
    "city": "拉萨"
  },
  {
    "url": "http://hd.8264.com/xianlu-169493",
    "img": "http://img.qunawan.com/ecmme/wan/xl/goods/20170725/201707251608597161_listfull.jpg",
    "title": "我们一起雅拉神山轻装徒步 自然风光摄影（5日行程）",
    "money": "1880",
    "date": "10/01",
    "city": "成都"
  },
  {
    "url": "http://hd.8264.com/xianlu-169489",
    "img": "http://img.qunawan.com/ecmme/wan/xl/goods/20170725/201707251603143214_listfull.jpg",
    "title": "国庆十一 阿尔山 长白山赏 双 天池美景 红叶谷寻绚丽秋景（8日行程）",
    "money": "2650",
    "date": "10/01",
    "city": "东城"
  }
]