[
  {
    "url": "http://hd.8264.com/xianlu-171324",
    "img": "http://img.qunawan.com/ecmme/wan/xl/goods/20170901/201709011517372597_listfull.png",
    "title": "惠州滑翔伞 带你上天去 大亚湾海域翱翔去（1日行程）",
    "money": "780",
    "date": "09/23",
    "city": "深圳"
  },
  {
    "url": "http://hd.8264.com/xianlu-171323",
    "img": "http://img.qunawan.com/ecmme/wan/xl/goods/20170901/201709011535528107_listfull.jpg",
    "title": "青藏线 拉萨到西宁拼车（4日行程）",
    "money": "2000",
    "date": "09/22",
    "city": "拉萨"
  },
  {
    "url": "http://hd.8264.com/xianlu-171320",
    "img": "http://img.qunawan.com/ecmme/wan/xl/goods/20170901/201709011517035079_listfull.jpg",
    "title": "国庆深秋 蜀山之王大环线穿越 穿越挑战极限（8日行程）",
    "money": "2880",
    "date": "09/23",
    "city": "成都"
  },
  {
    "url": "http://hd.8264.com/xianlu-171318",
    "img": "http://img.qunawan.com/ecmme/wan/xl/goods/20170901/201709011505086300_listfull.jpg",
    "title": "国庆深秋 朝拜蜀山之王 贡嘎西南坡徒步穿越 无露营（6日行程）",
    "money": "2280",
    "date": "09/30",
    "city": "成都"
  },
  {
    "url": "http://hd.8264.com/xianlu-171313",
    "img": "http://img.qunawan.com/ecmme/wan/xl/goods/20170901/201709011445365695_listfull.jpg",
    "title": "专业经典 四姑娘山长坪沟穿越毕棚沟穿越（6日行程）",
    "money": "2480",
    "date": "09/22",
    "city": "成都"
  },
  {
    "url": "http://hd.8264.com/xianlu-171309",
    "img": "http://img.qunawan.com/ecmme/wan/xl/goods/20170901/201709011157412412_listfull.jpeg",
    "title": "2017雪山盛宴 四姑娘山长坪沟徒步适应高海拔后攀登二峰（6日行程）",
    "money": "2480",
    "date": "09/30",
    "city": "成都"
  },
  {
    "url": "http://hd.8264.com/xianlu-171307",
    "img": "http://img.qunawan.com/ecmme/wan/xl/goods/20170901/201709011404598941_listfull.jpg",
    "title": "冰峰山地 贡嘎全线徒步（8日行程）",
    "money": "2880",
    "date": "09/23",
    "city": "成都"
  },
  {
    "url": "http://hd.8264.com/xianlu-171310",
    "img": "http://img.qunawan.com/ecmme/wan/xl/goods/20170901/201709011421292095_listfull.jpg",
    "title": "七藏探秘 毗邻黄龙的极致美景七藏沟徒步（7日行程）",
    "money": "2680",
    "date": "09/30",
    "city": "成都"
  },
  {
    "url": "http://hd.8264.com/xianlu-171299",
    "img": "http://img.qunawan.com/ecmme/wan/xl/goods/20170901/201709011254044098_listfull.jpg",
    "title": "国庆圆梦 贡嘎神山大环线轻装徒步穿越走起 摄影天堂（7日行程）",
    "money": "1950",
    "date": "10/02",
    "city": "成都"
  },
  {
    "url": "http://hd.8264.com/xianlu-171298",
    "img": "http://img.qunawan.com/ecmme/wan/xl/goods/20170901/201709011252452582_listfull.jpg",
    "title": "国庆特辑 四姑娘山二峰加长坪沟穿越毕棚沟（6日行程）",
    "money": "3000",
    "date": "09/22",
    "city": "成都"
  },
  {
    "url": "http://hd.8264.com/xianlu-171285",
    "img": "http://img.qunawan.com/ecmme/wan/xl/goods/20170901/201709011100387870_listfull.jpg",
    "title": "全年计划 贡嘎转山 贡嘎大小环线完美穿越 品质保证（7日行程）",
    "money": "2880",
    "date": "09/24",
    "city": "成都"
  },
  {
    "url": "http://hd.8264.com/xianlu-171284",
    "img": "http://img.qunawan.com/ecmme/wan/xl/goods/20170919/201709191042042666_listfull.jpg",
    "title": "清远伦洲岛之旅（1日行程）",
    "money": "168",
    "date": "09/22",
    "city": "广州"
  },
  {
    "url": "http://hd.8264.com/xianlu-171291",
    "img": "http://img.qunawan.com/ecmme/wan/xl/goods/20170901/201709011120203282_listfull.jpeg",
    "title": "中国十大经典徒步线路之一四姑娘山长坪沟穿越毕棚沟（6日行程）",
    "money": "2880",
    "date": "09/30",
    "city": "成都"
  },
  {
    "url": "http://hd.8264.com/xianlu-171278",
    "img": "http://img.qunawan.com/ecmme/wan/xl/goods/20170901/201709010945136126_listfull.jpg",
    "title": "9 10月 西藏珠峰东坡嘎玛沟徒步 中国十大经典徒步线路（13日行程）",
    "money": "8980",
    "date": "09/22",
    "city": "拉萨"
  },
  {
    "url": "http://hd.8264.com/xianlu-171273",
    "img": "http://img.qunawan.com/ecmme/wan/xl/goods/20170901/201709010826486206_listfull.jpg",
    "title": "9 10月阿里大北线 冈仁波齐转山 珠峰 双湖摄影探险（17日行程）",
    "money": "11800",
    "date": "09/22",
    "city": "拉萨"
  },
  {
    "url": "http://hd.8264.com/xianlu-171259",
    "img": "http://img.qunawan.com/ecmme/wan/xl/goods/20170831/201708311823419618_listfull.jpg",
    "title": "2017国庆 贡嘎转山 贡嘎徒步 贡嘎山大环线完美穿越（7日行程）",
    "money": "2880",
    "date": "09/24",
    "city": "成都"
  },
  {
    "url": "http://hd.8264.com/xianlu-171249",
    "img": "http://img.qunawan.com/ecmme/wan/xl/goods/20170831/201708311657518962_listfull.jpg",
    "title": "2017国庆半脊峰攀登计划（7日行程）",
    "money": "6000",
    "date": "09/23",
    "city": "成都"
  },
  {
    "url": "http://hd.8264.com/xianlu-171248",
    "img": "http://img.qunawan.com/ecmme/wan/xl/goods/20170831/201708311709318796_listfull.jpg",
    "title": "多彩金秋 奶子沟金川神丹巴藏寨党龄葫芦海四姑娘山深度游（7日行程）",
    "money": "3680",
    "date": "10/21",
    "city": "成都"
  },
  {
    "url": "http://hd.8264.com/xianlu-171242",
    "img": "http://img.qunawan.com/ecmme/wan/xl/goods/20170831/201708311622129419_listfull.jpg",
    "title": "国庆出发 高原极度体验 徒步天堂雨崩（7日行程）",
    "money": "3580",
    "date": "10/01",
    "city": "丽江"
  },
  {
    "url": "http://hd.8264.com/xianlu-171274",
    "img": "http://img.qunawan.com/ecmme/wan/xl/goods/20170901/201709011155367955_listfull.png",
    "title": "DSD体验潜水课程（1日行程）",
    "money": "450",
    "date": "09/22",
    "city": "爱妮"
  }
]