[
  {
    "url": "http://hd.8264.com/xianlu-169357",
    "img": "http://img.qunawan.com/ecmme/wan/xl/goods/20170721/201707211049502385_listfull.jpeg",
    "title": "恩施大峡谷 鹿院坪 清江古河床 屏山峡谷（7日行程）",
    "money": "2380",
    "date": "10/01",
    "city": "恩施"
  },
  {
    "url": "http://hd.8264.com/xianlu-169333",
    "img": "http://img.qunawan.com/ecmme/wan/xl/goods/20170720/201707201731284291_listfull.jpg",
    "title": "2017年高山玉珠峰攀登计划（7日行程）",
    "money": "8800",
    "date": "09/23",
    "city": "西宁"
  },
  {
    "url": "http://hd.8264.com/xianlu-169315",
    "img": "http://img.qunawan.com/ecmme/wan/xl/goods/20170720/201707201359461648_listfull.jpg",
    "title": "北疆春色 新疆禾木 喀纳斯 双湖 白哈巴 大环线徒步（10日行程）",
    "money": "4280",
    "date": "09/23",
    "city": "乌鲁"
  },
  {
    "url": "http://hd.8264.com/xianlu-169308",
    "img": "http://img.qunawan.com/ecmme/wan/xl/goods/20170720/201707201200473751_listfull.jpg",
    "title": "乌孙古道摄影版 轻装穿越（9日行程）",
    "money": "6800",
    "date": "10/01",
    "city": "乌鲁"
  },
  {
    "url": "http://hd.8264.com/xianlu-169245",
    "img": "http://img.qunawan.com/ecmme/wan/xl/goods/20170719/201707191421409820_listfull.jpg",
    "title": "边境线上的行走 新疆喀纳斯深度徒步 遇见中国最美的秋天（8日行程）",
    "money": "2180",
    "date": "10/01",
    "city": "乌鲁"
  },
  {
    "url": "http://hd.8264.com/xianlu-169239",
    "img": "http://img.qunawan.com/ecmme/wan/xl/goods/20170719/201707191335212131_listfull.jpeg",
    "title": "青海湖A线 关于青海湖 抛开理智 私奔去青海（4日行程）",
    "money": "499",
    "date": "10/01",
    "city": "西安"
  },
  {
    "url": "http://hd.8264.com/xianlu-169131",
    "img": "http://img.qunawan.com/ecmme/wan/xl/goods/20170717/201707171430096396_listfull.jpg",
    "title": "喀纳斯大环线 禾木 喀纳斯 双湖 白哈巴 深度轻装徒步（10日行程）",
    "money": "4280",
    "date": "09/23",
    "city": "乌鲁"
  },
  {
    "url": "http://hd.8264.com/xianlu-169052",
    "img": "http://img.qunawan.com/ecmme/wan/xl/goods/20170714/201707141458382313_listfull.jpg",
    "title": "禾木 喀纳斯 双湖 白哈巴 轻装徒步 行走在路上（10日行程）",
    "money": "4280",
    "date": "09/23",
    "city": "乌鲁"
  },
  {
    "url": "http://hd.8264.com/xianlu-169042",
    "img": "http://img.qunawan.com/ecmme/wan/xl/goods/20170714/201707141117545194_listfull.jpg",
    "title": "国庆 笔架山 盘锦红海滩 五彩斑斓红叶谷 长白山秋色赏秋（6日行程）",
    "money": "2180",
    "date": "10/01",
    "city": "朝阳"
  },
  {
    "url": "http://hd.8264.com/xianlu-169011",
    "img": "http://img.qunawan.com/ecmme/wan/xl/goods/20170713/201707131810355000_listfull.jpg",
    "title": "磨练活动 小英雄召集令穿越武功山全线41公里（5日行程）",
    "money": "950",
    "date": "10/01",
    "city": "萍乡"
  },
  {
    "url": "http://hd.8264.com/xianlu-169005",
    "img": "http://img.qunawan.com/ecmme/wan/xl/goods/20170713/201707131640271734_listfull.jpg",
    "title": "青海湖 茶卡盐湖 门源油菜花 张掖 莫高窟 月牙泉（8日行程）",
    "money": "2800",
    "date": "10/01",
    "city": "北京"
  },
  {
    "url": "http://hd.8264.com/xianlu-169003",
    "img": "http://img.qunawan.com/ecmme/wan/xl/goods/20170713/201707131623024764_listfull.jpg",
    "title": "南麂岛看海露营听涛 邂逅石人（3日行程）",
    "money": "790",
    "date": "10/01",
    "city": "杭州"
  },
  {
    "url": "http://hd.8264.com/xianlu-168975",
    "img": "http://img.qunawan.com/ecmme/wan/xl/goods/20170713/201707131147345518_listfull.jpg",
    "title": "徒步 四姑娘山穿越毕棚沟（6日行程）",
    "money": "2480",
    "date": "09/30",
    "city": "成都"
  },
  {
    "url": "http://hd.8264.com/xianlu-168933",
    "img": "http://img.qunawan.com/ecmme/wan/xl/goods/20170712/201707121657067661_listfull.jpg",
    "title": "红原若尔盖 尕海 桑科大草原 青海湖 茶卡盐湖成都拼车出游（9日行程）",
    "money": "1680",
    "date": "09/30",
    "city": "成都"
  },
  {
    "url": "http://hd.8264.com/xianlu-168869",
    "img": "http://img.qunawan.com/ecmme/wan/xl/goods/20170712/201707121059356951_listfull.png",
    "title": "丹巴藏寨 党岭葫芦海 道孚秘境徒步穿越之旅（7日行程）",
    "money": "3180",
    "date": "10/01",
    "city": "成都"
  },
  {
    "url": "http://hd.8264.com/xianlu-168854",
    "img": "http://img.qunawan.com/ecmme/wan/xl/goods/20170711/201707112208282443_listfull.jpg",
    "title": "最美季节爱上青海湖 金银滩尕海 茶卡桑科草原拉卜楞寺深度纯玩（7日行程）",
    "money": "2580",
    "date": "09/23",
    "city": "成都"
  },
  {
    "url": "http://hd.8264.com/xianlu-168846",
    "img": "http://img.qunawan.com/ecmme/wan/xl/goods/20170711/201707111753159750_listfull.jpg",
    "title": "金秋新疆摄影线 喀纳斯 神秘可可托海 不屈胡杨林 绚丽五彩湾（11日行程）",
    "money": "5680",
    "date": "10/01",
    "city": "乌鲁"
  },
  {
    "url": "http://hd.8264.com/xianlu-171558",
    "img": "http://img.qunawan.com/ecmme/wan/xl/goods/20170906/201709061324366493_listfull.jpg",
    "title": "北海涠洲岛 一座岛屿（6日行程）",
    "money": "2280",
    "date": "10/01",
    "city": "重庆"
  },
  {
    "url": "http://hd.8264.com/xianlu-168779",
    "img": "http://img.qunawan.com/ecmme/wan/xl/goods/20170711/201707111153593654_listfull.jpg",
    "title": "哈巴雪山2017年全年攀登计划（5日行程）",
    "money": "5380",
    "date": "10/01",
    "city": "丽江"
  },
  {
    "url": "http://hd.8264.com/xianlu-170838",
    "img": "http://img.qunawan.com/ecmme/wan/xl/goods/20170824/201708241229483083_listfull.jpg",
    "title": "国庆特辑 青海湖环线 让我最后任性一次 告别终将散场的青春（7日行程）",
    "money": "2480",
    "date": "10/01",
    "city": "重庆"
  }
]