[
  {
    "url": "http://hd.8264.com/xianlu-168618",
    "img": "http://img.qunawan.com/ecmme/wan/xl/goods/20170709/201707092318318170_listfull.jpg",
    "title": "滇南大环线 普者黑 坝美 元阳 东川 罗平 抚仙湖 深度游（8日行程）",
    "money": "3600",
    "date": "09/22",
    "city": "昆明"
  },
  {
    "url": "http://hd.8264.com/xianlu-168550",
    "img": "http://img.qunawan.com/ecmme/wan/xl/goods/20170707/201707071437337018_listfull.jpg",
    "title": "喀纳斯大环线 新疆禾木 喀纳斯 双湖 白哈巴 深度轻装徒步（10日行程）",
    "money": "4280",
    "date": "09/23",
    "city": "乌鲁"
  },
  {
    "url": "http://hd.8264.com/xianlu-168528",
    "img": "http://img.qunawan.com/ecmme/wan/xl/goods/20170707/201707071053579369_listfull.jpg",
    "title": "深度摄影 九黄 色达 达古冰川（8日行程）",
    "money": "3580",
    "date": "09/23",
    "city": "成都"
  },
  {
    "url": "http://hd.8264.com/xianlu-168472",
    "img": "http://img.qunawan.com/ecmme/wan/xl/goods/20170706/201707061152532182_listfull.jpg",
    "title": "十一国庆小众海南游三分之一海南三亚洲仔岛天涯海角冲浪潜水（7日行程）",
    "money": "3180",
    "date": "10/01",
    "city": "海口"
  },
  {
    "url": "http://hd.8264.com/xianlu-168453",
    "img": "http://img.qunawan.com/ecmme/wan/xl/goods/20170706/201707061032222106_listfull.jpg",
    "title": "喀纳斯大环线 新疆禾木 喀纳斯 双湖 白哈巴 深度轻装徒步（10日行程）",
    "money": "4280",
    "date": "09/23",
    "city": "乌鲁"
  },
  {
    "url": "http://hd.8264.com/xianlu-168409",
    "img": "http://img.qunawan.com/ecmme/wan/xl/goods/20170705/201707051624552098_listfull.jpg",
    "title": "最美的公路 318川藏线 新都桥 稻城亚丁 4人成团（10日行程）",
    "money": "3580",
    "date": "09/22",
    "city": "成都"
  },
  {
    "url": "http://hd.8264.com/xianlu-168383",
    "img": "http://img.qunawan.com/ecmme/wan/xl/goods/20170705/201707051212082562_listfull.jpg",
    "title": "天路狼塔 砾石探险狼塔C线穿越计划（8日行程）",
    "money": "3800",
    "date": "10/01",
    "city": "乌鲁"
  },
  {
    "url": "http://hd.8264.com/xianlu-168352",
    "img": "http://img.qunawan.com/ecmme/wan/xl/goods/20170801/201708011301554929_listfull.jpg",
    "title": "佛色稻亚 新都桥 色达 稻城亚丁 深度游（8日行程）",
    "money": "2800",
    "date": "10/01",
    "city": "成都"
  },
  {
    "url": "http://hd.8264.com/xianlu-168310",
    "img": "http://img.qunawan.com/ecmme/wan/xl/goods/20170704/201707041149474134_listfull.jpg",
    "title": "山花烂漫年宝玉则仙女湖妖女湖上下日干措经典穿越（5日行程）",
    "money": "2980",
    "date": "10/01",
    "city": "成都"
  },
  {
    "url": "http://hd.8264.com/xianlu-168281",
    "img": "http://img.qunawan.com/ecmme/wan/xl/goods/20170703/201707031920026514_listfull.jpg",
    "title": "川藏线 珠峰大本营 私人订制（15日行程）",
    "money": "5200",
    "date": "09/23",
    "city": "成都"
  },
  {
    "url": "http://hd.8264.com/xianlu-168163",
    "img": "http://img.qunawan.com/ecmme/wan/xl/goods/20170701/201707010920475585_listfull.jpg",
    "title": "新疆北疆可可托海 喀纳斯 白哈巴深度游（8日行程）",
    "money": "3780",
    "date": "09/24",
    "city": "乌鲁"
  },
  {
    "url": "http://hd.8264.com/xianlu-170603",
    "img": "http://img.qunawan.com/ecmme/wan/xl/goods/20170824/201708241035223229_listfull.jpg",
    "title": "国庆 走进张家界 芙蓉镇 凤凰古城 南岳衡山 领略魅力湘西（8日行程）",
    "money": "2200",
    "date": "10/01",
    "city": "东城"
  },
  {
    "url": "http://hd.8264.com/xianlu-168138",
    "img": "http://img.qunawan.com/ecmme/wan/xl/goods/20170630/201706301127548660_listfull.jpg",
    "title": "徒步 丹巴藏寨 党岭葫芦海 道孚秘境徒步穿越（7日行程）",
    "money": "3580",
    "date": "10/01",
    "city": "成都"
  },
  {
    "url": "http://hd.8264.com/xianlu-168130",
    "img": "http://img.qunawan.com/ecmme/wan/xl/goods/20170630/201706302014428139_listfull.jpg",
    "title": "人间净土 禾木 喀纳斯 双湖 那仁牧场 白哈巴大环线徒步（10日行程）",
    "money": "4280",
    "date": "09/23",
    "city": "乌鲁"
  },
  {
    "url": "http://hd.8264.com/xianlu-169825",
    "img": "http://img.qunawan.com/ecmme/wan/xl/goods/20170801/201708011733563477_listfull.png",
    "title": "2017醉美青海 七彩甘南 探寻 年保玉则环线（11日行程）",
    "money": "2800",
    "date": "10/01",
    "city": "西安"
  },
  {
    "url": "http://hd.8264.com/xianlu-171894",
    "img": "http://img.qunawan.com/ecmme/wan/xl/goods/20170913/201709131546397071_listfull.jpg",
    "title": "国庆 川西秘境 秘境党岭葫芦海探秘之旅（3日行程）",
    "money": "1280",
    "date": "10/01",
    "city": "成都"
  },
  {
    "url": "http://hd.8264.com/xianlu-167938",
    "img": "http://img.qunawan.com/ecmme/wan/xl/goods/20170628/201706281035073491_listfull.jpg",
    "title": "国庆假期 东方好莱坞 西北影视城 中国金字塔 西夏王陵（6日行程）",
    "money": "1580",
    "date": "10/01",
    "city": "朝阳"
  },
  {
    "url": "http://hd.8264.com/xianlu-167918",
    "img": "http://img.qunawan.com/ecmme/wan/xl/goods/20170627/201706272115395110_listfull.jpg",
    "title": "丝绸之路 青海湖 敦煌 莫高窟 雅丹魔鬼城 嘉峪关 深度游（8日行程）",
    "money": "3600",
    "date": "10/01",
    "city": "西宁"
  },
  {
    "url": "http://hd.8264.com/xianlu-167883",
    "img": "http://img.qunawan.com/ecmme/wan/xl/goods/20170627/201706271628316961_listfull.jpg",
    "title": "神奇张家界 凤凰古城 芙蓉镇 矮寨 魅力湘西行（8日行程）",
    "money": "2180",
    "date": "10/01",
    "city": "朝阳"
  },
  {
    "url": "http://hd.8264.com/xianlu-167847",
    "img": "http://img.qunawan.com/ecmme/wan/xl/goods/20170627/201706271459403380_listfull.jpg",
    "title": "四姑娘山长坪沟 二峰登山（6日行程）",
    "money": "2480",
    "date": "09/30",
    "city": "成都"
  }
]