[
  {
    "url": "http://hd.8264.com/xianlu-167814",
    "img": "http://img.qunawan.com/ecmme/wan/xl/goods/20170627/201706271159335977_listfull.jpg",
    "title": "国庆 相约厦门 漫步鼓浪屿 探秘土楼 畅游武夷山（8日行程）",
    "money": "2380",
    "date": "10/01",
    "city": "东城"
  },
  {
    "url": "http://hd.8264.com/xianlu-167960",
    "img": "http://img.qunawan.com/ecmme/wan/xl/goods/20170628/201706281419273168_listfull.jpg",
    "title": "国庆 秦晋之旅 恒山 云冈石窟 悬空寺 平遥古城 壶口瀑布（6日行程）",
    "money": "1599",
    "date": "10/01",
    "city": "北京"
  },
  {
    "url": "http://hd.8264.com/xianlu-167755",
    "img": "http://img.qunawan.com/ecmme/wan/xl/goods/20170626/201706261613251023_listfull.jpg",
    "title": "鲁朗 林芝 大峡谷 布宫 大昭寺（8日行程）",
    "money": "3980",
    "date": "09/24",
    "city": "成都"
  },
  {
    "url": "http://hd.8264.com/xianlu-167734",
    "img": "http://img.qunawan.com/ecmme/wan/xl/goods/20170626/201706261156063538_listfull.jpg",
    "title": "年保玉则 仙女湖 妖女湖 上下日干措经典徒步穿越（6日行程）",
    "money": "2980",
    "date": "09/30",
    "city": "成都"
  },
  {
    "url": "http://hd.8264.com/xianlu-167685",
    "img": "http://img.qunawan.com/ecmme/wan/xl/goods/20170728/201707281350143536_listfull.jpg",
    "title": "独家路线 探秘高黎贡山之贡山穿越独龙江 深度游（10日行程）",
    "money": "6800",
    "date": "10/01",
    "city": "昆明"
  },
  {
    "url": "http://hd.8264.com/xianlu-167639",
    "img": "http://img.qunawan.com/ecmme/wan/xl/goods/20170624/201706241033549052_listfull.jpg",
    "title": "可可西里门源张掖莫高窟雅丹魔鬼城青海湖茶卡盐湖（8日行程）",
    "money": "2800",
    "date": "10/01",
    "city": "兰州"
  },
  {
    "url": "http://hd.8264.com/xianlu-167568",
    "img": "http://img.qunawan.com/ecmme/wan/xl/goods/20170622/201706222008494361_listfull.jpg",
    "title": "金秋喀纳斯 大美新疆之秋醉（11日行程）",
    "money": "5580",
    "date": "09/23",
    "city": "乌鲁"
  },
  {
    "url": "http://hd.8264.com/xianlu-171769",
    "img": "http://img.qunawan.com/ecmme/wan/xl/goods/20170911/201709111529512821_listfull.jpg",
    "title": "国庆野游 转山转湖转甘南 赛宗寺 年保玉则（9日行程）",
    "money": "5280",
    "date": "10/01",
    "city": "西宁"
  },
  {
    "url": "http://hd.8264.com/xianlu-167416",
    "img": "http://img.qunawan.com/ecmme/wan/xl/goods/20170620/201706201757288487_listfull.png",
    "title": "探寻消失的古国 乌孙古道穿越（9日行程）",
    "money": "2980",
    "date": "09/24",
    "city": "北京"
  },
  {
    "url": "http://hd.8264.com/xianlu-167319",
    "img": "http://img.qunawan.com/ecmme/wan/xl/goods/20170619/201706191915227606_listfull.jpg",
    "title": "草原深度 内蒙古呼伦贝尔 金帐汗 莫日格勒河 额尔古纳（7日行程）",
    "money": "2980",
    "date": "09/23",
    "city": "呼和"
  },
  {
    "url": "http://hd.8264.com/xianlu-167227",
    "img": "http://img.qunawan.com/ecmme/wan/xl/goods/20170619/201706190404083174_listfull.png",
    "title": "中国十非 大美甘南 踏足洛克痕迹 扎尕那穿越大峪沟（6日行程）",
    "money": "2380",
    "date": "10/01",
    "city": "广州"
  },
  {
    "url": "http://hd.8264.com/xianlu-167187",
    "img": "http://img.qunawan.com/ecmme/wan/xl/goods/20170617/201706171630249282_listfull.jpg",
    "title": "半脊峰5430米攀登 冰雪技术型登山 毕棚沟徒步（7日行程）",
    "money": "6000",
    "date": "09/30",
    "city": "成都"
  },
  {
    "url": "http://hd.8264.com/xianlu-167014",
    "img": "http://img.qunawan.com/ecmme/wan/xl/goods/20170615/201706151008387749_listfull.jpg",
    "title": "泰国 向往最休闲的心 浪漫天堂拜县的静心之旅（7日行程）",
    "money": "2480",
    "date": "10/01",
    "city": "清迈"
  },
  {
    "url": "http://hd.8264.com/xianlu-167578",
    "img": "http://img.qunawan.com/ecmme/wan/xl/goods/20170623/201706231011506409_listfull.jpg",
    "title": "恩师大峡谷 纯天然鹿院坪 中国的仙本那屏山峡谷 清江古河床（7日行程）",
    "money": "2580",
    "date": "10/01",
    "city": "恩施"
  },
  {
    "url": "http://hd.8264.com/xianlu-172214",
    "img": "http://img.qunawan.com/ecmme/wan/xl/goods/20170920/201709201455072942_listfull.jpeg",
    "title": "国庆专线 徒步蒋公道 登风景名胜莫干山（1日行程）",
    "money": "139",
    "date": "10/01",
    "city": "长宁"
  },
  {
    "url": "http://hd.8264.com/xianlu-166713",
    "img": "http://img.qunawan.com/ecmme/wan/xl/goods/20170912/201709120842431541_listfull.jpg",
    "title": "秋意正浓 乌孙古道徒步穿越（7日行程）",
    "money": "2980",
    "date": "09/22",
    "city": "乌鲁"
  },
  {
    "url": "http://hd.8264.com/xianlu-166586",
    "img": "http://img.qunawan.com/ecmme/wan/xl/goods/20170608/201706081709253344_listfull.jpg",
    "title": "川西小环线 四姑娘山 丹巴 新都桥 贡嘎山 深度游（7日行程）",
    "money": "2780",
    "date": "09/23",
    "city": "成都"
  },
  {
    "url": "http://hd.8264.com/xianlu-166546",
    "img": "http://img.qunawan.com/ecmme/wan/xl/goods/20170608/201706081328057801_listfull.jpg",
    "title": "寻迹洛克踏足洛克痕迹 寻最美香巴拉 扎尕那 大峪沟 徒步穿越（6日行程）",
    "money": "2380",
    "date": "10/01",
    "city": "兰州"
  },
  {
    "url": "http://hd.8264.com/xianlu-166409",
    "img": "http://img.qunawan.com/ecmme/wan/xl/goods/20170607/201706071038193978_listfull.jpg",
    "title": "潮尚户外 桂林 阳朔 古东瀑布 银子岩 龙胜梯田 醉美广西（6日行程）",
    "money": "2580",
    "date": "10/01",
    "city": "桂林"
  },
  {
    "url": "http://hd.8264.com/xianlu-168842",
    "img": "http://img.qunawan.com/ecmme/wan/xl/goods/20170711/201707111743081750_listfull.jpg",
    "title": "秋醉新疆摄影线 喀纳斯 可可托海 不屈胡杨林 禾木 沙漠越野（11日行程）",
    "money": "5680",
    "date": "10/01",
    "city": "乌鲁"
  }
]