[
  {
    "url": "http://hd.8264.com/xianlu-166249",
    "img": "http://img.qunawan.com/ecmme/wan/xl/goods/20170605/201706051501129168_listfull.jpg",
    "title": "醉美年保色达 深度摄影 佛国色达 世外桃源坎布拉 年保玉则（8日行程）",
    "money": "3280",
    "date": "10/01",
    "city": "兰州"
  },
  {
    "url": "http://hd.8264.com/xianlu-166248",
    "img": "http://img.qunawan.com/ecmme/wan/xl/goods/20170605/201706051450186372_listfull.jpg",
    "title": "醉美西藏 布达拉宫 大昭寺 林芝 鲁朗林海 雅鲁藏布大（11日行程）",
    "money": "6580",
    "date": "10/01",
    "city": "拉萨"
  },
  {
    "url": "http://hd.8264.com/xianlu-166154",
    "img": "http://img.qunawan.com/ecmme/wan/xl/goods/20170604/201706041401145185_listfull.jpg",
    "title": "邂逅中国马尔代夫月坨岛 滦州古城日景 夜景休闲游（2日行程）",
    "money": "345",
    "date": "09/23",
    "city": "朝阳"
  },
  {
    "url": "http://hd.8264.com/xianlu-166152",
    "img": "http://img.qunawan.com/ecmme/wan/xl/goods/20170604/201706041350553633_listfull.jpg",
    "title": "草原天路 中国的66号公路 休闲摄影（2日行程）",
    "money": "348",
    "date": "09/23",
    "city": "北京"
  },
  {
    "url": "http://hd.8264.com/xianlu-167910",
    "img": "http://img.qunawan.com/ecmme/wan/xl/goods/20170627/201706271752217334_listfull.jpg",
    "title": "川西小环线 新都桥 色达 稻城亚丁 深度游（8日行程）",
    "money": "2800",
    "date": "09/23",
    "city": "成都"
  },
  {
    "url": "http://hd.8264.com/xianlu-166093",
    "img": "http://img.qunawan.com/ecmme/wan/xl/goods/20170603/201706031558437040_listfull.jpg",
    "title": "新疆D线 6至10月北疆 天池 喀纳斯 禾木 五彩滩 魔鬼城（9日行程）",
    "money": "4280",
    "date": "09/23",
    "city": "乌鲁"
  },
  {
    "url": "http://hd.8264.com/xianlu-165987",
    "img": "http://img.qunawan.com/ecmme/wan/xl/goods/20170602/201706021106311685_listfull.jpeg",
    "title": "甘青川三省深度 摄影环游（14日行程）",
    "money": "5800",
    "date": "10/01",
    "city": "兰州"
  },
  {
    "url": "http://hd.8264.com/xianlu-166057",
    "img": "http://img.qunawan.com/ecmme/wan/xl/goods/20170602/201706022244053390_listfull.jpg",
    "title": "新疆精华景点深度游 4人以上成行（9日行程）",
    "money": "1980",
    "date": "09/22",
    "city": "乌鲁"
  },
  {
    "url": "http://hd.8264.com/xianlu-165881",
    "img": "http://img.qunawan.com/ecmme/wan/xl/goods/20170531/201705311839164391_listfull.jpg",
    "title": "滇西大环线 怒江峡谷 丙中洛 独龙江 中缅边境 深度游（8日行程）",
    "money": "2880",
    "date": "10/01",
    "city": "昆明"
  },
  {
    "url": "http://hd.8264.com/xianlu-165877",
    "img": "http://img.qunawan.com/ecmme/wan/xl/goods/20170531/201705311747576223_listfull.jpg",
    "title": "国庆节 七藏沟徒步 赏秋景 雇马帮轻装徒步穿越（8日行程）",
    "money": "2600",
    "date": "10/01",
    "city": "北京"
  },
  {
    "url": "http://hd.8264.com/xianlu-168667",
    "img": "http://img.qunawan.com/ecmme/wan/xl/goods/20170710/201707101414073594_listfull.jpg",
    "title": "喀纳斯白哈巴 禾木 双湖大环线徒步（10日行程）",
    "money": "4280",
    "date": "09/23",
    "city": "乌鲁"
  },
  {
    "url": "http://hd.8264.com/xianlu-165660",
    "img": "http://img.qunawan.com/ecmme/wan/xl/goods/20170525/201705251602145391_listfull.jpg",
    "title": "年保玉则 仙女湖 妖女湖 上下日干措经典徒步穿越（6日行程）",
    "money": "2980",
    "date": "09/30",
    "city": "成都"
  },
  {
    "url": "http://hd.8264.com/xianlu-165633",
    "img": "http://img.qunawan.com/ecmme/wan/xl/goods/20170525/201705251143506594_listfull.jpg",
    "title": "探访忧伤密境 孟克德古道徒步穿越 全年十一期 全程马匹服务（6日行程）",
    "money": "2280",
    "date": "09/24",
    "city": "乌鲁"
  },
  {
    "url": "http://hd.8264.com/xianlu-165237",
    "img": "http://img.qunawan.com/ecmme/wan/xl/goods/20170519/201705192132461127_listfull.jpg",
    "title": "朝圣梅里雪山 梅里雪山大外转 茶马古道（10日行程）",
    "money": "7000",
    "date": "10/01",
    "city": "迪庆"
  },
  {
    "url": "http://hd.8264.com/xianlu-165041",
    "img": "http://img.qunawan.com/ecmme/wan/xl/goods/20170517/201705171811285716_listfull.jpg",
    "title": "贡嘎山首届户外节 攀登贡嘎山最美的卫峰 那玛峰攀登（8日行程）",
    "money": "6800",
    "date": "10/01",
    "city": "成都"
  },
  {
    "url": "http://hd.8264.com/xianlu-165017",
    "img": "http://img.qunawan.com/ecmme/wan/xl/goods/20170517/201705171743167976_listfull.jpg",
    "title": "兰州出发至青海翻过祁连深入敦煌 最后到天池至乌鲁木齐结束（9日行程）",
    "money": "3980",
    "date": "09/23",
    "city": "兰州"
  },
  {
    "url": "http://hd.8264.com/xianlu-164977",
    "img": "http://img.qunawan.com/ecmme/wan/xl/goods/20170517/201705171339198967_listfull.jpg",
    "title": "西北 新疆 动车环线（9日行程）",
    "money": "3980",
    "date": "09/23",
    "city": "兰州"
  },
  {
    "url": "http://hd.8264.com/xianlu-164901",
    "img": "http://img.qunawan.com/ecmme/wan/xl/goods/20170516/201705161541541764_listfull.jpg",
    "title": "草原深度 我和草原有个约定 内蒙古呼伦贝尔深度体验（7日行程）",
    "money": "2980",
    "date": "09/23",
    "city": "呼伦"
  },
  {
    "url": "http://hd.8264.com/xianlu-164865",
    "img": "http://img.qunawan.com/ecmme/wan/xl/goods/20170516/201705161208334757_listfull.jpg",
    "title": "三奥雪山巴谷多神山 入门级高海拔登山 不露营版（3日行程）",
    "money": "880",
    "date": "09/30",
    "city": "阿坝"
  },
  {
    "url": "http://hd.8264.com/xianlu-164866",
    "img": "http://img.qunawan.com/ecmme/wan/xl/goods/20170516/201705161228322104_listfull.jpg",
    "title": "三奥雪山巴谷多神山 入门级高海拔登山 露营版（3日行程）",
    "money": "1280",
    "date": "09/30",
    "city": "成都"
  }
]