[
  {
    "url": "http://hd.8264.com/xianlu-164537",
    "img": "http://img.qunawan.com/ecmme/wan/xl/goods/20170512/201705121323526231_listfull.jpg",
    "title": "喀纳斯大环线穿越之旅（10日行程）",
    "money": "4280",
    "date": "09/23",
    "city": "乌鲁"
  },
  {
    "url": "http://hd.8264.com/xianlu-164294",
    "img": "http://img.qunawan.com/ecmme/wan/xl/goods/20170510/201705100937433645_listfull.jpg",
    "title": "喀纳斯大环线 禾木 小黑湖 喀纳斯 双湖 白哈巴 轻装徒步（10日行程）",
    "money": "4280",
    "date": "09/23",
    "city": "乌鲁"
  },
  {
    "url": "http://hd.8264.com/xianlu-164105",
    "img": "http://img.qunawan.com/ecmme/wan/xl/goods/20170508/201705081842184534_listfull.jpg",
    "title": "新疆D线 天池 喀纳斯 五彩滩 魔鬼城 禾木休闲摄影深度游（9日行程）",
    "money": "4280",
    "date": "09/23",
    "city": "安庆"
  },
  {
    "url": "http://hd.8264.com/xianlu-164047",
    "img": "http://img.qunawan.com/ecmme/wan/xl/goods/20170508/201705081713532604_listfull.png",
    "title": "沙坡头 莫高窟 青海湖 七彩丹霞 茶卡盐湖大美穿越线（9日行程）",
    "money": "4280",
    "date": "10/01",
    "city": "银川"
  },
  {
    "url": "http://hd.8264.com/xianlu-163929",
    "img": "http://img.qunawan.com/ecmme/wan/xl/goods/20170507/201705071747084772_listfull.jpg",
    "title": "川藏线进 青藏线出 越野车拼车（16日行程）",
    "money": "4800",
    "date": "09/23",
    "city": "成都"
  },
  {
    "url": "http://hd.8264.com/xianlu-163926",
    "img": "http://img.qunawan.com/ecmme/wan/xl/goods/20170509/201705091755237025_listfull.jpg",
    "title": "甘南 年保玉则 色达 户外旅行召集（9日行程）",
    "money": "2880",
    "date": "10/01",
    "city": "西宁"
  },
  {
    "url": "http://hd.8264.com/xianlu-163923",
    "img": "http://img.qunawan.com/ecmme/wan/xl/goods/20170507/201705071654194289_listfull.jpg",
    "title": "川藏线进青藏线出 越野车拼车 包车（16日行程）",
    "money": "4800",
    "date": "10/01",
    "city": "成都"
  },
  {
    "url": "http://hd.8264.com/xianlu-165766",
    "img": "http://img.qunawan.com/ecmme/wan/xl/goods/20170527/201705271140217792_listfull.png",
    "title": "冈仁波齐朝圣之路 西藏阿里转山（10日行程）",
    "money": "9800",
    "date": "10/01",
    "city": "拉萨"
  },
  {
    "url": "http://hd.8264.com/xianlu-163822",
    "img": "http://img.qunawan.com/ecmme/wan/xl/goods/20170505/201705051118252485_listfull.jpg",
    "title": "青海湖 祁卓尔山 莫高窟 塔尔寺 七彩丹霞茶卡盐湖（11日行程）",
    "money": "5280",
    "date": "09/23",
    "city": "安庆"
  },
  {
    "url": "http://hd.8264.com/xianlu-163727",
    "img": "http://img.qunawan.com/ecmme/wan/xl/goods/20170504/201705042213491113_listfull.png",
    "title": "清迈 拜县 白庙 素贴山 双龙寺 泰国SPA 周末夜市（7日行程）",
    "money": "2380",
    "date": "10/01",
    "city": "清迈"
  },
  {
    "url": "http://hd.8264.com/xianlu-170028",
    "img": "http://img.qunawan.com/ecmme/wan/xl/goods/20170807/201708070951175943_listfull.jpg",
    "title": "十一西藏 深度体验 拉萨 林芝 山南 纳木错（9日行程）",
    "money": "4180",
    "date": "10/01",
    "city": "拉萨"
  },
  {
    "url": "http://hd.8264.com/xianlu-163395",
    "img": "http://img.qunawan.com/ecmme/wan/xl/goods/20170430/201704301403307504_listfull.jpg",
    "title": "技术山峰 那玛峰5588米攀登（7日行程）",
    "money": "6800",
    "date": "09/23",
    "city": "成都"
  },
  {
    "url": "http://hd.8264.com/xianlu-163283",
    "img": "http://img.qunawan.com/ecmme/wan/xl/goods/20170427/201704270044489638_listfull.jpg",
    "title": "梅里雪山大外转 重走茶马古道（10日行程）",
    "money": "7000",
    "date": "10/01",
    "city": "迪庆"
  },
  {
    "url": "http://hd.8264.com/xianlu-163277",
    "img": "http://img.qunawan.com/ecmme/wan/xl/goods/20170427/201704271325405566_listfull.jpg",
    "title": "年保玉则徒步穿越（7日行程）",
    "money": "3500",
    "date": "09/23",
    "city": "成都"
  },
  {
    "url": "http://hd.8264.com/xianlu-163190",
    "img": "http://img.qunawan.com/ecmme/wan/xl/goods/20170425/201704251611159266_listfull.jpg",
    "title": "阿里大环线 珠峰大本营 古格王朝 双湖 不转山 拼车（16日行程）",
    "money": "6500",
    "date": "10/01",
    "city": "拉萨"
  },
  {
    "url": "http://hd.8264.com/xianlu-163134",
    "img": "http://img.qunawan.com/ecmme/wan/xl/goods/20170425/201704250746259821_listfull.jpg",
    "title": "恩施大峡谷 鹿院坪 清江古河床 走进中国仙本那 屏山峡谷（7日行程）",
    "money": "2680",
    "date": "09/23",
    "city": "恩施"
  },
  {
    "url": "http://hd.8264.com/xianlu-163091",
    "img": "http://img.qunawan.com/ecmme/wan/xl/goods/20170424/201704241632047387_listfull.jpg",
    "title": "轻装徒步喀纳斯大环线 新疆禾木小黑湖喀纳斯双湖白哈巴（10日行程）",
    "money": "4180",
    "date": "09/23",
    "city": "乌鲁"
  },
  {
    "url": "http://hd.8264.com/xianlu-163012",
    "img": "http://img.qunawan.com/ecmme/wan/xl/goods/20170423/201704231438192492_listfull.jpeg",
    "title": "世界十大徒步之尼泊尔安纳普尔纳ABC徒步 国庆确定成型（12日行程）",
    "money": "4980",
    "date": "10/01",
    "city": "加德"
  },
  {
    "url": "http://hd.8264.com/xianlu-163010",
    "img": "http://img.qunawan.com/ecmme/wan/xl/goods/20170423/201704231423532479_listfull.jpg",
    "title": "人神共居 年保玉则全线徒步穿越 仙女湖 妖女湖 上下日干措（7日行程）",
    "money": "3500",
    "date": "09/23",
    "city": "成都"
  },
  {
    "url": "http://hd.8264.com/xianlu-162995",
    "img": "http://img.qunawan.com/ecmme/wan/xl/goods/20170422/201704221834312695_listfull.jpg",
    "title": "草原深度 2017年我和草原有个约定 内蒙古呼伦贝尔深度体验（7日行程）",
    "money": "2980",
    "date": "09/23",
    "city": "呼伦"
  }
]