[
  {
    "url": "http://hd.8264.com/xianlu-162989",
    "img": "http://img.qunawan.com/ecmme/wan/xl/goods/20170422/201704221743012269_listfull.jpg",
    "title": "三奥雪山巴谷多神山 入门级高海拔登山 露营版（3日行程）",
    "money": "1480",
    "date": "09/30",
    "city": "阿坝"
  },
  {
    "url": "http://hd.8264.com/xianlu-162986",
    "img": "http://img.qunawan.com/ecmme/wan/xl/goods/20170422/201704221725423644_listfull.jpg",
    "title": "三奥雪山巴谷多神山 入门级高海拔登山 不露营版（3日行程）",
    "money": "880",
    "date": "09/30",
    "city": "阿坝"
  },
  {
    "url": "http://hd.8264.com/xianlu-170938",
    "img": "http://img.qunawan.com/ecmme/wan/xl/goods/20170826/201708261304531223_listfull.jpg",
    "title": "国庆 西北全境 额济纳胡杨林 青海湖 茶卡 敦煌莫高窟（8日行程）",
    "money": "3080",
    "date": "10/01",
    "city": "东城"
  },
  {
    "url": "http://hd.8264.com/xianlu-162684",
    "img": "http://img.qunawan.com/ecmme/wan/xl/goods/20170419/201704191602092663_listfull.jpg",
    "title": "有美景有公主还有故事2017年乌孙古道穿越招募（7日行程）",
    "money": "2980",
    "date": "09/23",
    "city": "乌鲁"
  },
  {
    "url": "http://hd.8264.com/xianlu-162524",
    "img": "http://img.qunawan.com/ecmme/wan/xl/goods/20170418/201704181406448244_listfull.jpg",
    "title": "探秘最美香巴拉 扎尕那 大峪沟 徒步穿越6日（6日行程）",
    "money": "2380",
    "date": "10/01",
    "city": "成都"
  },
  {
    "url": "http://hd.8264.com/xianlu-162352",
    "img": "http://img.qunawan.com/ecmme/wan/xl/goods/20170416/201704161532256357_listfull.jpg",
    "title": "318川藏南线拼车 稻城亚丁 深度游（10日行程）",
    "money": "3580",
    "date": "09/23",
    "city": "成都"
  },
  {
    "url": "http://hd.8264.com/xianlu-171135",
    "img": "http://img.qunawan.com/ecmme/wan/xl/goods/20170830/201708301615544645_listfull.jpg",
    "title": "国庆 烟雨江南 黄山 千岛湖 西塘 乌镇 同里 西湖（8日行程）",
    "money": "1850",
    "date": "10/01",
    "city": "北京"
  },
  {
    "url": "http://hd.8264.com/xianlu-162221",
    "img": "http://img.qunawan.com/ecmme/wan/xl/goods/20170413/201704131209481521_listfull.jpg",
    "title": "掀开面纱爱上她 系列 北疆喀纳斯深度（8日行程）",
    "money": "4580",
    "date": "09/24",
    "city": "乌鲁"
  },
  {
    "url": "http://hd.8264.com/xianlu-162079",
    "img": "http://img.qunawan.com/ecmme/wan/xl/goods/20170411/201704111450127901_listfull.png",
    "title": "追寻历史的足迹 乌孙古道穿越（6日行程）",
    "money": "2980",
    "date": "09/23",
    "city": "广州"
  },
  {
    "url": "http://hd.8264.com/xianlu-162037",
    "img": "http://img.qunawan.com/ecmme/wan/xl/goods/20170411/201704111436239770_listfull.jpg",
    "title": "策马奔腾呼伦贝尔大草原品质休闲活动（6日行程）",
    "money": "2200",
    "date": "09/23",
    "city": "呼伦"
  },
  {
    "url": "http://hd.8264.com/xianlu-161692",
    "img": "http://img.qunawan.com/ecmme/wan/xl/goods/20170407/201704071434025294_listfull.jpg",
    "title": "玉珠峰攀登（7日行程）",
    "money": "9300",
    "date": "09/26",
    "city": "格尔"
  },
  {
    "url": "http://hd.8264.com/xianlu-161670",
    "img": "http://img.qunawan.com/ecmme/wan/xl/goods/20170407/201704071058088310_listfull.jpg",
    "title": "国庆活动 世界最美山谷 珠峰东坡环线 嘎玛沟穿越徒步（12日行程）",
    "money": "10800",
    "date": "10/01",
    "city": "拉萨"
  },
  {
    "url": "http://hd.8264.com/xianlu-161557",
    "img": "http://img.qunawan.com/ecmme/wan/xl/goods/20170406/201704061044257394_listfull.jpg",
    "title": "醉美西藏 布达拉宫 雅鲁藏布大峡谷 珠峰 纳木错（10日行程）",
    "money": "5580",
    "date": "10/01",
    "city": "拉萨"
  },
  {
    "url": "http://hd.8264.com/xianlu-161555",
    "img": "http://img.qunawan.com/ecmme/wan/xl/goods/20170406/201704061032004476_listfull.jpeg",
    "title": "醉美丝路 可可西里 张掖 莫高窟 青海湖（8日行程）",
    "money": "2800",
    "date": "10/01",
    "city": "兰州"
  },
  {
    "url": "http://hd.8264.com/xianlu-161494",
    "img": "http://img.qunawan.com/ecmme/wan/xl/goods/20170427/201704271142224634_listfull.jpg",
    "title": "浪迹青海 青海湖 嘉峪关 敦煌 月牙泉鸣沙山 七彩丹霞（9日行程）",
    "money": "3780",
    "date": "10/01",
    "city": "西宁"
  },
  {
    "url": "http://hd.8264.com/xianlu-161434",
    "img": "http://img.qunawan.com/ecmme/wan/xl/goods/20170404/201704041449467358_listfull.jpg",
    "title": "省际旅游 漠河 呼玛 黑河 呼伦贝尔 包车服务（5日行程）",
    "money": "500",
    "date": "09/22",
    "city": "大兴"
  },
  {
    "url": "http://hd.8264.com/xianlu-161398",
    "img": "http://img.qunawan.com/ecmme/wan/xl/goods/20170402/201704021717122557_listfull.jpg",
    "title": "香格里拉普达措游玩（2日行程）",
    "money": "890",
    "date": "09/22",
    "city": "丽江"
  },
  {
    "url": "http://hd.8264.com/xianlu-161301",
    "img": "http://img.qunawan.com/ecmme/wan/xl/goods/20170331/201703311249114449_listfull.jpg",
    "title": "极限探险国庆雀儿山攀登计划（10日行程）",
    "money": "11000",
    "date": "10/01",
    "city": "成都"
  },
  {
    "url": "http://hd.8264.com/xianlu-161430",
    "img": "http://img.qunawan.com/ecmme/wan/xl/goods/20170404/201704041406132858_listfull.jpg",
    "title": "中俄边境之旅 漠河 呼玛 黑河6天5晚自由行（6日行程）",
    "money": "2250",
    "date": "09/22",
    "city": "大兴"
  },
  {
    "url": "http://hd.8264.com/xianlu-161178",
    "img": "http://img.qunawan.com/ecmme/wan/xl/goods/20170608/201706080936482155_listfull.jpg",
    "title": "品质团 林芝珠峰阿里自驾 含普拉多租赁费 异地还车费（11日行程）",
    "money": "16980",
    "date": "09/27",
    "city": "林芝"
  }
]