[
  {
    "url": "http://hd.8264.com/xianlu-161074",
    "img": "http://img.qunawan.com/ecmme/wan/xl/goods/20170328/201703281104271991_listfull.jpg",
    "title": "新疆乌孙古道 夏特古道 徒步连穿计划（15日行程）",
    "money": "4980",
    "date": "09/23",
    "city": "乌鲁"
  },
  {
    "url": "http://hd.8264.com/xianlu-161068",
    "img": "http://img.qunawan.com/ecmme/wan/xl/goods/20170328/201703281057581470_listfull.jpg",
    "title": "天堂中的人来人往 乌孙古道徒步穿越 全年八期（9日行程）",
    "money": "2980",
    "date": "09/23",
    "city": "乌鲁"
  },
  {
    "url": "http://hd.8264.com/xianlu-161028",
    "img": "http://img.qunawan.com/ecmme/wan/xl/goods/20170327/201703271752046590_listfull.jpg",
    "title": "猴子尖 饭甄尖 鹰嘴尖 绝美三尖穿越（3日行程）",
    "money": "740",
    "date": "10/01",
    "city": "黄浦"
  },
  {
    "url": "http://hd.8264.com/xianlu-160981",
    "img": "http://img.qunawan.com/ecmme/wan/xl/goods/20170327/201703271103025943_listfull.jpg",
    "title": "2017年国庆 卓奥友北坡C1营地海拔6400米（10日行程）",
    "money": "15800",
    "date": "10/01",
    "city": "拉萨"
  },
  {
    "url": "http://hd.8264.com/xianlu-160920",
    "img": "http://img.qunawan.com/ecmme/wan/xl/goods/20170325/201703251316354821_listfull.jpg",
    "title": "2017年西藏阿里南线转山 行摄在世界屋脊的屋脊（11日行程）",
    "money": "4880",
    "date": "09/30",
    "city": "拉萨"
  },
  {
    "url": "http://hd.8264.com/xianlu-160860",
    "img": "http://img.qunawan.com/ecmme/wan/xl/goods/20170324/201703241306365180_listfull.jpg",
    "title": "乌孙古道夏特古道徒步连穿计划（15日行程）",
    "money": "4980",
    "date": "09/23",
    "city": "乌鲁"
  },
  {
    "url": "http://hd.8264.com/xianlu-160841",
    "img": "http://img.qunawan.com/ecmme/wan/xl/goods/20170324/201703241045101382_listfull.jpg",
    "title": "朝圣色达 成都 色达 四姑娘山 古尔沟（7日行程）",
    "money": "2680",
    "date": "09/23",
    "city": "成都"
  },
  {
    "url": "http://hd.8264.com/xianlu-160754",
    "img": "http://img.qunawan.com/ecmme/wan/xl/goods/20170323/201703231051489857_listfull.jpg",
    "title": "呼伦贝尔骑马追风 邂逅阿尔山森林公园（9日行程）",
    "money": "3980",
    "date": "09/23",
    "city": "呼伦"
  },
  {
    "url": "http://hd.8264.com/xianlu-160687",
    "img": "http://img.qunawan.com/ecmme/wan/xl/goods/20170322/201703221433546968_listfull.jpg",
    "title": "秘境怒江大峡谷 独龙江 世外桃源丙中洛 探访最后的纹面女（8日行程）",
    "money": "3600",
    "date": "10/01",
    "city": "昆明"
  },
  {
    "url": "http://hd.8264.com/xianlu-160623",
    "img": "http://img.qunawan.com/ecmme/wan/xl/goods/20170321/201703212134287693_listfull.jpg",
    "title": "贡嘎山全线徒步穿越（7日行程）",
    "money": "2880",
    "date": "10/01",
    "city": "成都"
  },
  {
    "url": "http://hd.8264.com/xianlu-160572",
    "img": "http://img.qunawan.com/ecmme/wan/xl/goods/20170321/201703211433334124_listfull.jpg",
    "title": "蜀山之王 贡嘎山全线徒步穿越（7日行程）",
    "money": "2880",
    "date": "10/01",
    "city": "成都"
  },
  {
    "url": "http://hd.8264.com/xianlu-160571",
    "img": "http://img.qunawan.com/ecmme/wan/xl/goods/20170321/201703211435021219_listfull.jpg",
    "title": "呼伦贝尔大环线 2017年草原夏季游 秋季游 骑马摄影（7日行程）",
    "money": "2980",
    "date": "09/23",
    "city": "乌兰"
  },
  {
    "url": "http://hd.8264.com/xianlu-160594",
    "img": "http://img.qunawan.com/ecmme/wan/xl/goods/20170321/201703211649434800_listfull.jpg",
    "title": "醉美内蒙A线北京集合 坝上草原 乌兰布统 玉龙沙湖金山岭长城（6日行程）",
    "money": "2300",
    "date": "09/24",
    "city": "北京"
  },
  {
    "url": "http://hd.8264.com/xianlu-160505",
    "img": "http://img.qunawan.com/ecmme/wan/xl/goods/20170320/201703201507271833_listfull.png",
    "title": "丹巴 党龄 色达 四姑娘山深度摄影之旅（6日行程）",
    "money": "1500",
    "date": "10/01",
    "city": "成都"
  },
  {
    "url": "http://hd.8264.com/xianlu-160414",
    "img": "http://img.qunawan.com/ecmme/wan/xl/goods/20170826/201708261337463191_listfull.jpg",
    "title": "带你走进喜马拉雅核心区 珠峰东坡 嘎玛沟 陈塘沟（7日行程）",
    "money": "3980",
    "date": "10/01",
    "city": "拉萨"
  },
  {
    "url": "http://hd.8264.com/xianlu-160354",
    "img": "http://img.qunawan.com/ecmme/wan/xl/goods/20170317/201703171611493905_listfull.jpg",
    "title": "泰国 从泰北玫瑰清迈一直到浪漫天堂拜县的静心之旅（7日行程）",
    "money": "2980",
    "date": "10/01",
    "city": "清迈"
  },
  {
    "url": "http://hd.8264.com/xianlu-160303",
    "img": "http://img.qunawan.com/ecmme/wan/xl/goods/20170316/201703161747447138_listfull.jpg",
    "title": "醉美恩施大峡谷 鹿院坪 清江古河床 走进神奇大峡谷 屏山峡谷（7日行程）",
    "money": "2380",
    "date": "10/01",
    "city": "恩施"
  },
  {
    "url": "http://hd.8264.com/xianlu-160144",
    "img": "http://img.qunawan.com/ecmme/wan/xl/goods/20170315/201703151631547872_listfull.jpg",
    "title": "樂吧 玉渡山 大美玉渡山 最美忘忧湖 谁人再说北京无蓝天（1日行程）",
    "money": "69",
    "date": "09/23",
    "city": "朝阳"
  },
  {
    "url": "http://hd.8264.com/xianlu-160018",
    "img": "http://img.qunawan.com/ecmme/wan/xl/goods/20170314/201703141525045789_listfull.jpg",
    "title": "乌孙古道夏特古道徒步连穿计划 全年三期（15日行程）",
    "money": "4980",
    "date": "09/23",
    "city": "乌鲁"
  },
  {
    "url": "http://hd.8264.com/xianlu-160006",
    "img": "http://img.qunawan.com/ecmme/wan/xl/goods/20170314/201703141500579167_listfull.jpg",
    "title": "天堂中的人来人往 乌孙古道徒步穿越 全年八期（9日行程）",
    "money": "2980",
    "date": "09/23",
    "city": "乌鲁"
  }
]