[
  {
    "url": "http://hd.8264.com/xianlu-159978",
    "img": "http://img.qunawan.com/ecmme/wan/xl/goods/20170314/201703141330493815_listfull.jpg",
    "title": "探访忧伤密境 孟克德古道徒步穿越 全年十一期 全程马匹服务（6日行程）",
    "money": "2280",
    "date": "09/24",
    "city": "乌鲁"
  },
  {
    "url": "http://hd.8264.com/xianlu-159970",
    "img": "http://img.qunawan.com/ecmme/wan/xl/goods/20170314/201703141221383603_listfull.jpg",
    "title": "丝绸之路  青海湖 敦煌 莫高窟 鸣沙山月牙泉 雅丹魔鬼城（9日行程）",
    "money": "3480",
    "date": "09/23",
    "city": "兰州"
  },
  {
    "url": "http://hd.8264.com/xianlu-159811",
    "img": "http://img.qunawan.com/ecmme/wan/xl/goods/20170311/201703111639536208_listfull.jpg",
    "title": "喀纳斯东 西线大回环徒步穿越之旅（12日行程）",
    "money": "4380",
    "date": "10/01",
    "city": "乌鲁"
  },
  {
    "url": "http://hd.8264.com/xianlu-160588",
    "img": "http://img.qunawan.com/ecmme/wan/xl/goods/20170321/201703211629228168_listfull.jpg",
    "title": "三奥雪山巴谷多神山 入门级高海拔登山 露营版（3日行程）",
    "money": "1280",
    "date": "09/30",
    "city": "阿坝"
  },
  {
    "url": "http://hd.8264.com/xianlu-159594",
    "img": "http://img.qunawan.com/ecmme/wan/xl/goods/20170308/201703081444439703_listfull.jpg",
    "title": "恩施大峡谷 鹿院坪 清江古河床 走进神奇大峡谷 屏山峡谷（7日行程）",
    "money": "2480",
    "date": "10/01",
    "city": "恩施"
  },
  {
    "url": "http://hd.8264.com/xianlu-159504",
    "img": "http://img.qunawan.com/ecmme/wan/xl/goods/20170307/201703071353449367_listfull.jpg",
    "title": "喀纳斯东 西线大回环轻装徒步穿越之旅（11日行程）",
    "money": "4380",
    "date": "10/01",
    "city": "乌鲁"
  },
  {
    "url": "http://hd.8264.com/xianlu-159505",
    "img": "http://img.qunawan.com/ecmme/wan/xl/goods/20170307/201703071357381756_listfull.jpg",
    "title": "腾格里沙漠五湖连穿 西部影视城（5日行程）",
    "money": "1980",
    "date": "10/01",
    "city": "银川"
  },
  {
    "url": "http://hd.8264.com/xianlu-159376",
    "img": "http://img.qunawan.com/ecmme/wan/xl/goods/20170306/201703060934083701_listfull.jpg",
    "title": "国庆 九色甘南扎尕那（7日行程）",
    "money": "4280",
    "date": "10/01",
    "city": "兰州"
  },
  {
    "url": "http://hd.8264.com/xianlu-159340",
    "img": "http://img.qunawan.com/ecmme/wan/xl/goods/20170305/201703051350061903_listfull.jpg",
    "title": "六天喀纳斯等畅游 水漠画户外 2017年11期漠海邀您（6日行程）",
    "money": "2980",
    "date": "09/24",
    "city": "乌鲁"
  },
  {
    "url": "http://hd.8264.com/xianlu-159313",
    "img": "http://img.qunawan.com/ecmme/wan/xl/goods/20170304/201703041604111591_listfull.jpg",
    "title": "大美川藏线 稻城亚丁 四驱越野车拼车包车（10日行程）",
    "money": "3500",
    "date": "10/01",
    "city": "成都"
  },
  {
    "url": "http://hd.8264.com/xianlu-159284",
    "img": "http://img.qunawan.com/ecmme/wan/xl/goods/20170303/201703031812509382_listfull.jpg",
    "title": "黔东南 独创贵州黔东南环线 深入原始苗乡侗寨（7日行程）",
    "money": "2880",
    "date": "10/01",
    "city": "贵阳"
  },
  {
    "url": "http://hd.8264.com/xianlu-159280",
    "img": "http://img.qunawan.com/ecmme/wan/xl/goods/20170303/201703031756052730_listfull.jpg",
    "title": "恩施大峡谷 鹿院坪 清江古河床 走进神奇屏山峡谷（7日行程）",
    "money": "2680",
    "date": "10/01",
    "city": "恩施"
  },
  {
    "url": "http://hd.8264.com/xianlu-159211",
    "img": "http://img.qunawan.com/ecmme/wan/xl/goods/20170315/201703151327271499_listfull.jpg",
    "title": "荒野探索 2017年雀儿山全年攀登计划（8日行程）",
    "money": "11000",
    "date": "09/29",
    "city": "甘孜"
  },
  {
    "url": "http://hd.8264.com/xianlu-159208",
    "img": "http://img.qunawan.com/ecmme/wan/xl/goods/20170303/201703031130381040_listfull.jpg",
    "title": "荒野探索 2017年玉珠峰全年攀登计划（7日行程）",
    "money": "8800",
    "date": "10/01",
    "city": "格尔"
  },
  {
    "url": "http://hd.8264.com/xianlu-159028",
    "img": "http://img.qunawan.com/ecmme/wan/xl/goods/20170301/201703011743116072_listfull.jpg",
    "title": "新疆D线 6至10月天池 喀纳斯 五彩滩 魔鬼城 禾木（9日行程）",
    "money": "4280",
    "date": "09/23",
    "city": "乌鲁"
  },
  {
    "url": "http://hd.8264.com/xianlu-159091",
    "img": "http://img.qunawan.com/ecmme/wan/xl/goods/20170302/201703021314103752_listfull.jpg",
    "title": "梦幻金秋 五彩城 可可托海 禾木 喀纳斯轻装徒步摄影深度之旅（9日行程）",
    "money": "3580",
    "date": "09/23",
    "city": "乌鲁"
  },
  {
    "url": "http://hd.8264.com/xianlu-158855",
    "img": "http://img.qunawan.com/ecmme/wan/xl/goods/20170228/201702281411365925_listfull.jpg",
    "title": "醉美丝路可可西里青海湖茶卡盐湖（8日行程）",
    "money": "15",
    "date": "10/01",
    "city": "兰州"
  },
  {
    "url": "http://hd.8264.com/xianlu-158847",
    "img": "http://img.qunawan.com/ecmme/wan/xl/goods/20170228/201702281359464009_listfull.jpg",
    "title": "布达拉宫大昭寺林芝鲁朗林海 雅鲁藏布大峡（10日行程）",
    "money": "5580",
    "date": "10/01",
    "city": "拉萨"
  },
  {
    "url": "http://hd.8264.com/xianlu-158427",
    "img": "http://img.qunawan.com/ecmme/wan/xl/goods/20170224/201702241209421833_listfull.png",
    "title": "醉美甘南九寨 青海湖 拉卜楞寺 郎木寺 扎尕那 九寨沟（8日行程）",
    "money": "2980",
    "date": "10/01",
    "city": "兰州"
  },
  {
    "url": "http://hd.8264.com/xianlu-158271",
    "img": "http://img.qunawan.com/ecmme/wan/xl/goods/20170223/201702231328083216_listfull.jpg",
    "title": "三奥雪山巴谷多神山 入门级高海拔登山活动 露营版（3日行程）",
    "money": "1280",
    "date": "09/30",
    "city": "黑水"
  }
]