[
  {
    "url": "http://hd.8264.com/xianlu-158259",
    "img": "http://img.qunawan.com/ecmme/wan/xl/goods/20170223/201702231140312796_listfull.jpg",
    "title": "2017年 半脊峰攀登计划（7日行程）",
    "money": "6000",
    "date": "09/30",
    "city": "成都"
  },
  {
    "url": "http://hd.8264.com/xianlu-158208",
    "img": "http://img.qunawan.com/ecmme/wan/xl/goods/20170222/201702221737247680_listfull.jpg",
    "title": "泰国 向往最休闲的心 浪漫天堂拜县的静心之旅 特价2480（7日行程）",
    "money": "2480",
    "date": "10/01",
    "city": "清迈"
  },
  {
    "url": "http://hd.8264.com/xianlu-158182",
    "img": "http://img.qunawan.com/ecmme/wan/xl/goods/20170222/201702221558054951_listfull.jpg",
    "title": "浪漫泰国 清迈 拜县（7日行程）",
    "money": "2480",
    "date": "10/01",
    "city": "清迈"
  },
  {
    "url": "http://hd.8264.com/xianlu-158107",
    "img": "http://img.qunawan.com/ecmme/wan/xl/goods/20170222/201702221059349509_listfull.jpg",
    "title": "醉美丝路 可可西里 莫高窟 月牙泉 雅丹 青海湖 茶卡盐湖（8日行程）",
    "money": "2800",
    "date": "10/01",
    "city": "兰州"
  },
  {
    "url": "http://hd.8264.com/xianlu-158048",
    "img": "http://img.qunawan.com/ecmme/wan/xl/goods/20170221/201702211811103191_listfull.png",
    "title": "玉珠峰 6178米玉珠峰雪山攀登活动 你的第一次高山之巅（8日行程）",
    "money": "8800",
    "date": "10/01",
    "city": "格尔"
  },
  {
    "url": "http://hd.8264.com/xianlu-158027",
    "img": "http://img.qunawan.com/ecmme/wan/xl/goods/20170221/201702211616131355_listfull.jpg",
    "title": "贵州体验奇幻喀斯特山水与特色民族风情黔西南环线（7日行程）",
    "money": "2880",
    "date": "10/01",
    "city": "贵阳"
  },
  {
    "url": "http://hd.8264.com/xianlu-158041",
    "img": "http://img.qunawan.com/ecmme/wan/xl/goods/20170221/201702211722029733_listfull.jpg",
    "title": "来一场生命的修行 重装徒步狼塔C线（8日行程）",
    "money": "2800",
    "date": "10/01",
    "city": "乌鲁"
  },
  {
    "url": "http://hd.8264.com/xianlu-157931",
    "img": "http://img.qunawan.com/ecmme/wan/xl/goods/20170221/201702211046519530_listfull.jpg",
    "title": "经典丝绸之路 独家探秘可可西里（8日行程）",
    "money": "2800",
    "date": "10/01",
    "city": "兰州"
  },
  {
    "url": "http://hd.8264.com/xianlu-157847",
    "img": "http://img.qunawan.com/ecmme/wan/xl/goods/20170220/201702201415349841_listfull.jpg",
    "title": "国庆专线 龙须山 胡氏故里 轻装徒步（3日行程）",
    "money": "510",
    "date": "10/01",
    "city": "上海"
  },
  {
    "url": "http://hd.8264.com/xianlu-160399",
    "img": "http://img.qunawan.com/ecmme/wan/xl/goods/20170319/201703191434244631_listfull.jpg",
    "title": "贡嘎山西南坡徒步穿越（7日行程）",
    "money": "2880",
    "date": "10/01",
    "city": "成都"
  },
  {
    "url": "http://hd.8264.com/xianlu-157685",
    "img": "http://img.qunawan.com/ecmme/wan/xl/goods/20170218/201702181255523628_listfull.jpg",
    "title": "梅里雪山大外转 茶马古道（10日行程）",
    "money": "7980",
    "date": "10/01",
    "city": "迪庆"
  },
  {
    "url": "http://hd.8264.com/xianlu-157513",
    "img": "http://img.qunawan.com/ecmme/wan/xl/goods/20170216/201702161557425867_listfull.jpg",
    "title": "滇西环线 怒江峡谷 丙中洛 独龙江 高黎贡山摄影活动行程安排（9日行程）",
    "money": "3680",
    "date": "10/01",
    "city": "昆明"
  },
  {
    "url": "http://hd.8264.com/xianlu-156853",
    "img": "http://img.qunawan.com/ecmme/wan/xl/goods/20170208/201702081747545884_listfull.jpg",
    "title": "穿越高骊山巅 漫步西津古渡（1日行程）",
    "money": "139",
    "date": "10/01",
    "city": "上海"
  },
  {
    "url": "http://hd.8264.com/xianlu-156320",
    "img": "http://img.qunawan.com/ecmme/wan/xl/goods/20170124/201701241512554393_listfull.jpg",
    "title": "不丹 龙虎寺 尼泊尔 杜巴广场 博卡拉 滑翔伞 人文深度之旅（9日行程）",
    "money": "15800",
    "date": "09/30",
    "city": "加德"
  },
  {
    "url": "http://hd.8264.com/xianlu-156263",
    "img": "http://img.qunawan.com/ecmme/wan/xl/goods/20170124/201701241041241591_listfull.jpg",
    "title": "寻找幸福密码 不丹 延部 尼泊尔 博卡拉 滑翔伞人文深度游（9日行程）",
    "money": "15800",
    "date": "09/30",
    "city": "加德"
  },
  {
    "url": "http://hd.8264.com/xianlu-156262",
    "img": "http://img.qunawan.com/ecmme/wan/xl/goods/20170124/201701241043235689_listfull.jpg",
    "title": "天堂中的人来人往 乌孙古道重装徒步穿越（9日行程）",
    "money": "2980",
    "date": "09/22",
    "city": "乌鲁"
  },
  {
    "url": "http://hd.8264.com/xianlu-156031",
    "img": "http://img.qunawan.com/ecmme/wan/xl/goods/20170120/201701201951579049_listfull.jpg",
    "title": "绝美丝绸之路 全面升级新增可可西里（8日行程）",
    "money": "2800",
    "date": "10/01",
    "city": "兰州"
  },
  {
    "url": "http://hd.8264.com/xianlu-155999",
    "img": "http://img.qunawan.com/ecmme/wan/xl/goods/20170120/201701201434145709_listfull.jpg",
    "title": "北疆春色 喀纳斯 禾木 白哈巴 贾登峪轻装深度游（8日行程）",
    "money": "3480",
    "date": "10/01",
    "city": "乌鲁"
  },
  {
    "url": "http://hd.8264.com/xianlu-155650",
    "img": "http://img.qunawan.com/ecmme/wan/xl/goods/20170117/201701171127533515_listfull.jpg",
    "title": "梦幻夏特古道重装徒步穿越（7日行程）",
    "money": "2980",
    "date": "10/01",
    "city": "乌鲁"
  },
  {
    "url": "http://hd.8264.com/xianlu-155594",
    "img": "http://img.qunawan.com/ecmme/wan/xl/goods/20170116/201701161648034046_listfull.jpg",
    "title": "四姑娘山长坪沟徒步 二峰登山（5日行程）",
    "money": "2480",
    "date": "09/30",
    "city": "成都"
  }
]