[
  {
    "url": "http://hd.8264.com/xianlu-155098",
    "img": "http://img.qunawan.com/ecmme/wan/xl/goods/20170110/201701101423301791_listfull.jpg",
    "title": "云南世外桃源 普者黑 坝美 元阳 东川 罗平 抚仙湖 深度游（9日行程）",
    "money": "3600",
    "date": "10/01",
    "city": "昆明"
  },
  {
    "url": "http://hd.8264.com/xianlu-155069",
    "img": "http://img.qunawan.com/ecmme/wan/xl/goods/20170110/201701101710379055_listfull.jpg",
    "title": "川藏可可西里青海环线自驾 全程油费补贴 24小时道路救援（16日行程）",
    "money": "8800",
    "date": "09/22",
    "city": "成都"
  },
  {
    "url": "http://hd.8264.com/xianlu-154570",
    "img": "http://img.qunawan.com/ecmme/wan/xl/goods/20170104/201701042336352464_listfull.jpg",
    "title": "本年度最火的越野车西藏行（11日行程）",
    "money": "5800",
    "date": "10/01",
    "city": "拉萨"
  },
  {
    "url": "http://hd.8264.com/xianlu-161429",
    "img": "http://img.qunawan.com/ecmme/wan/xl/goods/20170404/201704041337457294_listfull.png",
    "title": "盛夏漠河边境浓缩三天二晚自由行（3日行程）",
    "money": "980",
    "date": "09/22",
    "city": "大兴"
  },
  {
    "url": "http://hd.8264.com/xianlu-152908",
    "img": "http://img.qunawan.com/ecmme/wan/xl/goods/20161220/201612201106169223_listfull.jpg",
    "title": "恩施大峡谷 鹿院坪 清江古河床 屏山峡谷 探索地心世界（7日行程）",
    "money": "2480",
    "date": "10/01",
    "city": "恩施"
  },
  {
    "url": "http://hd.8264.com/xianlu-152841",
    "img": "http://img.qunawan.com/ecmme/wan/xl/goods/20161220/201612200948378547_listfull.jpg",
    "title": "金山岭长城 乌兰布统坝上草原风光 亲近自然观光摄影之旅（6日行程）",
    "money": "2880",
    "date": "09/24",
    "city": "北京"
  },
  {
    "url": "http://hd.8264.com/xianlu-152658",
    "img": "http://img.qunawan.com/ecmme/wan/xl/goods/20161219/201612191627418726_listfull.jpg",
    "title": "七藏探秘 毗邻黄龙的极致美景七藏沟徒步（6日行程）",
    "money": "2680",
    "date": "10/01",
    "city": "成都"
  },
  {
    "url": "http://hd.8264.com/xianlu-171254",
    "img": "http://img.qunawan.com/ecmme/wan/xl/goods/20170831/201708311736352563_listfull.png",
    "title": "国庆 湘西 张家界 凤凰古城 芙蓉镇（8日行程）",
    "money": "2180",
    "date": "10/01",
    "city": "朝阳"
  },
  {
    "url": "http://hd.8264.com/xianlu-152035",
    "img": "http://img.qunawan.com/ecmme/wan/xl/goods/20161215/201612151600202810_listfull.png",
    "title": "春节 大理洱海划船 逛丽江古城 香格里拉骑马 泸沽湖游（8日行程）",
    "money": "2980",
    "date": "10/01",
    "city": "深圳"
  },
  {
    "url": "http://hd.8264.com/xianlu-167019",
    "img": "http://img.qunawan.com/ecmme/wan/xl/goods/20170615/201706151041526954_listfull.jpg",
    "title": "小众海南游三分之一海南 三亚 洲仔岛 天涯海角（7日行程）",
    "money": "3180",
    "date": "10/01",
    "city": "三亚"
  },
  {
    "url": "http://hd.8264.com/xianlu-154253",
    "img": "http://img.qunawan.com/ecmme/wan/xl/goods/20170102/201701021341108091_listfull.jpg",
    "title": "2017年全程后勤保障骑行318川藏线全年计划（24日行程）",
    "money": "3000",
    "date": "10/01",
    "city": "成都"
  },
  {
    "url": "http://hd.8264.com/xianlu-147949",
    "img": "http://img.qunawan.com/ecmme/wan/xl/goods/20161129/201611290943029839_listfull.jpg",
    "title": "野性七藏沟经典徒步穿越 追寻传说中的秘境仙乡（7日行程）",
    "money": "2680",
    "date": "09/30",
    "city": "成都"
  },
  {
    "url": "http://hd.8264.com/xianlu-147119",
    "img": "http://img.qunawan.com/ecmme/wan/xl/goods/20161124/201611241445321291_listfull.jpg",
    "title": "腾格里沙漠轻装徒步穿越活动 给生活一点颜色（5日行程）",
    "money": "3320",
    "date": "10/01",
    "city": "银川"
  },
  {
    "url": "http://hd.8264.com/xianlu-145108",
    "img": "http://img.qunawan.com/ecmme/wan/xl/goods/20161116/201611161655466417_listfull.jpg",
    "title": "越南越美 海浪声声 迷情南越（8日行程）",
    "money": "3800",
    "date": "10/01",
    "city": "胡志"
  },
  {
    "url": "http://hd.8264.com/xianlu-143221",
    "img": "http://img.qunawan.com/ecmme/wan/xl/goods/20170711/201707111828302358_listfull.jpg",
    "title": "醉美新疆摄影线 金秋喀纳斯 胡杨林 禾木 沙漠越野 吐鲁番（11日行程）",
    "money": "5680",
    "date": "10/01",
    "city": "乌鲁"
  },
  {
    "url": "http://hd.8264.com/xianlu-141462",
    "img": "http://img.qunawan.com/ecmme/wan/xl/goods/20161031/201610311816097581_listfull.jpg",
    "title": "从泰北玫瑰清迈一直到浪漫天堂拜县的静心之旅（7日行程）",
    "money": "2480",
    "date": "10/01",
    "city": "清迈"
  },
  {
    "url": "http://hd.8264.com/xianlu-170844",
    "img": "http://img.qunawan.com/ecmme/wan/xl/goods/20170824/201708241246277445_listfull.png",
    "title": "国庆特辑 金秋时节行摄北疆（8日行程）",
    "money": "3980",
    "date": "10/01",
    "city": "重庆"
  },
  {
    "url": "http://hd.8264.com/xianlu-133074",
    "img": "http://img.qunawan.com/ecmme/wan/xl/goods/20160924/201609242150293847_listfull.png",
    "title": "畅游张家界凤凰古城深度旅行（6日行程）",
    "money": "2480",
    "date": "09/22",
    "city": "深圳"
  },
  {
    "url": "http://hd.8264.com/xianlu-131874",
    "img": "http://img.qunawan.com/ecmme/wan/xl/goods/20160920/201609201742011469_listfull.jpg",
    "title": "国庆七藏沟徒步穿越（5日行程）",
    "money": "980",
    "date": "10/01",
    "city": "成都"
  },
  {
    "url": "http://hd.8264.com/xianlu-129662",
    "img": "http://img.qunawan.com/ecmme/wan/xl/goods/20160911/201609111158283136_listfull.jpg",
    "title": "尧山 八角寨 灵渠 黄布倒影 漓江渔火 遇龙河等桂林全景摄影（7日行程）",
    "money": "2680",
    "date": "10/01",
    "city": "桂林"
  }
]