[
  {
    "url": "http://hd.8264.com/xianlu-158424",
    "img": "http://img.qunawan.com/ecmme/wan/xl/goods/20170901/201709011428457784_listfull.jpg",
    "title": "最美环线 梅里雪山日出 徒步雨崩村 稻城亚丁（10日行程）",
    "money": "3880",
    "date": "10/01",
    "city": "丽江"
  },
  {
    "url": "http://hd.8264.com/xianlu-164114",
    "img": "http://img.qunawan.com/ecmme/wan/xl/goods/20170508/201705082232025265_listfull.jpg",
    "title": "初级雪山四姑娘山二峰攀登 长坪沟徒步（6日行程）",
    "money": "2480",
    "date": "09/30",
    "city": "成都"
  },
  {
    "url": "http://hd.8264.com/xianlu-3344",
    "img": "http://img.qunawan.com/ecmme/wan/xl/goods/20170825/201708251739104807_listfull.png",
    "title": "国庆朝圣 色达 五明佛学院 坛城 卓克基羌藏寨 天葬（4日行程）",
    "money": "550",
    "date": "09/22",
    "city": "成都"
  },
  {
    "url": "http://hd.8264.com/xianlu-170344",
    "img": "http://img.qunawan.com/ecmme/wan/xl/goods/20170815/201708151151504879_listfull.jpg",
    "title": "2017国庆梅里大外转徒步转山 一生得到心灵的宁静（10日行程）",
    "money": "6999",
    "date": "09/27",
    "city": "成都"
  },
  {
    "url": "http://hd.8264.com/xianlu-119321",
    "img": "http://img.qunawan.com/ecmme/wan/xl/goods/20160808/201608081724315099_listfull.jpg",
    "title": "色达 稻城亚丁经典行摄线路（9日行程）",
    "money": "3280",
    "date": "09/22",
    "city": "成都"
  },
  {
    "url": "http://hd.8264.com/xianlu-170553",
    "img": "http://img.qunawan.com/ecmme/wan/xl/goods/20170818/201708181721503097_listfull.jpg",
    "title": "2017国庆节 阿里南线 深度游（8日行程）",
    "money": "3800",
    "date": "09/22",
    "city": "拉萨"
  },
  {
    "url": "http://hd.8264.com/xianlu-114035",
    "img": "http://img.qunawan.com/ecmme/wan/xl/goods/20160720/201607201646491688_listfull.jpg",
    "title": "中国十大经典徒步线路 洛克线 俱乐部合作（7日行程）",
    "money": "2500",
    "date": "09/30",
    "city": "成都"
  },
  {
    "url": "http://hd.8264.com/xianlu-3354",
    "img": "http://img.qunawan.com/ecmme/wan/xl/goods/20170916/201709161645354223_listfull.jpg",
    "title": "醉美色稻之 稻城亚丁 色达 新都桥经典行摄（9日行程）",
    "money": "3580",
    "date": "09/23",
    "city": "成都"
  },
  {
    "url": "http://hd.8264.com/xianlu-166887",
    "img": "http://img.qunawan.com/ecmme/wan/xl/goods/20170825/201708251812548796_listfull.png",
    "title": "醉美川西之 稻城亚丁 四姑娘山 丹巴 甲居藏寨 经典摄影（9日行程）",
    "money": "3680",
    "date": "09/22",
    "city": "成都"
  },
  {
    "url": "http://hd.8264.com/xianlu-171719",
    "img": "http://img.qunawan.com/ecmme/wan/xl/goods/20170909/201709091027087920_listfull.jpg",
    "title": "梦寻牛背山 曾经的回忆（2日行程）",
    "money": "780",
    "date": "09/23",
    "city": "成都"
  },
  {
    "url": "http://hd.8264.com/xianlu-160048",
    "img": "http://img.qunawan.com/ecmme/wan/xl/goods/20170315/201703151058522814_listfull.jpg",
    "title": "梅里雪山徒步雨崩 稻城亚丁 大环线 深度纯玩（10日行程）",
    "money": "3880",
    "date": "09/24",
    "city": "丽江"
  },
  {
    "url": "http://hd.8264.com/xianlu-159900",
    "img": "http://img.qunawan.com/ecmme/wan/xl/goods/20170313/201703131539495858_listfull.jpg",
    "title": "岩壁芭蕾（2日行程）",
    "money": "450",
    "date": "09/23",
    "city": "成都"
  },
  {
    "url": "http://hd.8264.com/xianlu-124228",
    "img": "http://img.qunawan.com/ecmme/wan/xl/goods/20160825/201608251306016224_listfull.jpg",
    "title": "秘境环线B线 世间纯净之地莫斯卡 梦幻仙境党龄葫芦海（6日行程）",
    "money": "2280",
    "date": "09/23",
    "city": "成都"
  },
  {
    "url": "http://hd.8264.com/xianlu-171463",
    "img": "http://img.qunawan.com/ecmme/wan/xl/goods/20170904/201709041635213784_listfull.jpg",
    "title": "2017国庆节 四姑娘山二峰攀登 长坪沟徒步穿越毕棚沟（6日行程）",
    "money": "3000",
    "date": "10/01",
    "city": "成都"
  },
  {
    "url": "http://hd.8264.com/xianlu-170070",
    "img": "http://img.qunawan.com/ecmme/wan/xl/goods/20170808/201708081201572417_listfull.jpg",
    "title": "去实现您雪山之吻的梦想 四姑娘山二峰5276米登山活动（4日行程）",
    "money": "1680",
    "date": "09/23",
    "city": "安庆"
  },
  {
    "url": "http://hd.8264.com/xianlu-170352",
    "img": "http://img.qunawan.com/ecmme/wan/xl/goods/20170815/201708151530054722_listfull.jpg",
    "title": "国庆活动洛克线穿越 亚丁三枯主雪山本命转山年 你会错过吗（9日行程）",
    "money": "4680",
    "date": "09/30",
    "city": "成都"
  },
  {
    "url": "http://hd.8264.com/xianlu-162915",
    "img": "http://img.qunawan.com/ecmme/wan/xl/goods/20170421/201704211033268001_listfull.jpg",
    "title": "蜀山之王 贡嘎山大环线完美穿越 穿越挑战极限（8日行程）",
    "money": "2880",
    "date": "09/23",
    "city": "成都"
  },
  {
    "url": "http://hd.8264.com/xianlu-154039",
    "img": "http://img.qunawan.com/ecmme/wan/xl/goods/20161229/201612291111444423_listfull.jpg",
    "title": "贡嘎转山 蜀山之王大环线完美穿越 穿越挑战极限（8日行程）",
    "money": "2880",
    "date": "09/23",
    "city": "成都"
  },
  {
    "url": "http://hd.8264.com/xianlu-166649",
    "img": "http://img.qunawan.com/ecmme/wan/xl/goods/20170609/201706091622237759_listfull.jpg",
    "title": "川藏南线 稻城亚丁 然乌湖 免费赠送羊湖游（11日行程）",
    "money": "3600",
    "date": "09/23",
    "city": "成都"
  },
  {
    "url": "http://hd.8264.com/xianlu-160893",
    "img": "http://img.qunawan.com/ecmme/wan/xl/goods/20170324/201703241626237324_listfull.jpg",
    "title": "2017年国庆深秋四姑娘山 二峰攀登（6日行程）",
    "money": "2480",
    "date": "09/30",
    "city": "成都"
  }
]