[
  {
    "url": "http://hd.8264.com/xianlu-171240",
    "img": "http://img.qunawan.com/ecmme/wan/xl/goods/20170831/201708311602036010_listfull.jpg",
    "title": "中国 广州 帽峰山 悦动山野 千人健康徒步（1日行程）",
    "money": "88",
    "date": "10/14",
    "city": "广州"
  },
  {
    "url": "http://hd.8264.com/xianlu-171236",
    "img": "http://img.qunawan.com/ecmme/wan/xl/goods/20170831/201708311547038127_listfull.jpg",
    "title": "2017国庆特辑 丙察察探险 全国独家 终极越野（9日行程）",
    "money": "4600",
    "date": "09/27",
    "city": "昆明"
  },
  {
    "url": "http://hd.8264.com/xianlu-171231",
    "img": "http://img.qunawan.com/ecmme/wan/xl/goods/20170831/201708311445157696_listfull.jpg",
    "title": "初级雪山攀登 云南哈巴雪山5396米（4日行程）",
    "money": "3480",
    "date": "09/22",
    "city": "丽江"
  },
  {
    "url": "http://hd.8264.com/xianlu-171223",
    "img": "http://img.qunawan.com/ecmme/wan/xl/goods/20170831/201708311319068885_listfull.jpg",
    "title": "2017国庆 那玛峰5588米攀登（6日行程）",
    "money": "6800",
    "date": "09/23",
    "city": "成都"
  },
  {
    "url": "http://hd.8264.com/xianlu-171818",
    "img": "http://img.qunawan.com/ecmme/wan/xl/goods/20170912/201709121038414407_listfull.jpg",
    "title": "贡嘎山大小环线完美穿越 贡嘎徒步 贡嘎露营（7日行程）",
    "money": "2880",
    "date": "09/24",
    "city": "成都"
  },
  {
    "url": "http://hd.8264.com/xianlu-171220",
    "img": "http://img.qunawan.com/ecmme/wan/xl/goods/20170831/201708311305585609_listfull.png",
    "title": "全国第三期 岩之有道 攀岩课程顾问培训（3日行程）",
    "money": "2400",
    "date": "09/22",
    "city": "上海"
  },
  {
    "url": "http://hd.8264.com/xianlu-171262",
    "img": "http://img.qunawan.com/ecmme/wan/xl/goods/20170831/201708312112429138_listfull.jpg",
    "title": "四姑娘山二峰攀登 人生第一个5000 东方的阿尔卑斯（4日行程）",
    "money": "1880",
    "date": "09/22",
    "city": "成都"
  },
  {
    "url": "http://hd.8264.com/xianlu-171847",
    "img": "http://img.qunawan.com/ecmme/wan/xl/goods/20170912/201709121715367414_listfull.jpg",
    "title": "十一国庆 游亚洲最大红叶景区 红叶岭 八达岭长城 卧龙谷（1日行程）",
    "money": "70",
    "date": "10/14",
    "city": "东城"
  },
  {
    "url": "http://hd.8264.com/xianlu-171178",
    "img": "http://img.qunawan.com/ecmme/wan/xl/goods/20170831/201708310759189350_listfull.jpg",
    "title": "康定月亮湖露营 小九寨 荷花海泡野温泉（5日行程）",
    "money": "2480",
    "date": "09/22",
    "city": "成都"
  },
  {
    "url": "http://hd.8264.com/xianlu-171189",
    "img": "http://img.qunawan.com/ecmme/wan/xl/goods/20170831/201708311020008355_listfull.jpg",
    "title": "相约额济纳胡杨林之旅（9日行程）",
    "money": "3980",
    "date": "09/28",
    "city": "安庆"
  },
  {
    "url": "http://hd.8264.com/xianlu-171182",
    "img": "http://img.qunawan.com/ecmme/wan/xl/goods/20170831/201708310944191799_listfull.jpg",
    "title": "喇叭沟原始森林公园赏白桦林休闲徒步摄影（1日行程）",
    "money": "69",
    "date": "10/08",
    "city": "北京"
  },
  {
    "url": "http://hd.8264.com/xianlu-171162",
    "img": "http://img.qunawan.com/ecmme/wan/xl/goods/20170830/201708302009116902_listfull.jpg",
    "title": "2017国庆 川藏线 川进青出 拼车包车（15日行程）",
    "money": "4800",
    "date": "09/22",
    "city": "成都"
  },
  {
    "url": "http://hd.8264.com/xianlu-171158",
    "img": "http://img.qunawan.com/ecmme/wan/xl/goods/20170830/201708301849128483_listfull.jpg",
    "title": "四姑娘山长坪沟穿越毕棚沟 中国十大经典徒步线路（5日行程）",
    "money": "2180",
    "date": "09/22",
    "city": "成都"
  },
  {
    "url": "http://hd.8264.com/xianlu-171376",
    "img": "http://img.qunawan.com/ecmme/wan/xl/goods/20170902/201709021627074243_listfull.jpg",
    "title": "成都4至8人精品VIP攀岩定制团（1日行程）",
    "money": "1500",
    "date": "09/22",
    "city": "成都"
  },
  {
    "url": "http://hd.8264.com/xianlu-171131",
    "img": "http://img.qunawan.com/ecmme/wan/xl/goods/20170830/201708301547496930_listfull.jpg",
    "title": "国庆深秋 怒江峡谷 丙中洛 独龙江 高黎贡山 摄影纯玩（8日行程）",
    "money": "3600",
    "date": "10/01",
    "city": "昆明"
  },
  {
    "url": "http://hd.8264.com/xianlu-171127",
    "img": "http://img.qunawan.com/ecmme/wan/xl/goods/20170830/201708301524005972_listfull.jpg",
    "title": "2017国庆贡嘎徒步 观瞻蜀山之王（7日行程）",
    "money": "2880",
    "date": "09/23",
    "city": "成都"
  },
  {
    "url": "http://hd.8264.com/xianlu-171124",
    "img": "http://img.qunawan.com/ecmme/wan/xl/goods/20170830/201708301512356723_listfull.jpg",
    "title": "国庆深秋 贡嘎转山 贡嘎山大小环线完美徒步穿越（7日行程）",
    "money": "2880",
    "date": "10/01",
    "city": "成都"
  },
  {
    "url": "http://hd.8264.com/xianlu-171122",
    "img": "http://img.qunawan.com/ecmme/wan/xl/goods/20170830/201708301503272238_listfull.jpg",
    "title": "国庆深秋 四姑娘山二峰攀登 长坪沟穿越毕棚沟（6日行程）",
    "money": "3000",
    "date": "09/22",
    "city": "成都"
  },
  {
    "url": "http://hd.8264.com/xianlu-171119",
    "img": "http://img.qunawan.com/ecmme/wan/xl/goods/20170830/201708301457575850_listfull.jpg",
    "title": "2017年国庆 梅里雪山外转山 朝圣梅里雪山（13日行程）",
    "money": "6999",
    "date": "09/29",
    "city": "迪庆"
  },
  {
    "url": "http://hd.8264.com/xianlu-171208",
    "img": "http://img.qunawan.com/ecmme/wan/xl/goods/20170831/201708311105219322_listfull.jpg",
    "title": "2017国庆阿里环线 珠峰 冈仁波齐 古格王朝探秘（16日行程）",
    "money": "6600",
    "date": "09/23",
    "city": "拉萨"
  }
]