[
  {
    "url": "http://hd.8264.com/xianlu-129559",
    "img": "http://img.qunawan.com/ecmme/wan/xl/goods/20170407/201704071052262164_listfull.jpg",
    "title": "国庆专线 穿越徽杭古道 游览胡氏故里龙川景区（3日行程）",
    "money": "560",
    "date": "10/01",
    "city": "上海"
  },
  {
    "url": "http://hd.8264.com/xianlu-127304",
    "img": "http://img.qunawan.com/ecmme/wan/xl/goods/20160904/201609041904387298_listfull.jpg",
    "title": "壮美南太行穿越白陉古道 马武寨 抱犊村 王莽岭 郭亮村（6日行程）",
    "money": "1480",
    "date": "10/01",
    "city": "郑州"
  },
  {
    "url": "http://hd.8264.com/xianlu-125402",
    "img": "http://img.qunawan.com/ecmme/wan/xl/goods/20170611/201706111703244121_listfull.jpg",
    "title": "徜徉金色童话 看尽天堂的颜色  喀纳斯东西大环线（11日行程）",
    "money": "4280",
    "date": "10/01",
    "city": "乌鲁"
  },
  {
    "url": "http://hd.8264.com/xianlu-125318",
    "img": "http://img.qunawan.com/ecmme/wan/xl/goods/20170830/201708301636541870_listfull.jpg",
    "title": "泰国清迈 向往最休闲的心 从泰北玫瑰清迈一直到浪漫天堂拜县（7日行程）",
    "money": "2980",
    "date": "10/01",
    "city": "清迈"
  },
  {
    "url": "http://hd.8264.com/xianlu-121704",
    "img": "http://img.qunawan.com/ecmme/wan/xl/goods/20160817/201608172125274293_listfull.jpg",
    "title": "北疆金秋深度徒步自由行（12日行程）",
    "money": "6300",
    "date": "10/01",
    "city": "乌鲁"
  },
  {
    "url": "http://hd.8264.com/xianlu-120714",
    "img": "http://img.qunawan.com/ecmme/wan/xl/goods/20160814/201608142101373156_listfull.jpg",
    "title": "朝圣梅里雪山大外转（10日行程）",
    "money": "8980",
    "date": "10/01",
    "city": "丽江"
  },
  {
    "url": "http://hd.8264.com/xianlu-117893",
    "img": "http://img.qunawan.com/ecmme/wan/xl/goods/20160802/201608020158525627_listfull.jpg",
    "title": "畅游张家界玻璃栈道深度旅行（5日行程）",
    "money": "2080",
    "date": "09/22",
    "city": "深圳"
  },
  {
    "url": "http://hd.8264.com/xianlu-171971",
    "img": "http://img.qunawan.com/ecmme/wan/xl/goods/20170914/201709141926528216_listfull.jpg",
    "title": "一路向北 抵达梦中的秋天 醉美金秋 呼伦贝尔 阿尔山（8日行程）",
    "money": "2580",
    "date": "10/01",
    "city": "朝阳"
  },
  {
    "url": "http://hd.8264.com/xianlu-22688",
    "img": "http://img.qunawan.com/ecmme/wan/xl/goods/20160714/201607141719021240_listfull.jpg",
    "title": "呼伦贝尔大环线 骑马 阿尔山 内蒙古大草原环线游（9日行程）",
    "money": "3980",
    "date": "09/23",
    "city": "呼伦"
  },
  {
    "url": "http://hd.8264.com/xianlu-22689",
    "img": "http://img.qunawan.com/ecmme/wan/xl/goods/20160714/201607141724027609_listfull.jpg",
    "title": "我和草原有个约定 内蒙古呼伦贝尔深度体验（7日行程）",
    "money": "2980",
    "date": "09/23",
    "city": "呼伦"
  },
  {
    "url": "http://hd.8264.com/xianlu-17598",
    "img": "http://img.qunawan.com/ecmme/wan/xl/goods/20160628/201606281054383562_listfull.jpg",
    "title": "徒步雨崩神瀑 朝圣梅里雪山（7日行程）",
    "money": "2080",
    "date": "10/01",
    "city": "杭州"
  },
  {
    "url": "http://hd.8264.com/xianlu-16678",
    "img": "http://img.qunawan.com/ecmme/wan/xl/goods/20160625/201606251539359391_listfull.jpg",
    "title": "草原环线 2017年呼伦贝尔骑马 阿尔山 内蒙古大草原（9日行程）",
    "money": "3980",
    "date": "09/23",
    "city": "海拉"
  },
  {
    "url": "http://hd.8264.com/xianlu-12837",
    "img": "http://img.qunawan.com/ecmme/wan/xl/goods/20160615/201606150034409319_listfull.jpg",
    "title": "朝拜梅里雪山 寻找最后的世外桃源 雨崩村（6日行程）",
    "money": "2980",
    "date": "10/01",
    "city": "丽江"
  },
  {
    "url": "http://hd.8264.com/xianlu-12835",
    "img": "http://img.qunawan.com/ecmme/wan/xl/goods/20160923/201609230153398962_listfull.jpg",
    "title": "世界佤乡 临沧翁丁 最后的密境（6日行程）",
    "money": "3980",
    "date": "10/01",
    "city": "昆明"
  },
  {
    "url": "http://hd.8264.com/xianlu-11308",
    "img": "http://img.qunawan.com/ecmme/wan/xl/goods/20160610/201606101301335216_listfull.jpg",
    "title": "2016环骑青海湖 无骑行 不青春（8日行程）",
    "money": "1680",
    "date": "10/01",
    "city": "西宁"
  },
  {
    "url": "http://hd.8264.com/xianlu-11102",
    "img": "http://img.qunawan.com/ecmme/wan/xl/goods/20160608/201606081508197265_listfull.jpg",
    "title": "朝圣之地 加拉帕戈斯群岛8天7晚船宿 潜水（8日行程）",
    "money": "36500",
    "date": "10/01",
    "city": "厄瓜"
  },
  {
    "url": "http://hd.8264.com/xianlu-10175",
    "img": "http://img.qunawan.com/ecmme/wan/xl/goods/20160604/201606041540089183_listfull.jpg",
    "title": "藏地核心区三江源年保玉则青海湖色达甘南若尔盖每团最多15人（8日行程）",
    "money": "4280",
    "date": "10/01",
    "city": "西宁"
  },
  {
    "url": "http://hd.8264.com/xianlu-9913",
    "img": "http://img.qunawan.com/ecmme/wan/xl/goods/20160603/201606031216259339_listfull.jpg",
    "title": "梅里雪山大外转（10日行程）",
    "money": "7980",
    "date": "10/01",
    "city": "香格"
  },
  {
    "url": "http://hd.8264.com/xianlu-8714",
    "img": "http://img.qunawan.com/ecmme/wan/xl/goods/20160531/201605311721323820_listfull.jpg",
    "title": "重装徒步走进狼守护的地方 狼塔C（8日行程）",
    "money": "2980",
    "date": "10/01",
    "city": "乌鲁"
  },
  {
    "url": "http://hd.8264.com/xianlu-8547",
    "img": "http://img.qunawan.com/ecmme/wan/xl/goods/20160531/201605311144318005_listfull.jpg",
    "title": "新疆 喀纳斯 东 西线大回环完整徒步穿越（12日行程）",
    "money": "4380",
    "date": "10/01",
    "city": "乌鲁"
  }
]