[
  {
    "url": "http://hd.8264.com/xianlu-5589",
    "img": "http://img.qunawan.com/ecmme/wan/xl/goods/20160517/201605171649457871_listfull.jpg",
    "title": "国庆专线 感受山林绿意 穿越军嶂古道丛林（1日行程）",
    "money": "139",
    "date": "10/01",
    "city": "上海"
  },
  {
    "url": "http://hd.8264.com/xianlu-5146",
    "img": "http://img.qunawan.com/ecmme/wan/xl/goods/20160512/201605121857205937_listfull.jpg",
    "title": "雪线之上 攀登是一种信仰 玉珠峰雪山攀登（8日行程）",
    "money": "8800",
    "date": "10/01",
    "city": "西宁"
  },
  {
    "url": "http://hd.8264.com/xianlu-3294",
    "img": "http://img.qunawan.com/ecmme/wan/xl/goods/20160419/201604191807141270_listfull.jpg",
    "title": "喀纳斯 轻装徒步 与心灵对话 特种兵带你体验野外生存（8日行程）",
    "money": "4688",
    "date": "10/01",
    "city": "乌鲁"
  },
  {
    "url": "http://hd.8264.com/xianlu-2675",
    "img": "http://img.qunawan.com/ecmme/wan/xl/goods/20170208/201702082330481042_listfull.jpg",
    "title": "全景西藏A线纯玩深度游 拉萨进出（8日行程）",
    "money": "4280",
    "date": "10/01",
    "city": "拉萨"
  },
  {
    "url": "http://hd.8264.com/xianlu-155631",
    "img": "http://img.qunawan.com/ecmme/wan/xl/goods/20170117/201701171020042234_listfull.jpg",
    "title": "果洛秘境 年保玉则仙女湖妖女湖上下日干错徒步（5日行程）",
    "money": "2980",
    "date": "10/01",
    "city": "成都"
  },
  {
    "url": "http://hd.8264.com/xianlu-2405",
    "img": "http://img.qunawan.com/ecmme/wan/xl/goods/20160310/201603101656289819_listfull.jpg",
    "title": "2017青海玉珠峰攀登（7日行程）",
    "money": "8800",
    "date": "10/01",
    "city": "格尔"
  },
  {
    "url": "http://hd.8264.com/xianlu-162228",
    "img": "http://img.qunawan.com/ecmme/wan/xl/goods/20170413/201704131249194148_listfull.jpg",
    "title": "乌孙 夏特 重装连穿 全年三期（15日行程）",
    "money": "4980",
    "date": "09/23",
    "city": "阿克"
  },
  {
    "url": "http://hd.8264.com/xianlu-1898",
    "img": "http://img.qunawan.com/ecmme/wan/xl/goods/20170823/201708231129247799_listfull.jpg",
    "title": "山花烂漫 年保玉则仙女湖 妖女湖 上下日干措经典徒步穿越（6日行程）",
    "money": "2980",
    "date": "09/30",
    "city": "成都"
  },
  {
    "url": "http://hd.8264.com/xianlu-981",
    "img": "http://img.qunawan.com/ecmme/wan/xl/goods/20170427/201704271559025404_listfull.jpg",
    "title": "内蒙骑马线 纵马驰骋 深入呼伦贝尔大草原腹地六日 全程越野车（6日行程）",
    "money": "2980",
    "date": "09/23",
    "city": "海拉"
  },
  {
    "url": "http://hd.8264.com/xianlu-162757",
    "img": "http://img.qunawan.com/ecmme/wan/xl/goods/20170420/201704201001085454_listfull.jpg",
    "title": "2017 年保玉则仙女湖妖女湖上下日干错徒步5日（6日行程）",
    "money": "2980",
    "date": "09/30",
    "city": "成都"
  },
  {
    "url": "http://hd.8264.com/xianlu-171752",
    "img": "http://img.qunawan.com/ecmme/wan/xl/goods/20170911/201709111108114599_listfull.jpeg",
    "title": "西藏尼泊尔跨国双城记 全程轻奢住宿（12日行程）",
    "money": "5980",
    "date": "11/02",
    "city": "拉萨"
  },
  {
    "url": "http://hd.8264.com/xianlu-166804",
    "img": "http://img.qunawan.com/ecmme/wan/xl/goods/20170612/201706121818349114_listfull.jpg",
    "title": "尼泊尔安纳普尔纳大本营线 ABC 徒步（11日行程）",
    "money": "3600",
    "date": "11/02",
    "city": "加德"
  },
  {
    "url": "http://hd.8264.com/xianlu-170132",
    "img": "http://img.qunawan.com/ecmme/wan/xl/goods/20170809/201708091833443471_listfull.jpg",
    "title": "国庆节 年保玉则 仙女湖 妖女湖 日干措湖徒步穿越（5日行程）",
    "money": "2980",
    "date": "09/30",
    "city": "成都"
  },
  {
    "url": "http://hd.8264.com/xianlu-169407",
    "img": "http://img.qunawan.com/ecmme/wan/xl/goods/20170724/201707240907442387_listfull.jpg",
    "title": "海坨山扎营特价走起（2日行程）",
    "money": "120",
    "date": "09/23",
    "city": "北京"
  },
  {
    "url": "http://hd.8264.com/xianlu-161339",
    "img": "http://img.qunawan.com/ecmme/wan/xl/goods/20170706/201707060927144636_listfull.jpg",
    "title": "环北疆喀纳斯 伊犁 天池 吐鲁番沙漠行色之旅（12日行程）",
    "money": "4980",
    "date": "09/22",
    "city": "乌鲁"
  },
  {
    "url": "http://hd.8264.com/xianlu-4722",
    "img": "http://img.qunawan.com/ecmme/wan/xl/goods/20160509/201605091546105591_listfull.jpg",
    "title": "寻找浙江香格里拉 穿越仙居公盂仙境（2日行程）",
    "money": "428",
    "date": "09/23",
    "city": "上海"
  },
  {
    "url": "http://hd.8264.com/xianlu-152592",
    "img": "http://img.qunawan.com/ecmme/wan/xl/goods/20161219/201612191357029672_listfull.jpg",
    "title": "年保玉则 仙女湖 妖女湖 上下日干措经典徒步穿越（6日行程）",
    "money": "2980",
    "date": "09/30",
    "city": "成都"
  },
  {
    "url": "http://hd.8264.com/xianlu-171728",
    "img": "http://img.qunawan.com/ecmme/wan/xl/goods/20170909/201709092010567387_listfull.jpg",
    "title": "特克斯县户外运动协会第一届丝路英雄 乌孙古道大穿越（9日行程）",
    "money": "2980",
    "date": "09/30",
    "city": "乌鲁"
  },
  {
    "url": "http://hd.8264.com/xianlu-168145",
    "img": "http://img.qunawan.com/ecmme/wan/xl/goods/20170630/201706301253091809_listfull.jpg",
    "title": "喀纳斯的传说 白哈巴 喀纳斯 禾木轻装摄影版（8日行程）",
    "money": "3100",
    "date": "09/23",
    "city": "乌鲁"
  },
  {
    "url": "http://hd.8264.com/xianlu-170967",
    "img": "http://img.qunawan.com/ecmme/wan/xl/goods/20170906/201709062030147345_listfull.jpg",
    "title": "新疆旅游 北环线喀纳斯那拉提禾木赛里木湖巴音布鲁克（10日行程）",
    "money": "4380",
    "date": "09/23",
    "city": "乌鲁"
  }
]