[
  {
    "url": "http://hd.8264.com/xianlu-172217",
    "img": "http://img.qunawan.com/ecmme/wan/xl/goods/20170920/201709201510462931_listfull.jpg",
    "title": "国庆黄山 一生痴绝处（4日行程）",
    "money": "799",
    "date": "09/30",
    "city": "北京"
  },
  {
    "url": "http://hd.8264.com/xianlu-172121",
    "img": "http://img.qunawan.com/ecmme/wan/xl/goods/20170918/201709181210225652_listfull.jpeg",
    "title": "中国十大徒步路线之首 圣地莲花 西藏墨脱徒步（8日行程）",
    "money": "5800",
    "date": "09/30",
    "city": "拉萨"
  },
  {
    "url": "http://hd.8264.com/xianlu-172107",
    "img": "http://img.qunawan.com/ecmme/wan/xl/goods/20170918/201709180932358313_listfull.jpg",
    "title": "年保玉则穿越驴行（6日行程）",
    "money": "3180",
    "date": "09/30",
    "city": "成都"
  },
  {
    "url": "http://hd.8264.com/xianlu-172090",
    "img": "http://img.qunawan.com/ecmme/wan/xl/goods/20170917/201709171728409077_listfull.jpg",
    "title": "2017年十一黄金周自驾额济纳胡杨林 穿越大海道（9日行程）",
    "money": "8800",
    "date": "09/30",
    "city": "昌平"
  },
  {
    "url": "http://hd.8264.com/xianlu-171962",
    "img": "http://img.qunawan.com/ecmme/wan/xl/goods/20170914/201709141530248145_listfull.jpg",
    "title": "十一假期 阿尔山 满洲里 根河湿地 室韦 额尔古纳河（8日行程）",
    "money": "2580",
    "date": "09/30",
    "city": "大兴"
  },
  {
    "url": "http://hd.8264.com/xianlu-171950",
    "img": "http://img.qunawan.com/ecmme/wan/xl/goods/20170914/201709141346138867_listfull.jpg",
    "title": "国庆玩转大西北 圆自己的西北梦金秋额济纳胡杨林（8日行程）",
    "money": "2300",
    "date": "09/30",
    "city": "北京"
  },
  {
    "url": "http://hd.8264.com/xianlu-171929",
    "img": "http://img.qunawan.com/ecmme/wan/xl/goods/20170914/201709140946102716_listfull.jpg",
    "title": "国庆专线 徒步穿越第七大沙漠 库布齐（4日行程）",
    "money": "450",
    "date": "09/30",
    "city": "朝阳"
  },
  {
    "url": "http://hd.8264.com/xianlu-171868",
    "img": "http://img.qunawan.com/ecmme/wan/xl/goods/20170913/201709131028254450_listfull.jpg",
    "title": "国庆额济纳胡杨林居延海黑水城张掖丹霞靖边波浪谷摄影之旅（7日行程）",
    "money": "3998",
    "date": "09/30",
    "city": "海淀"
  },
  {
    "url": "http://hd.8264.com/xianlu-171634",
    "img": "http://img.qunawan.com/ecmme/wan/xl/goods/20170907/201709071332467346_listfull.jpg",
    "title": "高端旅拍丨额济纳 赴三千年之约 只为那一抹亮丽的金黄（9日行程）",
    "money": "3979",
    "date": "09/30",
    "city": "北京"
  },
  {
    "url": "http://hd.8264.com/xianlu-171601",
    "img": "http://img.qunawan.com/ecmme/wan/xl/goods/20170906/201709061804233697_listfull.jpg",
    "title": "灵山 挑战北京最高峰2303米的灵山主峰（1日行程）",
    "money": "69",
    "date": "09/23",
    "city": "朝阳"
  },
  {
    "url": "http://hd.8264.com/xianlu-171591",
    "img": "http://img.qunawan.com/ecmme/wan/xl/goods/20170906/201709061620331353_listfull.jpg",
    "title": "玉渡山 京郊小九寨 高山草坪 香闸瀑布 百蝶泉（1日行程）",
    "money": "69",
    "date": "09/23",
    "city": "北京"
  },
  {
    "url": "http://hd.8264.com/xianlu-171566",
    "img": "http://img.qunawan.com/ecmme/wan/xl/goods/20170906/201709061221206415_listfull.jpg",
    "title": "色稻 穿过佛国净土 走进最后香格里拉 稻城亚丁 色达（9日行程）",
    "money": "3980",
    "date": "09/30",
    "city": "北京"
  },
  {
    "url": "http://hd.8264.com/xianlu-171530",
    "img": "http://img.qunawan.com/ecmme/wan/xl/goods/20170905/201709051752521459_listfull.jpg",
    "title": "国庆节 芦芽山万年冰洞 龙洲丹霞 波浪谷 碛口古镇（3日行程）",
    "money": "880",
    "date": "09/30",
    "city": "北京"
  },
  {
    "url": "http://hd.8264.com/xianlu-171517",
    "img": "http://img.qunawan.com/ecmme/wan/xl/goods/20170905/201709051306112396_listfull.jpg",
    "title": "与您相约最美厦门 海湾之间 白鹭在飞 伊人持念（8日行程）",
    "money": "2800",
    "date": "09/30",
    "city": "北京"
  },
  {
    "url": "http://hd.8264.com/xianlu-171492",
    "img": "http://img.qunawan.com/ecmme/wan/xl/goods/20170905/201709050944515060_listfull.jpg",
    "title": "东箭扣 慕田峪长城穿越（1日行程）",
    "money": "80",
    "date": "09/23",
    "city": "北京"
  },
  {
    "url": "http://hd.8264.com/xianlu-171482",
    "img": "http://img.qunawan.com/ecmme/wan/xl/goods/20170904/201709042044579105_listfull.jpg",
    "title": "七彩云南 丽江 大理 香格里拉 梦中的向往浪漫之旅（7日行程）",
    "money": "2000",
    "date": "09/30",
    "city": "北京"
  },
  {
    "url": "http://hd.8264.com/xianlu-171447",
    "img": "http://img.qunawan.com/ecmme/wan/xl/goods/20170904/201709041143376326_listfull.jpg",
    "title": "北京拼团户外国庆七天乐 魅力草原呼伦贝尔（7日行程）",
    "money": "1000",
    "date": "09/30",
    "city": "北京"
  },
  {
    "url": "http://hd.8264.com/xianlu-171403",
    "img": "http://img.qunawan.com/ecmme/wan/xl/goods/20170904/201709040802296290_listfull.jpg",
    "title": "国庆黄山 一生痴绝处 无梦到徽州（4日行程）",
    "money": "799",
    "date": "09/30",
    "city": "北京"
  },
  {
    "url": "http://hd.8264.com/xianlu-171377",
    "img": "http://img.qunawan.com/ecmme/wan/xl/goods/20170902/201709021858142583_listfull.jpg",
    "title": "在秋天的胡杨林 敢不敢和陌生人谈恋爱（8日行程）",
    "money": "3280",
    "date": "09/30",
    "city": "北京"
  },
  {
    "url": "http://hd.8264.com/xianlu-171351",
    "img": "http://img.qunawan.com/ecmme/wan/xl/goods/20170901/201709012204555297_listfull.jpg",
    "title": "甘南 隔着时光与你相遇 坠落在上帝的调色板（8日行程）",
    "money": "2980",
    "date": "09/30",
    "city": "朝阳"
  }
]