[
  {
    "url": "http://hd.8264.com/xianlu-171337",
    "img": "http://img.qunawan.com/ecmme/wan/xl/goods/20170901/201709011702196764_listfull.jpg",
    "title": "燕羽山 休闲穿越燕羽山 品柳沟豆腐宴（1日行程）",
    "money": "69",
    "date": "09/23",
    "city": "北京"
  },
  {
    "url": "http://hd.8264.com/xianlu-171315",
    "img": "http://img.qunawan.com/ecmme/wan/xl/goods/20170901/201709011455451291_listfull.jpg",
    "title": "履约色达 若尔盖年保色达新都桥甘孜环线（8日行程）",
    "money": "3750",
    "date": "09/23",
    "city": "成都"
  },
  {
    "url": "http://hd.8264.com/xianlu-171311",
    "img": "http://img.qunawan.com/ecmme/wan/xl/goods/20170901/201709011435454400_listfull.jpg",
    "title": "天界之渡 四姑娘山稻城亚丁川藏南线（11日行程）",
    "money": "6800",
    "date": "09/28",
    "city": "成都"
  },
  {
    "url": "http://hd.8264.com/xianlu-171271",
    "img": "http://img.qunawan.com/ecmme/wan/xl/goods/20170901/201709010739188640_listfull.jpg",
    "title": "樂吧 国庆华山 道尽天下险 秀透人间仙（4日行程）",
    "money": "799",
    "date": "09/30",
    "city": "北京"
  },
  {
    "url": "http://hd.8264.com/xianlu-171241",
    "img": "http://img.qunawan.com/ecmme/wan/xl/goods/20170831/201708311629091228_listfull.jpg",
    "title": "江南 黄山 宏村 千岛湖 乌镇 西塘 同里 周庄 杭州西湖（8日行程）",
    "money": "1600",
    "date": "09/30",
    "city": "北京"
  },
  {
    "url": "http://hd.8264.com/xianlu-171233",
    "img": "http://img.qunawan.com/ecmme/wan/xl/goods/20170831/201708311527312972_listfull.jpg",
    "title": "赠送老牛湾门票 征战库布齐 观壮美日落 圆你的沙漠之梦（4日行程）",
    "money": "550",
    "date": "09/30",
    "city": "北京"
  },
  {
    "url": "http://hd.8264.com/xianlu-171456",
    "img": "http://img.qunawan.com/ecmme/wan/xl/goods/20170904/201709041604013646_listfull.jpg",
    "title": "国庆大西北环线 圆自己的西北梦金秋额济纳胡杨林（8日行程）",
    "money": "2400",
    "date": "09/30",
    "city": "北京"
  },
  {
    "url": "http://hd.8264.com/xianlu-171483",
    "img": "http://img.qunawan.com/ecmme/wan/xl/goods/20170905/201709051247141240_listfull.jpg",
    "title": "国庆 西藏 专线 一生必去的的一个地方（8日行程）",
    "money": "4600",
    "date": "09/30",
    "city": "北京"
  },
  {
    "url": "http://hd.8264.com/xianlu-171180",
    "img": "http://img.qunawan.com/ecmme/wan/xl/goods/20170831/201708310937119192_listfull.jpg",
    "title": "东南亚绝美火山攀登 巴厘岛冲浪 吉利岛浮潜 明星教练全程保障（9日行程）",
    "money": "6800",
    "date": "09/30",
    "city": "龙目"
  },
  {
    "url": "http://hd.8264.com/xianlu-171171",
    "img": "http://img.qunawan.com/ecmme/wan/xl/goods/20170830/201708302137105856_listfull.jpg",
    "title": "百花山 周六日出发（1日行程）",
    "money": "69",
    "date": "09/23",
    "city": "朝阳"
  },
  {
    "url": "http://hd.8264.com/xianlu-171204",
    "img": "http://img.qunawan.com/ecmme/wan/xl/goods/20170831/201708311123192377_listfull.png",
    "title": "国庆10人小团新疆喀纳斯 那仁牧场 魔鬼城 胡杨林深度游（8日行程）",
    "money": "5500",
    "date": "09/30",
    "city": "乌鲁"
  },
  {
    "url": "http://hd.8264.com/xianlu-171150",
    "img": "http://img.qunawan.com/ecmme/wan/xl/goods/20170830/201708301837164807_listfull.jpg",
    "title": "额旗A线 成都出发 最美胡杨景致串成流光溢彩的西北拾珠之旅（8日行程）",
    "money": "2980",
    "date": "09/30",
    "city": "成都"
  },
  {
    "url": "http://hd.8264.com/xianlu-171126",
    "img": "http://img.qunawan.com/ecmme/wan/xl/goods/20170830/201708301523533362_listfull.jpg",
    "title": "送装备 塔尔寺青海湖敦煌莫高窟茶卡盐湖额济纳胡杨林张掖丹霞（9日行程）",
    "money": "1000",
    "date": "09/30",
    "city": "朝阳"
  },
  {
    "url": "http://hd.8264.com/xianlu-171186",
    "img": "http://img.qunawan.com/ecmme/wan/xl/goods/20170831/201708311000332931_listfull.jpg",
    "title": "国庆芦芽山 万年冰洞 龙洲丹霞 波浪谷 碛口古镇（4日行程）",
    "money": "880",
    "date": "09/30",
    "city": "北京"
  },
  {
    "url": "http://hd.8264.com/xianlu-171227",
    "img": "http://img.qunawan.com/ecmme/wan/xl/goods/20170831/201708311403068375_listfull.jpg",
    "title": "国庆阿尔山大巴团 呼伦贝尔 满洲里 室韦（8日行程）",
    "money": "2688",
    "date": "09/30",
    "city": "北京"
  },
  {
    "url": "http://hd.8264.com/xianlu-171195",
    "img": "http://img.qunawan.com/ecmme/wan/xl/goods/20170831/201708311102351451_listfull.jpg",
    "title": "国庆青海湖敦煌莫高窟 额济纳胡杨林茶卡盐湖（8日行程）",
    "money": "2600",
    "date": "09/30",
    "city": "北京"
  },
  {
    "url": "http://hd.8264.com/xianlu-171020",
    "img": "http://img.qunawan.com/ecmme/wan/xl/goods/20170829/201708290925192040_listfull.jpg",
    "title": "国庆青海湖 拉卜楞寺 尕海 郎木 黄龙 九寨沟深度游（8日行程）",
    "money": "2880",
    "date": "09/30",
    "city": "北京"
  },
  {
    "url": "http://hd.8264.com/xianlu-170977",
    "img": "http://img.qunawan.com/ecmme/wan/xl/goods/20170827/201708272142483127_listfull.jpg",
    "title": "越南下龙湾河内吉婆岛纯玩户外出境之旅（9日行程）",
    "money": "3780",
    "date": "09/30",
    "city": "成都"
  },
  {
    "url": "http://hd.8264.com/xianlu-170948",
    "img": "http://img.qunawan.com/ecmme/wan/xl/goods/20170826/201708261429487596_listfull.jpg",
    "title": "天池 可可托海 喀纳斯魔鬼城北疆小环线（8日行程）",
    "money": "5180",
    "date": "09/30",
    "city": "新疆"
  },
  {
    "url": "http://hd.8264.com/xianlu-170947",
    "img": "http://img.qunawan.com/ecmme/wan/xl/goods/20170826/201708261407105057_listfull.jpg",
    "title": "国庆 无夜车 寻找遗落人间的天堂 阿尔山如画 长白山斑斓（8日行程）",
    "money": "2650",
    "date": "09/30",
    "city": "东城"
  }
]