[
  {
    "url": "http://hd.8264.com/xianlu-170931",
    "img": "http://img.qunawan.com/ecmme/wan/xl/goods/20170826/201708260712482612_listfull.jpg",
    "title": "精品线路 秋醉北疆三千里 密林里的白桦秋歌（11日行程）",
    "money": "5580",
    "date": "09/23",
    "city": "乌鲁"
  },
  {
    "url": "http://hd.8264.com/xianlu-170927",
    "img": "http://img.qunawan.com/ecmme/wan/xl/goods/20170825/201708252221561277_listfull.jpg",
    "title": "国庆特辑 青海湖大环线 茶卡盐湖德令哈敦煌嘉峪关七彩丹霞（8日行程）",
    "money": "3080",
    "date": "09/30",
    "city": "成都"
  },
  {
    "url": "http://hd.8264.com/xianlu-170881",
    "img": "http://img.qunawan.com/ecmme/wan/xl/goods/20170825/201708250953353639_listfull.jpg",
    "title": "大美色稻 穿过佛国净土 走进最后香格里拉 色达 稻城亚丁（9日行程）",
    "money": "4280",
    "date": "09/30",
    "city": "北京"
  },
  {
    "url": "http://hd.8264.com/xianlu-170878",
    "img": "http://img.qunawan.com/ecmme/wan/xl/goods/20170824/201708242228048690_listfull.jpg",
    "title": "2017恩施秘境深度游（7日行程）",
    "money": "2680",
    "date": "09/23",
    "city": "恩施"
  },
  {
    "url": "http://hd.8264.com/xianlu-170857",
    "img": "http://img.qunawan.com/ecmme/wan/xl/goods/20170824/201708241432318643_listfull.jpg",
    "title": "轻装穿越七尖享受华东户外第二虐（3日行程）",
    "money": "360",
    "date": "09/30",
    "city": "杭州"
  },
  {
    "url": "http://hd.8264.com/xianlu-170866",
    "img": "http://img.qunawan.com/ecmme/wan/xl/goods/20170824/201708241643046619_listfull.jpg",
    "title": "徒步 烧烤 篝火 露营 看日出 滴水湖激情夏日趴（1日行程）",
    "money": "268",
    "date": "09/23",
    "city": "浦东"
  },
  {
    "url": "http://hd.8264.com/xianlu-170801",
    "img": "http://img.qunawan.com/ecmme/wan/xl/goods/20170823/201708231727354739_listfull.jpg",
    "title": "2017国庆云南香格里拉天池探险 你未见过的云南之美（7日行程）",
    "money": "1380",
    "date": "09/30",
    "city": "香格"
  },
  {
    "url": "http://hd.8264.com/xianlu-170770",
    "img": "http://img.qunawan.com/ecmme/wan/xl/goods/20170823/201708231408108988_listfull.jpg",
    "title": "9月10月 新疆北疆喀纳斯活动召集中（9日行程）",
    "money": "4780",
    "date": "09/23",
    "city": "乌鲁"
  },
  {
    "url": "http://hd.8264.com/xianlu-170782",
    "img": "http://img.qunawan.com/ecmme/wan/xl/goods/20170823/201708231516136862_listfull.jpg",
    "title": "金秋专辑 稻城亚丁 探访梦中的香格里拉 稻城亚丁精华游（7日行程）",
    "money": "2880",
    "date": "09/23",
    "city": "西安"
  },
  {
    "url": "http://hd.8264.com/xianlu-170677",
    "img": "http://img.qunawan.com/ecmme/wan/xl/goods/20170822/201708221149056138_listfull.png",
    "title": "国庆洛克线完美穿越（9日行程）",
    "money": "3980",
    "date": "09/30",
    "city": "成都"
  },
  {
    "url": "http://hd.8264.com/xianlu-170628",
    "img": "http://img.qunawan.com/ecmme/wan/xl/goods/20170823/201708230950187586_listfull.jpg",
    "title": "9 23号 新疆喀纳斯 玩9天 秋天的童话 活动已成行（9日行程）",
    "money": "4780",
    "date": "09/30",
    "city": "乌鲁"
  },
  {
    "url": "http://hd.8264.com/xianlu-170617",
    "img": "http://img.qunawan.com/ecmme/wan/xl/goods/20170821/201708211509085815_listfull.png",
    "title": "国庆火车 喀纳斯（8日行程）",
    "money": "4680",
    "date": "09/30",
    "city": "乌鲁"
  },
  {
    "url": "http://hd.8264.com/xianlu-170611",
    "img": "http://img.qunawan.com/ecmme/wan/xl/goods/20170821/201708211440143220_listfull.jpg",
    "title": "国庆大巴 阿尔山 1V1旅行约拍（7日行程）",
    "money": "3180",
    "date": "09/30",
    "city": "北京"
  },
  {
    "url": "http://hd.8264.com/xianlu-170601",
    "img": "http://img.qunawan.com/ecmme/wan/xl/goods/20170821/201708211115278241_listfull.jpg",
    "title": "尼泊尔EBC徒步 珠峰大本营 攀登岛峰（15日行程）",
    "money": "17800",
    "date": "09/30",
    "city": "加德"
  },
  {
    "url": "http://hd.8264.com/xianlu-170571",
    "img": "http://img.qunawan.com/ecmme/wan/xl/goods/20170905/201709051058546379_listfull.jpg",
    "title": "纯摄影 金秋坝上草原万马奔腾纯摄影活动（8日行程）",
    "money": "3680",
    "date": "09/30",
    "city": "渝北"
  },
  {
    "url": "http://hd.8264.com/xianlu-170988",
    "img": "http://img.qunawan.com/ecmme/wan/xl/goods/20170828/201708281047364563_listfull.jpg",
    "title": "轻奢户外 一路有你 首届 旅家 车顶帐篷体验主题露营活动（2日行程）",
    "money": "150",
    "date": "09/23",
    "city": "曲靖"
  },
  {
    "url": "http://hd.8264.com/xianlu-170508",
    "img": "http://img.qunawan.com/ecmme/wan/xl/goods/20170818/201708180104056768_listfull.jpg",
    "title": "北疆俩期 童话之旅 北疆喀纳斯 禾木 哈巴 乌伦古湖（8日行程）",
    "money": "3399",
    "date": "09/30",
    "city": "乌鲁"
  },
  {
    "url": "http://hd.8264.com/xianlu-170486",
    "img": "http://img.qunawan.com/ecmme/wan/xl/goods/20170817/201708171930038494_listfull.jpg",
    "title": "年保玉则 穿越仙女湖 妖女湖 日干措湖徒步驴行（6日行程）",
    "money": "2980",
    "date": "09/30",
    "city": "成都"
  },
  {
    "url": "http://hd.8264.com/xianlu-170422",
    "img": "http://img.qunawan.com/ecmme/wan/xl/goods/20170816/201708161534452205_listfull.png",
    "title": "国庆 芦芽山 万年冰洞 龙洲丹霞 波浪谷 碛口古镇（4日行程）",
    "money": "880",
    "date": "09/30",
    "city": "朝阳"
  },
  {
    "url": "http://hd.8264.com/xianlu-170409",
    "img": "http://img.qunawan.com/ecmme/wan/xl/goods/20170816/201708161419049203_listfull.png",
    "title": "国庆云南 丙中洛 纹面女 梅里雪山 香格里拉怒 独龙江（9日行程）",
    "money": "3380",
    "date": "09/30",
    "city": "朝阳"
  }
]