[
  {
    "url": "http://hd.8264.com/xianlu-170353",
    "img": "http://img.qunawan.com/ecmme/wan/xl/goods/20170815/201708151535331662_listfull.jpg",
    "title": "国庆专线 额济纳 西北丝绸之路休闲摄影活动西北丝绸之路（8日行程）",
    "money": "2500",
    "date": "09/30",
    "city": "北京"
  },
  {
    "url": "http://hd.8264.com/xianlu-170329",
    "img": "http://img.qunawan.com/ecmme/wan/xl/goods/20170815/201708150236267566_listfull.jpg",
    "title": "周末轻装住客栈徒步穿越武功山 黄狗冲 沈子村（2日行程）",
    "money": "299",
    "date": "09/23",
    "city": "长沙"
  },
  {
    "url": "http://hd.8264.com/xianlu-170306",
    "img": "http://img.qunawan.com/ecmme/wan/xl/goods/20170814/201708141641464078_listfull.jpg",
    "title": "送火车票啦 国庆推荐 西北全景青海湖 莫高窟 额济纳胡杨林（8日行程）",
    "money": "3050",
    "date": "09/30",
    "city": "北京"
  },
  {
    "url": "http://hd.8264.com/xianlu-170299",
    "img": "http://img.qunawan.com/ecmme/wan/xl/goods/20170814/201708141527176157_listfull.jpg",
    "title": "国庆十一 游绚丽缤纷 最美长白山 赏奇幻 红色海洋 红海滩（9日行程）",
    "money": "2300",
    "date": "09/30",
    "city": "北京"
  },
  {
    "url": "http://hd.8264.com/xianlu-170246",
    "img": "http://img.qunawan.com/ecmme/wan/xl/goods/20170813/201708132029151423_listfull.png",
    "title": "国庆火车 喀纳斯 迷失的尽头 是北疆的秋（9日行程）",
    "money": "4680",
    "date": "09/30",
    "city": "乌鲁"
  },
  {
    "url": "http://hd.8264.com/xianlu-170244",
    "img": "http://img.qunawan.com/ecmme/wan/xl/goods/20170813/201708132016439912_listfull.jpg",
    "title": "国庆大巴 张家界 主题旅行 之 码农的桃花劫（8日行程）",
    "money": "3180",
    "date": "09/30",
    "city": "北京"
  },
  {
    "url": "http://hd.8264.com/xianlu-170270",
    "img": "http://img.qunawan.com/ecmme/wan/xl/goods/20170814/201708141120558346_listfull.jpeg",
    "title": "十一阿尔山 呼伦贝尔 阿尔山 满洲里 室韦 临江额尔古纳（8日行程）",
    "money": "2580",
    "date": "09/30",
    "city": "北京"
  },
  {
    "url": "http://hd.8264.com/xianlu-170464",
    "img": "http://img.qunawan.com/ecmme/wan/xl/goods/20170817/201708171344065154_listfull.jpg",
    "title": "登顶龙须山 在山脊行走寻大清龙脉 探秘龙丛源古道（3日行程）",
    "money": "360",
    "date": "09/30",
    "city": "宣城"
  },
  {
    "url": "http://hd.8264.com/xianlu-170051",
    "img": "http://img.qunawan.com/ecmme/wan/xl/goods/20170807/201708071743021459_listfull.jpg",
    "title": "年保玉则 仙女湖 妖女湖 日干措湖 徒步驴行（5日行程）",
    "money": "2980",
    "date": "09/30",
    "city": "成都"
  },
  {
    "url": "http://hd.8264.com/xianlu-170003",
    "img": "http://img.qunawan.com/ecmme/wan/xl/goods/20170805/201708051716321876_listfull.jpg",
    "title": "寻找中国最美的露营地（2日行程）",
    "money": "300",
    "date": "09/23",
    "city": "阿拉"
  },
  {
    "url": "http://hd.8264.com/xianlu-169913",
    "img": "http://img.qunawan.com/ecmme/wan/xl/goods/20170803/201708031339572999_listfull.jpg",
    "title": "樂吧 灵山 征服北京第一峰（1日行程）",
    "money": "69",
    "date": "09/23",
    "city": "北京"
  },
  {
    "url": "http://hd.8264.com/xianlu-169907",
    "img": "http://img.qunawan.com/ecmme/wan/xl/goods/20170803/201708031239439569_listfull.jpg",
    "title": "樂吧 梨木台 每周六日发团（1日行程）",
    "money": "89",
    "date": "09/23",
    "city": "北京"
  },
  {
    "url": "http://hd.8264.com/xianlu-169899",
    "img": "http://img.qunawan.com/ecmme/wan/xl/goods/20170803/201708031139247606_listfull.jpg",
    "title": "樂吧 东戴河 每周六发团（2日行程）",
    "money": "349",
    "date": "09/23",
    "city": "北京"
  },
  {
    "url": "http://hd.8264.com/xianlu-169893",
    "img": "http://img.qunawan.com/ecmme/wan/xl/goods/20170803/201708031137152168_listfull.jpg",
    "title": "免门票 特惠 石林峡 每周六日发团（1日行程）",
    "money": "69",
    "date": "09/23",
    "city": "北京"
  },
  {
    "url": "http://hd.8264.com/xianlu-169890",
    "img": "http://img.qunawan.com/ecmme/wan/xl/goods/20170906/201709061457039049_listfull.jpg",
    "title": "国庆节 天神后花园 年保玉则 仙女湖 妖女湖 日干措湖徒步（5日行程）",
    "money": "2980",
    "date": "09/30",
    "city": "成都"
  },
  {
    "url": "http://hd.8264.com/xianlu-169873",
    "img": "http://img.qunawan.com/ecmme/wan/xl/goods/20170802/201708022240138538_listfull.jpg",
    "title": "美丽彝海千年孟获古城休闲纯玩游（2日行程）",
    "money": "360",
    "date": "09/23",
    "city": "成都"
  },
  {
    "url": "http://hd.8264.com/xianlu-169841",
    "img": "http://img.qunawan.com/ecmme/wan/xl/goods/20170802/201708021001579060_listfull.jpg",
    "title": "国庆节 额济纳 西北丝绸之路 休闲摄影活动（8日行程）",
    "money": "2680",
    "date": "09/30",
    "city": "北京"
  },
  {
    "url": "http://hd.8264.com/xianlu-170609",
    "img": "http://img.qunawan.com/ecmme/wan/xl/goods/20170821/201708211436162667_listfull.jpg",
    "title": "国庆大巴 额济纳（8日行程）",
    "money": "3280",
    "date": "09/30",
    "city": "北京"
  },
  {
    "url": "http://hd.8264.com/xianlu-169823",
    "img": "http://img.qunawan.com/ecmme/wan/xl/goods/20170801/201708011712222399_listfull.jpg",
    "title": "金秋九月特价坝上草原狂欢（2日行程）",
    "money": "299",
    "date": "09/23",
    "city": "北京"
  },
  {
    "url": "http://hd.8264.com/xianlu-169809",
    "img": "http://img.qunawan.com/ecmme/wan/xl/goods/20170801/201708011432525569_listfull.jpg",
    "title": "国庆十一 游绚丽缤纷的 最美长白山 感受最真实的朝鲜生活（9日行程）",
    "money": "2300",
    "date": "09/30",
    "city": "北京"
  }
]