[
  {
    "url": "http://hd.8264.com/xianlu-169726",
    "img": "http://img.qunawan.com/ecmme/wan/xl/goods/20170731/201707311429021565_listfull.jpg",
    "title": "纪念即将消失的海坨山 两日扎营（2日行程）",
    "money": "115",
    "date": "09/23",
    "city": "北京"
  },
  {
    "url": "http://hd.8264.com/xianlu-169706",
    "img": "http://img.qunawan.com/ecmme/wan/xl/goods/20170730/201707301821329504_listfull.jpg",
    "title": "国庆皇家围场乌兰布统 草原天路金色之旅（6日行程）",
    "money": "2260",
    "date": "09/24",
    "city": "北京"
  },
  {
    "url": "http://hd.8264.com/xianlu-169685",
    "img": "http://img.qunawan.com/ecmme/wan/xl/goods/20170729/201707291358058407_listfull.jpg",
    "title": "特价78元清远青龙峡漂流 笔架山千古溪探险 玩水 打水仗（1日行程）",
    "money": "78",
    "date": "09/23",
    "city": "广州"
  },
  {
    "url": "http://hd.8264.com/xianlu-171571",
    "img": "http://img.qunawan.com/ecmme/wan/xl/goods/20170906/201709061430062951_listfull.jpg",
    "title": "宁德 霞浦跟团游 霞浦醉美滩涂捕天下醉美风光之旅（5日行程）",
    "money": "2100",
    "date": "09/23",
    "city": "北京"
  },
  {
    "url": "http://hd.8264.com/xianlu-169632",
    "img": "http://img.qunawan.com/ecmme/wan/xl/goods/20170727/201707272104398412_listfull.jpg",
    "title": "2017年九月藏族四大神山之尕朵觉沃转山计划（6日行程）",
    "money": "2870",
    "date": "09/30",
    "city": "格尔"
  },
  {
    "url": "http://hd.8264.com/xianlu-169616",
    "img": "http://img.qunawan.com/ecmme/wan/xl/goods/20170906/201709061142259458_listfull.jpg",
    "title": "万绿湖划艇 划桨板 玩水 扎艇排跳水（1日行程）",
    "money": "299",
    "date": "09/23",
    "city": "河源"
  },
  {
    "url": "http://hd.8264.com/xianlu-169613",
    "img": "http://img.qunawan.com/ecmme/wan/xl/goods/20170727/201707271525365754_listfull.png",
    "title": "国庆 醉美西藏 守望阿里神山圣湖 珠穆朗玛峰 岗仁波齐峰（10日行程）",
    "money": "5980",
    "date": "09/30",
    "city": "拉萨"
  },
  {
    "url": "http://hd.8264.com/xianlu-169612",
    "img": "http://img.qunawan.com/ecmme/wan/xl/goods/20170727/201707271513146180_listfull.jpg",
    "title": "深度摄影 四姑娘山 丹巴 新都桥 贡嘎山 伍须海 海螺沟（8日行程）",
    "money": "2980",
    "date": "09/23",
    "city": "成都"
  },
  {
    "url": "http://hd.8264.com/xianlu-169593",
    "img": "http://img.qunawan.com/ecmme/wan/xl/goods/20170727/201707271243563329_listfull.jpg",
    "title": "国庆 卧铺大巴团 凤凰古城 西江苗寨 小七孔 黄果树瀑布（9日行程）",
    "money": "3280",
    "date": "09/30",
    "city": "北京"
  },
  {
    "url": "http://hd.8264.com/xianlu-169587",
    "img": "http://img.qunawan.com/ecmme/wan/xl/goods/20170727/201707271141172937_listfull.jpg",
    "title": "国庆 湖北恩施 恩施大峡谷 鹤峰屏山 武当山 十堰（8日行程）",
    "money": "2580",
    "date": "09/30",
    "city": "北京"
  },
  {
    "url": "http://hd.8264.com/xianlu-169533",
    "img": "http://img.qunawan.com/ecmme/wan/xl/goods/20170726/201707261530401106_listfull.jpg",
    "title": "国庆 贵州全景游 秘境茂兰 黔东南 西江苗寨 黄果树（9日行程）",
    "money": "4280",
    "date": "09/30",
    "city": "北京"
  },
  {
    "url": "http://hd.8264.com/xianlu-169524",
    "img": "http://img.qunawan.com/ecmme/wan/xl/goods/20170726/201707261319085454_listfull.jpg",
    "title": "国庆 遇见三分之一 海南 浪漫之旅（7日行程）",
    "money": "3180",
    "date": "09/30",
    "city": "三亚"
  },
  {
    "url": "http://hd.8264.com/xianlu-169518",
    "img": "http://img.qunawan.com/ecmme/wan/xl/goods/20170726/201707261211284571_listfull.jpg",
    "title": "大美色稻 穿过佛国净土 走进最后香格里拉 色达 稻城亚丁（8日行程）",
    "money": "4280",
    "date": "09/28",
    "city": "成都"
  },
  {
    "url": "http://hd.8264.com/xianlu-169348",
    "img": "http://img.qunawan.com/ecmme/wan/xl/goods/20170721/201707210146032649_listfull.jpg",
    "title": "青海经典小环线 青海湖 张掖 祁连山 门源 茶卡盐湖（6日行程）",
    "money": "2680",
    "date": "09/30",
    "city": "西宁"
  },
  {
    "url": "http://hd.8264.com/xianlu-170606",
    "img": "http://img.qunawan.com/ecmme/wan/xl/goods/20170823/201708231642507360_listfull.jpg",
    "title": "国庆 呼伦贝尔 阿尔山 满洲里 额尔古纳 莫尔道嘎 最美秋景（8日行程）",
    "money": "2500",
    "date": "09/30",
    "city": "东城"
  },
  {
    "url": "http://hd.8264.com/xianlu-169293",
    "img": "http://img.qunawan.com/ecmme/wan/xl/goods/20170720/201707201044415366_listfull.jpg",
    "title": "天堂中的人来人往 乌孙古道轻装徒步穿越（9日行程）",
    "money": "4980",
    "date": "09/30",
    "city": "乌鲁"
  },
  {
    "url": "http://hd.8264.com/xianlu-169261",
    "img": "http://img.qunawan.com/ecmme/wan/xl/goods/20170813/201708132009586327_listfull.jpg",
    "title": "国庆大巴 恩施 坐着漂浮的小船 穿行在悠长的峡谷里（9日行程）",
    "money": "3280",
    "date": "09/30",
    "city": "北京"
  },
  {
    "url": "http://hd.8264.com/xianlu-169260",
    "img": "http://img.qunawan.com/ecmme/wan/xl/goods/20170813/201708132009061513_listfull.jpg",
    "title": "阿尔山 1V1旅行约拍 置身秋天的童话 用脚步丈量金色的土地（8日行程）",
    "money": "3180",
    "date": "09/30",
    "city": "北京"
  },
  {
    "url": "http://hd.8264.com/xianlu-169255",
    "img": "http://img.qunawan.com/ecmme/wan/xl/goods/20170719/201707191542131285_listfull.jpg",
    "title": "国庆大巴 甘南 隔着时光与你相遇 坠落在上帝的调色板（9日行程）",
    "money": "2980",
    "date": "09/30",
    "city": "北京"
  },
  {
    "url": "http://hd.8264.com/xianlu-169253",
    "img": "http://img.qunawan.com/ecmme/wan/xl/goods/20170719/201707191542098138_listfull.jpg",
    "title": "红海之恋 汕尾南海观世音 红海湾海滨度假区 风车岛（2日行程）",
    "money": "238",
    "date": "09/23",
    "city": "深圳"
  }
]