[
  {
    "url": "http://hd.8264.com/xianlu-169171",
    "img": "http://img.qunawan.com/ecmme/wan/xl/goods/20170718/201707181212341689_listfull.jpg",
    "title": "川西小环线色达 年宝玉则 神座精品小环线 精品小团（5日行程）",
    "money": "1480",
    "date": "09/23",
    "city": "安庆"
  },
  {
    "url": "http://hd.8264.com/xianlu-169074",
    "img": "http://img.qunawan.com/ecmme/wan/xl/goods/20170715/201707151131357436_listfull.jpg",
    "title": "醉美新疆金秋摄影线（11日行程）",
    "money": "5680",
    "date": "09/30",
    "city": "乌鲁"
  },
  {
    "url": "http://hd.8264.com/xianlu-168983",
    "img": "http://img.qunawan.com/ecmme/wan/xl/goods/20170713/201707131430518413_listfull.jpg",
    "title": "天津 北塘古镇出海捕鱼撕名牌大战（1日行程）",
    "money": "100",
    "date": "09/23",
    "city": "北京"
  },
  {
    "url": "http://hd.8264.com/xianlu-168980",
    "img": "http://img.qunawan.com/ecmme/wan/xl/goods/20170713/201707131426006283_listfull.jpg",
    "title": "梦幻夏特古道穿越（8日行程）",
    "money": "3200",
    "date": "09/30",
    "city": "乌鲁"
  },
  {
    "url": "http://hd.8264.com/xianlu-168909",
    "img": "http://img.qunawan.com/ecmme/wan/xl/goods/20170712/201707121449307528_listfull.png",
    "title": "拉萨 羊湖 普姆雍措 珠峰 纳木措寻梦之旅（11日行程）",
    "money": "6880",
    "date": "09/30",
    "city": "拉萨"
  },
  {
    "url": "http://hd.8264.com/xianlu-168892",
    "img": "http://img.qunawan.com/ecmme/wan/xl/goods/20170712/201707121255182319_listfull.jpg",
    "title": "花开正当时 我在草原你在哪里 摄影盛宴（8日行程）",
    "money": "880",
    "date": "09/23",
    "city": "大兴"
  },
  {
    "url": "http://hd.8264.com/xianlu-168880",
    "img": "http://img.qunawan.com/ecmme/wan/xl/goods/20170712/201707121134322986_listfull.png",
    "title": "年保玉则仙女湖 妖女湖 上下日干措之旅（6日行程）",
    "money": "2980",
    "date": "09/30",
    "city": "成都"
  },
  {
    "url": "http://hd.8264.com/xianlu-168872",
    "img": "http://img.qunawan.com/ecmme/wan/xl/goods/20170712/201707121102524276_listfull.jpg",
    "title": "眼在天堂身在地狱 让我们一起踏入珠穆秘境 嘎玛沟徒步（12日行程）",
    "money": "11580",
    "date": "09/30",
    "city": "拉萨"
  },
  {
    "url": "http://hd.8264.com/xianlu-168766",
    "img": "http://img.qunawan.com/ecmme/wan/xl/goods/20170711/201707111045019996_listfull.jpg",
    "title": "国庆深秋 年保玉则 仙女湖 妖女湖 日干措湖 穿越（5日行程）",
    "money": "2980",
    "date": "09/30",
    "city": "成都"
  },
  {
    "url": "http://hd.8264.com/xianlu-168743",
    "img": "http://img.qunawan.com/ecmme/wan/xl/goods/20170711/201707110313381609_listfull.png",
    "title": "呼伦贝尔草原 阿尔山天池 满洲里 根河湿地 室韦 莫尔道嘎（8日行程）",
    "money": "3080",
    "date": "09/23",
    "city": "呼伦"
  },
  {
    "url": "http://hd.8264.com/xianlu-168734",
    "img": "http://img.qunawan.com/ecmme/wan/xl/goods/20170710/201707101851444269_listfull.png",
    "title": "稻城 你不走 我来与你相逢 成都出发 越野（6日行程）",
    "money": "1980",
    "date": "09/23",
    "city": "成都"
  },
  {
    "url": "http://hd.8264.com/xianlu-168691",
    "img": "http://img.qunawan.com/ecmme/wan/xl/goods/20170710/201707101601525483_listfull.jpg",
    "title": "天开花海 浪漫仲夏 萤火虫之夜 回归大自然（1日行程）",
    "money": "79",
    "date": "09/23",
    "city": "北京"
  },
  {
    "url": "http://hd.8264.com/xianlu-168556",
    "img": "http://img.qunawan.com/ecmme/wan/xl/goods/20170707/201707071449268744_listfull.jpg",
    "title": "天堂中的人来人往 乌孙古道重装徒步穿越（9日行程）",
    "money": "2980",
    "date": "09/30",
    "city": "乌鲁"
  },
  {
    "url": "http://hd.8264.com/xianlu-170608",
    "img": "http://img.qunawan.com/ecmme/wan/xl/goods/20170821/201708211412096079_listfull.jpg",
    "title": "国庆大巴 甘南 隔着时光与你相遇（8日行程）",
    "money": "2980",
    "date": "09/30",
    "city": "北京"
  },
  {
    "url": "http://hd.8264.com/xianlu-168515",
    "img": "http://img.qunawan.com/ecmme/wan/xl/goods/20170707/201707071014362475_listfull.jpg",
    "title": "深度摄影 大美新疆之秋醉北疆三千里 密林里的白桦秋歌（11日行程）",
    "money": "5580",
    "date": "09/23",
    "city": "乌鲁"
  },
  {
    "url": "http://hd.8264.com/xianlu-168514",
    "img": "http://img.qunawan.com/ecmme/wan/xl/goods/20170707/201707071010484647_listfull.jpg",
    "title": "青藏线 世界屋脊上引人入胜的天然奇观 越野青藏游（8日行程）",
    "money": "4600",
    "date": "09/30",
    "city": "拉萨"
  },
  {
    "url": "http://hd.8264.com/xianlu-170614",
    "img": "http://img.qunawan.com/ecmme/wan/xl/goods/20170821/201708211456084245_listfull.jpg",
    "title": "国庆大巴 张家界（7日行程）",
    "money": "3180",
    "date": "09/30",
    "city": "北京"
  },
  {
    "url": "http://hd.8264.com/xianlu-171582",
    "img": "http://img.qunawan.com/ecmme/wan/xl/goods/20170906/201709061558085770_listfull.jpg",
    "title": "金秋超值额济纳旗 载着岁月风霜的胡杨林 只为你来见我一面（9日行程）",
    "money": "2980",
    "date": "09/30",
    "city": "成都"
  },
  {
    "url": "http://hd.8264.com/xianlu-168464",
    "img": "http://img.qunawan.com/ecmme/wan/xl/goods/20170706/201707061127032198_listfull.jpg",
    "title": "十一国庆西藏阿里羊湖卡若拉冰川珠穆朗玛峰玛旁雍措冈仁波齐峰（10日行程）",
    "money": "5980",
    "date": "09/30",
    "city": "拉萨"
  },
  {
    "url": "http://hd.8264.com/xianlu-168433",
    "img": "http://img.qunawan.com/ecmme/wan/xl/goods/20170705/201707051906409431_listfull.jpg",
    "title": "徒步阿里 心灵的朝拜 时光的轮转 转山行（12日行程）",
    "money": "6900",
    "date": "09/30",
    "city": "成都"
  }
]