[
  {
    "url": "http://hd.8264.com/xianlu-168426",
    "img": "http://img.qunawan.com/ecmme/wan/xl/goods/20170705/201707051802376751_listfull.jpg",
    "title": "徒步阿里 心灵的朝拜 时光的轮转 转山行（12日行程）",
    "money": "6900",
    "date": "09/30",
    "city": "拉萨"
  },
  {
    "url": "http://hd.8264.com/xianlu-168402",
    "img": "http://img.qunawan.com/ecmme/wan/xl/goods/20170705/201707051546051608_listfull.jpg",
    "title": "青藏线 世界屋脊上引人入胜的天然奇观 越野青藏（8日行程）",
    "money": "4600",
    "date": "09/30",
    "city": "西宁"
  },
  {
    "url": "http://hd.8264.com/xianlu-168339",
    "img": "http://img.qunawan.com/ecmme/wan/xl/goods/20170704/201707041727298241_listfull.png",
    "title": "呼伦贝尔草原 大兴安岭 满洲里 根河湿地 室韦 莫尔道嘎（6日行程）",
    "money": "2680",
    "date": "09/23",
    "city": "呼伦"
  },
  {
    "url": "http://hd.8264.com/xianlu-168314",
    "img": "http://img.qunawan.com/ecmme/wan/xl/goods/20170704/201707041124423732_listfull.png",
    "title": "丝绸之路 张掖丹霞 莫高窟 鸣沙山月牙泉 青海湖（9日行程）",
    "money": "3980",
    "date": "09/23",
    "city": "兰州"
  },
  {
    "url": "http://hd.8264.com/xianlu-168263",
    "img": "http://img.qunawan.com/ecmme/wan/xl/goods/20170703/201707031629504758_listfull.jpg",
    "title": "小包团 喀纳斯 白哈巴 禾木 可可托海最魅秋色（8日行程）",
    "money": "3980",
    "date": "09/30",
    "city": "乌鲁"
  },
  {
    "url": "http://hd.8264.com/xianlu-171570",
    "img": "http://img.qunawan.com/ecmme/wan/xl/goods/20170906/201709061338008987_listfull.jpg",
    "title": "国庆 额济纳胡杨林 青海湖 茶卡盐湖 张掖丹霞 敦煌 魔鬼城（9日行程）",
    "money": "1999",
    "date": "09/30",
    "city": "朝阳"
  },
  {
    "url": "http://hd.8264.com/xianlu-168212",
    "img": "http://img.qunawan.com/ecmme/wan/xl/goods/20170725/201707251724575485_listfull.jpg",
    "title": "渤海明珠翡翠岛 滑沙 ktv 烧烤（2日行程）",
    "money": "280",
    "date": "09/23",
    "city": "北京"
  },
  {
    "url": "http://hd.8264.com/xianlu-168200",
    "img": "http://img.qunawan.com/ecmme/wan/xl/goods/20170702/201707022247527070_listfull.jpg",
    "title": "一万个加班的日夜就是为了说走就走的新疆之行（10日行程）",
    "money": "8780",
    "date": "09/30",
    "city": "杭州"
  },
  {
    "url": "http://hd.8264.com/xianlu-168211",
    "img": "http://img.qunawan.com/ecmme/wan/xl/goods/20170703/201707031037305382_listfull.jpg",
    "title": "玉渡山 香闸瀑布休闲徒步（1日行程）",
    "money": "70",
    "date": "09/23",
    "city": "北京"
  },
  {
    "url": "http://hd.8264.com/xianlu-168167",
    "img": "http://img.qunawan.com/ecmme/wan/xl/goods/20170701/201707011041125235_listfull.jpg",
    "title": "走进天神的后花园拉卜楞寺桑科草原九寨沟年保玉则兰州集合成都散（8日行程）",
    "money": "3780",
    "date": "09/30",
    "city": "兰州"
  },
  {
    "url": "http://hd.8264.com/xianlu-168141",
    "img": "http://img.qunawan.com/ecmme/wan/xl/goods/20170710/201707101243162271_listfull.jpg",
    "title": "北方梦里桃花源 清凉谷 戏水 爬山 有山有水（1日行程）",
    "money": "70",
    "date": "09/23",
    "city": "北京"
  },
  {
    "url": "http://hd.8264.com/xianlu-168123",
    "img": "http://img.qunawan.com/ecmme/wan/xl/goods/20170630/201706301030493642_listfull.jpg",
    "title": "畅游小兴安岭 走马海兰泡（9日行程）",
    "money": "4680",
    "date": "09/30",
    "city": "哈尔"
  },
  {
    "url": "http://hd.8264.com/xianlu-168090",
    "img": "http://img.qunawan.com/ecmme/wan/xl/goods/20170629/201706291643195761_listfull.jpg",
    "title": "青藏线 世界屋脊上引人入胜的天然奇观 越野青藏（8日行程）",
    "money": "4600",
    "date": "09/30",
    "city": "西宁"
  },
  {
    "url": "http://hd.8264.com/xianlu-169140",
    "img": "http://img.qunawan.com/ecmme/wan/xl/goods/20170717/201707171510526128_listfull.jpg",
    "title": "大美新疆之五彩滩 白沙湖活动召集（8日行程）",
    "money": "4099",
    "date": "09/23",
    "city": "乌鲁"
  },
  {
    "url": "http://hd.8264.com/xianlu-168074",
    "img": "http://img.qunawan.com/ecmme/wan/xl/goods/20170629/201706291549086063_listfull.jpg",
    "title": "梦回天堂拉萨 纳木措全景纯玩寻梦之旅（11日行程）",
    "money": "6800",
    "date": "09/30",
    "city": "拉萨"
  },
  {
    "url": "http://hd.8264.com/xianlu-168070",
    "img": "http://img.qunawan.com/ecmme/wan/xl/goods/20170629/201706291530397472_listfull.jpg",
    "title": "北京第一高峰东灵山 下马威 五指山 东灵主峰 下马威（1日行程）",
    "money": "70",
    "date": "09/23",
    "city": "北京"
  },
  {
    "url": "http://hd.8264.com/xianlu-168058",
    "img": "http://img.qunawan.com/ecmme/wan/xl/goods/20170629/201706291448194417_listfull.png",
    "title": "潮尚户外 恩施大峡谷 鹤峰屏山 神农架 武当山 十堰（8日行程）",
    "money": "2580",
    "date": "09/30",
    "city": "昆明"
  },
  {
    "url": "http://hd.8264.com/xianlu-168046",
    "img": "http://img.qunawan.com/ecmme/wan/xl/goods/20170629/201706291234124141_listfull.jpg",
    "title": "华北明珠白洋淀 荷花大观园 芦苇荡 荷花丛（1日行程）",
    "money": "170",
    "date": "09/23",
    "city": "北京"
  },
  {
    "url": "http://hd.8264.com/xianlu-168030",
    "img": "http://img.qunawan.com/ecmme/wan/xl/goods/20170629/201706291121378071_listfull.jpg",
    "title": "梦回天堂拉萨 纳木措全景纯玩寻梦之旅（11日行程）",
    "money": "6800",
    "date": "09/30",
    "city": "拉萨"
  },
  {
    "url": "http://hd.8264.com/xianlu-168027",
    "img": "http://img.qunawan.com/ecmme/wan/xl/goods/20170629/201706291120485140_listfull.jpg",
    "title": "京郊最美小九寨 玉渡山 高山草坪 忘忧湖（1日行程）",
    "money": "70",
    "date": "09/23",
    "city": "北京"
  }
]