[
  {
    "url": "http://hd.8264.com/xianlu-168009",
    "img": "http://img.qunawan.com/ecmme/wan/xl/goods/20170629/201706291039083092_listfull.jpg",
    "title": "徒步阿里 心灵的朝拜 时光的轮转 转山行（12日行程）",
    "money": "6900",
    "date": "09/30",
    "city": "拉萨"
  },
  {
    "url": "http://hd.8264.com/xianlu-168002",
    "img": "http://img.qunawan.com/ecmme/wan/xl/goods/20170629/201706290945319049_listfull.jpg",
    "title": "高空跳伞 做一次大胆尝试（1日行程）",
    "money": "4270",
    "date": "09/22",
    "city": "石家"
  },
  {
    "url": "http://hd.8264.com/xianlu-167880",
    "img": "http://img.qunawan.com/ecmme/wan/xl/goods/20170627/201706271613423944_listfull.jpg",
    "title": "徒步 年保玉则仙女湖 妖女湖 上下日干措徒步之旅（6日行程）",
    "money": "2980",
    "date": "09/30",
    "city": "成都"
  },
  {
    "url": "http://hd.8264.com/xianlu-167843",
    "img": "http://img.qunawan.com/ecmme/wan/xl/goods/20170627/201706271444485509_listfull.jpg",
    "title": "九寨沟年宝玉则摄影（8日行程）",
    "money": "3580",
    "date": "09/23",
    "city": "成都"
  },
  {
    "url": "http://hd.8264.com/xianlu-167756",
    "img": "http://img.qunawan.com/ecmme/wan/xl/goods/20170626/201706261625325924_listfull.jpg",
    "title": "青藏线 世界屋脊上引人入胜的天然奇观 越野青藏（8日行程）",
    "money": "4600",
    "date": "09/30",
    "city": "成都"
  },
  {
    "url": "http://hd.8264.com/xianlu-167752",
    "img": "http://img.qunawan.com/ecmme/wan/xl/goods/20170626/201706261600153493_listfull.jpg",
    "title": "梦回天堂拉萨 纳木措全景纯玩 寻梦之旅（11日行程）",
    "money": "6880",
    "date": "09/30",
    "city": "成都"
  },
  {
    "url": "http://hd.8264.com/xianlu-167722",
    "img": "http://img.qunawan.com/ecmme/wan/xl/goods/20170626/201706261047092119_listfull.jpg",
    "title": "国庆 青海丝绸之路 胡杨林大环线（8日行程）",
    "money": "2999",
    "date": "09/30",
    "city": "西宁"
  },
  {
    "url": "http://hd.8264.com/xianlu-167651",
    "img": "http://img.qunawan.com/ecmme/wan/xl/goods/20170624/201706241322363777_listfull.jpg",
    "title": "2017国庆 新 珠峰东坡嘎玛沟徒步摄影团（16日行程）",
    "money": "17888",
    "date": "09/30",
    "city": "拉萨"
  },
  {
    "url": "http://hd.8264.com/xianlu-167598",
    "img": "http://img.qunawan.com/ecmme/wan/xl/goods/20170623/201706231445396704_listfull.jpg",
    "title": "徒步 年保玉则仙女湖 妖女湖 上下日干措徒步（6日行程）",
    "money": "2980",
    "date": "09/30",
    "city": "成都"
  },
  {
    "url": "http://hd.8264.com/xianlu-167588",
    "img": "http://img.qunawan.com/ecmme/wan/xl/goods/20170623/201706231125201643_listfull.jpg",
    "title": "世界屋脊上引人入胜的天然奇观 越野青藏（8日行程）",
    "money": "4600",
    "date": "09/30",
    "city": "西宁"
  },
  {
    "url": "http://hd.8264.com/xianlu-167574",
    "img": "http://img.qunawan.com/ecmme/wan/xl/goods/20170623/201706230144484851_listfull.jpg",
    "title": "暑期花季 国庆 年保玉则仙女湖 妖女湖 日干措湖穿越（6日行程）",
    "money": "2980",
    "date": "09/30",
    "city": "成都"
  },
  {
    "url": "http://hd.8264.com/xianlu-167927",
    "img": "http://img.qunawan.com/ecmme/wan/xl/goods/20170628/201706280928538086_listfull.jpg",
    "title": "天堂中的人来人往 乌孙古道重装徒步穿越（9日行程）",
    "money": "2980",
    "date": "09/30",
    "city": "乌鲁"
  },
  {
    "url": "http://hd.8264.com/xianlu-167502",
    "img": "http://img.qunawan.com/ecmme/wan/xl/goods/20170621/201706211403146256_listfull.jpg",
    "title": "徒步阿里 心灵的朝拜 时光的轮转 转山行（12日行程）",
    "money": "6900",
    "date": "09/30",
    "city": "成都"
  },
  {
    "url": "http://hd.8264.com/xianlu-167485",
    "img": "http://img.qunawan.com/ecmme/wan/xl/goods/20170621/201706211125338009_listfull.jpg",
    "title": "北方的张家界 天云山 云中漫步透明玻璃桥（1日行程）",
    "money": "70",
    "date": "09/23",
    "city": "北京"
  },
  {
    "url": "http://hd.8264.com/xianlu-167493",
    "img": "http://img.qunawan.com/ecmme/wan/xl/goods/20170621/201706211202385245_listfull.jpg",
    "title": "青藏线 世界屋脊上引人入胜的天然奇观 越野青藏游（8日行程）",
    "money": "4600",
    "date": "09/30",
    "city": "成都"
  },
  {
    "url": "http://hd.8264.com/xianlu-167479",
    "img": "http://img.qunawan.com/ecmme/wan/xl/goods/20170621/201706211040492842_listfull.jpg",
    "title": "徒步 年保玉则仙女湖 妖女湖 上下日干措徒步（6日行程）",
    "money": "2980",
    "date": "09/30",
    "city": "安庆"
  },
  {
    "url": "http://hd.8264.com/xianlu-167461",
    "img": "http://img.qunawan.com/ecmme/wan/xl/goods/20170621/201706210959266397_listfull.jpg",
    "title": "雀儿山攀登计划（9日行程）",
    "money": "9800",
    "date": "09/30",
    "city": "甘孜"
  },
  {
    "url": "http://hd.8264.com/xianlu-167436",
    "img": "http://img.qunawan.com/ecmme/wan/xl/goods/20170620/201706201745018538_listfull.jpg",
    "title": "果洛秘境 年保玉则 仙女湖 妖女湖 上下日干措 徒步（6日行程）",
    "money": "2980",
    "date": "09/30",
    "city": "成都"
  },
  {
    "url": "http://hd.8264.com/xianlu-167334",
    "img": "http://img.qunawan.com/ecmme/wan/xl/goods/20170620/201706200912036774_listfull.jpg",
    "title": "金秋九月 喀纳斯自驾游（8日行程）",
    "money": "4280",
    "date": "09/30",
    "city": "乌鲁"
  },
  {
    "url": "http://hd.8264.com/xianlu-167305",
    "img": "http://img.qunawan.com/ecmme/wan/xl/goods/20170619/201706191710089002_listfull.jpg",
    "title": "乌兰布统越野深度游 每周末带你逃离城市 享受宁静（2日行程）",
    "money": "499",
    "date": "09/23",
    "city": "北京"
  }
]