[
  {
    "url": "http://hd.8264.com/xianlu-171102",
    "img": "http://img.qunawan.com/ecmme/wan/xl/goods/20170830/201708301051319046_listfull.png",
    "title": "恶魔岛 赌城 死亡谷 恶水盆地 血拼圣地 是时候来点高级的了（10日行程）",
    "money": "18800",
    "date": "09/22",
    "city": "纽约"
  },
  {
    "url": "http://hd.8264.com/xianlu-171218",
    "img": "http://img.qunawan.com/ecmme/wan/xl/goods/20170831/201708311306397322_listfull.jpg",
    "title": "2017国庆 半脊峰5430米攀登 行走在云端之上（6日行程）",
    "money": "6800",
    "date": "09/23",
    "city": "成都"
  },
  {
    "url": "http://hd.8264.com/xianlu-171099",
    "img": "http://img.qunawan.com/ecmme/wan/xl/goods/20170830/201708301029128873_listfull.png",
    "title": "出门就是梯田 古韵不输乌镇 浙江处女美景地大柯你来过吗（2日行程）",
    "money": "1880",
    "date": "09/22",
    "city": "杭州"
  },
  {
    "url": "http://hd.8264.com/xianlu-171433",
    "img": "http://img.qunawan.com/ecmme/wan/xl/goods/20170904/201709041211161575_listfull.jpg",
    "title": "佛国色达 在佛学院拆迁前 一定要去一次色达（4日行程）",
    "money": "780",
    "date": "09/22",
    "city": "成都"
  },
  {
    "url": "http://hd.8264.com/xianlu-171096",
    "img": "http://img.qunawan.com/ecmme/wan/xl/goods/20170830/201708301021071817_listfull.jpg",
    "title": "大漠大环线 额济纳胡杨林 巴丹吉林沙漠 青海敦煌仙米彩林（12日行程）",
    "money": "6580",
    "date": "09/27",
    "city": "西宁"
  },
  {
    "url": "http://hd.8264.com/xianlu-171087",
    "img": "http://img.qunawan.com/ecmme/wan/xl/goods/20170830/201708300929524120_listfull.png",
    "title": "四姑娘山大峰初级雪山攀登体验（3日行程）",
    "money": "1580",
    "date": "09/22",
    "city": "成都"
  },
  {
    "url": "http://hd.8264.com/xianlu-171109",
    "img": "http://img.qunawan.com/ecmme/wan/xl/goods/20170830/201708301159135414_listfull.jpg",
    "title": "国庆深秋 秘境色达 党岭 莫斯卡 丹巴藏寨 四姑娘山摄影（8日行程）",
    "money": "3480",
    "date": "09/23",
    "city": "成都"
  },
  {
    "url": "http://hd.8264.com/xianlu-171078",
    "img": "http://img.qunawan.com/ecmme/wan/xl/goods/20170829/201708292159235104_listfull.jpg",
    "title": "进阶级雪山攀登 5588米那玛峰（6日行程）",
    "money": "5200",
    "date": "10/01",
    "city": "成都"
  },
  {
    "url": "http://hd.8264.com/xianlu-171086",
    "img": "http://img.qunawan.com/ecmme/wan/xl/goods/20170830/201708300910427667_listfull.jpg",
    "title": "入门级雪山攀登 四姑娘山二峰（3日行程）",
    "money": "1680",
    "date": "09/22",
    "city": "成都"
  },
  {
    "url": "http://hd.8264.com/xianlu-171064",
    "img": "http://img.qunawan.com/ecmme/wan/xl/goods/20170829/201708291713057140_listfull.jpg",
    "title": "贡嘎朝圣 贡嘎转山 徒步贡嘎 贡嘎大环线完美穿越（7日行程）",
    "money": "2880",
    "date": "09/23",
    "city": "成都"
  },
  {
    "url": "http://hd.8264.com/xianlu-171058",
    "img": "http://img.qunawan.com/ecmme/wan/xl/goods/20170829/201708291645397676_listfull.jpg",
    "title": "探洞体验 地心历险记（2日行程）",
    "money": "560",
    "date": "10/07",
    "city": "成都"
  },
  {
    "url": "http://hd.8264.com/xianlu-171008",
    "img": "http://img.qunawan.com/ecmme/wan/xl/goods/20170828/201708281719113776_listfull.jpg",
    "title": "探秘西藏中国人文景观大道川藏南线 稻城亚丁 每期成行（10日行程）",
    "money": "6800",
    "date": "09/22",
    "city": "成都"
  },
  {
    "url": "http://hd.8264.com/xianlu-170963",
    "img": "http://img.qunawan.com/ecmme/wan/xl/goods/20170827/201708271011448786_listfull.png",
    "title": "川藏线 318 海螺沟 稻城亚丁 米堆冰川 林芝 拉萨（10日行程）",
    "money": "3480",
    "date": "09/22",
    "city": "成都"
  },
  {
    "url": "http://hd.8264.com/xianlu-170964",
    "img": "http://img.qunawan.com/ecmme/wan/xl/goods/20170827/201708271033245928_listfull.jpg",
    "title": "天天出发 最后的香格里拉 稻城亚丁（7日行程）",
    "money": "1880",
    "date": "09/22",
    "city": "成都"
  },
  {
    "url": "http://hd.8264.com/xianlu-170950",
    "img": "http://img.qunawan.com/ecmme/wan/xl/goods/20170826/201708261438254237_listfull.jpg",
    "title": "金秋额济纳旗胡杨林（7日行程）",
    "money": "3680",
    "date": "09/25",
    "city": "西宁"
  },
  {
    "url": "http://hd.8264.com/xianlu-170921",
    "img": "http://img.qunawan.com/ecmme/wan/xl/goods/20170825/201708251835347355_listfull.png",
    "title": "乐山峨眉山 成都周边游 纯玩团（2日行程）",
    "money": "720",
    "date": "09/22",
    "city": "成都"
  },
  {
    "url": "http://hd.8264.com/xianlu-170909",
    "img": "http://img.qunawan.com/ecmme/wan/xl/goods/20170825/201708251640111520_listfull.jpg",
    "title": "最近接天堂的地方 拉萨（16日行程）",
    "money": "5800",
    "date": "09/22",
    "city": "成都"
  },
  {
    "url": "http://hd.8264.com/xianlu-170919",
    "img": "http://img.qunawan.com/ecmme/wan/xl/goods/20170825/201708251819109065_listfull.png",
    "title": "成都周边游 都江堰青城山 纯玩团（1日行程）",
    "money": "298",
    "date": "09/22",
    "city": "成都"
  },
  {
    "url": "http://hd.8264.com/xianlu-170906",
    "img": "http://img.qunawan.com/ecmme/wan/xl/goods/20170825/201708251551034155_listfull.jpg",
    "title": "极限中国 高空跳伞 国内最低价（1日行程）",
    "money": "3000",
    "date": "09/22",
    "city": "阳江"
  },
  {
    "url": "http://hd.8264.com/xianlu-170884",
    "img": "http://img.qunawan.com/ecmme/wan/xl/goods/20170825/201708251028555375_listfull.jpg",
    "title": "雀儿山6168米技术型登山探险活动（8日行程）",
    "money": "1",
    "date": "09/22",
    "city": "甘孜"
  }
]