[
  {
    "url": "http://hd.8264.com/xianlu-167259",
    "img": "http://img.qunawan.com/ecmme/wan/xl/goods/20170619/201706191251483901_listfull.jpg",
    "title": "喀纳斯大环线穿越 那仁牧场 双湖 小黑湖秘境之旅（11日行程）",
    "money": "4100",
    "date": "09/23",
    "city": "乌鲁"
  },
  {
    "url": "http://hd.8264.com/xianlu-167272",
    "img": "http://img.qunawan.com/ecmme/wan/xl/goods/20170619/201706191407107322_listfull.jpg",
    "title": "年宝穿越 年保玉则仙女湖妖女湖上下日干错徒步（6日行程）",
    "money": "2980",
    "date": "09/30",
    "city": "成都"
  },
  {
    "url": "http://hd.8264.com/xianlu-167138",
    "img": "http://img.qunawan.com/ecmme/wan/xl/goods/20170616/201706161505501768_listfull.jpg",
    "title": "带您漫步 百花山 登高远眺心旷神怡 登山 摄影 休闲（1日行程）",
    "money": "70",
    "date": "09/23",
    "city": "北京"
  },
  {
    "url": "http://hd.8264.com/xianlu-167094",
    "img": "http://img.qunawan.com/ecmme/wan/xl/goods/20170615/201706152041016623_listfull.jpg",
    "title": "黄腾峡漂流之王玩水 山水乐园 清爽一夏 一起去湿身吧（1日行程）",
    "money": "139",
    "date": "09/23",
    "city": "广州"
  },
  {
    "url": "http://hd.8264.com/xianlu-166805",
    "img": "http://img.qunawan.com/ecmme/wan/xl/goods/20170612/201706121837065458_listfull.jpg",
    "title": "雪山极限 四姑娘山大峰 二峰连登入门级雪山攀登体验级（7日行程）",
    "money": "3200",
    "date": "09/30",
    "city": "成都"
  },
  {
    "url": "http://hd.8264.com/xianlu-169522",
    "img": "http://img.qunawan.com/ecmme/wan/xl/goods/20170726/201707261255501804_listfull.png",
    "title": "徒步中国最原始村落 雨崩村 寻找香巴拉 虎跳峡 朝圣梅里雪山（7日行程）",
    "money": "2280",
    "date": "09/30",
    "city": "丽江"
  },
  {
    "url": "http://hd.8264.com/xianlu-168217",
    "img": "http://img.qunawan.com/ecmme/wan/xl/goods/20170703/201707031102067499_listfull.jpg",
    "title": "漫步东戴河沙滩一起踏浪嬉戏（2日行程）",
    "money": "360",
    "date": "09/23",
    "city": "北京"
  },
  {
    "url": "http://hd.8264.com/xianlu-166676",
    "img": "http://img.qunawan.com/ecmme/wan/xl/goods/20170610/201706101426548793_listfull.jpg",
    "title": "年保玉则仙女湖妖女湖上下日干错徒步（6日行程）",
    "money": "2980",
    "date": "09/30",
    "city": "成都"
  },
  {
    "url": "http://hd.8264.com/xianlu-168987",
    "img": "http://img.qunawan.com/ecmme/wan/xl/goods/20170713/201707131504316786_listfull.jpg",
    "title": "京郊 石林峡 高空UFO玻璃观景台 挑战极限（1日行程）",
    "money": "70",
    "date": "09/23",
    "city": "北京"
  },
  {
    "url": "http://hd.8264.com/xianlu-166596",
    "img": "http://img.qunawan.com/ecmme/wan/xl/goods/20170608/201706081927292053_listfull.png",
    "title": "玄奘西行之心动新疆之旅（10日行程）",
    "money": "11770",
    "date": "09/30",
    "city": "乌鲁"
  },
  {
    "url": "http://hd.8264.com/xianlu-166570",
    "img": "http://img.qunawan.com/ecmme/wan/xl/goods/20170608/201706081436226634_listfull.jpg",
    "title": "高端定制 科考线路 洞穴探险 天坑速降 玩转单绳技术 SRT（6日行程）",
    "money": "5980",
    "date": "09/30",
    "city": "河池"
  },
  {
    "url": "http://hd.8264.com/xianlu-167776",
    "img": "http://img.qunawan.com/ecmme/wan/xl/goods/20170626/201706261815429021_listfull.jpg",
    "title": "精品线路 秋醉北疆三千里 密林里的白桦秋歌（11日行程）",
    "money": "5580",
    "date": "09/23",
    "city": "乌鲁"
  },
  {
    "url": "http://hd.8264.com/xianlu-166465",
    "img": "http://img.qunawan.com/ecmme/wan/xl/goods/20170607/201706071507064555_listfull.gif",
    "title": "环北疆喀纳斯伊犁深度游（8日行程）",
    "money": "2880",
    "date": "09/23",
    "city": "乌鲁"
  },
  {
    "url": "http://hd.8264.com/xianlu-166445",
    "img": "http://img.qunawan.com/ecmme/wan/xl/goods/20170607/201706071407087859_listfull.jpg",
    "title": "登高峰尽揽千山万壑 京东大峡谷 玻璃栈道（1日行程）",
    "money": "70",
    "date": "09/23",
    "city": "北京"
  },
  {
    "url": "http://hd.8264.com/xianlu-166235",
    "img": "http://img.qunawan.com/ecmme/wan/xl/goods/20170605/201706051344523905_listfull.png",
    "title": "昆仑寻踪 探秘万祖之源 穿越戈壁 感受古丝绸之路（9日行程）",
    "money": "4580",
    "date": "09/23",
    "city": "西宁"
  },
  {
    "url": "http://hd.8264.com/xianlu-166228",
    "img": "http://img.qunawan.com/ecmme/wan/xl/goods/20170605/201706051647391724_listfull.png",
    "title": "穿越藏地之藏地飞歌 自由行 含住宿（13日行程）",
    "money": "6580",
    "date": "09/23",
    "city": "兰州"
  },
  {
    "url": "http://hd.8264.com/xianlu-166122",
    "img": "http://img.qunawan.com/ecmme/wan/xl/goods/20170604/201706040545325579_listfull.png",
    "title": "呼伦贝尔草原 阿尔山天池 满洲里 根河湿地 室韦 莫尔道嘎（8日行程）",
    "money": "3080",
    "date": "09/23",
    "city": "乌兰"
  },
  {
    "url": "http://hd.8264.com/xianlu-166120",
    "img": "http://img.qunawan.com/ecmme/wan/xl/goods/20170603/201706032251359025_listfull.png",
    "title": "走进呼伦贝尔草原 大兴安岭 满洲里 根河湿地 室韦 莫尔道嘎（6日行程）",
    "money": "2680",
    "date": "09/23",
    "city": "呼伦"
  },
  {
    "url": "http://hd.8264.com/xianlu-170402",
    "img": "http://img.qunawan.com/ecmme/wan/xl/goods/20170816/201708161335198844_listfull.png",
    "title": "晋善晋美山西行 乔家大院 平遥古城 美食文化（2日行程）",
    "money": "280",
    "date": "09/22",
    "city": "朝阳"
  },
  {
    "url": "http://hd.8264.com/xianlu-165965",
    "img": "http://img.qunawan.com/ecmme/wan/xl/goods/20170601/201706012203154697_listfull.jpg",
    "title": "阿婆田徒步溯溪泡潭玩水 避暑 感受原始自然 品味高山麻鸡（1日行程）",
    "money": "99",
    "date": "09/23",
    "city": "广州"
  }
]