[
  {
    "url": "http://hd.8264.com/xianlu-165850",
    "img": "http://img.qunawan.com/ecmme/wan/xl/goods/20170531/201705311353281446_listfull.png",
    "title": "周末红岩顶与你相约云海日出（2日行程）",
    "money": "248",
    "date": "09/23",
    "city": "成都"
  },
  {
    "url": "http://hd.8264.com/xianlu-165779",
    "img": "http://img.qunawan.com/ecmme/wan/xl/goods/20170527/201705271531381376_listfull.jpg",
    "title": "越野车穿越呼伦贝尔大草原中俄边境线 深度体验游（7日行程）",
    "money": "2980",
    "date": "09/25",
    "city": "呼伦"
  },
  {
    "url": "http://hd.8264.com/xianlu-170604",
    "img": "http://img.qunawan.com/ecmme/wan/xl/goods/20170821/201708211207357309_listfull.jpg",
    "title": "环勃朗峰徒步 欧洲精品酒店 法瑞意三国美食 轻奢探险品质游（8日行程）",
    "money": "24800",
    "date": "09/30",
    "city": "日内"
  },
  {
    "url": "http://hd.8264.com/xianlu-165582",
    "img": "http://img.qunawan.com/ecmme/wan/xl/goods/20170524/201705241648022558_listfull.jpg",
    "title": "2017梦驼铃 走沧桑 穿越千年丝绸之路行（8日行程）",
    "money": "3380",
    "date": "09/30",
    "city": "西安"
  },
  {
    "url": "http://hd.8264.com/xianlu-165531",
    "img": "http://img.qunawan.com/ecmme/wan/xl/goods/20170523/201705232227141950_listfull.jpg",
    "title": "成都拉萨珠峰青海湖成都超级大环线纯净藏区一次玩个够可分段（21日行程）",
    "money": "7800",
    "date": "09/23",
    "city": "成都"
  },
  {
    "url": "http://hd.8264.com/xianlu-171038",
    "img": "http://img.qunawan.com/ecmme/wan/xl/goods/20170829/201708291329073003_listfull.jpg",
    "title": "红海滩 天下奇观（3日行程）",
    "money": "499",
    "date": "09/22",
    "city": "北京"
  },
  {
    "url": "http://hd.8264.com/xianlu-165551",
    "img": "http://img.qunawan.com/ecmme/wan/xl/goods/20170524/201705241023059852_listfull.jpg",
    "title": "十大徒步线路之首 寻找隐秘莲花 徒步墨脱（8日行程）",
    "money": "4680",
    "date": "09/30",
    "city": "拉萨"
  },
  {
    "url": "http://hd.8264.com/xianlu-168147",
    "img": "http://img.qunawan.com/ecmme/wan/xl/goods/20170630/201706301347346274_listfull.jpg",
    "title": "国庆新疆喀纳斯 秋醉北疆三千里 密林里的白桦秋歌（8日行程）",
    "money": "4980",
    "date": "09/30",
    "city": "乌鲁"
  },
  {
    "url": "http://hd.8264.com/xianlu-165149",
    "img": "http://img.qunawan.com/ecmme/wan/xl/goods/20170519/201705190911167789_listfull.png",
    "title": "扎龙湿地 草原策马 阿尔山天池 全方位游览北国风景（9日行程）",
    "money": "3580",
    "date": "09/22",
    "city": "哈尔"
  },
  {
    "url": "http://hd.8264.com/xianlu-165122",
    "img": "http://img.qunawan.com/ecmme/wan/xl/goods/20170518/201705181551182270_listfull.jpg",
    "title": "东戴河 吃肥美海鲜 海边看日出 抓螃蟹 捡贝壳 摸海星（2日行程）",
    "money": "350",
    "date": "09/23",
    "city": "北京"
  },
  {
    "url": "http://hd.8264.com/xianlu-165058",
    "img": "http://img.qunawan.com/ecmme/wan/xl/goods/20170518/201705180917499060_listfull.png",
    "title": "徒步 四姑娘山长坪沟穿越毕棚沟游（6日行程）",
    "money": "2480",
    "date": "09/30",
    "city": "成都"
  },
  {
    "url": "http://hd.8264.com/xianlu-164966",
    "img": "http://img.qunawan.com/ecmme/wan/xl/goods/20170517/201705171104097387_listfull.png",
    "title": "徒步 年保玉则仙女湖 妖女湖 上下日干措徒步之旅（6日行程）",
    "money": "2980",
    "date": "09/30",
    "city": "成都"
  },
  {
    "url": "http://hd.8264.com/xianlu-164789",
    "img": "http://img.qunawan.com/ecmme/wan/xl/goods/20170515/201705151824482017_listfull.jpg",
    "title": "年保玉则仙女湖妖女湖上下日干错徒步（6日行程）",
    "money": "2980",
    "date": "09/30",
    "city": "成都"
  },
  {
    "url": "http://hd.8264.com/xianlu-164831",
    "img": "http://img.qunawan.com/ecmme/wan/xl/goods/20170516/201705161005411206_listfull.jpg",
    "title": "心灵的朝拜 时光的轮转 阿里转山行（12日行程）",
    "money": "6380",
    "date": "09/30",
    "city": "拉萨"
  },
  {
    "url": "http://hd.8264.com/xianlu-164833",
    "img": "http://img.qunawan.com/ecmme/wan/xl/goods/20170516/201705161020491983_listfull.jpg",
    "title": "端午节 年保玉则 山花烂漫时 穿越仙女湖 妖女湖 日干措湖（6日行程）",
    "money": "2980",
    "date": "09/30",
    "city": "成都"
  },
  {
    "url": "http://hd.8264.com/xianlu-164775",
    "img": "http://img.qunawan.com/ecmme/wan/xl/goods/20170515/201705151752249996_listfull.jpg",
    "title": "青海环线 门源 张掖 祁连 茶卡盐湖 青海湖 塔尔寺深度游（6日行程）",
    "money": "2480",
    "date": "09/30",
    "city": "西宁"
  },
  {
    "url": "http://hd.8264.com/xianlu-164749",
    "img": "http://img.qunawan.com/ecmme/wan/xl/goods/20170515/201705151625111524_listfull.png",
    "title": "漫山鲜花季 年保玉则 仙女湖 妖女湖 日干措湖徒步穿越（6日行程）",
    "money": "2980",
    "date": "09/30",
    "city": "成都"
  },
  {
    "url": "http://hd.8264.com/xianlu-164678",
    "img": "http://img.qunawan.com/ecmme/wan/xl/goods/20170514/201705141859251192_listfull.jpg",
    "title": "重返徽商之路 徒步穿越徽杭古道 可露营 可住宿（2日行程）",
    "money": "330",
    "date": "09/23",
    "city": "上海"
  },
  {
    "url": "http://hd.8264.com/xianlu-164638",
    "img": "http://img.qunawan.com/ecmme/wan/xl/goods/20170513/201705131438177055_listfull.jpg",
    "title": "川进青出 去一趟梦想中的地方（17日行程）",
    "money": "5500",
    "date": "09/23",
    "city": "成都"
  },
  {
    "url": "http://hd.8264.com/xianlu-164636",
    "img": "http://img.qunawan.com/ecmme/wan/xl/goods/20170513/201705131344247379_listfull.jpg",
    "title": "雪山极限 四姑娘山大二峰入门体验级连登（7日行程）",
    "money": "3200",
    "date": "09/30",
    "city": "成都"
  }
]