[
  {
    "url": "http://hd.8264.com/xianlu-164540",
    "img": "http://img.qunawan.com/ecmme/wan/xl/goods/20170512/201705121356258889_listfull.jpg",
    "title": "东南亚绝美火山攀登 巴厘岛冲浪 吉利岛浮潜 明星教练全程保障（9日行程）",
    "money": "6800",
    "date": "09/30",
    "city": "阿格"
  },
  {
    "url": "http://hd.8264.com/xianlu-164505",
    "img": "http://img.qunawan.com/ecmme/wan/xl/goods/20170512/201705120943424283_listfull.jpg",
    "title": "果洛秘境 年保玉则仙女湖妖女湖上下日干错徒步VIP私家小团（5日行程）",
    "money": "2680",
    "date": "09/30",
    "city": "成都"
  },
  {
    "url": "http://hd.8264.com/xianlu-164453",
    "img": "http://img.qunawan.com/ecmme/wan/xl/goods/20170511/201705111553211862_listfull.jpg",
    "title": "年宝玉则最美花季徒步穿越 仙女湖 妖女湖 上下日干措（6日行程）",
    "money": "2980",
    "date": "09/30",
    "city": "成都"
  },
  {
    "url": "http://hd.8264.com/xianlu-169127",
    "img": "http://img.qunawan.com/ecmme/wan/xl/goods/20170717/201707171436126797_listfull.jpg",
    "title": "醉美藏文化 探索与发现 拉萨 林芝等小环线（9日行程）",
    "money": "4400",
    "date": "09/30",
    "city": "拉萨"
  },
  {
    "url": "http://hd.8264.com/xianlu-164362",
    "img": "http://img.qunawan.com/ecmme/wan/xl/goods/20170510/201705102005003240_listfull.jpg",
    "title": "清远青龙峡全程漂流 笔架山千古溪探险 玩水 打水仗含午餐（1日行程）",
    "money": "159",
    "date": "09/23",
    "city": "广州"
  },
  {
    "url": "http://hd.8264.com/xianlu-164323",
    "img": "http://img.qunawan.com/ecmme/wan/xl/goods/20170510/201705101447402883_listfull.jpg",
    "title": "九顶山 2日 高山花海 杜鹃海子 云海日出 露营徒步（2日行程）",
    "money": "380",
    "date": "09/23",
    "city": "成都"
  },
  {
    "url": "http://hd.8264.com/xianlu-164211",
    "img": "http://img.qunawan.com/ecmme/wan/xl/goods/20170509/201705091421159401_listfull.jpg",
    "title": "青海经典小环线 张掖 祁连 贵德 茶卡盐湖 塔尔寺（6日行程）",
    "money": "2480",
    "date": "09/30",
    "city": "西宁"
  },
  {
    "url": "http://hd.8264.com/xianlu-164186",
    "img": "http://img.qunawan.com/ecmme/wan/xl/goods/20170509/201705091316138133_listfull.jpg",
    "title": "川藏南线康巴汉子带你嗨玩（11日行程）",
    "money": "3800",
    "date": "09/23",
    "city": "成都"
  },
  {
    "url": "http://hd.8264.com/xianlu-164023",
    "img": "http://img.qunawan.com/ecmme/wan/xl/goods/20170508/201705081435551211_listfull.jpg",
    "title": "冶勒湖 休闲周末游 冕宁冶勒湖 高山草甸孟获城（2日行程）",
    "money": "360",
    "date": "09/23",
    "city": "安庆"
  },
  {
    "url": "http://hd.8264.com/xianlu-164020",
    "img": "http://img.qunawan.com/ecmme/wan/xl/goods/20170508/201705081424093279_listfull.jpg",
    "title": "朝圣梅里 徒步雨崩神瀑 朝圣梅里雪山 虎跳峡 香格里拉（7日行程）",
    "money": "2280",
    "date": "09/30",
    "city": "上海"
  },
  {
    "url": "http://hd.8264.com/xianlu-164001",
    "img": "http://img.qunawan.com/ecmme/wan/xl/goods/20170508/201705081254184767_listfull.jpg",
    "title": "周末野外攀岩活动 零基础人群都可参加（1日行程）",
    "money": "128",
    "date": "09/23",
    "city": "成都"
  },
  {
    "url": "http://hd.8264.com/xianlu-163945",
    "img": "http://img.qunawan.com/ecmme/wan/xl/goods/20170508/201705080834204604_listfull.jpg",
    "title": "暑季雪山盛宴 川西四姑娘山长坪沟徒步适应高海拔 二峰攀登（5日行程）",
    "money": "2480",
    "date": "09/30",
    "city": "成都"
  },
  {
    "url": "http://hd.8264.com/xianlu-163857",
    "img": "http://img.qunawan.com/ecmme/wan/xl/goods/20170506/201705061328248508_listfull.jpg",
    "title": "红岩顶 星空 银河 日出 云海 年青就要嗨起来（2日行程）",
    "money": "320",
    "date": "09/23",
    "city": "成都"
  },
  {
    "url": "http://hd.8264.com/xianlu-163845",
    "img": "http://img.qunawan.com/ecmme/wan/xl/goods/20170506/201705060948359818_listfull.jpg",
    "title": "摩洛哥 穿越撒哈拉 迷失蓝城舍夫沙万 古老皇城菲斯（11日行程）",
    "money": "13800",
    "date": "09/30",
    "city": "卡萨"
  },
  {
    "url": "http://hd.8264.com/xianlu-163787",
    "img": "http://img.qunawan.com/ecmme/wan/xl/goods/20170505/201705051119437142_listfull.jpg",
    "title": "十一假期 走进朝鲜 感受真实朝鲜 游最美长白山（8日行程）",
    "money": "3050",
    "date": "09/30",
    "city": "北京"
  },
  {
    "url": "http://hd.8264.com/xianlu-163717",
    "img": "http://img.qunawan.com/ecmme/wan/xl/goods/20170504/201705042040518600_listfull.jpg",
    "title": "寻找隐秘莲花 徒步墨脱 中国十大徒步线路之一（8日行程）",
    "money": "4580",
    "date": "09/30",
    "city": "拉萨"
  },
  {
    "url": "http://hd.8264.com/xianlu-163655",
    "img": "http://img.qunawan.com/ecmme/wan/xl/goods/20170504/201705041543487971_listfull.jpg",
    "title": "朝圣之旅 探秘世界最大佛学院色达佛学院 观音寺旅拍之旅（4日行程）",
    "money": "630",
    "date": "09/23",
    "city": "成都"
  },
  {
    "url": "http://hd.8264.com/xianlu-163614",
    "img": "http://img.qunawan.com/ecmme/wan/xl/goods/20170504/201705041751163189_listfull.jpg",
    "title": "全景 拉萨 林芝 巴松措 羊湖 日喀则 珠峰 纳木措（11日行程）",
    "money": "4500",
    "date": "09/30",
    "city": "拉萨"
  },
  {
    "url": "http://hd.8264.com/xianlu-163563",
    "img": "http://img.qunawan.com/ecmme/wan/xl/goods/20170503/201705031528158555_listfull.jpg",
    "title": "川藏南线说走就走的旅程让你玩到嗨（11日行程）",
    "money": "3800",
    "date": "09/23",
    "city": "成都"
  },
  {
    "url": "http://hd.8264.com/xianlu-163482",
    "img": "http://img.qunawan.com/ecmme/wan/xl/goods/20170502/201705021800319011_listfull.jpg",
    "title": "川藏北线自驾游正经康巴汉子带你去游西藏（11日行程）",
    "money": "3800",
    "date": "09/23",
    "city": "成都"
  }
]