[
  {
    "url": "http://hd.8264.com/xianlu-163342",
    "img": "http://img.qunawan.com/ecmme/wan/xl/goods/20170427/201704272145079149_listfull.jpg",
    "title": "果洛秘境 年保玉则仙女湖妖女湖上下日干错徒步（5日行程）",
    "money": "2980",
    "date": "09/30",
    "city": "安庆"
  },
  {
    "url": "http://hd.8264.com/xianlu-163316",
    "img": "http://img.qunawan.com/ecmme/wan/xl/goods/20170427/201704271251024257_listfull.jpg",
    "title": "呼伦贝尔精品自由行（5日行程）",
    "money": "2080",
    "date": "09/30",
    "city": "呼伦"
  },
  {
    "url": "http://hd.8264.com/xianlu-163208",
    "img": "http://img.qunawan.com/ecmme/wan/xl/goods/20170425/201704251742003147_listfull.png",
    "title": "环青海湖 0负重徒步 骑行线路深度摄影游（3日行程）",
    "money": "1499",
    "date": "09/23",
    "city": "西宁"
  },
  {
    "url": "http://hd.8264.com/xianlu-169840",
    "img": "http://img.qunawan.com/ecmme/wan/xl/goods/20170802/201708020946436590_listfull.jpg",
    "title": "国庆节 丝绸之路 青海茶卡湖月牙泉 张掖丹霞 额济纳胡杨林（8日行程）",
    "money": "2680",
    "date": "09/30",
    "city": "北京"
  },
  {
    "url": "http://hd.8264.com/xianlu-163035",
    "img": "http://img.qunawan.com/ecmme/wan/xl/goods/20170424/201704240040211854_listfull.jpg",
    "title": "勇征逍遥峰 赏奇松怪石 探秘龙丛源古道（3日行程）",
    "money": "360",
    "date": "09/30",
    "city": "上海"
  },
  {
    "url": "http://hd.8264.com/xianlu-162998",
    "img": "http://img.qunawan.com/ecmme/wan/xl/goods/20170907/201709071136241332_listfull.jpg",
    "title": "北京最深最圆的坑 体验探索的乐趣（1日行程）",
    "money": "380",
    "date": "09/30",
    "city": "北京"
  },
  {
    "url": "http://hd.8264.com/xianlu-162892",
    "img": "http://img.qunawan.com/ecmme/wan/xl/goods/20170420/201704201857386157_listfull.jpg",
    "title": "冰岩探险2017雀儿山 6000米技术性雪山攀登（11日行程）",
    "money": "11000",
    "date": "09/30",
    "city": "成都"
  },
  {
    "url": "http://hd.8264.com/xianlu-162891",
    "img": "http://img.qunawan.com/ecmme/wan/xl/goods/20170420/201704201832562498_listfull.jpg",
    "title": "三岔湖露营烧烤（2日行程）",
    "money": "188",
    "date": "09/23",
    "city": "成都"
  },
  {
    "url": "http://hd.8264.com/xianlu-162846",
    "img": "http://img.qunawan.com/ecmme/wan/xl/goods/20170421/201704211028189293_listfull.png",
    "title": "阿里转山西夏邦马峰 冈仁波齐 神山圣湖 古格王朝徒步（12日行程）",
    "money": "6380",
    "date": "09/30",
    "city": "拉萨"
  },
  {
    "url": "http://hd.8264.com/xianlu-162883",
    "img": "http://img.qunawan.com/ecmme/wan/xl/goods/20170420/201704201742094609_listfull.jpg",
    "title": "四姑娘山大峰 二峰入门体验级连登（7日行程）",
    "money": "3200",
    "date": "09/30",
    "city": "成都"
  },
  {
    "url": "http://hd.8264.com/xianlu-162786",
    "img": "http://img.qunawan.com/ecmme/wan/xl/goods/20170420/201704201134534637_listfull.jpg",
    "title": "阳光 清风 海浪声 而你刚好也在（3日行程）",
    "money": "590",
    "date": "09/22",
    "city": "上海"
  },
  {
    "url": "http://hd.8264.com/xianlu-162722",
    "img": "http://img.qunawan.com/ecmme/wan/xl/goods/20170419/201704191813539276_listfull.jpg",
    "title": "年保玉则徒步 仙女湖妖女湖上下日干错（6日行程）",
    "money": "2980",
    "date": "09/30",
    "city": "成都"
  },
  {
    "url": "http://hd.8264.com/xianlu-162533",
    "img": "http://img.qunawan.com/ecmme/wan/xl/goods/20170418/201704181444489743_listfull.jpg",
    "title": "尔盖草原 花湖 九曲黄河 年保玉则 色达 甘孜环线8日（8日行程）",
    "money": "3550",
    "date": "09/23",
    "city": "成都"
  },
  {
    "url": "http://hd.8264.com/xianlu-162525",
    "img": "http://img.qunawan.com/ecmme/wan/xl/goods/20170418/201704181413247089_listfull.jpg",
    "title": "西藏阿里转山 神山圣湖 古格王朝震撼之旅（12日行程）",
    "money": "6380",
    "date": "09/30",
    "city": "拉萨"
  },
  {
    "url": "http://hd.8264.com/xianlu-162499",
    "img": "http://img.qunawan.com/ecmme/wan/xl/goods/20170418/201704181007188498_listfull.jpg",
    "title": "中国十大经典徒步线路之 珠峰东坡嘎玛沟徒步（13日行程）",
    "money": "8980",
    "date": "09/30",
    "city": "拉萨"
  },
  {
    "url": "http://hd.8264.com/xianlu-162494",
    "img": "http://img.qunawan.com/ecmme/wan/xl/goods/20170418/201704180957488114_listfull.jpg",
    "title": "西夏邦马峰 冈仁波齐 神山圣湖 古格王朝震撼之旅（12日行程）",
    "money": "6380",
    "date": "09/30",
    "city": "拉萨"
  },
  {
    "url": "http://hd.8264.com/xianlu-162449",
    "img": "http://img.qunawan.com/ecmme/wan/xl/goods/20170417/201704171615383801_listfull.jpg",
    "title": "山花烂漫 年保玉则 仙女湖 妖女湖 上下日干措经典徒步穿越（6日行程）",
    "money": "2980",
    "date": "09/30",
    "city": "成都"
  },
  {
    "url": "http://hd.8264.com/xianlu-162441",
    "img": "http://img.qunawan.com/ecmme/wan/xl/goods/20170417/201704171457003177_listfull.jpg",
    "title": "洛克线精华段 世界最美地 猛董 伍须海穿越（8日行程）",
    "money": "4880",
    "date": "09/30",
    "city": "成都"
  },
  {
    "url": "http://hd.8264.com/xianlu-162282",
    "img": "http://img.qunawan.com/ecmme/wan/xl/goods/20170414/201704141105152984_listfull.jpg",
    "title": "穿越红色海洋 从你的全世界路过 色达 稻城亚丁（8日行程）",
    "money": "2880",
    "date": "09/22",
    "city": "成都"
  },
  {
    "url": "http://hd.8264.com/xianlu-162250",
    "img": "http://img.qunawan.com/ecmme/wan/xl/goods/20170413/201704131550247506_listfull.jpg",
    "title": "川藏南线 青藏 经典大环线（10日行程）",
    "money": "3600",
    "date": "09/23",
    "city": "成都"
  }
]