[
  {
    "url": "http://hd.8264.com/xianlu-162169",
    "img": "http://img.qunawan.com/ecmme/wan/xl/goods/20170412/201704121648309327_listfull.jpg",
    "title": "醉美西藏 寻梦林芝 大峡谷 巴松措 新措 住民宿（6日行程）",
    "money": "3300",
    "date": "09/30",
    "city": "拉萨"
  },
  {
    "url": "http://hd.8264.com/xianlu-162163",
    "img": "http://img.qunawan.com/ecmme/wan/xl/goods/20170412/201704121552403676_listfull.jpg",
    "title": "最美新疆 喀纳斯 伊犁北疆风光环线（8日行程）",
    "money": "4880",
    "date": "09/23",
    "city": "乌鲁"
  },
  {
    "url": "http://hd.8264.com/xianlu-162153",
    "img": "http://img.qunawan.com/ecmme/wan/xl/goods/20170412/201704121443013463_listfull.jpg",
    "title": "阿里南线 拉萨 神山圣湖 普兰 古格王朝 珠峰深度游（12日行程）",
    "money": "6599",
    "date": "09/24",
    "city": "拉萨"
  },
  {
    "url": "http://hd.8264.com/xianlu-162071",
    "img": "http://img.qunawan.com/ecmme/wan/xl/goods/20170411/201704111412015017_listfull.jpg",
    "title": "呼伦贝尔A线穿越草原深度游（4日行程）",
    "money": "1500",
    "date": "09/22",
    "city": "呼伦"
  },
  {
    "url": "http://hd.8264.com/xianlu-172210",
    "img": "http://img.qunawan.com/ecmme/wan/xl/goods/20170920/201709201246022463_listfull.jpg",
    "title": "南太行穿越 红豆杉峡谷 小壶口瀑布 一线天 七仙潭 八里沟（4日行程）",
    "money": "380",
    "date": "09/30",
    "city": "新乡"
  },
  {
    "url": "http://hd.8264.com/xianlu-161908",
    "img": "http://img.qunawan.com/ecmme/wan/xl/goods/20170410/201704101105027471_listfull.jpg",
    "title": "阿坝精华游（7日行程）",
    "money": "3380",
    "date": "09/23",
    "city": "成都"
  },
  {
    "url": "http://hd.8264.com/xianlu-161913",
    "img": "http://img.qunawan.com/ecmme/wan/xl/goods/20170410/201704101116103045_listfull.jpg",
    "title": "丹巴稻亚深度游（7日行程）",
    "money": "2580",
    "date": "09/23",
    "city": "成都"
  },
  {
    "url": "http://hd.8264.com/xianlu-161887",
    "img": "http://img.qunawan.com/ecmme/wan/xl/goods/20170410/201704101019271856_listfull.jpg",
    "title": "五一特推 七藏沟 长海子 草海 红星海子 鱼海子徒步穿越（6日行程）",
    "money": "2680",
    "date": "09/30",
    "city": "成都"
  },
  {
    "url": "http://hd.8264.com/xianlu-161781",
    "img": "http://img.qunawan.com/ecmme/wan/xl/goods/20170408/201704081801037368_listfull.jpg",
    "title": "果洛秘境 年保玉则仙女湖妖女湖上下日干错徒步（5日行程）",
    "money": "2780",
    "date": "09/30",
    "city": "成都"
  },
  {
    "url": "http://hd.8264.com/xianlu-161751",
    "img": "http://img.qunawan.com/ecmme/wan/xl/goods/20170408/201704081425115219_listfull.jpg",
    "title": "果洛秘境 年保玉则仙女湖妖女湖上下日干错徒步（5日行程）",
    "money": "2780",
    "date": "09/30",
    "city": "成都"
  },
  {
    "url": "http://hd.8264.com/xianlu-161506",
    "img": "http://img.qunawan.com/ecmme/wan/xl/goods/20170405/201704051612508952_listfull.jpg",
    "title": "佛色稻亚 走进最后香格里拉 色达 稻城亚丁经典之旅（9日行程）",
    "money": "3280",
    "date": "09/22",
    "city": "成都"
  },
  {
    "url": "http://hd.8264.com/xianlu-161377",
    "img": "http://img.qunawan.com/ecmme/wan/xl/goods/20170613/201706131516527681_listfull.png",
    "title": "醉美青海之青海湖 金银滩 尕海 茶卡盐湖 桑科草原 拉卜楞寺（7日行程）",
    "money": "2780",
    "date": "09/23",
    "city": "成都"
  },
  {
    "url": "http://hd.8264.com/xianlu-161299",
    "img": "http://img.qunawan.com/ecmme/wan/xl/goods/20170331/201703311157554510_listfull.jpg",
    "title": "私家小团 丹巴藏寨 色达佛学院 甘孜 稻城亚丁 雅家梗（10日行程）",
    "money": "3680",
    "date": "09/25",
    "city": "成都"
  },
  {
    "url": "http://hd.8264.com/xianlu-161311",
    "img": "http://img.qunawan.com/ecmme/wan/xl/goods/20170331/201703311301575393_listfull.jpg",
    "title": "轻户外行摄 年宝玉则 色达 塔公 新都桥 海螺沟私家团（7日行程）",
    "money": "2780",
    "date": "09/22",
    "city": "成都"
  },
  {
    "url": "http://hd.8264.com/xianlu-160929",
    "img": "http://img.qunawan.com/ecmme/wan/xl/goods/20170325/201703251253578661_listfull.jpg",
    "title": "高端草原线路 走进草原深处 乌兰布统越野狂欢（6日行程）",
    "money": "2780",
    "date": "09/23",
    "city": "北京"
  },
  {
    "url": "http://hd.8264.com/xianlu-168215",
    "img": "http://img.qunawan.com/ecmme/wan/xl/goods/20170703/201707031054134831_listfull.jpg",
    "title": "月坨岛海上温泉 滦州古镇赏醉美夜景（2日行程）",
    "money": "280",
    "date": "09/23",
    "city": "北京"
  },
  {
    "url": "http://hd.8264.com/xianlu-160780",
    "img": "http://img.qunawan.com/ecmme/wan/xl/goods/20170323/201703231433336811_listfull.jpg",
    "title": "西藏全景 林芝日喀则深度探索（9日行程）",
    "money": "4980",
    "date": "09/30",
    "city": "拉萨"
  },
  {
    "url": "http://hd.8264.com/xianlu-160762",
    "img": "http://img.qunawan.com/ecmme/wan/xl/goods/20170323/201703231126543627_listfull.jpg",
    "title": "心灵朝拜 时光轮转 阿里转山行（12日行程）",
    "money": "6380",
    "date": "09/30",
    "city": "拉萨"
  },
  {
    "url": "http://hd.8264.com/xianlu-160728",
    "img": "http://img.qunawan.com/ecmme/wan/xl/goods/20170322/201703221800411732_listfull.jpg",
    "title": "四姑娘山稻城亚丁林芝拉萨川藏南线深度（11日行程）",
    "money": "5800",
    "date": "09/28",
    "city": "成都"
  },
  {
    "url": "http://hd.8264.com/xianlu-160727",
    "img": "http://img.qunawan.com/ecmme/wan/xl/goods/20170322/201703221758169323_listfull.jpg",
    "title": "2017果洛秘境 年保玉则仙女湖妖女湖上下日干措徒步（6日行程）",
    "money": "3180",
    "date": "09/30",
    "city": "成都"
  }
]