[
  {
    "url": "http://hd.8264.com/xianlu-160640",
    "img": "http://img.qunawan.com/ecmme/wan/xl/goods/20170322/201703221051342817_listfull.jpg",
    "title": "墨脱徒步 探寻心中的莲花圣地（8日行程）",
    "money": "4500",
    "date": "09/30",
    "city": "拉萨"
  },
  {
    "url": "http://hd.8264.com/xianlu-160576",
    "img": "http://img.qunawan.com/ecmme/wan/xl/goods/20170321/201703211503163336_listfull.jpg",
    "title": "青海湖莫高窟（8日行程）",
    "money": "3780",
    "date": "09/23",
    "city": "兰州"
  },
  {
    "url": "http://hd.8264.com/xianlu-160492",
    "img": "http://img.qunawan.com/ecmme/wan/xl/goods/20170320/201703201629106207_listfull.jpg",
    "title": "天神后花园 年保玉则 穿越仙女湖 妖女湖 日干措湖徒步驴行（5日行程）",
    "money": "2980",
    "date": "09/30",
    "city": "成都"
  },
  {
    "url": "http://hd.8264.com/xianlu-160417",
    "img": "http://img.qunawan.com/ecmme/wan/xl/goods/20170320/201703200846122168_listfull.jpg",
    "title": "川藏线 青藏线（19日行程）",
    "money": "20000",
    "date": "09/30",
    "city": "成都"
  },
  {
    "url": "http://hd.8264.com/xianlu-160334",
    "img": "http://img.qunawan.com/ecmme/wan/xl/goods/20170317/201703171240512074_listfull.jpg",
    "title": "转山 格聂神山（11日行程）",
    "money": "6300",
    "date": "09/30",
    "city": "成都"
  },
  {
    "url": "http://hd.8264.com/xianlu-160333",
    "img": "http://img.qunawan.com/ecmme/wan/xl/goods/20170317/201703171225026397_listfull.jpg",
    "title": "最后的香格里拉 洛克线（10日行程）",
    "money": "5580",
    "date": "09/30",
    "city": "成都"
  },
  {
    "url": "http://hd.8264.com/xianlu-160085",
    "img": "http://img.qunawan.com/ecmme/wan/xl/goods/20170315/201703151033565668_listfull.jpg",
    "title": "国庆深秋 年保玉则 穿越仙女湖 妖女湖 日干措湖 徒步驴行（5日行程）",
    "money": "3180",
    "date": "09/30",
    "city": "成都"
  },
  {
    "url": "http://hd.8264.com/xianlu-160062",
    "img": "http://img.qunawan.com/ecmme/wan/xl/goods/20170314/201703142222359418_listfull.jpg",
    "title": "醉美西藏 林芝山南环线 寻找前世今生 探秘藏文化（9日行程）",
    "money": "4400",
    "date": "09/30",
    "city": "拉萨"
  },
  {
    "url": "http://hd.8264.com/xianlu-160058",
    "img": "http://img.qunawan.com/ecmme/wan/xl/goods/20170314/201703142119073570_listfull.jpg",
    "title": "醉美西藏 全景纯玩 寻梦之旅（11日行程）",
    "money": "5200",
    "date": "09/30",
    "city": "拉萨"
  },
  {
    "url": "http://hd.8264.com/xianlu-160070",
    "img": "http://img.qunawan.com/ecmme/wan/xl/goods/20170315/201703150946567593_listfull.jpg",
    "title": "2017年登醉美武功山赏金色高山草甸观云海 日出日落（3日行程）",
    "money": "450",
    "date": "09/30",
    "city": "深圳"
  },
  {
    "url": "http://hd.8264.com/xianlu-159926",
    "img": "http://img.qunawan.com/ecmme/wan/xl/goods/20170519/201705191141593382_listfull.jpg",
    "title": "年宝玉则 最美花季经典穿越（6日行程）",
    "money": "2980",
    "date": "09/30",
    "city": "成都"
  },
  {
    "url": "http://hd.8264.com/xianlu-159925",
    "img": "http://img.qunawan.com/ecmme/wan/xl/goods/20170403/201704031303358129_listfull.jpg",
    "title": "独家首发 洛克线精华段 世界最美地 猛董 伍须海穿越（7日行程）",
    "money": "4880",
    "date": "09/30",
    "city": "成都"
  },
  {
    "url": "http://hd.8264.com/xianlu-171610",
    "img": "http://img.qunawan.com/ecmme/wan/xl/goods/20170906/201709062349349002_listfull.jpg",
    "title": "登顶浙西第一高峰 清凉峰 走徽杭古道 两条经典线路一次走完（3日行程）",
    "money": "338",
    "date": "09/30",
    "city": "上海"
  },
  {
    "url": "http://hd.8264.com/xianlu-159529",
    "img": "http://img.qunawan.com/ecmme/wan/xl/goods/20170307/201703071701575049_listfull.jpg",
    "title": "穿越巴伐利亚 体验德国奥地利田园生活（10日行程）",
    "money": "16880",
    "date": "09/30",
    "city": "慕尼"
  },
  {
    "url": "http://hd.8264.com/xianlu-159197",
    "img": "http://img.qunawan.com/ecmme/wan/xl/goods/20170303/201703031106581396_listfull.jpg",
    "title": "珠峰训练营 挑战攀登极限 成都出发 四姑娘山大峰二峰连登（7日行程）",
    "money": "3180",
    "date": "09/30",
    "city": "成都"
  },
  {
    "url": "http://hd.8264.com/xianlu-159187",
    "img": "http://img.qunawan.com/ecmme/wan/xl/goods/20170303/201703031029558986_listfull.jpg",
    "title": "天神的后花园 果洛发祥地 年保玉则仙女湖妖女湖上下日干错徒步（6日行程）",
    "money": "2980",
    "date": "09/30",
    "city": "成都"
  },
  {
    "url": "http://hd.8264.com/xianlu-158698",
    "img": "http://img.qunawan.com/ecmme/wan/xl/goods/20170227/201702271606597871_listfull.png",
    "title": "2017年徒步穿越年保玉则计划（6日行程）",
    "money": "2980",
    "date": "09/30",
    "city": "成都"
  },
  {
    "url": "http://hd.8264.com/xianlu-158593",
    "img": "http://img.qunawan.com/ecmme/wan/xl/goods/20170226/201702262355598630_listfull.jpg",
    "title": "高端游西藏高原风光 品味西藏旅游文化（16日行程）",
    "money": "9880",
    "date": "09/30",
    "city": "乌鲁"
  },
  {
    "url": "http://hd.8264.com/xianlu-158502",
    "img": "http://img.qunawan.com/ecmme/wan/xl/goods/20170224/201702242053555037_listfull.jpg",
    "title": "年保玉则仙女湖妖女湖上下日干错徒步（6日行程）",
    "money": "2880",
    "date": "09/30",
    "city": "成都"
  },
  {
    "url": "http://hd.8264.com/xianlu-158494",
    "img": "http://img.qunawan.com/ecmme/wan/xl/goods/20170224/201702241733349620_listfull.jpg",
    "title": "江西武功山人间仙境 天上草原徒步 观云海日出日落奇观（3日行程）",
    "money": "450",
    "date": "09/30",
    "city": "深圳"
  }
]