[
  {
    "url": "http://hd.8264.com/xianlu-158250",
    "img": "http://img.qunawan.com/ecmme/wan/xl/goods/20170223/201702231023004440_listfull.jpg",
    "title": "皮划艇训练（1日行程）",
    "money": "299",
    "date": "09/23",
    "city": "河源"
  },
  {
    "url": "http://hd.8264.com/xianlu-169129",
    "img": "http://img.qunawan.com/ecmme/wan/xl/goods/20170717/201707171438427340_listfull.jpg",
    "title": "四姑娘二峰2017全年攀登计划 入门雪山（6日行程）",
    "money": "3280",
    "date": "11/03",
    "city": "成都"
  },
  {
    "url": "http://hd.8264.com/xianlu-158092",
    "img": "http://img.qunawan.com/ecmme/wan/xl/goods/20170222/201702221013215852_listfull.jpg",
    "title": "轻户外行摄 稻城亚丁 新都桥 丹巴 四姑娘山私家团（9日行程）",
    "money": "3180",
    "date": "09/23",
    "city": "成都"
  },
  {
    "url": "http://hd.8264.com/xianlu-157954",
    "img": "http://img.qunawan.com/ecmme/wan/xl/goods/20170221/201702211121094637_listfull.jpg",
    "title": "梦幻川西 稻城亚丁 丹巴 新都桥 四姑娘山 海螺沟（9日行程）",
    "money": "3160",
    "date": "09/23",
    "city": "成都"
  },
  {
    "url": "http://hd.8264.com/xianlu-156363",
    "img": "http://img.qunawan.com//ecmme/wan/xl/goods/20170125/201701251341232679_listfull.jpg",
    "title": "心灵之旅色达 最后的香格里拉 稻城亚丁 大环线（7日行程）",
    "money": "3880",
    "date": "09/30",
    "city": "北京"
  },
  {
    "url": "http://hd.8264.com/xianlu-156075",
    "img": "http://img.qunawan.com//ecmme/wan/xl/goods/20170122/201701221031469659_listfull.jpg",
    "title": "贵州梵净山 湖南崀山 凤凰（4日行程）",
    "money": "1200",
    "date": "09/30",
    "city": "吉安"
  },
  {
    "url": "http://hd.8264.com/xianlu-155110",
    "img": "http://img.qunawan.com/ecmme/wan/xl/goods/20170110/201701101812282279_listfull.jpg",
    "title": "待到山花烂漫时 必将穿越仙女湖 妖女湖 年保玉则（5日行程）",
    "money": "2980",
    "date": "09/30",
    "city": "成都"
  },
  {
    "url": "http://hd.8264.com/xianlu-154855",
    "img": "http://img.qunawan.com/ecmme/wan/xl/goods/20170107/201701070153165235_listfull.jpg",
    "title": "果洛秘境 年保玉则仙女湖妖女湖上下日干错徒步（5日行程）",
    "money": "2980",
    "date": "09/30",
    "city": "成都"
  },
  {
    "url": "http://hd.8264.com/xianlu-171049",
    "img": "http://img.qunawan.com/ecmme/wan/xl/goods/20170829/201708291559246417_listfull.jpg",
    "title": "怒江自驾 走进人神共居的世外桃源 探寻最后的纹面女（7日行程）",
    "money": "3680",
    "date": "09/30",
    "city": "昆明"
  },
  {
    "url": "http://hd.8264.com/xianlu-153560",
    "img": "http://img.qunawan.com/ecmme/wan/xl/goods/20161223/201612231641146144_listfull.jpg",
    "title": "雪山极限 2017年四姑娘山大 二峰连登入门体验级（7日行程）",
    "money": "3200",
    "date": "09/30",
    "city": "成都"
  },
  {
    "url": "http://hd.8264.com/xianlu-152027",
    "img": "http://img.qunawan.com/ecmme/wan/xl/goods/20161215/201612151505022233_listfull.jpg",
    "title": "果洛秘境 年保玉则仙女湖妖女湖上下日干错徒步（5日行程）",
    "money": "2980",
    "date": "09/30",
    "city": "四川"
  },
  {
    "url": "http://hd.8264.com/xianlu-151856",
    "img": "http://img.qunawan.com/ecmme/wan/xl/goods/20161215/201612151016029286_listfull.jpg",
    "title": "四姑娘山大峰 自主登山行程（3日行程）",
    "money": "680",
    "date": "09/22",
    "city": "成都"
  },
  {
    "url": "http://hd.8264.com/xianlu-150738",
    "img": "http://img.qunawan.com/ecmme/wan/xl/goods/20161210/201612101021456588_listfull.jpg",
    "title": "果洛秘境 山花烂漫 仙女湖 妖女湖 上下日干措经典徒步穿越（6日行程）",
    "money": "2980",
    "date": "09/30",
    "city": "成都"
  },
  {
    "url": "http://hd.8264.com/xianlu-150701",
    "img": "http://img.qunawan.com/ecmme/wan/xl/goods/20161209/201612091640023905_listfull.jpg",
    "title": "川藏南线人文景观大道四姑娘山 稻城亚丁（11日行程）",
    "money": "3550",
    "date": "09/23",
    "city": "成都"
  },
  {
    "url": "http://hd.8264.com/xianlu-148546",
    "img": "http://img.qunawan.com/ecmme/wan/xl/goods/20161130/201611301502272856_listfull.jpg",
    "title": "青海经典小环线 张掖 祁连 贵德 茶卡盐湖 塔尔寺（6日行程）",
    "money": "2480",
    "date": "09/30",
    "city": "西宁"
  },
  {
    "url": "http://hd.8264.com/xianlu-148521",
    "img": "http://img.qunawan.com/ecmme/wan/xl/goods/20161130/201611301439379575_listfull.jpg",
    "title": "寻找最美香巴拉 九色甘南 扎尕那 若尔盖 唐克 郎木寺（7日行程）",
    "money": "2580",
    "date": "09/30",
    "city": "兰州"
  },
  {
    "url": "http://hd.8264.com/xianlu-144427",
    "img": "http://img.qunawan.com/ecmme/wan/xl/goods/20161115/201611151421123590_listfull.png",
    "title": "西部攀登 人生的第一座5000米雪山 四姑娘山大峰（3日行程）",
    "money": "1280",
    "date": "09/22",
    "city": "成都"
  },
  {
    "url": "http://hd.8264.com/xianlu-171264",
    "img": "http://img.qunawan.com/ecmme/wan/xl/goods/20170831/201708312250384690_listfull.jpg",
    "title": "国庆胡杨林额济纳旗配陕西波浪谷 成都出发（8日行程）",
    "money": "2880",
    "date": "09/30",
    "city": "成都"
  },
  {
    "url": "http://hd.8264.com/xianlu-142135",
    "img": "http://img.qunawan.com/ecmme/wan/xl/goods/20161102/201611022129552170_listfull.jpg",
    "title": "牙脊上的行走 刀锋山的舞蹈 狗牙山徒步赏红叶（1日行程）",
    "money": "60",
    "date": "09/23",
    "city": "北京"
  },
  {
    "url": "http://hd.8264.com/xianlu-162940",
    "img": "http://img.qunawan.com/ecmme/wan/xl/goods/20170421/201704211528492852_listfull.jpg",
    "title": "惠州双月湾沙滩露营 烧烤 篝火晚会 观双月湾全景（2日行程）",
    "money": "188",
    "date": "09/23",
    "city": "深圳"
  }
]