[
  {
    "url": "http://hd.8264.com/xianlu-135342",
    "img": "http://img.qunawan.com/ecmme/wan/xl/goods/20161009/201610090033581246_listfull.jpg",
    "title": "北京探洞 密岭之中的熊骨洞 欢迎预约（1日行程）",
    "money": "320",
    "date": "09/30",
    "city": "北京"
  },
  {
    "url": "http://hd.8264.com/xianlu-133555",
    "img": "http://img.qunawan.com/ecmme/wan/xl/goods/20160927/201609271116109638_listfull.jpg",
    "title": "第二座牛背山 达瓦更扎 国庆我们看日出云海（2日行程）",
    "money": "268",
    "date": "09/23",
    "city": "成都"
  },
  {
    "url": "http://hd.8264.com/xianlu-131366",
    "img": "http://img.qunawan.com/ecmme/wan/xl/goods/20160919/201609191457303284_listfull.jpg",
    "title": "国庆 呼伦贝尔大草原 经典线路边境大环线 白桦林 满洲里（9日行程）",
    "money": "2780",
    "date": "09/30",
    "city": "北京"
  },
  {
    "url": "http://hd.8264.com/xianlu-131446",
    "img": "http://img.qunawan.com/ecmme/wan/xl/goods/20160919/201609191732494376_listfull.jpg",
    "title": "寻找万里长城烽火台中的孤品 夹扁楼（1日行程）",
    "money": "85",
    "date": "09/23",
    "city": "北京"
  },
  {
    "url": "http://hd.8264.com/xianlu-130730",
    "img": "http://img.qunawan.com/ecmme/wan/xl/goods/20160915/201609151845188177_listfull.jpg",
    "title": "达瓦更扎 一个能与牛背山媲美的神山（2日行程）",
    "money": "320",
    "date": "09/23",
    "city": "成都"
  },
  {
    "url": "http://hd.8264.com/xianlu-164746",
    "img": "http://img.qunawan.com/ecmme/wan/xl/goods/20170515/201705151626149180_listfull.jpg",
    "title": "西藏全景 拉萨林芝巴松措羊湖普姆雍措日喀则珠峰深度游（11日行程）",
    "money": "5200",
    "date": "09/30",
    "city": "拉萨"
  },
  {
    "url": "http://hd.8264.com/xianlu-161673",
    "img": "http://img.qunawan.com/ecmme/wan/xl/goods/20170407/201704071130455704_listfull.jpg",
    "title": "四姑娘山长坪沟徒步适应高海拔 二峰攀登 初级雪山攀登（5日行程）",
    "money": "2480",
    "date": "09/30",
    "city": "成都"
  },
  {
    "url": "http://hd.8264.com/xianlu-128489",
    "img": "http://img.qunawan.com/ecmme/wan/xl/goods/20160907/201609071455189028_listfull.jpg",
    "title": "十一卧铺车西北 茶卡盐湖额济纳胡杨林青海湖张掖丹霞（8日行程）",
    "money": "3280",
    "date": "09/30",
    "city": "朝阳"
  },
  {
    "url": "http://hd.8264.com/xianlu-127309",
    "img": "http://img.qunawan.com/ecmme/wan/xl/goods/20161011/201610111247024715_listfull.jpg",
    "title": "坝上骑马 烤全羊 铜锅涮肉 沙滩摩托 篝火晚会一年就一次（2日行程）",
    "money": "299",
    "date": "09/23",
    "city": "北京"
  },
  {
    "url": "http://hd.8264.com/xianlu-119140",
    "img": "http://img.qunawan.com/ecmme/wan/xl/goods/20160808/201608081004173791_listfull.jpg",
    "title": "中国十大经典徒步线路之冈仁波齐转山 玛旁雍错 古格王朝（11日行程）",
    "money": "6380",
    "date": "09/30",
    "city": "南京"
  },
  {
    "url": "http://hd.8264.com/xianlu-119026",
    "img": "http://img.qunawan.com/ecmme/wan/xl/goods/20160806/201608061146175169_listfull.jpg",
    "title": "年保玉则 仙女湖 妖女湖 上下日干错徒步（6日行程）",
    "money": "2980",
    "date": "09/30",
    "city": "成都"
  },
  {
    "url": "http://hd.8264.com/xianlu-119020",
    "img": "http://img.qunawan.com/ecmme/wan/xl/goods/20170318/201703181329453072_listfull.jpg",
    "title": "四姑娘山大二峰入门体验级连登（7日行程）",
    "money": "3200",
    "date": "09/30",
    "city": "成都"
  },
  {
    "url": "http://hd.8264.com/xianlu-115841",
    "img": "http://img.qunawan.com/ecmme/wan/xl/goods/20160726/201607261250472683_listfull.jpg",
    "title": "新乌孙古道重装穿越（9日行程）",
    "money": "2800",
    "date": "09/30",
    "city": "乌鲁"
  },
  {
    "url": "http://hd.8264.com/xianlu-160553",
    "img": "http://img.qunawan.com/ecmme/wan/xl/goods/20170321/201703211148132162_listfull.jpg",
    "title": "色达年保玉则甘南（8日行程）",
    "money": "3580",
    "date": "09/23",
    "city": "兰州"
  },
  {
    "url": "http://hd.8264.com/xianlu-22945",
    "img": "http://img.qunawan.com/ecmme/wan/xl/goods/20160715/201607151854336740_listfull.png",
    "title": "大美川西花季相约 若尔盖花湖 九曲黄河 年宝玉则 色达（8日行程）",
    "money": "3880",
    "date": "09/23",
    "city": "成都"
  },
  {
    "url": "http://hd.8264.com/xianlu-22942",
    "img": "http://img.qunawan.com/ecmme/wan/xl/goods/20160715/201607151845316837_listfull.png",
    "title": "藏地神韵探访苦修密地 走进佛国世界色达亚青寺甘孜（8日行程）",
    "money": "3580",
    "date": "09/23",
    "city": "成都"
  },
  {
    "url": "http://hd.8264.com/xianlu-163615",
    "img": "http://img.qunawan.com/ecmme/wan/xl/goods/20170504/201705041120373596_listfull.jpg",
    "title": "拉萨 林芝 徒步新措 巴松措 雅鲁藏布江大峡谷 南伽巴瓦峰（6日行程）",
    "money": "2250",
    "date": "09/30",
    "city": "拉萨"
  },
  {
    "url": "http://hd.8264.com/xianlu-22937",
    "img": "http://img.qunawan.com/ecmme/wan/xl/goods/20160715/201607151825502888_listfull.jpg",
    "title": "清凉一夏 漂流 玻璃栈道 就在十渡东湖港（1日行程）",
    "money": "125",
    "date": "09/23",
    "city": "北京"
  },
  {
    "url": "http://hd.8264.com/xianlu-21055",
    "img": "http://img.qunawan.com/ecmme/wan/xl/goods/20160707/201607071549408241_listfull.jpg",
    "title": "湿身吧 骚年 水枪大战等你来一显身手（1日行程）",
    "money": "110",
    "date": "09/23",
    "city": "北京"
  },
  {
    "url": "http://hd.8264.com/xianlu-20362",
    "img": "http://img.qunawan.com/ecmme/wan/xl/goods/20160705/201607051715037976_listfull.jpg",
    "title": "从天堂到地狱泸沽湖亚丁卡斯地狱谷穿越（15日行程）",
    "money": "6980",
    "date": "09/26",
    "city": "丽江"
  }
]