[
  {
    "url": "http://hd.8264.com/xianlu-19864",
    "img": "http://img.qunawan.com/ecmme/wan/xl/goods/20160704/201607041509059898_listfull.jpg",
    "title": "中国十大经典徒步线路之一 四姑娘山长坪沟穿越毕棚沟（6日行程）",
    "money": "2480",
    "date": "09/23",
    "city": "成都"
  },
  {
    "url": "http://hd.8264.com/xianlu-19848",
    "img": "http://img.qunawan.com/ecmme/wan/xl/goods/20160704/201607041458172760_listfull.jpg",
    "title": "蜀山之王贡嘎山徒步（6日行程）",
    "money": "2280",
    "date": "09/23",
    "city": "成都"
  },
  {
    "url": "http://hd.8264.com/xianlu-19838",
    "img": "http://img.qunawan.com/ecmme/wan/xl/goods/20160704/201607041449147626_listfull.jpg",
    "title": "东戴河止锚湾（2日行程）",
    "money": "350",
    "date": "09/23",
    "city": "北京"
  },
  {
    "url": "http://hd.8264.com/xianlu-19833",
    "img": "http://img.qunawan.com/ecmme/wan/xl/goods/20160704/201607041523175030_listfull.jpg",
    "title": "翡翠岛扎营烧烤（2日行程）",
    "money": "295",
    "date": "09/23",
    "city": "北京"
  },
  {
    "url": "http://hd.8264.com/xianlu-15546",
    "img": "http://img.qunawan.com/ecmme/wan/xl/goods/20160622/201606221428194065_listfull.jpg",
    "title": "果洛秘境 年宝玉则最美花季徒步穿越 仙女湖 妖女湖（6日行程）",
    "money": "2980",
    "date": "09/30",
    "city": "成都"
  },
  {
    "url": "http://hd.8264.com/xianlu-15499",
    "img": "http://img.qunawan.com/ecmme/wan/xl/goods/20160622/201606221423593004_listfull.jpg",
    "title": "喀纳斯的传说 白哈巴 喀纳斯 禾木轻装摄影版（7日行程）",
    "money": "3100",
    "date": "09/23",
    "city": "乌鲁"
  },
  {
    "url": "http://hd.8264.com/xianlu-12575",
    "img": "http://img.qunawan.com/ecmme/wan/xl/goods/20160614/201606141412208830_listfull.jpg",
    "title": "白河峡谷 野外烧烤趴 吃货看过来（1日行程）",
    "money": "140",
    "date": "09/23",
    "city": "北京"
  },
  {
    "url": "http://hd.8264.com/xianlu-12240",
    "img": "http://img.qunawan.com/ecmme/wan/xl/goods/20160613/201606131624257424_listfull.jpg",
    "title": "十渡漂流 湿身 戏水 真人CS 蹦极 寻找童年的乐趣（1日行程）",
    "money": "100",
    "date": "09/23",
    "city": "北京"
  },
  {
    "url": "http://hd.8264.com/xianlu-12213",
    "img": "http://img.qunawan.com/ecmme/wan/xl/goods/20160613/201606131549136961_listfull.jpg",
    "title": "石林峡 世界第一悬空钛合金玻璃UFO观景台 宇宙之眼（1日行程）",
    "money": "70",
    "date": "09/23",
    "city": "北京"
  },
  {
    "url": "http://hd.8264.com/xianlu-11225",
    "img": "http://img.qunawan.com/ecmme/wan/xl/goods/20160609/201606091326432094_listfull.jpg",
    "title": "古道风云 中国十大徒步线路之首 墨脱 不可抵达之地 圣域寻道（8日行程）",
    "money": "4500",
    "date": "09/30",
    "city": "杭州"
  },
  {
    "url": "http://hd.8264.com/xianlu-9279",
    "img": "http://img.qunawan.com/ecmme/wan/xl/goods/20160601/201606011749338450_listfull.jpg",
    "title": "梦幻夏特古道穿越（8日行程）",
    "money": "3200",
    "date": "09/30",
    "city": "乌鲁"
  },
  {
    "url": "http://hd.8264.com/xianlu-8708",
    "img": "http://img.qunawan.com/ecmme/wan/xl/goods/20160531/201605311658382307_listfull.jpg",
    "title": "乌孙古道重装徒步 特种兵保障安全（9日行程）",
    "money": "4880",
    "date": "09/30",
    "city": "乌鲁"
  },
  {
    "url": "http://hd.8264.com/xianlu-165919",
    "img": "http://img.qunawan.com/ecmme/wan/xl/goods/20170601/201706011440433887_listfull.jpg",
    "title": "漫步花海 青海年宝玉则转山转水轻装徒步（6日行程）",
    "money": "2980",
    "date": "09/30",
    "city": "成都"
  },
  {
    "url": "http://hd.8264.com/xianlu-7386",
    "img": "http://img.qunawan.com/ecmme/wan/xl/goods/20160711/201607110936257993_listfull.jpg",
    "title": "江油溪降 清凉一夏即刻出发（1日行程）",
    "money": "260",
    "date": "09/22",
    "city": "成都"
  },
  {
    "url": "http://hd.8264.com/xianlu-5623",
    "img": "http://img.qunawan.com/ecmme/wan/xl/goods/20170503/201705031824543338_listfull.jpg",
    "title": "中国徒步线路第一位 墨脱徒步 探寻心中的莲花圣地（8日行程）",
    "money": "4500",
    "date": "09/30",
    "city": "成都"
  },
  {
    "url": "http://hd.8264.com/xianlu-4901",
    "img": "http://img.qunawan.com/ecmme/wan/xl/goods/20160511/201605110948223340_listfull.jpg",
    "title": "国庆相约中国十大经典徒步线路之一 四姑娘山长坪沟穿越毕棚沟（6日行程）",
    "money": "2880",
    "date": "09/30",
    "city": "成都"
  },
  {
    "url": "http://hd.8264.com/xianlu-170598",
    "img": "http://img.qunawan.com/ecmme/wan/xl/goods/20170821/201708211101585626_listfull.jpg",
    "title": "国庆 开上房车重走丝绸之路 西北全景 额济纳胡杨林（9日行程）",
    "money": "3080",
    "date": "09/30",
    "city": "东城"
  },
  {
    "url": "http://hd.8264.com/xianlu-2941",
    "img": "http://img.qunawan.com/ecmme/wan/xl/goods/20160411/201604111600212168_listfull.jpg",
    "title": "西藏墨脱徒步 探寻心中的莲花圣地 中国徒步线路第一位（8日行程）",
    "money": "4680",
    "date": "09/30",
    "city": "拉萨"
  },
  {
    "url": "http://hd.8264.com/xianlu-2295",
    "img": "http://img.qunawan.com/ecmme/wan/xl/goods/20170114/201701141726185732_listfull.jpg",
    "title": "青海经典小环线 青海湖 张掖 祁连山 门源 茶卡盐湖（6日行程）",
    "money": "2480",
    "date": "09/30",
    "city": "西宁"
  },
  {
    "url": "http://hd.8264.com/xianlu-2265",
    "img": "http://img.qunawan.com/ecmme/wan/xl/goods/20160301/201603011745326155_listfull.jpg",
    "title": "2016年 川藏线 稻城亚丁 拉萨（11日行程）",
    "money": "3770",
    "date": "09/23",
    "city": "成都"
  }
]