[
  {
    "url": "http://hd.8264.com/xianlu-2208",
    "img": "http://img.qunawan.com/ecmme/wan/xl/goods/20170413/201704132242518151_listfull.jpg",
    "title": "梦圆狼塔C线 国内顶级徒步线路 骨灰级驴友的首选线路之一（9日行程）",
    "money": "2980",
    "date": "09/30",
    "city": "杭州"
  },
  {
    "url": "http://hd.8264.com/xianlu-2202",
    "img": "http://img.qunawan.com/ecmme/wan/xl/goods/20160226/201602261603174757_listfull.jpg",
    "title": "雀儿山 攀登计划（9日行程）",
    "money": "9800",
    "date": "09/30",
    "city": "甘孜"
  },
  {
    "url": "http://hd.8264.com/xianlu-1853",
    "img": "http://img.qunawan.com/ecmme/wan/xl/goods/20160118/201601181823312573_listfull.jpg",
    "title": "青藏之行 青藏线 唐番古道（8日行程）",
    "money": "4980",
    "date": "09/30",
    "city": "兰州"
  },
  {
    "url": "http://hd.8264.com/xianlu-161808",
    "img": "http://img.qunawan.com/ecmme/wan/xl/goods/20170410/201704100920191142_listfull.jpg",
    "title": "川藏南线 稻城亚丁 林芝 来古冰川 羊卓雍措行摄（11日行程）",
    "money": "3600",
    "date": "09/22",
    "city": "成都"
  },
  {
    "url": "http://hd.8264.com/xianlu-6886",
    "img": "http://img.qunawan.com/ecmme/wan/xl/goods/20160524/201605241034398271_listfull.jpg",
    "title": "西部秘境 丹巴秘境之地 莫斯卡（3日行程）",
    "money": "980",
    "date": "09/22",
    "city": "成都"
  },
  {
    "url": "http://hd.8264.com/xianlu-171848",
    "img": "http://img.qunawan.com/ecmme/wan/xl/goods/20170912/201709121731516902_listfull.jpg",
    "title": "行摄四姑娘山丹巴色达海螺沟（7日行程）",
    "money": "3180",
    "date": "11/04",
    "city": "成都"
  },
  {
    "url": "http://hd.8264.com/xianlu-171461",
    "img": "http://img.qunawan.com/ecmme/wan/xl/goods/20170904/201709041628555789_listfull.jpg",
    "title": "火车团偶像来了 色迷呈坎 婺源篁岭晒秋 徽州古道（1日行程）",
    "money": "450",
    "date": "11/04",
    "city": "安庆"
  },
  {
    "url": "http://hd.8264.com/xianlu-171245",
    "img": "http://img.qunawan.com/ecmme/wan/xl/goods/20170831/201708311703213175_listfull.jpg",
    "title": "金秋特推 醉在秋风送爽时行摄四姑娘山丹巴色达海螺沟（7日行程）",
    "money": "3180",
    "date": "11/04",
    "city": "成都"
  },
  {
    "url": "http://hd.8264.com/xianlu-171192",
    "img": "http://img.qunawan.com/ecmme/wan/xl/goods/20170831/201708311037011370_listfull.jpg",
    "title": "云南银杏深度游（8日行程）",
    "money": "3280",
    "date": "11/04",
    "city": "昆明"
  },
  {
    "url": "http://hd.8264.com/xianlu-170862",
    "img": "http://img.qunawan.com/ecmme/wan/xl/goods/20170824/201708241545349010_listfull.jpg",
    "title": "行摄四姑娘山丹巴色达海螺沟（7日行程）",
    "money": "3180",
    "date": "11/04",
    "city": "成都"
  },
  {
    "url": "http://hd.8264.com/xianlu-160401",
    "img": "http://img.qunawan.com/ecmme/wan/xl/goods/20170319/201703191513275074_listfull.jpg",
    "title": "清明假期东北灵山经典穿越（2日行程）",
    "money": "280",
    "date": "11/04",
    "city": "北京"
  },
  {
    "url": "http://hd.8264.com/xianlu-158463",
    "img": "http://img.qunawan.com/ecmme/wan/xl/goods/20170224/201702241505248128_listfull.jpg",
    "title": "七彩云南 香格里拉 大理 丽江 虎跳峡（8日行程）",
    "money": "3480",
    "date": "11/04",
    "city": "昆明"
  },
  {
    "url": "http://hd.8264.com/xianlu-138823",
    "img": "http://img.qunawan.com/ecmme/wan/xl/goods/20161107/201611071739062392_listfull.png",
    "title": "挑战南北梯穿越（1日行程）",
    "money": "80",
    "date": "11/04",
    "city": "北京"
  },
  {
    "url": "http://hd.8264.com/xianlu-21432",
    "img": "http://img.qunawan.com/ecmme/wan/xl/goods/20160708/201607081836019396_listfull.jpg",
    "title": "徒步浙西屋脊 清凉峰（2日行程）",
    "money": "238",
    "date": "11/04",
    "city": "杭州"
  },
  {
    "url": "http://hd.8264.com/xianlu-172027",
    "img": "http://img.qunawan.com/ecmme/wan/xl/goods/20170917/201709171037261058_listfull.jpg",
    "title": "风韵老上海 夜游不夜城 Citywalk交友派对（1日行程）",
    "money": "58",
    "date": "09/22",
    "city": "上海"
  },
  {
    "url": "http://hd.8264.com/xianlu-171975",
    "img": "http://img.qunawan.com/ecmme/wan/xl/goods/20170914/201709142003466927_listfull.jpg",
    "title": "国庆 西藏 珠峰大本营 纳木措 布达拉宫 大昭寺（10日行程）",
    "money": "5480",
    "date": "09/29",
    "city": "拉萨"
  },
  {
    "url": "http://hd.8264.com/xianlu-171491",
    "img": "http://img.qunawan.com/ecmme/wan/xl/goods/20170905/201709050926282694_listfull.jpg",
    "title": "奇景观鹤红海滩 天国神路笔架山（3日行程）",
    "money": "499",
    "date": "09/22",
    "city": "北京"
  },
  {
    "url": "http://hd.8264.com/xianlu-171484",
    "img": "http://img.qunawan.com/ecmme/wan/xl/goods/20170904/201709042127389579_listfull.jpg",
    "title": "新疆喀纳斯禾木金秋游 开始报名了（10日行程）",
    "money": "6500",
    "date": "09/29",
    "city": "安庆"
  },
  {
    "url": "http://hd.8264.com/xianlu-171422",
    "img": "http://img.qunawan.com/ecmme/wan/xl/goods/20170904/201709041129126419_listfull.jpg",
    "title": "重走洛克线 木里徒步稻城亚丁（10日行程）",
    "money": "5680",
    "date": "09/29",
    "city": "成都"
  },
  {
    "url": "http://hd.8264.com/xianlu-171340",
    "img": "http://img.qunawan.com/ecmme/wan/xl/goods/20170901/201709011724068050_listfull.jpg",
    "title": "国庆洛克线 走过最美的秋季视觉盛宴（10日行程）",
    "money": "2980",
    "date": "09/29",
    "city": "重庆"
  }
]