[
  {
    "url": "http://hd.8264.com/xianlu-170906",
    "img": "http://img.qunawan.com/ecmme/wan/xl/goods/20170825/201708251551034155_listfull.jpg",
    "title": "极限中国 高空跳伞 国内最低价（1日行程）",
    "money": "3000",
    "date": "09/22",
    "city": "阳江"
  },
  {
    "url": "http://hd.8264.com/xianlu-170884",
    "img": "http://img.qunawan.com/ecmme/wan/xl/goods/20170825/201708251028555375_listfull.jpg",
    "title": "雀儿山6168米技术型登山探险活动（8日行程）",
    "money": "1",
    "date": "09/22",
    "city": "甘孜"
  },
  {
    "url": "http://hd.8264.com/xianlu-170856",
    "img": "http://img.qunawan.com/ecmme/wan/xl/goods/20170824/201708241728158970_listfull.jpg",
    "title": "B线嘉峪关 额济纳 黑水城 怪树林 居延海 巴丹吉林沙漠（5日行程）",
    "money": "2980",
    "date": "09/29",
    "city": "嘉峪"
  },
  {
    "url": "http://hd.8264.com/xianlu-170852",
    "img": "http://img.qunawan.com/ecmme/wan/xl/goods/20170824/201708241355564821_listfull.jpg",
    "title": "坝上草原 骑马狂欢 篝火晚会 送烤全羊（3日行程）",
    "money": "345",
    "date": "09/22",
    "city": "北京"
  },
  {
    "url": "http://hd.8264.com/xianlu-170892",
    "img": "http://img.qunawan.com/ecmme/wan/xl/goods/20170825/201708251143254179_listfull.jpg",
    "title": "佛色稻亚 深度游（8日行程）",
    "money": "2580",
    "date": "09/22",
    "city": "成都"
  },
  {
    "url": "http://hd.8264.com/xianlu-170821",
    "img": "http://img.qunawan.com/ecmme/wan/xl/goods/20170824/201708240947139244_listfull.jpg",
    "title": "最美的日出 尼泊尔布恩山 小环线徒步之旅（8日行程）",
    "money": "3580",
    "date": "09/23",
    "city": "加德"
  },
  {
    "url": "http://hd.8264.com/xianlu-170855",
    "img": "http://img.qunawan.com/ecmme/wan/xl/goods/20170824/201708241728291145_listfull.jpg",
    "title": "A线 额济纳胡杨林 巴丹吉林沙漠 居延海 黑水城 张掖丹霞（5日行程）",
    "money": "3100",
    "date": "09/23",
    "city": "嘉峪"
  },
  {
    "url": "http://hd.8264.com/xianlu-170814",
    "img": "http://img.qunawan.com/ecmme/wan/xl/goods/20170824/201708240013039778_listfull.jpg",
    "title": "翻越高黎贡山 重走远征军之路 穿越活动（5日行程）",
    "money": "1980",
    "date": "09/23",
    "city": "大理"
  },
  {
    "url": "http://hd.8264.com/xianlu-170791",
    "img": "http://img.qunawan.com/ecmme/wan/xl/goods/20170823/201708231540381848_listfull.jpg",
    "title": "十渡仙西水洞 风情苗寨 真人cs 竹筏 烧烤（1日行程）",
    "money": "180",
    "date": "09/22",
    "city": "北京"
  },
  {
    "url": "http://hd.8264.com/xianlu-170795",
    "img": "http://img.qunawan.com/ecmme/wan/xl/goods/20170823/201708231559536775_listfull.png",
    "title": "川藏大环线（16日行程）",
    "money": "5800",
    "date": "09/22",
    "city": "安庆"
  },
  {
    "url": "http://hd.8264.com/xianlu-170779",
    "img": "http://img.qunawan.com/ecmme/wan/xl/goods/20170823/201708231447386649_listfull.jpg",
    "title": "天天出发 色达朝圣纯玩（4日行程）",
    "money": "580",
    "date": "09/22",
    "city": "成都"
  },
  {
    "url": "http://hd.8264.com/xianlu-170762",
    "img": "http://img.qunawan.com/ecmme/wan/xl/goods/20170823/201708231308269814_listfull.jpg",
    "title": "阿里大北线 冈仁波齐转山 双湖摄影探险 深度游（17日行程）",
    "money": "6600",
    "date": "09/22",
    "city": "拉萨"
  },
  {
    "url": "http://hd.8264.com/xianlu-170744",
    "img": "http://img.qunawan.com/ecmme/wan/xl/goods/20170823/201708230948142205_listfull.jpg",
    "title": "昆明 彝人部落 大理双廊洱海 丽江 泸沽湖 香格里拉环线（7日行程）",
    "money": "2880",
    "date": "09/23",
    "city": "丽江"
  },
  {
    "url": "http://hd.8264.com/xianlu-170739",
    "img": "http://img.qunawan.com/ecmme/wan/xl/goods/20170823/201708230925066655_listfull.jpg",
    "title": "孟屯河谷高桥沟露营（2日行程）",
    "money": "199",
    "date": "09/24",
    "city": "成都"
  },
  {
    "url": "http://hd.8264.com/xianlu-170723",
    "img": "http://img.qunawan.com/ecmme/wan/xl/goods/20170825/201708250237144672_listfull.jpg",
    "title": "洞穴探险 全程直播（1日行程）",
    "money": "1",
    "date": "09/24",
    "city": "重庆"
  },
  {
    "url": "http://hd.8264.com/xianlu-170710",
    "img": "http://img.qunawan.com/ecmme/wan/xl/goods/20170822/201708221752476027_listfull.jpg",
    "title": "世外桃园雨崩村 寻找香巴拉 虎跳峡 朝圣梅里雪山驴行（7日行程）",
    "money": "2380",
    "date": "09/22",
    "city": "成都"
  },
  {
    "url": "http://hd.8264.com/xianlu-170684",
    "img": "http://img.qunawan.com/ecmme/wan/xl/goods/20170822/201708221255367250_listfull.jpg",
    "title": "318川藏线 稻城亚丁（10日行程）",
    "money": "3800",
    "date": "09/22",
    "city": "成都"
  },
  {
    "url": "http://hd.8264.com/xianlu-170682",
    "img": "http://img.qunawan.com/ecmme/wan/xl/goods/20170822/201708221247545321_listfull.jpg",
    "title": "一生一次318（10日行程）",
    "money": "3800",
    "date": "09/26",
    "city": "成都"
  },
  {
    "url": "http://hd.8264.com/xianlu-170663",
    "img": "http://img.qunawan.com/ecmme/wan/xl/goods/20170822/201708221029011486_listfull.jpg",
    "title": "周末丨徒步五台山 转山转水转佛塔 朝台祈福涤之旅（3日行程）",
    "money": "280",
    "date": "09/23",
    "city": "北京"
  },
  {
    "url": "http://hd.8264.com/xianlu-170706",
    "img": "http://img.qunawan.com/ecmme/wan/xl/goods/20170822/201708221713353931_listfull.jpg",
    "title": "色达 四姑娘山双桥沟（4日行程）",
    "money": "1480",
    "date": "09/22",
    "city": "成都"
  }
]