[
  {
    "url": "http://hd.8264.com/xianlu-171123",
    "img": "http://img.qunawan.com/ecmme/wan/xl/goods/20170830/201708301508076103_listfull.png",
    "title": "非洲最高峰乞力马扎罗攀登 狂野动物大迁徙Safari（15日行程）",
    "money": "50800",
    "date": "09/29",
    "city": "北京"
  },
  {
    "url": "http://hd.8264.com/xianlu-171080",
    "img": "http://img.qunawan.com/ecmme/wan/xl/goods/20170829/201708292230521113_listfull.jpg",
    "title": "海驴岛 爸爸去哪儿拍摄地（2日行程）",
    "money": "699",
    "date": "09/22",
    "city": "朝阳"
  },
  {
    "url": "http://hd.8264.com/xianlu-170812",
    "img": "http://img.qunawan.com/ecmme/wan/xl/goods/20170823/201708232219543569_listfull.jpg",
    "title": "国庆四川格聂转山徒步 措普沟（10日行程）",
    "money": "2000",
    "date": "09/29",
    "city": "成都"
  },
  {
    "url": "http://hd.8264.com/xianlu-170694",
    "img": "http://img.qunawan.com/ecmme/wan/xl/goods/20170824/201708241739447586_listfull.jpg",
    "title": "2017年国庆 乌孙古道重装徒步 在天堂湖遇见天堂（8日行程）",
    "money": "2000",
    "date": "09/29",
    "city": "乌鲁"
  },
  {
    "url": "http://hd.8264.com/xianlu-170507",
    "img": "http://img.qunawan.com/ecmme/wan/xl/goods/20170818/201708180055514619_listfull.jpg",
    "title": "国庆假期出发川西壮美诱惑贡嘎山全线露营徒步穿越（7日行程）",
    "money": "2799",
    "date": "09/29",
    "city": "成都"
  },
  {
    "url": "http://hd.8264.com/xianlu-170534",
    "img": "http://img.qunawan.com/ecmme/wan/xl/goods/20170818/201708181348283098_listfull.jpg",
    "title": "莫斯卡自驾游 在醉美的时光遇到一群土拨鼠（3日行程）",
    "money": "880",
    "date": "09/22",
    "city": "成都"
  },
  {
    "url": "http://hd.8264.com/xianlu-170059",
    "img": "http://img.qunawan.com/ecmme/wan/xl/goods/20170807/201708072249487621_listfull.jpg",
    "title": "每周五晚出发 樂吧 乌兰布统 周周发团（3日行程）",
    "money": "499",
    "date": "09/22",
    "city": "朝阳"
  },
  {
    "url": "http://hd.8264.com/xianlu-169897",
    "img": "http://img.qunawan.com/ecmme/wan/xl/goods/20170803/201708031119469839_listfull.jpg",
    "title": "樂吧 荒岛求生 每周五发团 无人岛露营 烧烤 吃海鲜（3日行程）",
    "money": "379",
    "date": "09/22",
    "city": "北京"
  },
  {
    "url": "http://hd.8264.com/xianlu-169705",
    "img": "http://img.qunawan.com/ecmme/wan/xl/goods/20170730/201707301717444666_listfull.jpeg",
    "title": "国庆 金秋大美新疆喀纳斯经典之旅（7日行程）",
    "money": "2880",
    "date": "09/29",
    "city": "乌鲁"
  },
  {
    "url": "http://hd.8264.com/xianlu-169690",
    "img": "http://img.qunawan.com/ecmme/wan/xl/goods/20170729/201707291559572316_listfull.jpg",
    "title": "阿里行 玛旁雍错（10日行程）",
    "money": "6980",
    "date": "09/29",
    "city": "拉萨"
  },
  {
    "url": "http://hd.8264.com/xianlu-169582",
    "img": "http://img.qunawan.com/ecmme/wan/xl/goods/20170727/201707271104055579_listfull.jpg",
    "title": "周末火车丨大美长白瑶池仙境 长白山天池（3日行程）",
    "money": "680",
    "date": "09/22",
    "city": "长春"
  },
  {
    "url": "http://hd.8264.com/xianlu-169540",
    "img": "http://img.qunawan.com/ecmme/wan/xl/goods/20170726/201707261612147886_listfull.jpg",
    "title": "原生态海滩东戴河 止锚湾 吃海鲜 吹海风 晒日光浴 看美女（3日行程）",
    "money": "360",
    "date": "09/22",
    "city": "朝阳"
  },
  {
    "url": "http://hd.8264.com/xianlu-169411",
    "img": "http://img.qunawan.com/ecmme/wan/xl/goods/20170724/201707240920027312_listfull.jpg",
    "title": "东戴河止锚湾 走进原生态海域（3日行程）",
    "money": "380",
    "date": "09/22",
    "city": "北京"
  },
  {
    "url": "http://hd.8264.com/xianlu-169380",
    "img": "http://img.qunawan.com/ecmme/wan/xl/goods/20170722/201707221353333396_listfull.jpg",
    "title": "周周发 乌兰布统草原 公主湖 户外休闲（3日行程）",
    "money": "550",
    "date": "09/22",
    "city": "北京"
  },
  {
    "url": "http://hd.8264.com/xianlu-169258",
    "img": "http://img.qunawan.com/ecmme/wan/xl/goods/20170719/201707191626105821_listfull.jpg",
    "title": "西藏云端之上 珠峰吉隆秋色行摄深度旅行（12日行程）",
    "money": "5380",
    "date": "09/29",
    "city": "拉萨"
  },
  {
    "url": "http://hd.8264.com/xianlu-168698",
    "img": "http://img.qunawan.com/ecmme/wan/xl/goods/20170710/201707101630415816_listfull.jpg",
    "title": "拼团坝上骑马烤全羊（3日行程）",
    "money": "350",
    "date": "09/22",
    "city": "北京"
  },
  {
    "url": "http://hd.8264.com/xianlu-168284",
    "img": "http://img.qunawan.com/ecmme/wan/xl/goods/20170703/201707032049264628_listfull.jpg",
    "title": "私人海滩 东戴河大巴接送 出门就是海（3日行程）",
    "money": "380",
    "date": "09/22",
    "city": "秦皇"
  },
  {
    "url": "http://hd.8264.com/xianlu-168121",
    "img": "http://img.qunawan.com/ecmme/wan/xl/goods/20170630/201706301025492013_listfull.jpg",
    "title": "稻城亚丁 四姑娘山 甲居藏寨 11人精品小团 TOP酒店（7日行程）",
    "money": "2280",
    "date": "09/22",
    "city": "成都"
  },
  {
    "url": "http://hd.8264.com/xianlu-168053",
    "img": "http://img.qunawan.com/ecmme/wan/xl/goods/20170629/201706291424357180_listfull.jpg",
    "title": "徒步 格聂神山环线转山 措普沟越野旅行（9日行程）",
    "money": "7500",
    "date": "09/29",
    "city": "成都"
  },
  {
    "url": "http://hd.8264.com/xianlu-167512",
    "img": "http://img.qunawan.com/ecmme/wan/xl/goods/20170621/201706211453252244_listfull.jpeg",
    "title": "小五台 中国十大非著名山峰（3日行程）",
    "money": "280",
    "date": "09/22",
    "city": "北京"
  }
]