[
  {
    "url": "http://hd.8264.com/xianlu-166476",
    "img": "http://img.qunawan.com/ecmme/wan/xl/goods/20170607/201706071611266493_listfull.png",
    "title": "玄奘西行之心动新疆之旅（10日行程）",
    "money": "11770",
    "date": "09/29",
    "city": "乌鲁"
  },
  {
    "url": "http://hd.8264.com/xianlu-166162",
    "img": "http://img.qunawan.com/ecmme/wan/xl/goods/20170604/201706041619212731_listfull.png",
    "title": "免票山西五台山 五百年修行 情定清凉山巅（3日行程）",
    "money": "280",
    "date": "09/22",
    "city": "北京"
  },
  {
    "url": "http://hd.8264.com/xianlu-171838",
    "img": "http://img.qunawan.com/ecmme/wan/xl/goods/20170912/201709121412062922_listfull.jpg",
    "title": "五台山 转山转水转佛塔 只为与你相见（3日行程）",
    "money": "280",
    "date": "09/22",
    "city": "北京"
  },
  {
    "url": "http://hd.8264.com/xianlu-164675",
    "img": "http://img.qunawan.com/ecmme/wan/xl/goods/20170514/201705141558465171_listfull.jpg",
    "title": "乌兰布统草原 骑马 多伦湖 公主湖 将军泡子 漫步摄影（4日行程）",
    "money": "550",
    "date": "09/22",
    "city": "北京"
  },
  {
    "url": "http://hd.8264.com/xianlu-163873",
    "img": "http://img.qunawan.com/ecmme/wan/xl/goods/20170506/201705061622109419_listfull.jpg",
    "title": "年宝玉则 比稻城美得更纯粹 走进天神后花园 与仙女共舞（3日行程）",
    "money": "780",
    "date": "09/22",
    "city": "成都"
  },
  {
    "url": "http://hd.8264.com/xianlu-162809",
    "img": "http://img.qunawan.com/ecmme/wan/xl/goods/20170420/201704201331424333_listfull.jpg",
    "title": "夏河拉卜楞寺郎木寺（2日行程）",
    "money": "399",
    "date": "09/23",
    "city": "兰州"
  },
  {
    "url": "http://hd.8264.com/xianlu-161932",
    "img": "http://img.qunawan.com/ecmme/wan/xl/goods/20170621/201706211543362270_listfull.jpg",
    "title": "野线崂山徒步（4日行程）",
    "money": "998",
    "date": "09/22",
    "city": "北京"
  },
  {
    "url": "http://hd.8264.com/xianlu-161902",
    "img": "http://img.qunawan.com/ecmme/wan/xl/goods/20170410/201704101054175000_listfull.jpg",
    "title": "川西小环线C（5日行程）",
    "money": "1480",
    "date": "09/22",
    "city": "成都"
  },
  {
    "url": "http://hd.8264.com/xianlu-161397",
    "img": "http://img.qunawan.com/ecmme/wan/xl/goods/20170402/201704021715114318_listfull.jpg",
    "title": "丽江云上庄园会所拉市海（1日行程）",
    "money": "280",
    "date": "09/22",
    "city": "丽江"
  },
  {
    "url": "http://hd.8264.com/xianlu-161396",
    "img": "http://img.qunawan.com/ecmme/wan/xl/goods/20170402/201704021641342349_listfull.png",
    "title": "丽江出发玉龙雪山游 纯玩品质团（1日行程）",
    "money": "540",
    "date": "09/22",
    "city": "丽江"
  },
  {
    "url": "http://hd.8264.com/xianlu-160622",
    "img": "http://img.qunawan.com/ecmme/wan/xl/goods/20170321/201703212129155134_listfull.jpg",
    "title": "梦中的西藏 318川藏线 稻城亚丁（10日行程）",
    "money": "3500",
    "date": "09/22",
    "city": "成都"
  },
  {
    "url": "http://hd.8264.com/xianlu-160575",
    "img": "http://img.qunawan.com/ecmme/wan/xl/goods/20170321/201703211452382616_listfull.jpg",
    "title": "醉美318川藏线 越野车拼车（10日行程）",
    "money": "3500",
    "date": "09/22",
    "city": "成都"
  },
  {
    "url": "http://hd.8264.com/xianlu-160267",
    "img": "http://img.qunawan.com/ecmme/wan/xl/goods/20170316/201703161530202734_listfull.jpg",
    "title": "牛背山 徒步经典线路（3日行程）",
    "money": "580",
    "date": "09/22",
    "city": "成都"
  },
  {
    "url": "http://hd.8264.com/xianlu-159873",
    "img": "http://img.qunawan.com/ecmme/wan/xl/goods/20170313/201703131301504610_listfull.jpg",
    "title": "2017年雀儿山全年攀登计划（8日行程）",
    "money": "11000",
    "date": "09/29",
    "city": "成都"
  },
  {
    "url": "http://hd.8264.com/xianlu-159262",
    "img": "http://img.qunawan.com/ecmme/wan/xl/goods/20170303/201703031606557393_listfull.jpg",
    "title": "从你的全世界路过川藏南线滇藏线稻城亚丁梅里雪山来古村（10日行程）",
    "money": "4980",
    "date": "09/22",
    "city": "成都"
  },
  {
    "url": "http://hd.8264.com/xianlu-159277",
    "img": "http://img.qunawan.com/ecmme/wan/xl/goods/20170303/201703031541508238_listfull.png",
    "title": "腾格里沙漠 走大漠 观绿洲 品特色（3日行程）",
    "money": "1900",
    "date": "09/22",
    "city": "阿拉"
  },
  {
    "url": "http://hd.8264.com/xianlu-144048",
    "img": "http://img.qunawan.com/ecmme/wan/xl/goods/20161112/201611121822291712_listfull.jpg",
    "title": "武夷山游 经典景点门票 必有景点 套票（3日行程）",
    "money": "498",
    "date": "09/22",
    "city": "武夷"
  },
  {
    "url": "http://hd.8264.com/xianlu-132716",
    "img": "http://img.qunawan.com/ecmme/wan/xl/goods/20160922/201609222136232325_listfull.jpg",
    "title": "海上观明月 红海滩 笔架山 亲密接触丹顶鹤快乐之旅（3日行程）",
    "money": "500",
    "date": "09/22",
    "city": "北京"
  },
  {
    "url": "http://hd.8264.com/xianlu-17921",
    "img": "http://img.qunawan.com/ecmme/wan/xl/goods/20160628/201606281614258271_listfull.jpg",
    "title": "川西秘境 醉美玛嘉沟休闲徒步每周五下午出发（3日行程）",
    "money": "480",
    "date": "09/22",
    "city": "成都"
  },
  {
    "url": "http://hd.8264.com/xianlu-161713",
    "img": "http://img.qunawan.com/ecmme/wan/xl/goods/20170407/201704071638282906_listfull.jpeg",
    "title": "年保玉则 神座 走进神的花园（3日行程）",
    "money": "780",
    "date": "09/22",
    "city": "成都"
  }
]