[
  {
    "url": "http://hd.8264.com/xianlu-14098",
    "img": "http://img.qunawan.com/ecmme/wan/xl/goods/20160618/201606181016348434_listfull.jpg",
    "title": "四姑娘山三峰攀登（4日行程）",
    "money": "1880",
    "date": "09/23",
    "city": "成都"
  },
  {
    "url": "http://hd.8264.com/xianlu-166717",
    "img": "http://img.qunawan.com/ecmme/wan/xl/goods/20170611/201706111821166543_listfull.jpg",
    "title": "尼泊尔安娜普尔纳大环线 ACT（20日行程）",
    "money": "7880",
    "date": "11/05",
    "city": "加德"
  },
  {
    "url": "http://hd.8264.com/xianlu-165447",
    "img": "http://img.qunawan.com/ecmme/wan/xl/goods/20170523/201705231020403627_listfull.jpg",
    "title": "探秘世界最大觉姆岛 亚青寺朝圣 丹巴甲居藏寨越野车环线之旅（4日行程）",
    "money": "1680",
    "date": "09/28",
    "city": "成都"
  },
  {
    "url": "http://hd.8264.com/xianlu-170697",
    "img": "http://img.qunawan.com/ecmme/wan/xl/goods/20170822/201708221556155221_listfull.jpg",
    "title": "色达丹巴深度游（4日行程）",
    "money": "880",
    "date": "09/28",
    "city": "成都"
  },
  {
    "url": "http://hd.8264.com/xianlu-170509",
    "img": "http://img.qunawan.com/ecmme/wan/xl/goods/20170818/201708180113301845_listfull.jpg",
    "title": "国庆假期西藏阿里冈仁波齐转山南线 拉萨（11日行程）",
    "money": "5299",
    "date": "09/28",
    "city": "拉萨"
  },
  {
    "url": "http://hd.8264.com/xianlu-170357",
    "img": "http://img.qunawan.com/ecmme/wan/xl/goods/20170815/201708151606156541_listfull.jpg",
    "title": "骑游泰国 这么玩才够深度（8日行程）",
    "money": "8000",
    "date": "09/28",
    "city": "昆明"
  },
  {
    "url": "http://hd.8264.com/xianlu-168939",
    "img": "http://img.qunawan.com/ecmme/wan/xl/goods/20170712/201707121804115325_listfull.jpg",
    "title": "筑梦泸沽湖 摩梭人女儿国旅拍（4日行程）",
    "money": "880",
    "date": "09/28",
    "city": "成都"
  },
  {
    "url": "http://hd.8264.com/xianlu-167872",
    "img": "http://img.qunawan.com/ecmme/wan/xl/goods/20170627/201706271550186956_listfull.jpg",
    "title": "新疆独家深度游 喀什 慕士塔格 塔克拉玛干 库车大峡谷（9日行程）",
    "money": "4900",
    "date": "09/28",
    "city": "喀什"
  },
  {
    "url": "http://hd.8264.com/xianlu-166045",
    "img": "http://img.qunawan.com/ecmme/wan/xl/goods/20170602/201706021833588469_listfull.jpg",
    "title": "藏源山南 探秘喜马拉雅秘境 山南大环线越野车深度旅行（10日行程）",
    "money": "7900",
    "date": "09/28",
    "city": "拉萨"
  },
  {
    "url": "http://hd.8264.com/xianlu-165869",
    "img": "http://img.qunawan.com/ecmme/wan/xl/goods/20170531/201705311606364262_listfull.jpg",
    "title": "新疆深度髙品纯玩经典大环线（15日行程）",
    "money": "2980",
    "date": "09/28",
    "city": "乌鲁"
  },
  {
    "url": "http://hd.8264.com/xianlu-164826",
    "img": "http://img.qunawan.com/ecmme/wan/xl/goods/20170516/201705160106251877_listfull.jpg",
    "title": "世界十大景观之一珠峰东坡嘎玛沟背上行囊跟雪鹰户外一起去探险吧（10日行程）",
    "money": "12000",
    "date": "09/28",
    "city": "拉萨"
  },
  {
    "url": "http://hd.8264.com/xianlu-164231",
    "img": "http://img.qunawan.com/ecmme/wan/xl/goods/20170509/201705091512198598_listfull.jpg",
    "title": "泸沽湖 沉醉女神湾 情迷泸沽湖（4日行程）",
    "money": "680",
    "date": "09/26",
    "city": "成都"
  },
  {
    "url": "http://hd.8264.com/xianlu-164073",
    "img": "http://img.qunawan.com/ecmme/wan/xl/goods/20170508/201705081655378123_listfull.jpg",
    "title": "色达四姑娘山 4日 全程越野 拼车自驾 探寻心中的色达（4日行程）",
    "money": "1180",
    "date": "09/25",
    "city": "成都"
  },
  {
    "url": "http://hd.8264.com/xianlu-164068",
    "img": "http://img.qunawan.com/ecmme/wan/xl/goods/20170508/201705081636187146_listfull.jpeg",
    "title": "色达丹巴 全程越野 拼车自驾 探寻心中的色达（4日行程）",
    "money": "1180",
    "date": "09/25",
    "city": "成都"
  },
  {
    "url": "http://hd.8264.com/xianlu-163884",
    "img": "http://img.qunawan.com/ecmme/wan/xl/goods/20170506/201705061819049289_listfull.jpg",
    "title": "藏源山南 探秘喜马拉雅秘境 山南大环线越野车深度旅行（10日行程）",
    "money": "7900",
    "date": "09/28",
    "city": "拉萨"
  },
  {
    "url": "http://hd.8264.com/xianlu-163647",
    "img": "http://img.qunawan.com/ecmme/wan/xl/goods/20170504/201705041531481209_listfull.jpg",
    "title": "泸沽湖 邂逅摩梭女儿国探索神秘走婚纯玩旅拍之旅（4日行程）",
    "money": "880",
    "date": "09/28",
    "city": "成都"
  },
  {
    "url": "http://hd.8264.com/xianlu-162299",
    "img": "http://img.qunawan.com/ecmme/wan/xl/goods/20170414/201704141409152217_listfull.jpg",
    "title": "俄罗斯自驾丨贝加尔湖深度自驾游（13日行程）",
    "money": "11800",
    "date": "09/28",
    "city": "呼伦"
  },
  {
    "url": "http://hd.8264.com/xianlu-162174",
    "img": "http://img.qunawan.com/ecmme/wan/xl/goods/20170412/201704122040574666_listfull.jpg",
    "title": "佛国色达 远离喧嚣的佛国净土 天地苍茫间的虔诚与不争（4日行程）",
    "money": "780",
    "date": "09/28",
    "city": "成都"
  },
  {
    "url": "http://hd.8264.com/xianlu-162088",
    "img": "http://img.qunawan.com/ecmme/wan/xl/goods/20170411/201704111545313173_listfull.jpg",
    "title": "呼伦贝尔狂野草原 越野车深度探索（6日行程）",
    "money": "2980",
    "date": "09/22",
    "city": "呼伦"
  },
  {
    "url": "http://hd.8264.com/xianlu-161903",
    "img": "http://img.qunawan.com/ecmme/wan/xl/goods/20170410/201704101055553094_listfull.jpg",
    "title": "川西小环线D（5日行程）",
    "money": "1480",
    "date": "09/28",
    "city": "成都"
  }
]