[
  {
    "url": "http://hd.8264.com/xianlu-161899",
    "img": "http://img.qunawan.com/ecmme/wan/xl/goods/20170410/201704101051128997_listfull.jpg",
    "title": "川西环线B（5日行程）",
    "money": "1480",
    "date": "09/28",
    "city": "成都"
  },
  {
    "url": "http://hd.8264.com/xianlu-161413",
    "img": "http://img.qunawan.com/ecmme/wan/xl/goods/20170403/201704031529086184_listfull.png",
    "title": "珠峰东坡嘎希夏邦玛 等你探秘（15日行程）",
    "money": "12880",
    "date": "09/28",
    "city": "拉萨"
  },
  {
    "url": "http://hd.8264.com/xianlu-160934",
    "img": "http://img.qunawan.com/ecmme/wan/xl/goods/20170325/201703251843526715_listfull.jpg",
    "title": "玛嘉沟 原始圣女处地 品质户外纯玩 费用全含（2日行程）",
    "money": "460",
    "date": "09/23",
    "city": "成都"
  },
  {
    "url": "http://hd.8264.com/xianlu-160683",
    "img": "http://img.qunawan.com/ecmme/wan/xl/goods/20170322/201703221423082132_listfull.jpg",
    "title": "5000米初级雪山攀登 四姑娘山二峰（4日行程）",
    "money": "2000",
    "date": "09/22",
    "city": "成都"
  },
  {
    "url": "http://hd.8264.com/xianlu-160620",
    "img": "http://img.qunawan.com/ecmme/wan/xl/goods/20170321/201703212042084371_listfull.jpg",
    "title": "初级雪山攀登 四姑娘山大峰二峰连登（5日行程）",
    "money": "3000",
    "date": "09/22",
    "city": "成都"
  },
  {
    "url": "http://hd.8264.com/xianlu-160565",
    "img": "http://img.qunawan.com/ecmme/wan/xl/goods/20170321/201703211414222180_listfull.jpg",
    "title": "入门级雪山 四姑娘山二峰攀登（4日行程）",
    "money": "1800",
    "date": "09/22",
    "city": "成都"
  },
  {
    "url": "http://hd.8264.com/xianlu-160274",
    "img": "http://img.qunawan.com/ecmme/wan/xl/goods/20170316/201703161543009709_listfull.jpg",
    "title": "四姑娘山直通车 天天发 2人成行（2日行程）",
    "money": "186",
    "date": "09/22",
    "city": "成都"
  },
  {
    "url": "http://hd.8264.com/xianlu-159373",
    "img": "http://img.qunawan.com/ecmme/wan/xl/goods/20170306/201703060844278717_listfull.jpg",
    "title": "沙漠风情腾格里 邂逅天鹅湖（3日行程）",
    "money": "880",
    "date": "09/28",
    "city": "乌兰"
  },
  {
    "url": "http://hd.8264.com/xianlu-153787",
    "img": "http://img.qunawan.com/ecmme/wan/xl/goods/20161227/201612271041294873_listfull.jpg",
    "title": "藏源山南 探秘喜马拉雅秘境 山南大环线越野车深度旅行（10日行程）",
    "money": "7900",
    "date": "09/28",
    "city": "拉萨"
  },
  {
    "url": "http://hd.8264.com/xianlu-147125",
    "img": "http://img.qunawan.com/ecmme/wan/xl/goods/20170227/201702271723021391_listfull.jpg",
    "title": "看见梅里 云南梅里雪山雨崩徒步豪华游（6日行程）",
    "money": "2180",
    "date": "09/28",
    "city": "丽江"
  },
  {
    "url": "http://hd.8264.com/xianlu-160396",
    "img": "http://img.qunawan.com/ecmme/wan/xl/goods/20170319/201703191351246804_listfull.jpg",
    "title": "四姑娘山大峰 二峰攀登（4日行程）",
    "money": "1800",
    "date": "09/22",
    "city": "成都"
  },
  {
    "url": "http://hd.8264.com/xianlu-999",
    "img": "http://img.qunawan.com/ecmme/wan/xl/goods/20160304/201603041635217732_listfull.jpg",
    "title": "攀登非洲之巅 乞力马扎罗 含国际机票酒店 登山（15日行程）",
    "money": "28000",
    "date": "09/28",
    "city": "广州"
  },
  {
    "url": "http://hd.8264.com/xianlu-170897",
    "img": "http://img.qunawan.com/ecmme/wan/xl/goods/20170825/201708251425551062_listfull.jpg",
    "title": "喀纳斯 禾木 白哈巴 赛里木湖 巴音布鲁克 吐鲁番（12日行程）",
    "money": "5780",
    "date": "09/22",
    "city": "乌鲁"
  },
  {
    "url": "http://hd.8264.com/xianlu-170793",
    "img": "http://img.qunawan.com/ecmme/wan/xl/goods/20170823/201708231738122934_listfull.jpg",
    "title": "国庆黄金周 玄奘之路 敦煌徒步穿越戈壁沙漠之旅（6日行程）",
    "money": "8800",
    "date": "09/27",
    "city": "敦煌"
  },
  {
    "url": "http://hd.8264.com/xianlu-170655",
    "img": "http://img.qunawan.com/ecmme/wan/xl/goods/20170822/201708220955212692_listfull.jpg",
    "title": "北疆金秋大环线 喀纳斯 禾木 赛里木湖 吐鲁番深度游（12日行程）",
    "money": "5780",
    "date": "09/22",
    "city": "乌鲁"
  },
  {
    "url": "http://hd.8264.com/xianlu-170557",
    "img": "http://img.qunawan.com/ecmme/wan/xl/goods/20170818/201708181817292074_listfull.jpg",
    "title": "新疆金秋大环线（12日行程）",
    "money": "5780",
    "date": "09/22",
    "city": "乌鲁"
  },
  {
    "url": "http://hd.8264.com/xianlu-169915",
    "img": "http://img.qunawan.com/ecmme/wan/xl/goods/20170803/201708031405337306_listfull.jpg",
    "title": "樂吧 东戴河 每周三出发 看日出拾贝壳 抓螃蟹吃海鲜（2日行程）",
    "money": "359",
    "date": "09/27",
    "city": "北京"
  },
  {
    "url": "http://hd.8264.com/xianlu-169675",
    "img": "http://img.qunawan.com/ecmme/wan/xl/goods/20170728/201707281632164652_listfull.jpg",
    "title": "川藏线318 稻亚直通车 领略佛国世界与景观大道风采（10日行程）",
    "money": "2980",
    "date": "09/24",
    "city": "成都"
  },
  {
    "url": "http://hd.8264.com/xianlu-169447",
    "img": "http://img.qunawan.com/ecmme/wan/xl/goods/20170724/201707241624195054_listfull.jpg",
    "title": "非周末 漫步东戴河沙滩一起踏浪嬉戏（2日行程）",
    "money": "360",
    "date": "09/27",
    "city": "北京"
  },
  {
    "url": "http://hd.8264.com/xianlu-167584",
    "img": "http://img.qunawan.com/ecmme/wan/xl/goods/20170623/201706231220349008_listfull.jpg",
    "title": "非周末草原天路休闲扎营自驾游（2日行程）",
    "money": "240",
    "date": "09/27",
    "city": "北京"
  }
]