[
  {
    "url": "http://hd.8264.com/xianlu-165183",
    "img": "http://img.qunawan.com/ecmme/wan/xl/goods/20170605/201706051457278469_listfull.jpg",
    "title": "霸道越野 深入呼伦贝尔草原 驯鹿乡 室韦骑马 单车 满洲里（7日行程）",
    "money": "3280",
    "date": "09/22",
    "city": "呼伦"
  },
  {
    "url": "http://hd.8264.com/xianlu-164662",
    "img": "http://img.qunawan.com/ecmme/wan/xl/goods/20170513/201705131920418367_listfull.jpeg",
    "title": "色达年宝玉则深度环线游（5日行程）",
    "money": "1280",
    "date": "09/27",
    "city": "成都"
  },
  {
    "url": "http://hd.8264.com/xianlu-162807",
    "img": "http://img.qunawan.com/ecmme/wan/xl/goods/20170420/201704201322338211_listfull.jpg",
    "title": "沙坡头 通湖草原 金沙岛自驾游（2日行程）",
    "money": "560",
    "date": "09/23",
    "city": "兰州"
  },
  {
    "url": "http://hd.8264.com/xianlu-162086",
    "img": "http://img.qunawan.com/ecmme/wan/xl/goods/20170411/201704111535472214_listfull.jpg",
    "title": "呼伦贝尔5天5晚A线万行户外穿越草原策马奔腾自助游超值全景（5日行程）",
    "money": "1800",
    "date": "09/22",
    "city": "呼伦"
  },
  {
    "url": "http://hd.8264.com/xianlu-161370",
    "img": "http://img.qunawan.com/ecmme/wan/xl/goods/20170401/201704011458425322_listfull.jpg",
    "title": "青海湖敦煌深度游（6日行程）",
    "money": "1500",
    "date": "09/22",
    "city": "西宁"
  },
  {
    "url": "http://hd.8264.com/xianlu-161345",
    "img": "http://img.qunawan.com/ecmme/wan/xl/goods/20170331/201703312233192882_listfull.jpg",
    "title": "漠河 北红村 北极村经典深度游（3日行程）",
    "money": "560",
    "date": "09/22",
    "city": "大兴"
  },
  {
    "url": "http://hd.8264.com/xianlu-161244",
    "img": "http://img.qunawan.com/ecmme/wan/xl/goods/20170330/201703301249577481_listfull.jpg",
    "title": "四川达尔宫户外2017四姑娘山大二三峰标准版登山线路（4日行程）",
    "money": "1380",
    "date": "09/22",
    "city": "成都"
  },
  {
    "url": "http://hd.8264.com/xianlu-161129",
    "img": "http://img.qunawan.com/ecmme/wan/xl/goods/20170328/201703282021466809_listfull.jpg",
    "title": "伊春自由行游（2日行程）",
    "money": "600",
    "date": "09/22",
    "city": "伊春"
  },
  {
    "url": "http://hd.8264.com/xianlu-161001",
    "img": "http://img.qunawan.com/ecmme/wan/xl/goods/20170327/201703271448248191_listfull.jpg",
    "title": "稻亚经典 海螺沟 新都桥 稻城亚丁深度游经典（7日行程）",
    "money": "2580",
    "date": "09/22",
    "city": "成都"
  },
  {
    "url": "http://hd.8264.com/xianlu-160751",
    "img": "http://img.qunawan.com/ecmme/wan/xl/goods/20170323/201703231026443876_listfull.png",
    "title": "荒野探索 2017 哈巴雪山全年攀登计划（5日行程）",
    "money": "3680",
    "date": "09/22",
    "city": "丽江"
  },
  {
    "url": "http://hd.8264.com/xianlu-160347",
    "img": "http://img.qunawan.com/ecmme/wan/xl/goods/20170317/201703171428202383_listfull.jpg",
    "title": "西藏拉萨出发 反走川藏线 稻城亚丁自助游（8日行程）",
    "money": "2650",
    "date": "09/22",
    "city": "拉萨"
  },
  {
    "url": "http://hd.8264.com/xianlu-160345",
    "img": "http://img.qunawan.com/ecmme/wan/xl/goods/20170317/201703171411332158_listfull.jpg",
    "title": "西藏拉萨出发 反走川藏线行程（5日行程）",
    "money": "1500",
    "date": "09/22",
    "city": "拉萨"
  },
  {
    "url": "http://hd.8264.com/xianlu-160235",
    "img": "http://img.qunawan.com/ecmme/wan/xl/goods/20170316/201703161337171240_listfull.png",
    "title": "年宝玉则 唐克 神座村 曼扎塘 扎尕那 若尔盖行摄之旅（6日行程）",
    "money": "1400",
    "date": "09/22",
    "city": "成都"
  },
  {
    "url": "http://hd.8264.com/xianlu-160118",
    "img": "http://img.qunawan.com/ecmme/wan/xl/goods/20170315/201703151456271853_listfull.jpg",
    "title": "赏最美稻城亚丁 房车探秘藏传佛教文化（10日行程）",
    "money": "1160",
    "date": "09/22",
    "city": "成都"
  },
  {
    "url": "http://hd.8264.com/xianlu-159354",
    "img": "http://img.qunawan.com/ecmme/wan/xl/goods/20170305/201703052010317871_listfull.jpg",
    "title": "拼车包车 最美318川藏线（10日行程）",
    "money": "3500",
    "date": "09/22",
    "city": "成都"
  },
  {
    "url": "http://hd.8264.com/xianlu-159758",
    "img": "http://img.qunawan.com/ecmme/wan/xl/goods/20170310/201703101455319683_listfull.jpg",
    "title": "蜀山之王 贡嘎山全线完美徒步穿越（7日行程）",
    "money": "2880",
    "date": "09/22",
    "city": "成都"
  },
  {
    "url": "http://hd.8264.com/xianlu-154762",
    "img": "http://img.qunawan.com/ecmme/wan/xl/goods/20170106/201701061123467203_listfull.jpg",
    "title": "2017全年活动徒步最美雪山 梅里内转 雨崩徒步（6日行程）",
    "money": "1780",
    "date": "09/27",
    "city": "丽江"
  },
  {
    "url": "http://hd.8264.com/xianlu-146567",
    "img": "http://img.qunawan.com/ecmme/wan/xl/goods/20161123/201611230351523748_listfull.jpg",
    "title": "红土地 云南绝美风光之旅（4日行程）",
    "money": "880",
    "date": "09/22",
    "city": "成都"
  },
  {
    "url": "http://hd.8264.com/xianlu-130393",
    "img": "http://img.qunawan.com/ecmme/wan/xl/goods/20160913/201609131829488726_listfull.jpg",
    "title": "行走腾格里沙漠 神奇西域豪情之旅（7日行程）",
    "money": "3680",
    "date": "09/22",
    "city": "银川"
  },
  {
    "url": "http://hd.8264.com/xianlu-130392",
    "img": "http://img.qunawan.com/ecmme/wan/xl/goods/20160913/201609131810466705_listfull.jpg",
    "title": "普者黑 坝美 马岭河大峡谷 万峰林 抚仙湖行程（7日行程）",
    "money": "2580",
    "date": "09/22",
    "city": "昆明"
  }
]