[
  {
    "url": "http://hd.8264.com/xianlu-118861",
    "img": "http://img.qunawan.com/ecmme/wan/xl/goods/20160805/201608051400019703_listfull.jpg",
    "title": "探访古城文明波兰 波罗的海4国（11日行程）",
    "money": "19800",
    "date": "09/22",
    "city": "北京"
  },
  {
    "url": "http://hd.8264.com/xianlu-117892",
    "img": "http://img.qunawan.com/ecmme/wan/xl/goods/20160802/201608020150405628_listfull.jpg",
    "title": "全年计划 泰国曼谷 芭提雅体验异国风情（6日行程）",
    "money": "3480",
    "date": "09/22",
    "city": "深圳"
  },
  {
    "url": "http://hd.8264.com/xianlu-17261",
    "img": "http://img.qunawan.com/ecmme/wan/xl/goods/20160627/201606271537015633_listfull.jpg",
    "title": "呼伦贝尔 甄选草原最美风景 15公里野骑 穿越中俄最美边防线（6日行程）",
    "money": "2980",
    "date": "09/22",
    "city": "呼伦"
  },
  {
    "url": "http://hd.8264.com/xianlu-17172",
    "img": "http://img.qunawan.com/ecmme/wan/xl/goods/20170328/201703281948092229_listfull.jpg",
    "title": "全程旅拍 呼伦贝尔大草原 穿越最美边防公路 赠送烤全羊（6日行程）",
    "money": "3180",
    "date": "09/22",
    "city": "呼伦"
  },
  {
    "url": "http://hd.8264.com/xianlu-2492",
    "img": "http://img.qunawan.com/ecmme/wan/xl/goods/20160315/201603151009214946_listfull.jpg",
    "title": "青海湖 盐湖 两湖一碑 阿尼玛卿雪山 贵德黄河（7日行程）",
    "money": "1980",
    "date": "09/22",
    "city": "西宁"
  },
  {
    "url": "http://hd.8264.com/xianlu-2471",
    "img": "http://img.qunawan.com/ecmme/wan/xl/goods/20170221/201702211323155935_listfull.jpg",
    "title": "甘南 年保玉则 黄河源 茶卡盐湖 青海湖 祁连（12日行程）",
    "money": "5680",
    "date": "09/22",
    "city": "西宁"
  },
  {
    "url": "http://hd.8264.com/xianlu-171089",
    "img": "http://img.qunawan.com/ecmme/wan/xl/goods/20170830/201708300941411241_listfull.jpg",
    "title": "格聂大环线经典穿越 最后的香巴拉（13日行程）",
    "money": "5900",
    "date": "09/26",
    "city": "成都"
  },
  {
    "url": "http://hd.8264.com/xianlu-163989",
    "img": "http://img.qunawan.com/ecmme/wan/xl/goods/20170508/201705081203511424_listfull.jpg",
    "title": "日照观日出 漫步沙滩 戏水 出海捕鱼 享用人间美味海鲜大餐（3日行程）",
    "money": "690",
    "date": "09/22",
    "city": "上海"
  },
  {
    "url": "http://hd.8264.com/xianlu-171415",
    "img": "http://img.qunawan.com/ecmme/wan/xl/goods/20170904/201709041712184963_listfull.jpg",
    "title": "最后的香巴拉 格聂大环线经典穿越 环格聂绝美极致徒步（13日行程）",
    "money": "5900",
    "date": "09/26",
    "city": "成都"
  },
  {
    "url": "http://hd.8264.com/xianlu-170955",
    "img": "http://img.qunawan.com/ecmme/wan/xl/goods/20170826/201708261452189682_listfull.jpg",
    "title": "最后的香巴拉 格聂大环线经典穿越 独家路线（13日行程）",
    "money": "5900",
    "date": "09/26",
    "city": "成都"
  },
  {
    "url": "http://hd.8264.com/xianlu-169361",
    "img": "http://img.qunawan.com/ecmme/wan/xl/goods/20170721/201707211119503807_listfull.jpeg",
    "title": "金秋 佛色稻亚 色达新都桥炉霍理塘稻城亚丁绝色之旅（9日行程）",
    "money": "4280",
    "date": "09/26",
    "city": "成都"
  },
  {
    "url": "http://hd.8264.com/xianlu-169326",
    "img": "http://img.qunawan.com/ecmme/wan/xl/goods/20170720/201707201519289644_listfull.jpg",
    "title": "世界顶级徒步路线 尼泊尔ABC（12日行程）",
    "money": "8800",
    "date": "09/26",
    "city": "加德"
  },
  {
    "url": "http://hd.8264.com/xianlu-167753",
    "img": "http://img.qunawan.com/ecmme/wan/xl/goods/20170626/201706261601304194_listfull.jpg",
    "title": "丰宁坝上草原 骑马 免费烤全羊 大汉行宫 闪电湖 篝火狂欢（3日行程）",
    "money": "260",
    "date": "09/22",
    "city": "北京"
  },
  {
    "url": "http://hd.8264.com/xianlu-167294",
    "img": "http://img.qunawan.com/ecmme/wan/xl/goods/20170619/201706191611083548_listfull.jpg",
    "title": "探秘 小九寨沟 松坪沟（2日行程）",
    "money": "320",
    "date": "09/26",
    "city": "成都"
  },
  {
    "url": "http://hd.8264.com/xianlu-163885",
    "img": "http://img.qunawan.com/ecmme/wan/xl/goods/20170506/201705061829234587_listfull.jpg",
    "title": "阿里南线 冈仁波齐转山 古格王朝 醉美吉隆沟朝圣之旅（12日行程）",
    "money": "6800",
    "date": "09/26",
    "city": "拉萨"
  },
  {
    "url": "http://hd.8264.com/xianlu-162814",
    "img": "http://img.qunawan.com/ecmme/wan/xl/goods/20170420/201704201318032939_listfull.jpg",
    "title": "攀登非洲之巅 乞力马扎罗（11日行程）",
    "money": "36000",
    "date": "09/26",
    "city": "成都"
  },
  {
    "url": "http://hd.8264.com/xianlu-161302",
    "img": "http://img.qunawan.com/ecmme/wan/xl/goods/20170331/201703311305225621_listfull.jpg",
    "title": "2017最新呼伦贝尔全境摄影 户外 自驾 向导自游侠户外（1日行程）",
    "money": "300",
    "date": "09/22",
    "city": "呼伦"
  },
  {
    "url": "http://hd.8264.com/xianlu-161230",
    "img": "http://img.qunawan.com/ecmme/wan/xl/goods/20170330/201703301017161042_listfull.jpg",
    "title": "呼伦贝尔经典深度摄影游包车（1日行程）",
    "money": "500",
    "date": "09/22",
    "city": "呼伦"
  },
  {
    "url": "http://hd.8264.com/xianlu-161158",
    "img": "http://img.qunawan.com/ecmme/wan/xl/goods/20170329/201703291042547550_listfull.jpg",
    "title": "呼伦贝尔草原骑马环线 20公里草原野骑虎草原穿越（6日行程）",
    "money": "2980",
    "date": "09/22",
    "city": "呼伦"
  },
  {
    "url": "http://hd.8264.com/xianlu-161137",
    "img": "http://img.qunawan.com/ecmme/wan/xl/goods/20170328/201703281957072548_listfull.jpg",
    "title": "呼伦贝尔草原大环线 草原 深林 湿地 河流 民族 全景（6日行程）",
    "money": "2980",
    "date": "09/22",
    "city": "呼伦"
  }
]