[
  {
    "url": "http://hd.8264.com/xianlu-161019",
    "img": "http://img.qunawan.com/ecmme/wan/xl/goods/20170327/201703271710022643_listfull.png",
    "title": "房车10日游川藏线 成都 海螺沟 林芝 拉萨（10日行程）",
    "money": "9818",
    "date": "09/22",
    "city": "安庆"
  },
  {
    "url": "http://hd.8264.com/xianlu-160922",
    "img": "http://img.qunawan.com/ecmme/wan/xl/goods/20170325/201703251432234308_listfull.",
    "title": "安徽宁国向导（1日行程）",
    "money": "200",
    "date": "09/22",
    "city": "宁国"
  },
  {
    "url": "http://hd.8264.com/xianlu-160397",
    "img": "http://img.qunawan.com/ecmme/wan/xl/goods/20170319/201703191419199817_listfull.jpg",
    "title": "2017全年地接四姑娘山大二三峰标准版登山线路（4日行程）",
    "money": "1380",
    "date": "09/22",
    "city": "成都"
  },
  {
    "url": "http://hd.8264.com/xianlu-160369",
    "img": "http://img.qunawan.com/ecmme/wan/xl/goods/20170318/201703181044346917_listfull.jpg",
    "title": "向西只为佛 色达佛学院 自驾游（4日行程）",
    "money": "3000",
    "date": "09/22",
    "city": "成都"
  },
  {
    "url": "http://hd.8264.com/xianlu-159159",
    "img": "http://img.qunawan.com/ecmme/wan/xl/goods/20170303/201703031202577801_listfull.jpg",
    "title": "醉美川藏秘境 稻城亚丁自助游（10日行程）",
    "money": "3600",
    "date": "09/22",
    "city": "成都"
  },
  {
    "url": "http://hd.8264.com/xianlu-158546",
    "img": "http://img.qunawan.com/ecmme/wan/xl/goods/20170226/201702260112115652_listfull.jpg",
    "title": "越野跑四人一车两大圣湖一大神湖寻前世今生沉醉桃花谷（11日行程）",
    "money": "8800",
    "date": "09/22",
    "city": "拉萨"
  },
  {
    "url": "http://hd.8264.com/xianlu-158030",
    "img": "http://img.qunawan.com/ecmme/wan/xl/goods/20170221/201702211622282782_listfull.jpg",
    "title": "新西兰 最经典醉美的新西兰南北岛精华游（12日行程）",
    "money": "22800",
    "date": "09/26",
    "city": "奥了"
  },
  {
    "url": "http://hd.8264.com/xianlu-157999",
    "img": "http://img.qunawan.com/ecmme/wan/xl/goods/20170221/201702211449558598_listfull.jpg",
    "title": "新西兰 最经典醉美的新西兰南北岛（12日行程）",
    "money": "24800",
    "date": "09/26",
    "city": "奥克"
  },
  {
    "url": "http://hd.8264.com/xianlu-157878",
    "img": "http://img.qunawan.com/ecmme/wan/xl/goods/20170220/201702201844161908_listfull.jpg",
    "title": "中国最美的春天 越野西藏林芝看桃花两大圣湖一大神湖找前世今生（11日行程）",
    "money": "8800",
    "date": "09/22",
    "city": "拉萨"
  },
  {
    "url": "http://hd.8264.com/xianlu-118975",
    "img": "http://img.qunawan.com/ecmme/wan/xl/goods/20160805/201608051724548789_listfull.jpg",
    "title": "冈仁波齐转山 古格王朝 阿里转山朝圣之旅（12日行程）",
    "money": "6800",
    "date": "09/26",
    "city": "拉萨"
  },
  {
    "url": "http://hd.8264.com/xianlu-22610",
    "img": "http://img.qunawan.com/ecmme/wan/xl/goods/20160714/201607141355012948_listfull.jpg",
    "title": "西藏阿里南线转山朝圣之旅 仰望珠峰 神山圣湖 冈仁波齐（12日行程）",
    "money": "7800",
    "date": "09/26",
    "city": "拉萨"
  },
  {
    "url": "http://hd.8264.com/xianlu-21464",
    "img": "http://img.qunawan.com/ecmme/wan/xl/goods/20160819/201608191840372571_listfull.jpg",
    "title": "西藏阿里南线转山朝圣之旅 仰望珠峰 冈仁波齐（12日行程）",
    "money": "7800",
    "date": "09/26",
    "city": "拉萨"
  },
  {
    "url": "http://hd.8264.com/xianlu-2942",
    "img": "http://img.qunawan.com/ecmme/wan/xl/goods/20161227/201612271032485635_listfull.jpg",
    "title": "徒步珠峰东坡 嘎玛沟 徒步世界十大经典徒步线路（13日行程）",
    "money": "9800",
    "date": "09/25",
    "city": "拉萨"
  },
  {
    "url": "http://hd.8264.com/xianlu-167681",
    "img": "http://img.qunawan.com/ecmme/wan/xl/goods/20170625/201706251315052810_listfull.jpg",
    "title": "探秘帕米尔高原 穿越死亡之海 南疆人文风光全景 深度纯玩（12日行程）",
    "money": "4690",
    "date": "09/25",
    "city": "乌鲁"
  },
  {
    "url": "http://hd.8264.com/xianlu-170556",
    "img": "http://img.qunawan.com/ecmme/wan/xl/goods/20170818/201708181811573628_listfull.jpg",
    "title": "北疆金秋摄影（10日行程）",
    "money": "5680",
    "date": "09/23",
    "city": "乌鲁"
  },
  {
    "url": "http://hd.8264.com/xianlu-170548",
    "img": "http://img.qunawan.com/ecmme/wan/xl/goods/20170818/201708181644426390_listfull.jpg",
    "title": "北疆金秋至尊深度游（10日行程）",
    "money": "5280",
    "date": "09/23",
    "city": "乌鲁"
  },
  {
    "url": "http://hd.8264.com/xianlu-170067",
    "img": "http://img.qunawan.com/ecmme/wan/xl/goods/20170808/201708081100014068_listfull.jpg",
    "title": "樂吧 长峪城 登海拔最高最古老的长城 品最美味的猪蹄宴（1日行程）",
    "money": "119",
    "date": "09/24",
    "city": "安庆"
  },
  {
    "url": "http://hd.8264.com/xianlu-168655",
    "img": "http://img.qunawan.com/ecmme/wan/xl/goods/20170710/201707101307143279_listfull.jpg",
    "title": "丝绸之路 青海丝路环线 舒适8人豪华商务车自由行（7日行程）",
    "money": "3980",
    "date": "09/25",
    "city": "西宁"
  },
  {
    "url": "http://hd.8264.com/xianlu-167139",
    "img": "http://img.qunawan.com/ecmme/wan/xl/goods/20170616/201706161454034831_listfull.jpg",
    "title": "色达佛学院 稻城亚丁川西环线（8日行程）",
    "money": "2990",
    "date": "09/25",
    "city": "成都"
  },
  {
    "url": "http://hd.8264.com/xianlu-166044",
    "img": "http://img.qunawan.com/ecmme/wan/xl/goods/20170608/201706081725381259_listfull.jpeg",
    "title": "珠峰东坡 嘎玛沟 徒步世界十大经典徒步线（13日行程）",
    "money": "9800",
    "date": "09/25",
    "city": "拉萨"
  }
]