[
  {
    "url": "http://hd.8264.com/xianlu-162806",
    "img": "http://img.qunawan.com/ecmme/wan/xl/goods/20170420/201704201310594764_listfull.jpg",
    "title": "门源 青海湖游（3日行程）",
    "money": "790",
    "date": "09/22",
    "city": "兰州"
  },
  {
    "url": "http://hd.8264.com/xianlu-161254",
    "img": "http://img.qunawan.com/ecmme/wan/xl/goods/20170330/201703301413557839_listfull.jpg",
    "title": "丽江泸沽湖自由行往返车费 空调大巴 返程时间不限（1日行程）",
    "money": "130",
    "date": "09/22",
    "city": "丽江"
  },
  {
    "url": "http://hd.8264.com/xianlu-161209",
    "img": "http://img.qunawan.com/ecmme/wan/xl/goods/20170329/201703291813567218_listfull.jpg",
    "title": "清明节 四人同山 牛背山封闭之后 大家都涌向了这里（2日行程）",
    "money": "580",
    "date": "09/22",
    "city": "成都"
  },
  {
    "url": "http://hd.8264.com/xianlu-161233",
    "img": "http://img.qunawan.com/ecmme/wan/xl/goods/20170330/201703301102574377_listfull.jpg",
    "title": "独家 全新 牛背山 二郎山红岩（2日行程）",
    "money": "480",
    "date": "09/22",
    "city": "成都"
  },
  {
    "url": "http://hd.8264.com/xianlu-159966",
    "img": "http://img.qunawan.com/ecmme/wan/xl/goods/20170314/201703141206111360_listfull.jpg",
    "title": "川藏 丰田普拉多包车（1日行程）",
    "money": "400",
    "date": "09/22",
    "city": "成都"
  },
  {
    "url": "http://hd.8264.com/xianlu-159086",
    "img": "http://img.qunawan.com//ecmme/wan/xl/goods/20170302/201703020527046992_listfull.jpg",
    "title": "珠峰东坡徒步 世界十大经典徒步线路（13日行程）",
    "money": "9800",
    "date": "09/25",
    "city": "铜川"
  },
  {
    "url": "http://hd.8264.com/xianlu-118978",
    "img": "http://img.qunawan.com/ecmme/wan/xl/goods/20160805/201608051753507047_listfull.jpg",
    "title": "珠峰东坡 嘎玛沟 世界十大经典徒步线路之一（13日行程）",
    "money": "8200",
    "date": "09/25",
    "city": "拉萨"
  },
  {
    "url": "http://hd.8264.com/xianlu-113149",
    "img": "http://img.qunawan.com/ecmme/wan/xl/goods/20160718/201607181439375042_listfull.jpg",
    "title": "徒步珠峰东坡 嘎玛沟 徒步世界十大经典徒步线路（13日行程）",
    "money": "8200",
    "date": "09/25",
    "city": "拉萨"
  },
  {
    "url": "http://hd.8264.com/xianlu-20139",
    "img": "http://img.qunawan.com/ecmme/wan/xl/goods/20160705/201607051055431686_listfull.jpg",
    "title": "内蒙古呼伦贝尔深度草原摄影旅游包车（1日行程）",
    "money": "200",
    "date": "09/22",
    "city": "呼伦"
  },
  {
    "url": "http://hd.8264.com/xianlu-6451",
    "img": "http://img.qunawan.com/ecmme/wan/xl/goods/20170208/201702082342018405_listfull.jpg",
    "title": "全景西藏D线纯玩深度游 西宁进拉萨出（12日行程）",
    "money": "6680",
    "date": "09/25",
    "city": "西宁"
  },
  {
    "url": "http://hd.8264.com/xianlu-123596",
    "img": "http://img.qunawan.com/ecmme/wan/xl/goods/20170207/201702072035588900_listfull.jpg",
    "title": "穿越怒江大峡谷 探秘独龙江纯玩活动召集令（7日行程）",
    "money": "2480",
    "date": "09/24",
    "city": "丽江"
  },
  {
    "url": "http://hd.8264.com/xianlu-172169",
    "img": "http://img.qunawan.com/ecmme/wan/xl/goods/20170919/201709191534548422_listfull.jpg",
    "title": "乘快艇 采摘板栗 品尝板栗宴 怀柔百泉湖亲近大自然（1日行程）",
    "money": "150",
    "date": "09/23",
    "city": "北京"
  },
  {
    "url": "http://hd.8264.com/xianlu-172228",
    "img": "http://img.qunawan.com/ecmme/wan/xl/goods/20170920/201709202032447238_listfull.jpg",
    "title": "百花山 曲径通幽百花山 登山 摄影 呼吸新鲜空气（1日行程）",
    "money": "68",
    "date": "09/23",
    "city": "朝阳"
  },
  {
    "url": "http://hd.8264.com/xianlu-172227",
    "img": "http://img.qunawan.com/ecmme/wan/xl/goods/20170920/201709202028414249_listfull.jpg",
    "title": "喇叭沟门 北京最早最美秋日 走进秋天的童话世界（1日行程）",
    "money": "79",
    "date": "09/23",
    "city": "朝阳"
  },
  {
    "url": "http://hd.8264.com/xianlu-172186",
    "img": "http://img.qunawan.com/ecmme/wan/xl/goods/20170919/201709192257117844_listfull.jpg",
    "title": "龙胜洪门梯田（1日行程）",
    "money": "118",
    "date": "09/24",
    "city": "柳州"
  },
  {
    "url": "http://hd.8264.com/xianlu-172158",
    "img": "http://img.qunawan.com/ecmme/wan/xl/goods/20170919/201709191411303092_listfull.jpg",
    "title": "高山草甸玉渡山 秋探玉渡山（1日行程）",
    "money": "65",
    "date": "09/23",
    "city": "北京"
  },
  {
    "url": "http://hd.8264.com/xianlu-172139",
    "img": "http://img.qunawan.com/ecmme/wan/xl/goods/20170919/201709191105452901_listfull.jpg",
    "title": "天漠柳沟豆腐宴永宁古城（1日行程）",
    "money": "65",
    "date": "09/23",
    "city": "北京"
  },
  {
    "url": "http://hd.8264.com/xianlu-172122",
    "img": "http://img.qunawan.com/ecmme/wan/xl/goods/20170918/201709181235015909_listfull.jpg",
    "title": "打卡苏州博物馆 苏州CityWalk交友之旅（1日行程）",
    "money": "138",
    "date": "09/24",
    "city": "上海"
  },
  {
    "url": "http://hd.8264.com/xianlu-172105",
    "img": "http://img.qunawan.com/ecmme/wan/xl/goods/20170918/201709180919314192_listfull.jpg",
    "title": "猫耳山 一个你听说过可能未去过的地方（1日行程）",
    "money": "35",
    "date": "09/24",
    "city": "北京"
  },
  {
    "url": "http://hd.8264.com/xianlu-172096",
    "img": "http://img.qunawan.com/ecmme/wan/xl/goods/20170917/201709171846531850_listfull.jpg",
    "title": "北塘古镇 闲逛青砖黛瓦边防重镇 邮轮出海打鱼摸虾吃海鲜（1日行程）",
    "money": "70",
    "date": "09/24",
    "city": "北京"
  }
]