[
  {
    "url": "http://hd.8264.com/xianlu-172080",
    "img": "http://img.qunawan.com/ecmme/wan/xl/goods/20170917/201709171119565550_listfull.jpg",
    "title": "看醉美三清山（2日行程）",
    "money": "380",
    "date": "09/24",
    "city": "金华"
  },
  {
    "url": "http://hd.8264.com/xianlu-172077",
    "img": "http://img.qunawan.com/ecmme/wan/xl/goods/20170916/201709162208517448_listfull.jpg",
    "title": "玉渡山休闲摄影（1日行程）",
    "money": "69",
    "date": "09/23",
    "city": "北京"
  },
  {
    "url": "http://hd.8264.com/xianlu-172010",
    "img": "http://img.qunawan.com/ecmme/wan/xl/goods/20170915/201709151216324046_listfull.jpg",
    "title": "攀登广州第二高峰 鸡枕山 海拔1175（1日行程）",
    "money": "90",
    "date": "09/24",
    "city": "广州"
  },
  {
    "url": "http://hd.8264.com/xianlu-171988",
    "img": "http://img.qunawan.com/ecmme/wan/xl/goods/20170914/201709142229359294_listfull.jpg",
    "title": "仙西山 湿身漂流 烧烤轰趴大会 玻璃栈道 水帘洞（1日行程）",
    "money": "179",
    "date": "09/23",
    "city": "朝阳"
  },
  {
    "url": "http://hd.8264.com/xianlu-171900",
    "img": "http://img.qunawan.com/ecmme/wan/xl/goods/20170913/201709131632335639_listfull.jpg",
    "title": "九月二期 喇叭沟门赏红叶 白桦林中漫步 休闲游（1日行程）",
    "money": "70",
    "date": "09/23",
    "city": "北京"
  },
  {
    "url": "http://hd.8264.com/xianlu-171904",
    "img": "http://img.qunawan.com/ecmme/wan/xl/goods/20170913/201709131738548010_listfull.jpg",
    "title": "周日 攀登广州第二高峰 鸡枕山 海拔1175（1日行程）",
    "money": "90",
    "date": "09/24",
    "city": "广州"
  },
  {
    "url": "http://hd.8264.com/xianlu-171782",
    "img": "http://img.qunawan.com/ecmme/wan/xl/goods/20170911/201709111637126282_listfull.jpg",
    "title": "户外相约真人cs活动（1日行程）",
    "money": "120",
    "date": "09/24",
    "city": "松江"
  },
  {
    "url": "http://hd.8264.com/xianlu-171774",
    "img": "http://img.qunawan.com/ecmme/wan/xl/goods/20170911/201709111612424538_listfull.jpg",
    "title": "逛古城品豆腐宴看最四季花海（1日行程）",
    "money": "69",
    "date": "09/23",
    "city": "北京"
  },
  {
    "url": "http://hd.8264.com/xianlu-171716",
    "img": "http://img.qunawan.com/ecmme/wan/xl/goods/20170908/201709082025271062_listfull.jpeg",
    "title": "百里画廊 北京最美秋色 硅化木森林公园 乌龙峡谷（1日行程）",
    "money": "79",
    "date": "09/23",
    "city": "朝阳"
  },
  {
    "url": "http://hd.8264.com/xianlu-171687",
    "img": "http://img.qunawan.com/ecmme/wan/xl/goods/20170908/201709081154358619_listfull.jpg",
    "title": "藤萝谷之树藤缭绕 果实蕾蕾单日休闲穿越活动（1日行程）",
    "money": "70",
    "date": "09/24",
    "city": "北京"
  },
  {
    "url": "http://hd.8264.com/xianlu-171673",
    "img": "http://img.qunawan.com/ecmme/wan/xl/goods/20170907/201709072326258395_listfull.jpg",
    "title": "双龙峡 十里溪流 百潭瀑布 千亩红杏（1日行程）",
    "money": "69",
    "date": "09/23",
    "city": "朝阳"
  },
  {
    "url": "http://hd.8264.com/xianlu-171714",
    "img": "http://img.qunawan.com/ecmme/wan/xl/goods/20170908/201709082018311450_listfull.jpg",
    "title": "四季花海 开满鲜花的山谷 珍珠泉 南湾3D民俗村（1日行程）",
    "money": "69",
    "date": "09/23",
    "city": "朝阳"
  },
  {
    "url": "http://hd.8264.com/xianlu-171602",
    "img": "http://img.qunawan.com/ecmme/wan/xl/goods/20170906/201709061808225914_listfull.jpg",
    "title": "玉渡山 高山湖泊 高原草甸 森林徒步 一应俱全 配合绝妙（1日行程）",
    "money": "69",
    "date": "09/23",
    "city": "朝阳"
  },
  {
    "url": "http://hd.8264.com/xianlu-171541",
    "img": "http://img.qunawan.com/ecmme/wan/xl/goods/20170905/201709052221346034_listfull.jpg",
    "title": "易水湖 被称为 北方小桂林（1日行程）",
    "money": "89",
    "date": "09/23",
    "city": "朝阳"
  },
  {
    "url": "http://hd.8264.com/xianlu-171363",
    "img": "http://img.qunawan.com/ecmme/wan/xl/goods/20170902/201709021424151950_listfull.png",
    "title": "喀纳斯 北疆大环线 喀纳斯 一路西北向北（9日行程）",
    "money": "4780",
    "date": "09/24",
    "city": "乌鲁"
  },
  {
    "url": "http://hd.8264.com/xianlu-171296",
    "img": "http://img.qunawan.com/ecmme/wan/xl/goods/20170901/201709011242118521_listfull.jpg",
    "title": "走进 爸爸去哪儿 拍摄地灵水村 古村爨底下 爬山 品农家饭（1日行程）",
    "money": "70",
    "date": "09/23",
    "city": "北京"
  },
  {
    "url": "http://hd.8264.com/xianlu-171277",
    "img": "http://img.qunawan.com/ecmme/wan/xl/goods/20170914/201709140941147420_listfull.jpg",
    "title": "阿坝小江南 红叶金川 甲居 中路特色藏寨 四姑娘山探秘（6日行程）",
    "money": "2280",
    "date": "11/17",
    "city": "成都"
  },
  {
    "url": "http://hd.8264.com/xianlu-171221",
    "img": "http://img.qunawan.com/ecmme/wan/xl/goods/20170831/201708311303487455_listfull.jpg",
    "title": "漫步甜爱路 多伦路定向挑战 Citywalk交友派对（1日行程）",
    "money": "58",
    "date": "09/24",
    "city": "虹口"
  },
  {
    "url": "http://hd.8264.com/xianlu-171210",
    "img": "http://img.qunawan.com/ecmme/wan/xl/goods/20170831/201708311139271124_listfull.jpg",
    "title": "周末四季花海 向日葵 薰衣草 珍珠泉美照之旅（1日行程）",
    "money": "70",
    "date": "09/23",
    "city": "北京"
  },
  {
    "url": "http://hd.8264.com/xianlu-171072",
    "img": "http://img.qunawan.com/ecmme/wan/xl/goods/20170829/201708291939596268_listfull.jpg",
    "title": "周日 攀登广州第二高峰 鸡枕山 海拔1175（1日行程）",
    "money": "90",
    "date": "09/24",
    "city": "广州"
  }
]