[
  {
    "url": "http://hd.8264.com/xianlu-170872",
    "img": "http://img.qunawan.com/ecmme/wan/xl/goods/20170824/201708241803565682_listfull.jpg",
    "title": "周末 平遥古城 乔家大院休闲游（2日行程）",
    "money": "380",
    "date": "09/23",
    "city": "北京"
  },
  {
    "url": "http://hd.8264.com/xianlu-170731",
    "img": "http://img.qunawan.com/ecmme/wan/xl/goods/20170822/201708222202056122_listfull.png",
    "title": "胆小勿入 限50人 飞拉达 漂流 一价全含（1日行程）",
    "money": "230",
    "date": "09/23",
    "city": "北京"
  },
  {
    "url": "http://hd.8264.com/xianlu-170447",
    "img": "http://img.qunawan.com/ecmme/wan/xl/goods/20170817/201708171103018116_listfull.jpg",
    "title": "行途户外 华北明珠 白洋淀 荷花大观园 芦苇荡（1日行程）",
    "money": "169",
    "date": "09/23",
    "city": "东城"
  },
  {
    "url": "http://hd.8264.com/xianlu-170310",
    "img": "http://img.qunawan.com/ecmme/wan/xl/goods/20170814/201708141719445495_listfull.jpg",
    "title": "九月份 四季花海 珍珠泉 赏花 摄影休闲游（1日行程）",
    "money": "70",
    "date": "09/23",
    "city": "北京"
  },
  {
    "url": "http://hd.8264.com/xianlu-170149",
    "img": "http://img.qunawan.com/ecmme/wan/xl/goods/20170810/201708101144555491_listfull.jpg",
    "title": "孟屯河谷体验式露营（2日行程）",
    "money": "320",
    "date": "09/23",
    "city": "成都"
  },
  {
    "url": "http://hd.8264.com/xianlu-170145",
    "img": "http://img.qunawan.com/ecmme/wan/xl/goods/20170810/201708101109411214_listfull.jpg",
    "title": "达瓦更扎游（2日行程）",
    "money": "318",
    "date": "09/23",
    "city": "成都"
  },
  {
    "url": "http://hd.8264.com/xianlu-170104",
    "img": "http://img.qunawan.com/ecmme/wan/xl/goods/20170809/201708091001476490_listfull.png",
    "title": "喀纳斯 邂逅中国最美秋 不信人间有净土（7日行程）",
    "money": "4180",
    "date": "09/24",
    "city": "苏州"
  },
  {
    "url": "http://hd.8264.com/xianlu-169485",
    "img": "http://img.qunawan.com/ecmme/wan/xl/goods/20170725/201707251543183720_listfull.jpg",
    "title": "孟屯河谷徒步 体验式露营（2日行程）",
    "money": "320",
    "date": "09/23",
    "city": "成都"
  },
  {
    "url": "http://hd.8264.com/xianlu-169482",
    "img": "http://img.qunawan.com/ecmme/wan/xl/goods/20170725/201707251524399868_listfull.jpg",
    "title": "达瓦更扎 观日出 云海拍星轨（2日行程）",
    "money": "318",
    "date": "09/23",
    "city": "成都"
  },
  {
    "url": "http://hd.8264.com/xianlu-169365",
    "img": "http://img.qunawan.com/ecmme/wan/xl/goods/20170721/201707211701157547_listfull.jpg",
    "title": "周日出发阿娘潭溯溪泡潭子 玩水 空山野水避暑 清凉一夏（1日行程）",
    "money": "99",
    "date": "09/24",
    "city": "广州"
  },
  {
    "url": "http://hd.8264.com/xianlu-169134",
    "img": "http://img.qunawan.com/ecmme/wan/xl/goods/20170717/201707171449396705_listfull.jpg",
    "title": "徒步珠峰 拉萨东坡嘎玛沟 徒步探险（14日行程）",
    "money": "9800",
    "date": "09/24",
    "city": "拉萨"
  },
  {
    "url": "http://hd.8264.com/xianlu-168569",
    "img": "http://img.qunawan.com/ecmme/wan/xl/goods/20170707/201707071650373832_listfull.jpg",
    "title": "不止珠峰东坡 40冰川自驾 嘎玛沟徒步 探索西藏秘境最深处（14日行程）",
    "money": "10800",
    "date": "09/24",
    "city": "拉萨"
  },
  {
    "url": "http://hd.8264.com/xianlu-168493",
    "img": "http://img.qunawan.com/ecmme/wan/xl/goods/20170706/201707061715475731_listfull.jpg",
    "title": "相约杭州 最美九溪十八涧 倍感清爽夏日（1日行程）",
    "money": "129",
    "date": "09/24",
    "city": "上海"
  },
  {
    "url": "http://hd.8264.com/xianlu-168487",
    "img": "http://img.qunawan.com/ecmme/wan/xl/goods/20170814/201708141538009207_listfull.jpg",
    "title": "国庆 梨木台 北方小九寨 赏秋色休闲游 八天连发（1日行程）",
    "money": "88",
    "date": "09/23",
    "city": "北京"
  },
  {
    "url": "http://hd.8264.com/xianlu-167757",
    "img": "http://img.qunawan.com/ecmme/wan/xl/goods/20170626/201706261635391972_listfull.jpg",
    "title": "徒步珠峰 拉萨东坡嘎玛沟 徒步探险（14日行程）",
    "money": "9880",
    "date": "09/24",
    "city": "成都"
  },
  {
    "url": "http://hd.8264.com/xianlu-167622",
    "img": "http://img.qunawan.com/ecmme/wan/xl/goods/20170623/201706232218055221_listfull.jpg",
    "title": "激情穿岩十九峰 挑战飞龙玻璃栈道 感受云中漫步的惊险与刺激（1日行程）",
    "money": "219",
    "date": "09/24",
    "city": "上海"
  },
  {
    "url": "http://hd.8264.com/xianlu-167399",
    "img": "http://img.qunawan.com/ecmme/wan/xl/goods/20170620/201706201528556800_listfull.jpg",
    "title": "海坨山最美线路穿越 闫家平 海坨山 大海坨村（1日行程）",
    "money": "100",
    "date": "09/24",
    "city": "北京"
  },
  {
    "url": "http://hd.8264.com/xianlu-166738",
    "img": "http://img.qunawan.com/ecmme/wan/xl/goods/20170612/201706120840423221_listfull.jpg",
    "title": "飞檐走壁飞拉达 漂流 往返车费你玩过吗（1日行程）",
    "money": "198",
    "date": "09/23",
    "city": "北京"
  },
  {
    "url": "http://hd.8264.com/xianlu-165792",
    "img": "http://img.qunawan.com/ecmme/wan/xl/goods/20170528/201705280923349201_listfull.jpg",
    "title": "呼伦贝尔穿越草原策马奔腾自助游超值全景（6日行程）",
    "money": "2000",
    "date": "09/24",
    "city": "呼伦"
  },
  {
    "url": "http://hd.8264.com/xianlu-165791",
    "img": "http://img.qunawan.com/ecmme/wan/xl/goods/20170528/201705280915398502_listfull.jpg",
    "title": "呼伦贝尔暑期狂野草原 越野车深度探索（6日行程）",
    "money": "2980",
    "date": "09/24",
    "city": "呼伦"
  }
]