[
  {
    "url": "http://hd.8264.com/xianlu-170660",
    "img": "http://img.qunawan.com/ecmme/wan/xl/goods/20170822/201708221043412417_listfull.jpg",
    "title": "西部摄影 走进最后香格里拉 色达稻城亚丁经典之旅（8日行程）",
    "money": "3580",
    "date": "09/22",
    "city": "成都"
  },
  {
    "url": "http://hd.8264.com/xianlu-170659",
    "img": "http://img.qunawan.com/ecmme/wan/xl/goods/20170823/201708232038414612_listfull.jpg",
    "title": "西部川藏 四姑娘山 稻城亚丁 来古冰川 川藏南线（10日行程）",
    "money": "6800",
    "date": "09/28",
    "city": "成都"
  },
  {
    "url": "http://hd.8264.com/xianlu-170644",
    "img": "http://img.qunawan.com/ecmme/wan/xl/goods/20170821/201708212231359622_listfull.jpg",
    "title": "走进圣地 稻城亚丁 四姑娘山 丹巴 畅游之旅（8日行程）",
    "money": "2980",
    "date": "09/23",
    "city": "成都"
  },
  {
    "url": "http://hd.8264.com/xianlu-170853",
    "img": "http://img.qunawan.com/ecmme/wan/xl/goods/20170824/201708241728452636_listfull.jpg",
    "title": "嘉峪关 额济纳胡杨林 巴丹吉林沙漠 沙湖 西部影城 沙坡头（6日行程）",
    "money": "3480",
    "date": "09/29",
    "city": "嘉峪"
  },
  {
    "url": "http://hd.8264.com/xianlu-170623",
    "img": "http://img.qunawan.com/ecmme/wan/xl/goods/20170821/201708211538584817_listfull.jpg",
    "title": "川藏中线北线秘境探索（16日行程）",
    "money": "11800",
    "date": "09/26",
    "city": "成都"
  },
  {
    "url": "http://hd.8264.com/xianlu-170620",
    "img": "http://img.qunawan.com/ecmme/wan/xl/goods/20170821/201708211812129329_listfull.png",
    "title": "攀登东南亚最高峰 上山下海 世界级海岛圣地仙本那（8日行程）",
    "money": "9500",
    "date": "10/16",
    "city": "亚庇"
  },
  {
    "url": "http://hd.8264.com/xianlu-170568",
    "img": "http://img.qunawan.com/ecmme/wan/xl/goods/20170819/201708191136173249_listfull.jpg",
    "title": "醉美伊犁 深度摄影（9日行程）",
    "money": "7680",
    "date": "09/22",
    "city": "伊犁"
  },
  {
    "url": "http://hd.8264.com/xianlu-170564",
    "img": "http://img.qunawan.com/ecmme/wan/xl/goods/20170818/201708182018101203_listfull.jpg",
    "title": "国庆节 贡嘎山大小环线全线徒步穿越（7日行程）",
    "money": "2880",
    "date": "09/22",
    "city": "成都"
  },
  {
    "url": "http://hd.8264.com/xianlu-170562",
    "img": "http://img.qunawan.com/ecmme/wan/xl/goods/20170818/201708181914045198_listfull.jpg",
    "title": "全国独家 梅里雪山外转山（10日行程）",
    "money": "6999",
    "date": "10/01",
    "city": "迪庆"
  },
  {
    "url": "http://hd.8264.com/xianlu-170561",
    "img": "http://img.qunawan.com/ecmme/wan/xl/goods/20170818/201708181901454239_listfull.jpg",
    "title": "自驾走遍西藏 阿里大北线 朝圣冈仁波齐 深度摄影游（16日行程）",
    "money": "6600",
    "date": "09/24",
    "city": "拉萨"
  },
  {
    "url": "http://hd.8264.com/xianlu-170536",
    "img": "http://img.qunawan.com/ecmme/wan/xl/goods/20170818/201708181418328117_listfull.jpg",
    "title": "躺着去赏秋（6日行程）",
    "money": "3480",
    "date": "09/24",
    "city": "西安"
  },
  {
    "url": "http://hd.8264.com/xianlu-170535",
    "img": "http://img.qunawan.com/ecmme/wan/xl/goods/20170818/201708181414117674_listfull.jpg",
    "title": "自驾精品商务团 西昌 泸沽湖（4日行程）",
    "money": "1080",
    "date": "09/28",
    "city": "成都"
  },
  {
    "url": "http://hd.8264.com/xianlu-170522",
    "img": "http://img.qunawan.com/ecmme/wan/xl/goods/20170818/201708181106514739_listfull.png",
    "title": "居延海 怪树林 胡杨林 嘉峪关 张掖丹霞 房车摄影行（12日行程）",
    "money": "8988",
    "date": "09/22",
    "city": "北京"
  },
  {
    "url": "http://hd.8264.com/xianlu-170520",
    "img": "http://img.qunawan.com/ecmme/wan/xl/goods/20170818/201708181039094961_listfull.jpg",
    "title": "红岩顶 最轻松 最最壮观的日出 星空 云海观赏地（2日行程）",
    "money": "360",
    "date": "09/23",
    "city": "安庆"
  },
  {
    "url": "http://hd.8264.com/xianlu-170502",
    "img": "http://img.qunawan.com/ecmme/wan/xl/goods/20170817/201708172257058078_listfull.jpg",
    "title": "西藏阿里北线 冈仁波齐转山 中国最美西部（16日行程）",
    "money": "6600",
    "date": "09/24",
    "city": "拉萨"
  },
  {
    "url": "http://hd.8264.com/xianlu-170890",
    "img": "http://img.qunawan.com/ecmme/wan/xl/goods/20170825/201708251111275539_listfull.jpg",
    "title": "越野老司机带你川藏行（16日行程）",
    "money": "5800",
    "date": "09/22",
    "city": "成都"
  },
  {
    "url": "http://hd.8264.com/xianlu-170469",
    "img": "http://img.qunawan.com/ecmme/wan/xl/goods/20170817/201708171423582708_listfull.jpg",
    "title": "额济纳最美高铁团（6日行程）",
    "money": "3380",
    "date": "09/24",
    "city": "兰州"
  },
  {
    "url": "http://hd.8264.com/xianlu-170460",
    "img": "http://img.qunawan.com/ecmme/wan/xl/goods/20170817/201708171249356925_listfull.jpg",
    "title": "火车出发 雾漫小东江仙境 丹霞地貌高椅岭徒步 流华湾古村（2日行程）",
    "money": "488",
    "date": "09/23",
    "city": "广州"
  },
  {
    "url": "http://hd.8264.com/xianlu-171289",
    "img": "http://img.qunawan.com/ecmme/wan/xl/goods/20170901/201709011116244759_listfull.jpg",
    "title": "2017国庆转山冈仁波齐特辑 阿里环线 古格 双湖探险（16日行程）",
    "money": "6600",
    "date": "09/23",
    "city": "拉萨"
  },
  {
    "url": "http://hd.8264.com/xianlu-170446",
    "img": "http://img.qunawan.com/ecmme/wan/xl/goods/20170817/201708171053173082_listfull.jpg",
    "title": "行途户外 十渡仙西山 玻璃平台 自助烧烤 漂流 真人CS（1日行程）",
    "money": "70",
    "date": "09/23",
    "city": "东城"
  }
]