[
  {
    "url": "http://hd.8264.com/xianlu-164683",
    "img": "http://img.qunawan.com/ecmme/wan/xl/goods/20170514/201705142213294099_listfull.jpg",
    "title": "神堂峪 山水栈道 篱苑书屋 全球最美图书馆之一（1日行程）",
    "money": "65",
    "date": "09/23",
    "city": "北京"
  },
  {
    "url": "http://hd.8264.com/xianlu-163949",
    "img": "http://img.qunawan.com/ecmme/wan/xl/goods/20170508/201705080920518156_listfull.jpg",
    "title": "登姑苏莫厘峰 探寻如诗如画的太湖山色 漫步千年古村（1日行程）",
    "money": "148",
    "date": "09/24",
    "city": "上海"
  },
  {
    "url": "http://hd.8264.com/xianlu-165145",
    "img": "http://img.qunawan.com/ecmme/wan/xl/goods/20170519/201705190304098469_listfull.jpg",
    "title": "不止珠峰东坡 40冰川自驾 嘎玛沟徒步 探索西藏秘境最深处（14日行程）",
    "money": "10800",
    "date": "09/24",
    "city": "拉萨"
  },
  {
    "url": "http://hd.8264.com/xianlu-163118",
    "img": "http://img.qunawan.com/ecmme/wan/xl/goods/20170424/201704242058446284_listfull.png",
    "title": "密云风车节 彩色风车 绘 祖国 密云人间花海 拼出多彩画卷（1日行程）",
    "money": "70",
    "date": "09/23",
    "city": "北京"
  },
  {
    "url": "http://hd.8264.com/xianlu-169733",
    "img": "http://img.qunawan.com/ecmme/wan/xl/goods/20170731/201707311600376917_listfull.jpg",
    "title": "京东大峡谷万丈崖玻璃栈道 通天峡避暑探险（1日行程）",
    "money": "70",
    "date": "09/23",
    "city": "北京"
  },
  {
    "url": "http://hd.8264.com/xianlu-162419",
    "img": "http://img.qunawan.com/ecmme/wan/xl/goods/20170417/201704171155087838_listfull.png",
    "title": "野蘑菇 天津北极 梨木台登天道 九寨小洞天（1日行程）",
    "money": "85",
    "date": "09/23",
    "city": "北京"
  },
  {
    "url": "http://hd.8264.com/xianlu-162218",
    "img": "http://img.qunawan.com/ecmme/wan/xl/goods/20170413/201704131149375078_listfull.png",
    "title": "观天津之眼 游古文化街 逛意式风情区 五大道瓷房子 塘沽外滩（1日行程）",
    "money": "99",
    "date": "09/23",
    "city": "北京"
  },
  {
    "url": "http://hd.8264.com/xianlu-162055",
    "img": "http://img.qunawan.com/ecmme/wan/xl/goods/20170411/201704111320209481_listfull.png",
    "title": "平谷桃花节 赏花 观景 行摄 徒步22万亩桃花花海中 老象峰（1日行程）",
    "money": "60",
    "date": "09/23",
    "city": "西城"
  },
  {
    "url": "http://hd.8264.com/xianlu-162046",
    "img": "http://img.qunawan.com/ecmme/wan/xl/goods/20170411/201704111159266518_listfull.png",
    "title": "平谷桃花节 赏花 观景 行摄 徒步22万亩桃花花海中 老象峰（1日行程）",
    "money": "60",
    "date": "09/23",
    "city": "西城"
  },
  {
    "url": "http://hd.8264.com/xianlu-162045",
    "img": "http://img.qunawan.com/ecmme/wan/xl/goods/20170411/201704111143176779_listfull.png",
    "title": "花海田园情 诗画狼牙山 油菜园 登狼牙山 挑战棋盘陀（1日行程）",
    "money": "90",
    "date": "09/23",
    "city": "北京"
  },
  {
    "url": "http://hd.8264.com/xianlu-162052",
    "img": "http://img.qunawan.com/ecmme/wan/xl/goods/20170411/201704111300354148_listfull.png",
    "title": "桃园仙谷赏瀑徒步 登山 一线天 鸳鸯槐 看最壮观的高山流水（1日行程）",
    "money": "60",
    "date": "09/23",
    "city": "西城"
  },
  {
    "url": "http://hd.8264.com/xianlu-162013",
    "img": "http://img.qunawan.com/ecmme/wan/xl/goods/20170410/201704102227462192_listfull.png",
    "title": "京东大峡谷 万丈崖玻璃栈道 龙门湖 五龙潭 井门台休闲度假（1日行程）",
    "money": "70",
    "date": "09/23",
    "city": "西城"
  },
  {
    "url": "http://hd.8264.com/xianlu-162010",
    "img": "http://img.qunawan.com/ecmme/wan/xl/goods/20170410/201704102213119057_listfull.png",
    "title": "京西小桂林 十渡 东湖港 踏青 登山 观瀑布 免费划竹筏（1日行程）",
    "money": "70",
    "date": "09/23",
    "city": "西城"
  },
  {
    "url": "http://hd.8264.com/xianlu-162009",
    "img": "http://img.qunawan.com/ecmme/wan/xl/goods/20170410/201704102207509019_listfull.png",
    "title": "神堂峪山水栈道 全球16个最美阅读天堂之一篱苑书屋休闲摄影（1日行程）",
    "money": "70",
    "date": "09/23",
    "city": "西城"
  },
  {
    "url": "http://hd.8264.com/xianlu-162005",
    "img": "http://img.qunawan.com/ecmme/wan/xl/goods/20170410/201704102155149213_listfull.png",
    "title": "游人间仙境白石山 体验惊险刺激的玻璃栈道 登北方奇山（1日行程）",
    "money": "100",
    "date": "09/23",
    "city": "北京"
  },
  {
    "url": "http://hd.8264.com/xianlu-161984",
    "img": "http://img.qunawan.com/ecmme/wan/xl/goods/20170410/201704101716226916_listfull.png",
    "title": "京东大峡谷 万丈崖玻璃栈道 龙门湖 五龙潭 井门台休闲度假（1日行程）",
    "money": "70",
    "date": "09/23",
    "city": "西城"
  },
  {
    "url": "http://hd.8264.com/xianlu-161965",
    "img": "http://img.qunawan.com/ecmme/wan/xl/goods/20170410/201704101610125944_listfull.png",
    "title": "京西小桂林 十渡 东湖港 登山 观瀑布 免费划竹筏（1日行程）",
    "money": "70",
    "date": "09/23",
    "city": "西城"
  },
  {
    "url": "http://hd.8264.com/xianlu-161911",
    "img": "http://img.qunawan.com/ecmme/wan/xl/goods/20170410/201704101105014585_listfull.png",
    "title": "游人间仙境白石山 体验惊险刺激的玻璃栈道 登北方奇山（1日行程）",
    "money": "100",
    "date": "09/23",
    "city": "北京"
  },
  {
    "url": "http://hd.8264.com/xianlu-161412",
    "img": "http://img.qunawan.com/ecmme/wan/xl/goods/20170403/201704031517532368_listfull.jpg",
    "title": "徒步探险 珠峰东坡嘎玛沟（14日行程）",
    "money": "9880",
    "date": "09/24",
    "city": "拉萨"
  },
  {
    "url": "http://hd.8264.com/xianlu-161206",
    "img": "http://img.qunawan.com/ecmme/wan/xl/goods/20170329/201703291723421049_listfull.jpg",
    "title": "野马上合园 大剧院房车一日自然文化亲子之旅（1日行程）",
    "money": "288",
    "date": "09/22",
    "city": "乌鲁"
  }
]