[
  {
    "url": "http://hd.8264.com/xianlu-161196",
    "img": "http://img.qunawan.com/ecmme/wan/xl/goods/20170329/201703291516321025_listfull.jpg",
    "title": "西藏深度游（9日行程）",
    "money": "4250",
    "date": "09/22",
    "city": "拉萨"
  },
  {
    "url": "http://hd.8264.com/xianlu-161180",
    "img": "http://img.qunawan.com/ecmme/wan/xl/goods/20170329/201703291417098083_listfull.jpg",
    "title": "漠河 北红村 北极村 夏季 原生态纯玩特色游（3日行程）",
    "money": "680",
    "date": "09/22",
    "city": "漠河"
  },
  {
    "url": "http://hd.8264.com/xianlu-161123",
    "img": "http://img.qunawan.com/ecmme/wan/xl/goods/20170328/201703281839267208_listfull.jpeg",
    "title": "稻城 你不走 我来与你相逢 成都出发 越野（6日行程）",
    "money": "2080",
    "date": "09/22",
    "city": "成都"
  },
  {
    "url": "http://hd.8264.com/xianlu-161122",
    "img": "http://img.qunawan.com/ecmme/wan/xl/goods/20170328/201703281836365867_listfull.jpeg",
    "title": "色达持明大法会（4日行程）",
    "money": "1380",
    "date": "09/22",
    "city": "成都"
  },
  {
    "url": "http://hd.8264.com/xianlu-161060",
    "img": "http://img.qunawan.com/ecmme/wan/xl/goods/20170328/201703280906273249_listfull.jpg",
    "title": "花开喀纳斯 北疆经典路线 深度纯玩 自由行（7日行程）",
    "money": "3980",
    "date": "09/22",
    "city": "乌鲁"
  },
  {
    "url": "http://hd.8264.com/xianlu-161042",
    "img": "http://img.qunawan.com/ecmme/wan/xl/goods/20170327/201703272049029701_listfull.jpg",
    "title": "漠河 呼伦贝尔大草原 阿尔山双向户外自助游（9日行程）",
    "money": "300",
    "date": "09/22",
    "city": "漠河"
  },
  {
    "url": "http://hd.8264.com/xianlu-161022",
    "img": "http://img.qunawan.com/ecmme/wan/xl/goods/20170327/201703271650315316_listfull.jpg",
    "title": "川藏线 青藏线 稻城亚丁 林芝 拉萨 青海湖 经典大环线（16日行程）",
    "money": "4880",
    "date": "09/22",
    "city": "成都"
  },
  {
    "url": "http://hd.8264.com/xianlu-161015",
    "img": "http://img.qunawan.com/ecmme/wan/xl/goods/20170327/201703271612162757_listfull.jpg",
    "title": "哈尔滨五大连池呼伦贝尔 漠河大东北夏秋环线户外游（16日行程）",
    "money": "500",
    "date": "09/22",
    "city": "哈尔"
  },
  {
    "url": "http://hd.8264.com/xianlu-160861",
    "img": "http://img.qunawan.com/ecmme/wan/xl/goods/20170324/201703241318125489_listfull.jpg",
    "title": "梦幻夏特古道徒步穿越（7日行程）",
    "money": "2980",
    "date": "09/24",
    "city": "乌鲁"
  },
  {
    "url": "http://hd.8264.com/xianlu-161041",
    "img": "http://img.qunawan.com/ecmme/wan/xl/goods/20170327/201703272015167398_listfull.jpg",
    "title": "呼伦贝尔大草原 阿尔山天池夏日经典游（7日行程）",
    "money": "500",
    "date": "09/22",
    "city": "呼伦"
  },
  {
    "url": "http://hd.8264.com/xianlu-160222",
    "img": "http://img.qunawan.com/ecmme/wan/xl/goods/20170316/201703161204133763_listfull.jpg",
    "title": "青海敦煌结伴招募中（6日行程）",
    "money": "1300",
    "date": "09/22",
    "city": "西宁"
  },
  {
    "url": "http://hd.8264.com/xianlu-160218",
    "img": "http://img.qunawan.com/ecmme/wan/xl/goods/20170319/201703191109081409_listfull.jpg",
    "title": "高端川西最美亚丁（8日行程）",
    "money": "2280",
    "date": "09/22",
    "city": "成都"
  },
  {
    "url": "http://hd.8264.com/xianlu-160206",
    "img": "http://img.qunawan.com/ecmme/wan/xl/goods/20170319/201703191058552514_listfull.jpg",
    "title": "高端色达稻城自由行（8日行程）",
    "money": "2380",
    "date": "09/22",
    "city": "成都"
  },
  {
    "url": "http://hd.8264.com/xianlu-160205",
    "img": "http://img.qunawan.com/ecmme/wan/xl/goods/20170319/201703191057278925_listfull.jpg",
    "title": "高端色达稻城自由行（8日行程）",
    "money": "2380",
    "date": "09/22",
    "city": "成都"
  },
  {
    "url": "http://hd.8264.com/xianlu-160183",
    "img": "http://img.qunawan.com/ecmme/wan/xl/goods/20170316/201703161018468602_listfull.jpg",
    "title": "高端藏地穿越（16日行程）",
    "money": "4780",
    "date": "09/22",
    "city": "成都"
  },
  {
    "url": "http://hd.8264.com/xianlu-160142",
    "img": "http://img.qunawan.com/ecmme/wan/xl/goods/20170315/201703151630174878_listfull.jpg",
    "title": "古北水镇丨北方小乌镇 看皮影戏 登司马台长城（1日行程）",
    "money": "79",
    "date": "09/23",
    "city": "北京"
  },
  {
    "url": "http://hd.8264.com/xianlu-159628",
    "img": "http://img.qunawan.com/ecmme/wan/xl/goods/20170308/201703081747426829_listfull.png",
    "title": "美国自驾 黄石公园 熊牙公路线精华深度自驾（14日行程）",
    "money": "18800",
    "date": "09/24",
    "city": "洛杉"
  },
  {
    "url": "http://hd.8264.com/xianlu-159381",
    "img": "http://img.qunawan.com/ecmme/wan/xl/goods/20170306/201703061005059716_listfull.jpg",
    "title": "七彩云南 丽江 虎跳峡 梅里雪山 冰川 东竹林寺 泸沽湖（6日行程）",
    "money": "2080",
    "date": "09/24",
    "city": "丽江"
  },
  {
    "url": "http://hd.8264.com/xianlu-157678",
    "img": "http://img.qunawan.com/ecmme/wan/xl/goods/20170218/201702181135123147_listfull.jpg",
    "title": "去崇明岛放空 徜徉乡间小路 漫步最美西沙湿地（1日行程）",
    "money": "139",
    "date": "09/24",
    "city": "黄浦"
  },
  {
    "url": "http://hd.8264.com/xianlu-160190",
    "img": "http://img.qunawan.com/ecmme/wan/xl/goods/20170316/201703161038225110_listfull.jpg",
    "title": "高端藏地穿越（18日行程）",
    "money": "4980",
    "date": "09/22",
    "city": "成都"
  }
]