[
  {
    "url": "http://hd.8264.com/xianlu-155376",
    "img": "http://img.qunawan.com/ecmme/wan/xl/goods/20170113/201701131132462782_listfull.jpg",
    "title": "探秘怒江大峡谷 找寻被时代遗忘的文明（7日行程）",
    "money": "2880",
    "date": "09/24",
    "city": "丽江"
  },
  {
    "url": "http://hd.8264.com/xianlu-154213",
    "img": "http://img.qunawan.com//ecmme/wan/xl/goods/20161230/201612300027022105_listfull.jpg",
    "title": "走向世界之巅 珠峰地区绒布冰川徒步（12日行程）",
    "money": "15800",
    "date": "09/24",
    "city": "拉萨"
  },
  {
    "url": "http://hd.8264.com/xianlu-137903",
    "img": "http://img.qunawan.com/ecmme/wan/xl/goods/20161018/201610181109441558_listfull.jpg",
    "title": "穿越小七尖 灵树线徒步活动（1日行程）",
    "money": "119",
    "date": "09/24",
    "city": "上海"
  },
  {
    "url": "http://hd.8264.com/xianlu-134855",
    "img": "http://img.qunawan.com/ecmme/wan/xl/goods/20161004/201610042129026782_listfull.jpg",
    "title": "追寻最后的花季 赏京北四季花海 珍珠湖 赏花 摄影 休闲游（1日行程）",
    "money": "70",
    "date": "09/23",
    "city": "北京"
  },
  {
    "url": "http://hd.8264.com/xianlu-133071",
    "img": "http://img.qunawan.com/ecmme/wan/xl/goods/20160924/201609241940232337_listfull.jpg",
    "title": "深度自助 穿越滇川 最后的香巴拉 香格里拉稻城亚丁（6日行程）",
    "money": "2200",
    "date": "09/22",
    "city": "丽江"
  },
  {
    "url": "http://hd.8264.com/xianlu-129976",
    "img": "http://img.qunawan.com/ecmme/wan/xl/goods/20160912/201609122054497222_listfull.jpg",
    "title": "北京之巅东灵山穿越 张家坊 顶峰 聚灵峡（1日行程）",
    "money": "100",
    "date": "09/24",
    "city": "北京"
  },
  {
    "url": "http://hd.8264.com/xianlu-169443",
    "img": "http://img.qunawan.com/ecmme/wan/xl/goods/20170724/201707241600124958_listfull.jpg",
    "title": "玛嘉沟（2日行程）",
    "money": "378",
    "date": "09/23",
    "city": "成都"
  },
  {
    "url": "http://hd.8264.com/xianlu-115292",
    "img": "http://img.qunawan.com/ecmme/wan/xl/goods/20160823/201608230926432160_listfull.jpg",
    "title": "相约哈斯塔特奥地利小镇 红花湖绿道骑行（1日行程）",
    "money": "260",
    "date": "09/24",
    "city": "广州"
  },
  {
    "url": "http://hd.8264.com/xianlu-22917",
    "img": "http://img.qunawan.com/ecmme/wan/xl/goods/20160715/201607151659011643_listfull.jpg",
    "title": "越野高端线 魂牵拉萨 朝圣滇藏 梅里雪山波密林芝西藏拉萨（9日行程）",
    "money": "4380",
    "date": "09/22",
    "city": "丽江"
  },
  {
    "url": "http://hd.8264.com/xianlu-20018",
    "img": "http://img.qunawan.com/ecmme/wan/xl/goods/20160704/201607042133152914_listfull.jpg",
    "title": "走进白洋淀荷花大观园赏荷花 泛舟荷花丛林 摆渡赏芦苇荡（1日行程）",
    "money": "180",
    "date": "09/23",
    "city": "北京"
  },
  {
    "url": "http://hd.8264.com/xianlu-161856",
    "img": "http://img.qunawan.com/ecmme/wan/xl/goods/20170409/201704091557018450_listfull.jpg",
    "title": "呼伦贝尔A线穿越草原策马奔腾自助游超值全景（6日行程）",
    "money": "2000",
    "date": "09/24",
    "city": "呼伦"
  },
  {
    "url": "http://hd.8264.com/xianlu-15217",
    "img": "http://img.qunawan.com/ecmme/wan/xl/goods/20160621/201606211829548822_listfull.jpg",
    "title": "朝圣拉萨 穿越滇藏 赠藏民家访与出发前一晚住宿（9日行程）",
    "money": "4500",
    "date": "09/22",
    "city": "丽江"
  },
  {
    "url": "http://hd.8264.com/xianlu-12197",
    "img": "http://img.qunawan.com/ecmme/wan/xl/goods/20170614/201706141136335866_listfull.jpeg",
    "title": "天庭云雾百花山 高山花园寻梵音（1日行程）",
    "money": "70",
    "date": "09/23",
    "city": "北京"
  },
  {
    "url": "http://hd.8264.com/xianlu-10998",
    "img": "http://img.qunawan.com/ecmme/wan/xl/goods/20160608/201606081321579276_listfull.jpg",
    "title": "大美西域 多彩新疆 绚丽喀纳斯禾木色彩那拉提天鹅湖（13日行程）",
    "money": "7600",
    "date": "09/24",
    "city": "乌鲁"
  },
  {
    "url": "http://hd.8264.com/xianlu-9910",
    "img": "http://img.qunawan.com/ecmme/wan/xl/goods/20160603/201606031209009242_listfull.jpg",
    "title": "神秘喀纳斯 童话白哈巴 水墨禾木 世界魔鬼城深度行（8日行程）",
    "money": "5000",
    "date": "09/24",
    "city": "上海"
  },
  {
    "url": "http://hd.8264.com/xianlu-7094",
    "img": "http://img.qunawan.com/ecmme/wan/xl/goods/20160524/201605241723146147_listfull.jpg",
    "title": "北方小桂林孤山寨 最美大峡谷 幽泉深 戏水拍照（1日行程）",
    "money": "125",
    "date": "09/23",
    "city": "北京"
  },
  {
    "url": "http://hd.8264.com/xianlu-172148",
    "img": "http://img.qunawan.com/ecmme/wan/xl/goods/20170919/201709191231431937_listfull.jpg",
    "title": "万水千山不如一路向北 去漠河过一个零下40 的冬（3日行程）",
    "money": "1500",
    "date": "11/10",
    "city": "淮北"
  },
  {
    "url": "http://hd.8264.com/xianlu-172147",
    "img": "http://img.qunawan.com/ecmme/wan/xl/goods/20170919/201709191229424085_listfull.jpg",
    "title": "万水千山不如一路向北 去漠河过一个零下40 的冬（3日行程）",
    "money": "1500",
    "date": "11/10",
    "city": "苏州"
  },
  {
    "url": "http://hd.8264.com/xianlu-170576",
    "img": "http://img.qunawan.com/ecmme/wan/xl/goods/20170819/201708192251599205_listfull.jpg",
    "title": "11月10日独立成团 斯里兰卡深度游（8日行程）",
    "money": "5980",
    "date": "11/10",
    "city": "科伦"
  },
  {
    "url": "http://hd.8264.com/xianlu-9782",
    "img": "http://img.qunawan.com/ecmme/wan/xl/goods/20160602/201606022328539213_listfull.jpg",
    "title": "华东第一虐 千八穿越 挑战华东顶级徒步线路之一（3日行程）",
    "money": "398",
    "date": "11/10",
    "city": "杭州"
  }
]