[
  {
    "url": "http://hd.8264.com/xianlu-168469",
    "img": "http://img.qunawan.com/ecmme/wan/xl/goods/20170706/201707061142005034_listfull.jpg",
    "title": "深圳扬帆乘风破浪 游艇出海 杨梅坑骑行寻找美人鱼 马术体验（2日行程）",
    "money": "519",
    "date": "09/23",
    "city": "广州"
  },
  {
    "url": "http://hd.8264.com/xianlu-168179",
    "img": "http://img.qunawan.com/ecmme/wan/xl/goods/20170702/201707021145353011_listfull.jpg",
    "title": "漂流一夏 让心灵去旅行 到山沟沟撒野（2日行程）",
    "money": "565",
    "date": "09/23",
    "city": "浦东"
  },
  {
    "url": "http://hd.8264.com/xianlu-160160",
    "img": "http://img.qunawan.com/ecmme/wan/xl/goods/20170315/201703151709417534_listfull.jpg",
    "title": "蒲洼 北京的小西藏 蒲洼 最美梯田 云端看风景（1日行程）",
    "money": "69",
    "date": "09/23",
    "city": "朝阳"
  },
  {
    "url": "http://hd.8264.com/xianlu-171235",
    "img": "http://img.qunawan.com/ecmme/wan/xl/goods/20170831/201708311536388796_listfull.jpg",
    "title": "探访神秘外婆坑 行摄丹霞古道 玩转千丈幽谷（2日行程）",
    "money": "350",
    "date": "09/23",
    "city": "长宁"
  },
  {
    "url": "http://hd.8264.com/xianlu-172185",
    "img": "http://img.qunawan.com/ecmme/wan/xl/goods/20170919/201709192252009079_listfull.jpg",
    "title": "星期六 再搞一期金秀古沙沟（1日行程）",
    "money": "128",
    "date": "09/23",
    "city": "柳州"
  },
  {
    "url": "http://hd.8264.com/xianlu-172168",
    "img": "http://img.qunawan.com/ecmme/wan/xl/goods/20170919/201709191541471559_listfull.jpg",
    "title": "随波逐浪 带你体验勇者游戏（2日行程）",
    "money": "580",
    "date": "09/23",
    "city": "上海"
  },
  {
    "url": "http://hd.8264.com/xianlu-172178",
    "img": "http://img.qunawan.com/ecmme/wan/xl/goods/20170919/201709191803331870_listfull.jpg",
    "title": "绿锐户外周六休闲 子午古道 金仙观 西岭 鸭池峪（1日行程）",
    "money": "80",
    "date": "09/23",
    "city": "西安"
  },
  {
    "url": "http://hd.8264.com/xianlu-172151",
    "img": "http://img.qunawan.com/ecmme/wan/xl/goods/20170919/201709191307254032_listfull.jpg",
    "title": "一起金山海鲜文化节（1日行程）",
    "money": "1",
    "date": "09/23",
    "city": "闸北"
  },
  {
    "url": "http://hd.8264.com/xianlu-172131",
    "img": "http://img.qunawan.com/ecmme/wan/xl/goods/20170918/201709181610417414_listfull.jpg",
    "title": "东猴顶 上帝的油画板 醉美金秋东猴顶 燕山群峰之首露营（2日行程）",
    "money": "200",
    "date": "09/23",
    "city": "北京"
  },
  {
    "url": "http://hd.8264.com/xianlu-172110",
    "img": "http://img.qunawan.com/ecmme/wan/xl/goods/20170918/201709180947559344_listfull.jpg",
    "title": "五台山 转山转水转佛塔 祈福还愿（3日行程）",
    "money": "270",
    "date": "09/23",
    "city": "北京"
  },
  {
    "url": "http://hd.8264.com/xianlu-172104",
    "img": "http://img.qunawan.com/ecmme/wan/xl/goods/20170918/201709180914234604_listfull.jpg",
    "title": "狗牙山 体验惊险与刺激同在的感觉（1日行程）",
    "money": "70",
    "date": "09/23",
    "city": "北京"
  },
  {
    "url": "http://hd.8264.com/xianlu-172100",
    "img": "http://img.qunawan.com/ecmme/wan/xl/goods/20170917/201709172034362851_listfull.jpg",
    "title": "赏秋慕田峪长城 北沟逃票线路初秋摄影（1日行程）",
    "money": "60",
    "date": "09/23",
    "city": "北京"
  },
  {
    "url": "http://hd.8264.com/xianlu-172130",
    "img": "http://img.qunawan.com/ecmme/wan/xl/goods/20170918/201709181553289585_listfull.jpg",
    "title": "这个9月我想和你一起去爬山 花石头 红土地（2日行程）",
    "money": "450",
    "date": "09/23",
    "city": "安庆"
  },
  {
    "url": "http://hd.8264.com/xianlu-171939",
    "img": "http://img.qunawan.com/ecmme/wan/xl/goods/20170914/201709141047322818_listfull.jpg",
    "title": "登北岳恒山 探悬空寺 访云冈石窟（2日行程）",
    "money": "350",
    "date": "09/23",
    "city": "北京"
  },
  {
    "url": "http://hd.8264.com/xianlu-171920",
    "img": "http://img.qunawan.com/ecmme/wan/xl/goods/20170914/201709140248397056_listfull.jpg",
    "title": "9月23日至24日梦中的绿野仙踪枸杞岛（2日行程）",
    "money": "500",
    "date": "09/23",
    "city": "上海"
  },
  {
    "url": "http://hd.8264.com/xianlu-171884",
    "img": "http://img.qunawan.com/ecmme/wan/xl/goods/20170913/201709131436126173_listfull.jpg",
    "title": "灵鹫禅寺休闲摄影穿越（1日行程）",
    "money": "1",
    "date": "09/23",
    "city": "北京"
  },
  {
    "url": "http://hd.8264.com/xianlu-171780",
    "img": "http://img.qunawan.com/ecmme/wan/xl/goods/20170911/201709111631051991_listfull.jpg",
    "title": "空心户外相约真人cs抢亲大战来袭啦（1日行程）",
    "money": "120",
    "date": "09/23",
    "city": "松江"
  },
  {
    "url": "http://hd.8264.com/xianlu-171764",
    "img": "http://img.qunawan.com/ecmme/wan/xl/goods/20170911/201709111407589193_listfull.jpg",
    "title": "重温经典线路 牛背山徒步2（2日行程）",
    "money": "580",
    "date": "09/23",
    "city": "成都"
  },
  {
    "url": "http://hd.8264.com/xianlu-171744",
    "img": "http://img.qunawan.com/ecmme/wan/xl/goods/20170910/201709101912252322_listfull.jpg",
    "title": "枸杞岛 寻找梦中的绿野仙踪 含船票和码头交通 第五期（2日行程）",
    "money": "500",
    "date": "09/23",
    "city": "上海"
  },
  {
    "url": "http://hd.8264.com/xianlu-171756",
    "img": "http://img.qunawan.com/ecmme/wan/xl/goods/20170911/201709111207567568_listfull.jpg",
    "title": "海坨山扎营特价走起（2日行程）",
    "money": "115",
    "date": "09/23",
    "city": "北京"
  }
]