[
  {
    "url": "http://hd.8264.com/xianlu-171465",
    "img": "http://img.qunawan.com/ecmme/wan/xl/goods/20170904/201709041635231146_listfull.jpg",
    "title": "周末 游十里仙境 黑龙山 赏缤纷五彩林 赏秋游（2日行程）",
    "money": "399",
    "date": "09/23",
    "city": "张家"
  },
  {
    "url": "http://hd.8264.com/xianlu-171460",
    "img": "http://img.qunawan.com/ecmme/wan/xl/goods/20170904/201709041625428608_listfull.jpg",
    "title": "游十里仙境黑龙山 赏缤纷童话五彩林周末赏秋游（2日行程）",
    "money": "399",
    "date": "09/23",
    "city": "张家"
  },
  {
    "url": "http://hd.8264.com/xianlu-171095",
    "img": "http://img.qunawan.com/ecmme/wan/xl/goods/20170830/201708301015232573_listfull.jpg",
    "title": "新疆喀纳斯魔鬼城天山天池（11日行程）",
    "money": "4980",
    "date": "09/23",
    "city": "乌鲁"
  },
  {
    "url": "http://hd.8264.com/xianlu-171081",
    "img": "http://img.qunawan.com/ecmme/wan/xl/goods/20170829/201708292237263936_listfull.jpg",
    "title": "塞罕坝 千里森林大草原 月亮湖 七星湖（2日行程）",
    "money": "588",
    "date": "09/23",
    "city": "朝阳"
  },
  {
    "url": "http://hd.8264.com/xianlu-170991",
    "img": "http://img.qunawan.com/ecmme/wan/xl/goods/20170831/201708311044598956_listfull.jpg",
    "title": "登北岳恒山 探悬空寺 访云冈石窟（2日行程）",
    "money": "350",
    "date": "09/23",
    "city": "东城"
  },
  {
    "url": "http://hd.8264.com/xianlu-170932",
    "img": "http://img.qunawan.com/ecmme/wan/xl/goods/20170826/201708260723173735_listfull.jpg",
    "title": "新疆北疆环线深度 喀纳斯 赛里木湖当地游（13日行程）",
    "money": "5580",
    "date": "09/23",
    "city": "乌鲁"
  },
  {
    "url": "http://hd.8264.com/xianlu-170869",
    "img": "http://img.qunawan.com/ecmme/wan/xl/goods/20170824/201708241655065030_listfull.jpg",
    "title": "金秋东猴顶 五彩缤纷路 逍遥游精品线路（2日行程）",
    "money": "350",
    "date": "09/23",
    "city": "北京"
  },
  {
    "url": "http://hd.8264.com/xianlu-170815",
    "img": "http://img.qunawan.com/ecmme/wan/xl/goods/20170823/201708232303509868_listfull.jpg",
    "title": "新疆旅游 南疆环线跟团游温宿大峡谷塔克拉玛干和田天鹅湖（12日行程）",
    "money": "4880",
    "date": "09/23",
    "city": "乌鲁"
  },
  {
    "url": "http://hd.8264.com/xianlu-170889",
    "img": "http://img.qunawan.com/ecmme/wan/xl/goods/20170825/201708251052556471_listfull.jpg",
    "title": "徒步 即将消逝的村庄 仙居公盂（2日行程）",
    "money": "390",
    "date": "09/23",
    "city": "台州"
  },
  {
    "url": "http://hd.8264.com/xianlu-170526",
    "img": "http://img.qunawan.com/ecmme/wan/xl/goods/20170825/201708251706209653_listfull.png",
    "title": "玛嘉沟 周末露营 徒步观光原始的美景佳境 无自费体验（2日行程）",
    "money": "480",
    "date": "09/23",
    "city": "成都"
  },
  {
    "url": "http://hd.8264.com/xianlu-170429",
    "img": "http://img.qunawan.com/ecmme/wan/xl/goods/20170816/201708161716486329_listfull.jpg",
    "title": "西沙潜水 海钓 露营（11日行程）",
    "money": "12000",
    "date": "09/23",
    "city": "三亚"
  },
  {
    "url": "http://hd.8264.com/xianlu-170312",
    "img": "http://img.qunawan.com/ecmme/wan/xl/goods/20170814/201708141723342097_listfull.jpg",
    "title": "周末 金秋九月 坝上草原 骑马 闪电湖 送篝火 送烤全羊（2日行程）",
    "money": "300",
    "date": "09/23",
    "city": "东城"
  },
  {
    "url": "http://hd.8264.com/xianlu-170196",
    "img": "http://img.qunawan.com/ecmme/wan/xl/goods/20170811/201708111129443123_listfull.jpg",
    "title": "千岛湖顶级星空露营 皮划艇（2日行程）",
    "money": "499",
    "date": "09/23",
    "city": "杭州"
  },
  {
    "url": "http://hd.8264.com/xianlu-170066",
    "img": "http://img.qunawan.com/ecmme/wan/xl/goods/20170808/201708081055336956_listfull.jpg",
    "title": "宁波奉化东江古道 全程溪水与绿荫相伴（1日行程）",
    "money": "139",
    "date": "09/23",
    "city": "上海"
  },
  {
    "url": "http://hd.8264.com/xianlu-170046",
    "img": "http://img.qunawan.com/ecmme/wan/xl/goods/20170807/201708071700103934_listfull.jpg",
    "title": "金秋国庆徒步 喀纳斯 白哈巴 禾木徒步穿越路线（8日行程）",
    "money": "2280",
    "date": "09/23",
    "city": "乌鲁"
  },
  {
    "url": "http://hd.8264.com/xianlu-170033",
    "img": "http://img.qunawan.com/ecmme/wan/xl/goods/20170807/201708071105463663_listfull.jpg",
    "title": "川藏线稻城青藏线越野拼车自由行（10日行程）",
    "money": "3780",
    "date": "09/23",
    "city": "成都"
  },
  {
    "url": "http://hd.8264.com/xianlu-169550",
    "img": "http://img.qunawan.com/ecmme/wan/xl/goods/20170726/201707261807223243_listfull.jpg",
    "title": "穿越东天山 追寻最美喀纳斯（9日行程）",
    "money": "5180",
    "date": "09/23",
    "city": "乌鲁"
  },
  {
    "url": "http://hd.8264.com/xianlu-169492",
    "img": "http://img.qunawan.com/ecmme/wan/xl/goods/20170725/201707251622563112_listfull.jpg",
    "title": "探秘 小九寨沟 松坪沟（2日行程）",
    "money": "320",
    "date": "09/23",
    "city": "成都"
  },
  {
    "url": "http://hd.8264.com/xianlu-169212",
    "img": "http://img.qunawan.com/ecmme/wan/xl/goods/20170719/201707190955584993_listfull.jpg",
    "title": "自然探索 孟屯河谷徒步 体验式露营（2日行程）",
    "money": "320",
    "date": "09/23",
    "city": "成都"
  },
  {
    "url": "http://hd.8264.com/xianlu-169224",
    "img": "http://img.qunawan.com/ecmme/wan/xl/goods/20170719/201707191028268292_listfull.jpg",
    "title": "履约色达若尔盖年保色达新都桥甘孜环线（8日行程）",
    "money": "3750",
    "date": "09/23",
    "city": "成都"
  }
]