[
  {
    "url": "http://hd.8264.com/xianlu-169160",
    "img": "http://img.qunawan.com/ecmme/wan/xl/goods/20170718/201707180941364697_listfull.jpg",
    "title": "冶勒湖2日游 湖边晒太阳 巴适惨了（2日行程）",
    "money": "360",
    "date": "09/23",
    "city": "成都"
  },
  {
    "url": "http://hd.8264.com/xianlu-169006",
    "img": "http://img.qunawan.com/ecmme/wan/xl/goods/20170713/201707131645103597_listfull.jpg",
    "title": "北疆13天 天池 伊利 可可托海 五彩滩喀纳斯禾木村赛里木湖（13日行程）",
    "money": "4880",
    "date": "09/23",
    "city": "北京"
  },
  {
    "url": "http://hd.8264.com/xianlu-168912",
    "img": "http://img.qunawan.com/ecmme/wan/xl/goods/20170712/201707121504218375_listfull.png",
    "title": "深度摄影 西北丝绸之路兰新连线动车游（8日行程）",
    "money": "3580",
    "date": "09/23",
    "city": "兰州"
  },
  {
    "url": "http://hd.8264.com/xianlu-168859",
    "img": "http://img.qunawan.com/ecmme/wan/xl/goods/20170712/201707120934155892_listfull.png",
    "title": "达瓦更扎 观日出 云海拍星轨（2日行程）",
    "money": "320",
    "date": "09/23",
    "city": "成都"
  },
  {
    "url": "http://hd.8264.com/xianlu-168815",
    "img": "http://img.qunawan.com/ecmme/wan/xl/goods/20170711/201707111542597824_listfull.jpg",
    "title": "探秘 小九寨沟 松坪沟（2日行程）",
    "money": "320",
    "date": "09/23",
    "city": "成都"
  },
  {
    "url": "http://hd.8264.com/xianlu-168773",
    "img": "http://img.qunawan.com/ecmme/wan/xl/goods/20170711/201707111051071717_listfull.jpg",
    "title": "滇黔精华 普者黑 抚仙湖深度游（8日行程）",
    "money": "3400",
    "date": "09/23",
    "city": "昆明"
  },
  {
    "url": "http://hd.8264.com/xianlu-168764",
    "img": "http://img.qunawan.com/ecmme/wan/xl/goods/20170711/201707111038467723_listfull.png",
    "title": "达瓦更扎 观日出 云海拍星轨（2日行程）",
    "money": "320",
    "date": "09/23",
    "city": "成都"
  },
  {
    "url": "http://hd.8264.com/xianlu-168713",
    "img": "http://img.qunawan.com/ecmme/wan/xl/goods/20170710/201707101716448655_listfull.jpg",
    "title": "京北屏风 夜宿海坨 逍遥游（2日行程）",
    "money": "150",
    "date": "09/23",
    "city": "北京"
  },
  {
    "url": "http://hd.8264.com/xianlu-168563",
    "img": "http://img.qunawan.com/ecmme/wan/xl/goods/20170707/201707071541361938_listfull.jpg",
    "title": "不止珠峰东坡 40冰川自驾 嘎玛沟徒步 探索西藏秘境最深处（14日行程）",
    "money": "10800",
    "date": "09/23",
    "city": "拉萨"
  },
  {
    "url": "http://hd.8264.com/xianlu-168553",
    "img": "http://img.qunawan.com/ecmme/wan/xl/goods/20170707/201707071449197349_listfull.jpg",
    "title": "美国塞班岛户外摄影 潜水 自驾 豪华体验自由行（6日行程）",
    "money": "13500",
    "date": "09/23",
    "city": "香港"
  },
  {
    "url": "http://hd.8264.com/xianlu-168431",
    "img": "http://img.qunawan.com/ecmme/wan/xl/goods/20170705/201707051846313351_listfull.jpg",
    "title": "探秘 小九寨沟 松坪沟游（2日行程）",
    "money": "320",
    "date": "09/23",
    "city": "成都"
  },
  {
    "url": "http://hd.8264.com/xianlu-168419",
    "img": "http://img.qunawan.com/ecmme/wan/xl/goods/20170705/201707051721527178_listfull.jpg",
    "title": "探秘 小九寨沟 松坪沟（2日行程）",
    "money": "320",
    "date": "09/23",
    "city": "成都"
  },
  {
    "url": "http://hd.8264.com/xianlu-168412",
    "img": "http://img.qunawan.com/ecmme/wan/xl/goods/20170705/201707051640261456_listfull.jpg",
    "title": "冶勒湖（2日行程）",
    "money": "360",
    "date": "09/23",
    "city": "成都"
  },
  {
    "url": "http://hd.8264.com/xianlu-168411",
    "img": "http://img.qunawan.com/ecmme/wan/xl/goods/20170705/201707051636165821_listfull.jpg",
    "title": "长坪沟 双桥沟深度摄影（2日行程）",
    "money": "360",
    "date": "09/23",
    "city": "成都"
  },
  {
    "url": "http://hd.8264.com/xianlu-168240",
    "img": "http://img.qunawan.com/ecmme/wan/xl/goods/20170703/201707031431481549_listfull.jpg",
    "title": "汉源 古路村 黑木崖上的古村落（2日行程）",
    "money": "380",
    "date": "09/23",
    "city": "成都"
  },
  {
    "url": "http://hd.8264.com/xianlu-168257",
    "img": "http://img.qunawan.com/ecmme/wan/xl/goods/20170703/201707031543307506_listfull.jpg",
    "title": "汉源 古路村 黑木崖上的古村落（2日行程）",
    "money": "380",
    "date": "09/23",
    "city": "成都"
  },
  {
    "url": "http://hd.8264.com/xianlu-168146",
    "img": "http://img.qunawan.com/ecmme/wan/xl/goods/20170703/201707031202234620_listfull.jpg",
    "title": "枸杞岛之旅 邂逅蓝海牧岛 感受美丽枸杞（2日行程）",
    "money": "958",
    "date": "09/23",
    "city": "上海"
  },
  {
    "url": "http://hd.8264.com/xianlu-167878",
    "img": "http://img.qunawan.com/ecmme/wan/xl/goods/20170627/201706271614397955_listfull.jpg",
    "title": "海岛露营 我们一起去小辣甲岛看海 露营 烧烤 环岛单车骑行（2日行程）",
    "money": "360",
    "date": "09/23",
    "city": "广州"
  },
  {
    "url": "http://hd.8264.com/xianlu-168862",
    "img": "http://img.qunawan.com/ecmme/wan/xl/goods/20170712/201707120959106204_listfull.png",
    "title": "天国花园 九顶山 用行动丈量快乐（2日行程）",
    "money": "380",
    "date": "09/23",
    "city": "成都"
  },
  {
    "url": "http://hd.8264.com/xianlu-170355",
    "img": "http://img.qunawan.com/ecmme/wan/xl/goods/20170817/201708171438589733_listfull.png",
    "title": "探秘恩施第四期 清江古河床 屏山峡谷 恩施大峡谷（3日行程）",
    "money": "999",
    "date": "09/23",
    "city": "天津"
  }
]