[
  {
    "url": "http://hd.8264.com/xianlu-166811",
    "img": "http://img.qunawan.com/ecmme/wan/xl/goods/20170612/201706122105241530_listfull.jpg",
    "title": "大西北环线 青海湖 茶卡盐湖 敦煌 莫高窟 鸣沙山 祁连山（9日行程）",
    "money": "3880",
    "date": "09/23",
    "city": "西宁"
  },
  {
    "url": "http://hd.8264.com/xianlu-166776",
    "img": "http://img.qunawan.com/ecmme/wan/xl/goods/20170612/201706121423113443_listfull.jpg",
    "title": "乐佛山飞拉达漂流玩就玩不一样（1日行程）",
    "money": "260",
    "date": "09/23",
    "city": "北京"
  },
  {
    "url": "http://hd.8264.com/xianlu-166697",
    "img": "http://img.qunawan.com/ecmme/wan/xl/goods/20170611/201706110829053527_listfull.jpg",
    "title": "大美新疆喀纳斯徒步穿越寻花非常之旅（8日行程）",
    "money": "2860",
    "date": "09/23",
    "city": "乌鲁"
  },
  {
    "url": "http://hd.8264.com/xianlu-166127",
    "img": "http://img.qunawan.com/ecmme/wan/xl/goods/20170604/201706040018075250_listfull.png",
    "title": "青海湖 可可西里 莫高窟 茶卡盐湖 门源油菜花 张掖五彩山（8日行程）",
    "money": "2798",
    "date": "09/23",
    "city": "兰州"
  },
  {
    "url": "http://hd.8264.com/xianlu-165991",
    "img": "http://img.qunawan.com/ecmme/wan/xl/goods/20170602/201706021125222058_listfull.jpg",
    "title": "喀纳斯大环线徒步 轻装（10日行程）",
    "money": "4280",
    "date": "09/23",
    "city": "乌鲁"
  },
  {
    "url": "http://hd.8264.com/xianlu-165849",
    "img": "http://img.qunawan.com/ecmme/wan/xl/goods/20170531/201705311349196493_listfull.png",
    "title": "丰宁坝上草原快乐游（1日行程）",
    "money": "295",
    "date": "09/23",
    "city": "张家"
  },
  {
    "url": "http://hd.8264.com/xianlu-165588",
    "img": "http://img.qunawan.com/ecmme/wan/xl/goods/20170524/201705241726162100_listfull.jpg",
    "title": "汉源古路村黑木崖上的古村落（2日行程）",
    "money": "380",
    "date": "09/23",
    "city": "成都"
  },
  {
    "url": "http://hd.8264.com/xianlu-165557",
    "img": "http://img.qunawan.com/ecmme/wan/xl/goods/20170524/201705241118567192_listfull.jpg",
    "title": "纪龙山历险记（2日行程）",
    "money": "680",
    "date": "09/23",
    "city": "上海"
  },
  {
    "url": "http://hd.8264.com/xianlu-165363",
    "img": "http://img.qunawan.com/ecmme/wan/xl/goods/20170522/201705221332185178_listfull.jpg",
    "title": "冶勒湖 孟获古城 人少景美快来 巴适惨了（2日行程）",
    "money": "380",
    "date": "09/23",
    "city": "成都"
  },
  {
    "url": "http://hd.8264.com/xianlu-165140",
    "img": "http://img.qunawan.com/ecmme/wan/xl/goods/20170518/201705182204437153_listfull.jpg",
    "title": "丰宁坝上草原 闪电湖 大汗行宫 烤全羊篝火（2日行程）",
    "money": "299",
    "date": "09/23",
    "city": "北京"
  },
  {
    "url": "http://hd.8264.com/xianlu-172120",
    "img": "http://img.qunawan.com/ecmme/wan/xl/goods/20170918/201709181201077889_listfull.png",
    "title": "喇叭沟门景区逛白桦林（1日行程）",
    "money": "130",
    "date": "09/23",
    "city": "天津"
  },
  {
    "url": "http://hd.8264.com/xianlu-164103",
    "img": "http://img.qunawan.com/ecmme/wan/xl/goods/20170829/201708291133066103_listfull.jpg",
    "title": "相约镇江 徒步穿越圌山 深入长江畔 看大江东去（1日行程）",
    "money": "178",
    "date": "09/23",
    "city": "上海"
  },
  {
    "url": "http://hd.8264.com/xianlu-163507",
    "img": "http://img.qunawan.com/ecmme/wan/xl/goods/20170502/201705022325238300_listfull.jpg",
    "title": "碧海蓝天 海钓王国 纯美枸杞岛（2日行程）",
    "money": "599",
    "date": "09/23",
    "city": "上海"
  },
  {
    "url": "http://hd.8264.com/xianlu-162803",
    "img": "http://img.qunawan.com/ecmme/wan/xl/goods/20170420/201704201300379815_listfull.jpg",
    "title": "八一冰川7日自驾游全程无购物（7日行程）",
    "money": "3100",
    "date": "09/23",
    "city": "兰州"
  },
  {
    "url": "http://hd.8264.com/xianlu-162187",
    "img": "http://img.qunawan.com/ecmme/wan/xl/goods/20170413/201704130908577866_listfull.jpg",
    "title": "色达 稻城亚丁 新都桥经典行摄之旅（10日行程）",
    "money": "3580",
    "date": "09/23",
    "city": "成都"
  },
  {
    "url": "http://hd.8264.com/xianlu-163309",
    "img": "http://img.qunawan.com/ecmme/wan/xl/goods/20170427/201704271106012978_listfull.jpg",
    "title": "2017川进青出西藏自驾之旅（17日行程）",
    "money": "12900",
    "date": "09/23",
    "city": "安庆"
  },
  {
    "url": "http://hd.8264.com/xianlu-161823",
    "img": "http://img.qunawan.com/ecmme/wan/xl/goods/20170409/201704091315468002_listfull.jpg",
    "title": "惠东小辣甲岛露营 自助烧烤 荧光晚会 快艇冲浪（2日行程）",
    "money": "350",
    "date": "09/23",
    "city": "深圳"
  },
  {
    "url": "http://hd.8264.com/xianlu-161924",
    "img": "http://img.qunawan.com/ecmme/wan/xl/goods/20170410/201704101152527033_listfull.jpg",
    "title": "心花路放（7日行程）",
    "money": "3280",
    "date": "09/23",
    "city": "昆明"
  },
  {
    "url": "http://hd.8264.com/xianlu-161105",
    "img": "http://img.qunawan.com/ecmme/wan/xl/goods/20170328/201703281543213755_listfull.jpg",
    "title": "狼岗湖雅哈垭口泉华滩贡嘎西面的秘境 地独家带（3日行程）",
    "money": "1380",
    "date": "09/22",
    "city": "成都"
  },
  {
    "url": "http://hd.8264.com/xianlu-161087",
    "img": "http://img.qunawan.com/ecmme/wan/xl/goods/20170328/201703281338255047_listfull.jpg",
    "title": "青海敦煌嘉峪关张掖祁连茶卡盐湖品质自由行拼车（7日行程）",
    "money": "1600",
    "date": "09/22",
    "city": "敦煌"
  }
]