[
  {
    "url": "http://hd.8264.com/xianlu-161087",
    "img": "http://img.qunawan.com/ecmme/wan/xl/goods/20170328/201703281338255047_listfull.jpg",
    "title": "青海敦煌嘉峪关张掖祁连茶卡盐湖品质自由行拼车（7日行程）",
    "money": "1600",
    "date": "09/22",
    "city": "敦煌"
  },
  {
    "url": "http://hd.8264.com/xianlu-161064",
    "img": "http://img.qunawan.com/ecmme/wan/xl/goods/20170328/201703281024137414_listfull.jpg",
    "title": "藏传佛教圣地 塔尔寺（1日行程）",
    "money": "200",
    "date": "09/22",
    "city": "西宁"
  },
  {
    "url": "http://hd.8264.com/xianlu-161043",
    "img": "http://img.qunawan.com/ecmme/wan/xl/goods/20170327/201703272126396984_listfull.jpg",
    "title": "漠河 呼伦贝尔 阿尔山 最北草原火山夏日休闲之旅（11日行程）",
    "money": "500",
    "date": "09/22",
    "city": "漠河"
  },
  {
    "url": "http://hd.8264.com/xianlu-161039",
    "img": "http://img.qunawan.com/ecmme/wan/xl/goods/20170327/201703271858134670_listfull.jpg",
    "title": "包车游川藏线 稻城亚丁 波密 林芝 拉萨 羊卓雍错（10日行程）",
    "money": "14800",
    "date": "09/22",
    "city": "成都"
  },
  {
    "url": "http://hd.8264.com/xianlu-160916",
    "img": "http://img.qunawan.com/ecmme/wan/xl/goods/20170325/201703251222432315_listfull.jpg",
    "title": "坝上草原 相约情人谷 骑马 尽兴狂欢闪电湖大汗行宫（2日行程）",
    "money": "300",
    "date": "09/23",
    "city": "北京"
  },
  {
    "url": "http://hd.8264.com/xianlu-160461",
    "img": "http://img.qunawan.com/ecmme/wan/xl/goods/20170320/201703201341303885_listfull.jpg",
    "title": "穿竹林 登茶山 体验野路奇趣 飞云古道（1日行程）",
    "money": "139",
    "date": "09/23",
    "city": "上海"
  },
  {
    "url": "http://hd.8264.com/xianlu-159656",
    "img": "http://img.qunawan.com/ecmme/wan/xl/goods/20170309/201703090947538843_listfull.png",
    "title": "扎尕那 色达 年宝玉则 转山 转水 转佛塔（7日行程）",
    "money": "1480",
    "date": "09/22",
    "city": "西宁"
  },
  {
    "url": "http://hd.8264.com/xianlu-159640",
    "img": "http://img.qunawan.com/ecmme/wan/xl/goods/20170308/201703082053499001_listfull.jpg",
    "title": "来自青海的邀请函（7日行程）",
    "money": "1300",
    "date": "09/22",
    "city": "西宁"
  },
  {
    "url": "http://hd.8264.com/xianlu-159348",
    "img": "http://img.qunawan.com/ecmme/wan/xl/goods/20170305/201703051715121865_listfull.jpg",
    "title": "丝路大众团 一路西行 重回丝路 醉美青海深度之旅（9日行程）",
    "money": "3880",
    "date": "09/23",
    "city": "西宁"
  },
  {
    "url": "http://hd.8264.com/xianlu-159322",
    "img": "http://img.qunawan.com/ecmme/wan/xl/goods/20170305/201703051111333777_listfull.png",
    "title": "2017丝路大众团 重回丝路 醉美青海体验之旅（9日行程）",
    "money": "3880",
    "date": "09/23",
    "city": "西宁"
  },
  {
    "url": "http://hd.8264.com/xianlu-158454",
    "img": "http://img.qunawan.com/ecmme/wan/xl/goods/20170224/201702241432191122_listfull.jpg",
    "title": "七彩云南 探秘怒江 独龙江（9日行程）",
    "money": "3580",
    "date": "09/23",
    "city": "昆明"
  },
  {
    "url": "http://hd.8264.com/xianlu-158219",
    "img": "http://img.qunawan.com/ecmme/wan/xl/goods/20170222/201702222103522754_listfull.jpg",
    "title": "去外国人最爱登的长城 慕田峪 探秘 非诚勿扰2 拍摄地溜腿（1日行程）",
    "money": "75",
    "date": "09/23",
    "city": "北京"
  },
  {
    "url": "http://hd.8264.com/xianlu-157605",
    "img": "http://img.qunawan.com/ecmme/wan/xl/goods/20170217/201702171416483537_listfull.jpg",
    "title": "绍兴禹香古道 小虐线（1日行程）",
    "money": "129",
    "date": "09/23",
    "city": "上海"
  },
  {
    "url": "http://hd.8264.com/xianlu-157282",
    "img": "http://img.qunawan.com/ecmme/wan/xl/goods/20170214/201702141520403705_listfull.jpg",
    "title": "香屯 徒步北京最美乡村 有山有水有长城（1日行程）",
    "money": "60",
    "date": "09/23",
    "city": "北京"
  },
  {
    "url": "http://hd.8264.com/xianlu-156836",
    "img": "http://img.qunawan.com/ecmme/wan/xl/goods/20170208/201702081540454081_listfull.jpg",
    "title": "醉美九色（7日行程）",
    "money": "2680",
    "date": "09/23",
    "city": "成都"
  },
  {
    "url": "http://hd.8264.com/xianlu-153828",
    "img": "http://img.qunawan.com/ecmme/wan/xl/goods/20170828/201708281755195143_listfull.jpg",
    "title": "金秋走进乔家大院 夜游平遥古城（2日行程）",
    "money": "320",
    "date": "09/23",
    "city": "北京"
  },
  {
    "url": "http://hd.8264.com/xianlu-143898",
    "img": "http://img.qunawan.com/ecmme/wan/xl/goods/20170215/201702150003108780_listfull.jpg",
    "title": "相约黄山 看云海翻腾 观日出日落（2日行程）",
    "money": "738",
    "date": "09/23",
    "city": "黄浦"
  },
  {
    "url": "http://hd.8264.com/xianlu-142301",
    "img": "http://img.qunawan.com/ecmme/wan/xl/goods/20161103/201611031547051227_listfull.jpg",
    "title": "登缥缈峰 徒步山脊仙境 看太湖万顷风光（1日行程）",
    "money": "148",
    "date": "09/23",
    "city": "上海"
  },
  {
    "url": "http://hd.8264.com/xianlu-141067",
    "img": "http://img.qunawan.com/ecmme/wan/xl/goods/20161030/201610301619143165_listfull.jpg",
    "title": "周末徒步九峰山专业领队教你如何在登山过程中节省体力（2日行程）",
    "money": "168",
    "date": "09/23",
    "city": "成都"
  },
  {
    "url": "http://hd.8264.com/xianlu-137447",
    "img": "http://img.qunawan.com/ecmme/wan/xl/goods/20170829/201708291131361785_listfull.jpg",
    "title": "享受北京乌镇 古北水镇（1日行程）",
    "money": "80",
    "date": "09/23",
    "city": "北京"
  }
]