[
  {
    "url": "http://hd.8264.com/xianlu-125838",
    "img": "http://img.qunawan.com/ecmme/wan/xl/goods/20160830/201608301734166606_listfull.png",
    "title": "川西环线稻城亚丁 海螺沟 丹巴越野休闲摄影之旅（7日行程）",
    "money": "3480",
    "date": "09/23",
    "city": "成都"
  },
  {
    "url": "http://hd.8264.com/xianlu-122289",
    "img": "http://img.qunawan.com/ecmme/wan/xl/goods/20160819/201608191238538152_listfull.png",
    "title": "苏州 经典徒步灵树线（1日行程）",
    "money": "158",
    "date": "09/23",
    "city": "上海"
  },
  {
    "url": "http://hd.8264.com/xianlu-171036",
    "img": "http://img.qunawan.com/ecmme/wan/xl/goods/20170829/201708291249304606_listfull.jpg",
    "title": "延庆四季花海 珍珠泉休闲赏花（1日行程）",
    "money": "80",
    "date": "09/23",
    "city": "东城"
  },
  {
    "url": "http://hd.8264.com/xianlu-114946",
    "img": "http://img.qunawan.com/ecmme/wan/xl/goods/20160724/201607240650337674_listfull.jpg",
    "title": "止锚湾 东戴河 吃海鲜 篝火卡拉ok 抓螃蟹 捡贝壳 摸海星（2日行程）",
    "money": "380",
    "date": "09/22",
    "city": "北京"
  },
  {
    "url": "http://hd.8264.com/xianlu-114412",
    "img": "http://img.qunawan.com/ecmme/wan/xl/goods/20160721/201607211629122562_listfull.jpg",
    "title": "桂林休闲半自助 赏龙脊神韵 临漓江秀水奇山之骑行遇龙河（5日行程）",
    "money": "1480",
    "date": "09/23",
    "city": "桂林"
  },
  {
    "url": "http://hd.8264.com/xianlu-22005",
    "img": "http://img.qunawan.com/ecmme/wan/xl/goods/20170614/201706141122071905_listfull.jpg",
    "title": "每周六发团 休闲腐败游 翡翠岛 自助烧烤BBQ（2日行程）",
    "money": "260",
    "date": "09/23",
    "city": "北京"
  },
  {
    "url": "http://hd.8264.com/xianlu-21838",
    "img": "http://img.qunawan.com/ecmme/wan/xl/goods/20170327/201703271803089958_listfull.jpg",
    "title": "三江源环线 走进九色甘南（12日行程）",
    "money": "6800",
    "date": "09/23",
    "city": "兰州"
  },
  {
    "url": "http://hd.8264.com/xianlu-15213",
    "img": "http://img.qunawan.com/ecmme/wan/xl/goods/20160621/201606211808466286_listfull.jpg",
    "title": "云南深度游 梅里雪山朝拜 徒步雨崩 穿越尼龙峡谷 赠藏民家访（6日行程）",
    "money": "1680",
    "date": "09/22",
    "city": "丽江"
  },
  {
    "url": "http://hd.8264.com/xianlu-12172",
    "img": "http://img.qunawan.com/ecmme/wan/xl/goods/20160613/201606131505078363_listfull.jpg",
    "title": "中国66号公路 草原天路 策马扬鞭 驰骋大草原 每周发团（2日行程）",
    "money": "350",
    "date": "09/23",
    "city": "北京"
  },
  {
    "url": "http://hd.8264.com/xianlu-5617",
    "img": "http://img.qunawan.com/ecmme/wan/xl/goods/20170201/201702012346261412_listfull.jpg",
    "title": "七彩C 泸沽湖 香格里拉 虎跳峡 普达措国家公园休闲摄影之旅（5日行程）",
    "money": "2280",
    "date": "09/23",
    "city": "丽江"
  },
  {
    "url": "http://hd.8264.com/xianlu-171805",
    "img": "http://img.qunawan.com/ecmme/wan/xl/goods/20170911/201709112314415065_listfull.jpg",
    "title": "纯摄影 婺源秋色妖娆红枫 篁岭晒秋农俗纯摄影活动（7日行程）",
    "money": "2980",
    "date": "11/11",
    "city": "南昌"
  },
  {
    "url": "http://hd.8264.com/xianlu-171789",
    "img": "http://img.qunawan.com/ecmme/wan/xl/goods/20170911/201709111648067227_listfull.jpg",
    "title": "非洲 屋脊 乞力马扎罗登顶挑战之旅（10日行程）",
    "money": "368000",
    "date": "11/11",
    "city": "地拉"
  },
  {
    "url": "http://hd.8264.com/xianlu-171524",
    "img": "http://img.qunawan.com/ecmme/wan/xl/goods/20170907/201709071127093821_listfull.jpg",
    "title": "最美川西秋季回馈游（7日行程）",
    "money": "1500",
    "date": "11/11",
    "city": "成都"
  },
  {
    "url": "http://hd.8264.com/xianlu-171188",
    "img": "http://img.qunawan.com/ecmme/wan/xl/goods/20170831/201708311010468711_listfull.jpg",
    "title": "哈尔滨雪谷 雪乡穿越 长白山 吉林滑雪 雾凇岛精华游（7日行程）",
    "money": "2080",
    "date": "11/11",
    "city": "哈尔"
  },
  {
    "url": "http://hd.8264.com/xianlu-170740",
    "img": "http://img.qunawan.com/ecmme/wan/xl/goods/20170823/201708230935419024_listfull.jpg",
    "title": "深秋红叶主题 丹巴金川 甲居藏寨 中路藏寨 四姑娘山行摄（6日行程）",
    "money": "2280",
    "date": "11/11",
    "city": "成都"
  },
  {
    "url": "http://hd.8264.com/xianlu-170377",
    "img": "http://img.qunawan.com/ecmme/wan/xl/goods/20170816/201708161021172789_listfull.jpg",
    "title": "丹巴金川红叶摄影 甲居藏寨 中路藏寨 四姑娘山行摄（6日行程）",
    "money": "2280",
    "date": "11/11",
    "city": "成都"
  },
  {
    "url": "http://hd.8264.com/xianlu-168300",
    "img": "http://img.qunawan.com/ecmme/wan/xl/goods/20170704/201707041043068128_listfull.jpg",
    "title": "红叶主题 丹巴金川 甲居藏寨 中路藏寨 四姑娘山行摄（6日行程）",
    "money": "2280",
    "date": "11/11",
    "city": "成都"
  },
  {
    "url": "http://hd.8264.com/xianlu-167560",
    "img": "http://img.qunawan.com/ecmme/wan/xl/goods/20170622/201706221647048944_listfull.jpg",
    "title": "带你去幺妹峰（8日行程）",
    "money": "6800",
    "date": "11/11",
    "city": "阿坝"
  },
  {
    "url": "http://hd.8264.com/xianlu-159410",
    "img": "http://img.qunawan.com/ecmme/wan/xl/goods/20170306/201703061342005789_listfull.jpg",
    "title": "越野A线 2017越野探秘海拔最高的盆地 柴达木盆地体验之旅（14日行程）",
    "money": "16980",
    "date": "11/11",
    "city": "西宁"
  },
  {
    "url": "http://hd.8264.com/xianlu-158765",
    "img": "http://img.qunawan.com/ecmme/wan/xl/goods/20170228/201702281012114925_listfull.jpg",
    "title": "3月看梨花 丹巴甲居 中路藏寨 金川梨花 四姑娘山环线（6日行程）",
    "money": "2280",
    "date": "11/11",
    "city": "成都"
  }
]