[
  {
    "url": "http://hd.8264.com/xianlu-155513",
    "img": "http://img.qunawan.com//ecmme/wan/xl/goods/20170114/201701141437019141_listfull.jpg",
    "title": "丹巴甲居藏寨 中路藏寨 金川梨花节 四姑娘山环线之旅（6日行程）",
    "money": "2280",
    "date": "11/11",
    "city": "上海"
  },
  {
    "url": "http://hd.8264.com/xianlu-158467",
    "img": "http://img.qunawan.com/ecmme/wan/xl/goods/20170224/201702241528289057_listfull.jpg",
    "title": "醉美黔西南 万峰林 马岭河 黄果树瀑布（7日行程）",
    "money": "2980",
    "date": "11/11",
    "city": "贵阳"
  },
  {
    "url": "http://hd.8264.com/xianlu-149593",
    "img": "http://img.qunawan.com/ecmme/wan/xl/goods/20161206/201612060955022661_listfull.jpg",
    "title": "丹巴甲居藏寨 中路藏寨 金川梨花节 四姑娘山环线之旅（6日行程）",
    "money": "2280",
    "date": "11/11",
    "city": "成都"
  },
  {
    "url": "http://hd.8264.com/xianlu-10210",
    "img": "http://img.qunawan.com/ecmme/wan/xl/goods/20160605/201606052015256786_listfull.jpg",
    "title": "风云古道 穿越中国十大徒步线路之 徽杭古道（1日行程）",
    "money": "198",
    "date": "11/11",
    "city": "杭州"
  },
  {
    "url": "http://hd.8264.com/xianlu-2318",
    "img": "http://img.qunawan.com/ecmme/wan/xl/goods/20170327/201703272241361427_listfull.jpg",
    "title": "走进中国最美乡村 最美季节金川红叶 藏寨 四姑娘山行摄活动（6日行程）",
    "money": "2280",
    "date": "11/11",
    "city": "杭州"
  },
  {
    "url": "http://hd.8264.com/xianlu-2158",
    "img": "http://img.qunawan.com/ecmme/wan/xl/goods/20160225/201602251842483672_listfull.jpg",
    "title": "风云古道 穿越中国十大徒步线路之一徽杭古道（1日行程）",
    "money": "198",
    "date": "11/11",
    "city": "杭州"
  },
  {
    "url": "http://hd.8264.com/xianlu-156777",
    "img": "http://img.qunawan.com/ecmme/wan/xl/goods/20170207/201702072100567835_listfull.jpg",
    "title": "九月四姑娘山大峰 二峰 风向标老司机 带你体验5000级雪山（3日行程）",
    "money": "450",
    "date": "09/22",
    "city": "成都"
  },
  {
    "url": "http://hd.8264.com/xianlu-172234",
    "img": "http://img.qunawan.com/ecmme/wan/xl/goods/20170921/201709210931064472_listfull.jpg",
    "title": "乌兰布统大草原 休闲 骑马 摄影（3日行程）",
    "money": "850",
    "date": "09/22",
    "city": "朝阳"
  },
  {
    "url": "http://hd.8264.com/xianlu-172141",
    "img": "http://img.qunawan.com/ecmme/wan/xl/goods/20170919/201709191131555973_listfull.jpg",
    "title": "乌兰布统 草原骑马 摄影赏秋休闲游（3日行程）",
    "money": "545",
    "date": "09/22",
    "city": "北京"
  },
  {
    "url": "http://hd.8264.com/xianlu-172093",
    "img": "http://img.qunawan.com/ecmme/wan/xl/goods/20170917/201709171753534890_listfull.png",
    "title": "无人岛 露营 东戴河 止锚湾 烤肉 螃蟹无人岛 尽情狂欢（3日行程）",
    "money": "360",
    "date": "09/22",
    "city": "西城"
  },
  {
    "url": "http://hd.8264.com/xianlu-171966",
    "img": "http://img.qunawan.com/ecmme/wan/xl/goods/20170914/201709141626532854_listfull.jpg",
    "title": "遇见雪山 2017再登二峰（3日行程）",
    "money": "1680",
    "date": "09/22",
    "city": "成都"
  },
  {
    "url": "http://hd.8264.com/xianlu-171930",
    "img": "http://img.qunawan.com/ecmme/wan/xl/goods/20170914/201709141004267676_listfull.jpg",
    "title": "月天下奇观盘锦红海滩 神奇天路笔架山 休闲腐败游（1日行程）",
    "money": "600",
    "date": "09/22",
    "city": "北京"
  },
  {
    "url": "http://hd.8264.com/xianlu-171914",
    "img": "http://img.qunawan.com/ecmme/wan/xl/goods/20170913/201709132247335914_listfull.jpg",
    "title": "每周五发团 红海滩 海上赏明月 锦州笔架山 九门口长城（3日行程）",
    "money": "499",
    "date": "09/22",
    "city": "朝阳"
  },
  {
    "url": "http://hd.8264.com/xianlu-171915",
    "img": "http://img.qunawan.com/ecmme/wan/xl/goods/20170913/201709132250044923_listfull.jpg",
    "title": "坝上草原 丰宁坝上草原 骑马 闪电湖 大汗行宫（3日行程）",
    "money": "349",
    "date": "09/22",
    "city": "朝阳"
  },
  {
    "url": "http://hd.8264.com/xianlu-171679",
    "img": "http://img.qunawan.com/ecmme/wan/xl/goods/20170908/201709080056021099_listfull.jpg",
    "title": "武功山徒步穿越千亩草甸 避开高峰 第二期（3日行程）",
    "money": "400",
    "date": "09/22",
    "city": "上海"
  },
  {
    "url": "http://hd.8264.com/xianlu-171611",
    "img": "http://img.qunawan.com/ecmme/wan/xl/goods/20170907/201709070010167908_listfull.jpg",
    "title": "九华山前后大穿越 山与神的亲密接触（3日行程）",
    "money": "588",
    "date": "09/22",
    "city": "安庆"
  },
  {
    "url": "http://hd.8264.com/xianlu-171400",
    "img": "http://img.qunawan.com/ecmme/wan/xl/goods/20170904/201709040125024128_listfull.jpg",
    "title": "赏世界奇观滩红苇绿红海滩 观神奇天路笔架山 徒步滨海栈道（2日行程）",
    "money": "500",
    "date": "09/22",
    "city": "朝阳"
  },
  {
    "url": "http://hd.8264.com/xianlu-171399",
    "img": "http://img.qunawan.com/ecmme/wan/xl/goods/20170904/201709040113372424_listfull.jpg",
    "title": "独家线路 寻秋天的童话王国 越野车穿越无人区 五彩的乌兰布统（2日行程）",
    "money": "780",
    "date": "09/22",
    "city": "北京"
  },
  {
    "url": "http://hd.8264.com/xianlu-171196",
    "img": "http://img.qunawan.com/ecmme/wan/xl/goods/20170831/201708311104111130_listfull.jpg",
    "title": "贵州加榜梯田深度游（3日行程）",
    "money": "1050",
    "date": "09/22",
    "city": "广州"
  },
  {
    "url": "http://hd.8264.com/xianlu-170834",
    "img": "http://img.qunawan.com/ecmme/wan/xl/goods/20170824/201708241215077400_listfull.jpg",
    "title": "每周发团 红岩顶 星空之下 雪山作伴 云海作陪（3日行程）",
    "money": "580",
    "date": "09/22",
    "city": "重庆"
  }
]