[
  {
    "url": "http://hd.8264.com/xianlu-170444",
    "img": "http://img.qunawan.com/ecmme/wan/xl/goods/20170817/201708171024388859_listfull.jpg",
    "title": "色达 四姑娘山双桥沟 丹巴藏寨游（4日行程）",
    "money": "1480",
    "date": "09/22",
    "city": "成都"
  },
  {
    "url": "http://hd.8264.com/xianlu-170441",
    "img": "http://img.qunawan.com/ecmme/wan/xl/goods/20170817/201708170033027799_listfull.jpg",
    "title": "贡嘎转山 贡嘎山大环线完美穿越 轻装徒步（7日行程）",
    "money": "2880",
    "date": "09/23",
    "city": "成都"
  },
  {
    "url": "http://hd.8264.com/xianlu-170434",
    "img": "http://img.qunawan.com/ecmme/wan/xl/goods/20170816/201708161921303128_listfull.jpg",
    "title": "2017年暑假国庆 色达 亚青寺 甘孜之旅（8日行程）",
    "money": "3280",
    "date": "10/01",
    "city": "成都"
  },
  {
    "url": "http://hd.8264.com/xianlu-171839",
    "img": "http://img.qunawan.com/ecmme/wan/xl/goods/20170912/201709121417397499_listfull.jpg",
    "title": "国庆节 四姑娘山二峰及长坪沟穿越毕棚沟（6日行程）",
    "money": "3000",
    "date": "10/01",
    "city": "成都"
  },
  {
    "url": "http://hd.8264.com/xianlu-170419",
    "img": "http://img.qunawan.com/ecmme/wan/xl/goods/20170816/201708161522343756_listfull.jpg",
    "title": "10月张掖丹霞 嘉峪关 额济纳胡杨林 居延海 祁连山秋色（8日行程）",
    "money": "4180",
    "date": "10/01",
    "city": "兰州"
  },
  {
    "url": "http://hd.8264.com/xianlu-170414",
    "img": "http://img.qunawan.com/ecmme/wan/xl/goods/20170816/201708161459457786_listfull.jpg",
    "title": "昆明 大理古城 双廊洱海 丽江古城 泸沽湖 香格里拉环线（7日行程）",
    "money": "3080",
    "date": "09/23",
    "city": "成都"
  },
  {
    "url": "http://hd.8264.com/xianlu-170405",
    "img": "http://img.qunawan.com/ecmme/wan/xl/goods/20170816/201708161414424463_listfull.jpg",
    "title": "登北京最高峰 东灵山主峰 百草甸 五指峰 下马威（1日行程）",
    "money": "70",
    "date": "09/23",
    "city": "北京"
  },
  {
    "url": "http://hd.8264.com/xianlu-170453",
    "img": "http://img.qunawan.com/ecmme/wan/xl/goods/20170817/201708171150152523_listfull.jpg",
    "title": "行途户外 京郊小九寨玉渡山 高山草坪 香闸瀑布 百蝶泉（1日行程）",
    "money": "70",
    "date": "09/23",
    "city": "东城"
  },
  {
    "url": "http://hd.8264.com/xianlu-170452",
    "img": "http://img.qunawan.com/ecmme/wan/xl/goods/20170817/201708171143185500_listfull.jpg",
    "title": "行途户外 封存千年山水画 天津北极 梨木台（1日行程）",
    "money": "99",
    "date": "09/23",
    "city": "北京"
  },
  {
    "url": "http://hd.8264.com/xianlu-170389",
    "img": "http://img.qunawan.com/ecmme/wan/xl/goods/20170816/201708161105566741_listfull.jpg",
    "title": "佛色稻亚 色达稻城亚丁经典行摄（9日行程）",
    "money": "3580",
    "date": "09/22",
    "city": "成都"
  },
  {
    "url": "http://hd.8264.com/xianlu-170384",
    "img": "http://img.qunawan.com/ecmme/wan/xl/goods/20170816/201708161047212164_listfull.png",
    "title": "坝上草原 骑马 送烤全羊 篝火晚会 放烟花 孔明灯（3日行程）",
    "money": "350",
    "date": "09/22",
    "city": "朝阳"
  },
  {
    "url": "http://hd.8264.com/xianlu-170381",
    "img": "http://img.qunawan.com/ecmme/wan/xl/goods/20170816/201708161011486440_listfull.jpg",
    "title": "南疆喀什帕米尔高原卡拉库里湖 慕士塔格峰轻装徒步（9日行程）",
    "money": "4550",
    "date": "10/01",
    "city": "乌鲁"
  },
  {
    "url": "http://hd.8264.com/xianlu-170448",
    "img": "http://img.qunawan.com/ecmme/wan/xl/goods/20170817/201708171108096779_listfull.jpg",
    "title": "色达 佛学院 丹巴越野环线（4日行程）",
    "money": "1680",
    "date": "09/22",
    "city": "成都"
  },
  {
    "url": "http://hd.8264.com/xianlu-170470",
    "img": "http://img.qunawan.com/ecmme/wan/xl/goods/20170817/201708171437579852_listfull.jpg",
    "title": "初级雪山攀登 四姑娘山二峰（4日行程）",
    "money": "2000",
    "date": "09/23",
    "city": "成都"
  },
  {
    "url": "http://hd.8264.com/xianlu-170346",
    "img": "http://img.qunawan.com/ecmme/wan/xl/goods/20170815/201708151205083894_listfull.jpg",
    "title": "2017国庆节探秘 高黎贡山 穿越独龙江深度游（10日行程）",
    "money": "6800",
    "date": "09/23",
    "city": "成都"
  },
  {
    "url": "http://hd.8264.com/xianlu-170345",
    "img": "http://img.qunawan.com/ecmme/wan/xl/goods/20170815/201708151238338988_listfull.jpg",
    "title": "全国独家路线 朝圣梅里大外转 茶马古道 梅里转山（10日行程）",
    "money": "7000",
    "date": "10/01",
    "city": "迪庆"
  },
  {
    "url": "http://hd.8264.com/xianlu-170337",
    "img": "http://img.qunawan.com/ecmme/wan/xl/goods/20170815/201708151026293082_listfull.jpg",
    "title": "百里画廊 融自然山水 硅化木地址公园 乌龙峡谷休闲行摄影（1日行程）",
    "money": "79",
    "date": "09/23",
    "city": "北京"
  },
  {
    "url": "http://hd.8264.com/xianlu-170314",
    "img": "http://img.qunawan.com/ecmme/wan/xl/goods/20170814/201708141725451687_listfull.jpg",
    "title": "长沙至洞庭湖青山岛户外徒步露营活动（2日行程）",
    "money": "180",
    "date": "09/23",
    "city": "长沙"
  },
  {
    "url": "http://hd.8264.com/xianlu-170307",
    "img": "http://img.qunawan.com/ecmme/wan/xl/goods/20170831/201708311126128580_listfull.jpg",
    "title": "国庆 双龙峡 京西小九寨 人间天堂 金秋赏红叶（1日行程）",
    "money": "70",
    "date": "10/01",
    "city": "东城"
  },
  {
    "url": "http://hd.8264.com/xianlu-170303",
    "img": "http://img.qunawan.com/ecmme/wan/xl/goods/20170814/201708141646054817_listfull.jpg",
    "title": "那玛峰攀登计划（8日行程）",
    "money": "6800",
    "date": "09/28",
    "city": "成都"
  }
]