[
  {
    "url": "http://hd.8264.com/xianlu-170588",
    "img": "http://img.qunawan.com/ecmme/wan/xl/goods/20170821/201708210829363856_listfull.jpg",
    "title": "每周五发团 樂吧 红海滩 周周发团（3日行程）",
    "money": "499",
    "date": "09/22",
    "city": "北京"
  },
  {
    "url": "http://hd.8264.com/xianlu-170489",
    "img": "http://img.qunawan.com/ecmme/wan/xl/goods/20170817/201708172013418039_listfull.jpg",
    "title": "乌兰布统大草原纵马奔驰 公主湖 影视取景地（3日行程）",
    "money": "499",
    "date": "09/22",
    "city": "北京"
  },
  {
    "url": "http://hd.8264.com/xianlu-170456",
    "img": "http://img.qunawan.com/ecmme/wan/xl/goods/20170817/201708171402286752_listfull.jpg",
    "title": "乌兰布统大草原 将军泡子 公主湖（3日行程）",
    "money": "499",
    "date": "09/22",
    "city": "北京"
  },
  {
    "url": "http://hd.8264.com/xianlu-170394",
    "img": "http://img.qunawan.com/ecmme/wan/xl/goods/20170816/201708161150014341_listfull.png",
    "title": "古北水镇 登司马台长城 赏雾灵湖 云岫谷 遥桥古堡 休闲摄影（2日行程）",
    "money": "299",
    "date": "09/22",
    "city": "朝阳"
  },
  {
    "url": "http://hd.8264.com/xianlu-170515",
    "img": "http://img.qunawan.com/ecmme/wan/xl/goods/20170818/201708181012485661_listfull.jpg",
    "title": "锡林格勒乌兰布统草原桦木沟蛤蟆坝秋色摄影游（3日行程）",
    "money": "898",
    "date": "09/22",
    "city": "海淀"
  },
  {
    "url": "http://hd.8264.com/xianlu-170241",
    "img": "http://img.qunawan.com/ecmme/wan/xl/goods/20170813/201708130959357728_listfull.jpg",
    "title": "丽江纳木错 林芝 南迦巴瓦峰 鲁朗 纳木错滇川藏纯玩游（12日行程）",
    "money": "6120",
    "date": "09/22",
    "city": "丽江"
  },
  {
    "url": "http://hd.8264.com/xianlu-169834",
    "img": "http://img.qunawan.com/ecmme/wan/xl/goods/20170802/201708020411537020_listfull.jpg",
    "title": "轻装穿越北雁荡 体验刀尖上芭蕾 登顶百岗尖（3日行程）",
    "money": "360",
    "date": "09/22",
    "city": "上海"
  },
  {
    "url": "http://hd.8264.com/xianlu-169833",
    "img": "http://img.qunawan.com/ecmme/wan/xl/goods/20170802/201708020359184461_listfull.jpg",
    "title": "轻松穿越雁荡山 赏灵峰奇幻夜景 探小龙湫大瀑布（3日行程）",
    "money": "360",
    "date": "09/22",
    "city": "上海"
  },
  {
    "url": "http://hd.8264.com/xianlu-169646",
    "img": "http://img.qunawan.com/ecmme/wan/xl/goods/20170728/201707281038283545_listfull.png",
    "title": "徒步落笔沟 撒欢梦笔花海（3日行程）",
    "money": "520",
    "date": "09/22",
    "city": "成都"
  },
  {
    "url": "http://hd.8264.com/xianlu-169491",
    "img": "http://img.qunawan.com/ecmme/wan/xl/goods/20170725/201707251620376798_listfull.jpg",
    "title": "红海滩 海上观明月 锦州红海滩 笔架山 龙回头（3日行程）",
    "money": "499",
    "date": "09/22",
    "city": "北京"
  },
  {
    "url": "http://hd.8264.com/xianlu-169486",
    "img": "http://img.qunawan.com/ecmme/wan/xl/goods/20170725/201707251552022150_listfull.jpg",
    "title": "四人同 牛背山的姊妹山（3日行程）",
    "money": "480",
    "date": "09/22",
    "city": "成都"
  },
  {
    "url": "http://hd.8264.com/xianlu-169213",
    "img": "http://img.qunawan.com/ecmme/wan/xl/goods/20170719/201707191004487837_listfull.jpg",
    "title": "大美色稻2017穿过佛国净土 走进最后香格里拉（8日行程）",
    "money": "3580",
    "date": "09/22",
    "city": "成都"
  },
  {
    "url": "http://hd.8264.com/xianlu-168934",
    "img": "http://img.qunawan.com/ecmme/wan/xl/goods/20170712/201707121703587916_listfull.jpg",
    "title": "徒步穿越 世界十大经典线路之虎跳峡高路（2日行程）",
    "money": "780",
    "date": "09/22",
    "city": "丽江"
  },
  {
    "url": "http://hd.8264.com/xianlu-168871",
    "img": "http://img.qunawan.com/ecmme/wan/xl/goods/20170712/201707121115165793_listfull.png",
    "title": "蜀山之王 贡嘎雪山 子梅垭口 巴王海 泉华滩 草科温泉（3日行程）",
    "money": "480",
    "date": "09/22",
    "city": "成都"
  },
  {
    "url": "http://hd.8264.com/xianlu-168795",
    "img": "http://img.qunawan.com/ecmme/wan/xl/goods/20170711/201707111439305529_listfull.png",
    "title": "秘境党岭 葫芦海之旅（3日行程）",
    "money": "980",
    "date": "09/22",
    "city": "成都"
  },
  {
    "url": "http://hd.8264.com/xianlu-168467",
    "img": "http://img.qunawan.com/ecmme/wan/xl/goods/20170807/201708071644154606_listfull.jpg",
    "title": "坝上草原 骑马 策马奔腾 免费烤全羊篝火狂欢（3日行程）",
    "money": "260",
    "date": "09/22",
    "city": "北京"
  },
  {
    "url": "http://hd.8264.com/xianlu-168381",
    "img": "http://img.qunawan.com/ecmme/wan/xl/goods/20170705/201707051144465784_listfull.jpg",
    "title": "大美色达 色达 稻城亚丁经典行摄（9日行程）",
    "money": "3580",
    "date": "09/22",
    "city": "成都"
  },
  {
    "url": "http://hd.8264.com/xianlu-167836",
    "img": "http://img.qunawan.com/ecmme/wan/xl/goods/20170627/201706271218479687_listfull.jpg",
    "title": "色达 稻城亚丁经典行摄（9日行程）",
    "money": "3580",
    "date": "09/22",
    "city": "成都"
  },
  {
    "url": "http://hd.8264.com/xianlu-166938",
    "img": "http://img.qunawan.com/ecmme/wan/xl/goods/20170614/201706141151476269_listfull.jpg",
    "title": "东戴河 休闲度假止锚湾 海边休闲尽享海鲜大餐（3日行程）",
    "money": "360",
    "date": "09/22",
    "city": "北京"
  },
  {
    "url": "http://hd.8264.com/xianlu-166443",
    "img": "http://img.qunawan.com/ecmme/wan/xl/goods/20170607/201706071405267568_listfull.jpg",
    "title": "周末 坝上草原骑马免费烤全羊 大汉行宫 闪电湖 篝火狂欢（3日行程）",
    "money": "260",
    "date": "09/22",
    "city": "朝阳"
  }
]