[
  {
    "url": "http://hd.8264.com/xianlu-165931",
    "img": "http://img.qunawan.com/ecmme/wan/xl/goods/20170601/201706011541172782_listfull.jpg",
    "title": "海螺沟 稻城亚丁 兴伊措 双桥沟 藏居体验游（9日行程）",
    "money": "3580",
    "date": "09/22",
    "city": "成都"
  },
  {
    "url": "http://hd.8264.com/xianlu-165563",
    "img": "http://img.qunawan.com/ecmme/wan/xl/goods/20170524/201705241232558494_listfull.jpg",
    "title": "邂逅土拨鼠梦幻的东方童话世界 最宁静的藏族村落莫斯卡（4日行程）",
    "money": "980",
    "date": "09/22",
    "city": "成都"
  },
  {
    "url": "http://hd.8264.com/xianlu-164679",
    "img": "http://img.qunawan.com/ecmme/wan/xl/goods/20170514/201705141900162818_listfull.png",
    "title": "端午坝上草原 骑马 送烤全羊 篝火晚会 放烟花 孔明灯（3日行程）",
    "money": "350",
    "date": "09/22",
    "city": "北京"
  },
  {
    "url": "http://hd.8264.com/xianlu-172035",
    "img": "http://img.qunawan.com/ecmme/wan/xl/goods/20170915/201709151752289122_listfull.png",
    "title": "畅游黄姚古镇 赏醉美金色龙脊梯田（3日行程）",
    "money": "380",
    "date": "09/22",
    "city": "广州"
  },
  {
    "url": "http://hd.8264.com/xianlu-163663",
    "img": "http://img.qunawan.com/ecmme/wan/xl/goods/20170504/201705041608135221_listfull.jpg",
    "title": "云海之上 雪山巅峰梦的开始 四姑娘山二峰攀登计划（3日行程）",
    "money": "1680",
    "date": "09/22",
    "city": "成都"
  },
  {
    "url": "http://hd.8264.com/xianlu-163661",
    "img": "http://img.qunawan.com/ecmme/wan/xl/goods/20170504/201705041604524609_listfull.jpg",
    "title": "雪山之巅 陪你登上5000米 四姑娘山大峰入门级攀登（3日行程）",
    "money": "1380",
    "date": "09/22",
    "city": "成都"
  },
  {
    "url": "http://hd.8264.com/xianlu-170359",
    "img": "http://img.qunawan.com/ecmme/wan/xl/goods/20170815/201708151625411078_listfull.jpg",
    "title": "新线首发 特价 食宿全包 仙居公盂 飞拉达 玩的就是心跳（3日行程）",
    "money": "620",
    "date": "09/22",
    "city": "上海"
  },
  {
    "url": "http://hd.8264.com/xianlu-160961",
    "img": "http://img.qunawan.com/ecmme/wan/xl/goods/20170326/201703261646061769_listfull.jpg",
    "title": "西藏包车兼领队熟悉各大徒步线路可免费提供各大徒步线路轨迹（1日行程）",
    "money": "300",
    "date": "09/22",
    "city": "拉萨"
  },
  {
    "url": "http://hd.8264.com/xianlu-160931",
    "img": "http://img.qunawan.com/ecmme/wan/xl/goods/20170325/201703251735355216_listfull.png",
    "title": "坝上草原 骑马激情飞扬 行摄大汗行宫 尽兴狂欢闪电湖（3日行程）",
    "money": "350",
    "date": "09/22",
    "city": "北京"
  },
  {
    "url": "http://hd.8264.com/xianlu-160923",
    "img": "http://img.qunawan.com/ecmme/wan/xl/goods/20170325/201703251533394160_listfull.jpg",
    "title": "游坝上草原 骑马激情飞扬 行摄大汗行宫 尽兴狂欢闪电湖（3日行程）",
    "money": "350",
    "date": "09/22",
    "city": "北京"
  },
  {
    "url": "http://hd.8264.com/xianlu-160825",
    "img": "http://img.qunawan.com/ecmme/wan/xl/goods/20170323/201703232145437771_listfull.jpg",
    "title": "探寻人间净土阿尔沟徒步露营（3日行程）",
    "money": "460",
    "date": "09/22",
    "city": "成都"
  },
  {
    "url": "http://hd.8264.com/xianlu-160242",
    "img": "http://img.qunawan.com/ecmme/wan/xl/goods/20170316/201703161351531547_listfull.jpg",
    "title": "徒步穿越鸡冠山之旅（3日行程）",
    "money": "680",
    "date": "09/22",
    "city": "成都"
  },
  {
    "url": "http://hd.8264.com/xianlu-159387",
    "img": "http://img.qunawan.com/ecmme/wan/xl/goods/20170306/201703061042353162_listfull.jpg",
    "title": "乌孙古道重装徒步穿越（9日行程）",
    "money": "2980",
    "date": "09/22",
    "city": "乌鲁"
  },
  {
    "url": "http://hd.8264.com/xianlu-156761",
    "img": "http://img.qunawan.com/ecmme/wan/xl/goods/20170207/201702071632196307_listfull.jpg",
    "title": "穿越佛国净土 走进最后香格里拉 色达 稻城亚丁（9日行程）",
    "money": "3580",
    "date": "09/22",
    "city": "北京"
  },
  {
    "url": "http://hd.8264.com/xianlu-155118",
    "img": "http://img.qunawan.com/ecmme/wan/xl/goods/20170110/201701102210225042_listfull.jpg",
    "title": "四人同山 另一个牛背山观云海 看日落 日出 满天星空（3日行程）",
    "money": "450",
    "date": "09/22",
    "city": "成都"
  },
  {
    "url": "http://hd.8264.com/xianlu-144182",
    "img": "http://img.qunawan.com/ecmme/wan/xl/goods/20161114/201611141124174465_listfull.jpg",
    "title": "四姑娘山二峰攀登体验活动（3日行程）",
    "money": "1380",
    "date": "09/22",
    "city": "成都"
  },
  {
    "url": "http://hd.8264.com/xianlu-139198",
    "img": "http://img.qunawan.com/ecmme/wan/xl/goods/20161023/201610231642088897_listfull.jpg",
    "title": "五台山徒步活动 穿越五台山（3日行程）",
    "money": "280",
    "date": "09/22",
    "city": "北京"
  },
  {
    "url": "http://hd.8264.com/xianlu-134722",
    "img": "http://img.qunawan.com/ecmme/wan/xl/goods/20160930/201609301654048537_listfull.png",
    "title": "2017柏林马拉松 跑出你的速度 玩出我的调性（4日行程）",
    "money": "5400",
    "date": "09/22",
    "city": "北京"
  },
  {
    "url": "http://hd.8264.com/xianlu-128701",
    "img": "http://img.qunawan.com/ecmme/wan/xl/goods/20160907/201609071859232622_listfull.jpg",
    "title": "奇景观鹤红海滩 天国神路笔架山 红海滩 笔架山休闲行摄之旅（3日行程）",
    "money": "499",
    "date": "09/22",
    "city": "北京"
  },
  {
    "url": "http://hd.8264.com/xianlu-124564",
    "img": "http://img.qunawan.com/ecmme/wan/xl/goods/20160826/201608261236514800_listfull.jpg",
    "title": "色彩斑斓的乌兰布统草原 醉美金秋深度错峰行（3日行程）",
    "money": "550",
    "date": "09/22",
    "city": "北京"
  }
]