[
  {
    "url": "http://hd.8264.com/xianlu-120977",
    "img": "http://img.qunawan.com/ecmme/wan/xl/goods/20160815/201608151524052440_listfull.jpg",
    "title": "青海湖 敦煌 张掖 祁连 西宁环线行程（7日行程）",
    "money": "1500",
    "date": "09/22",
    "city": "西宁"
  },
  {
    "url": "http://hd.8264.com/xianlu-121017",
    "img": "http://img.qunawan.com/ecmme/wan/xl/goods/20160815/201608151715468835_listfull.jpg",
    "title": "敦煌 额济纳旗 张掖祁连 青海湖（8日行程）",
    "money": "1600",
    "date": "09/22",
    "city": "敦煌"
  },
  {
    "url": "http://hd.8264.com/xianlu-15501",
    "img": "http://img.qunawan.com/ecmme/wan/xl/goods/20160622/201606221354208341_listfull.jpg",
    "title": "稻亚经典 最美川西海螺沟 新都桥 稻城亚丁深度旅行（8日行程）",
    "money": "2380",
    "date": "09/22",
    "city": "成都"
  },
  {
    "url": "http://hd.8264.com/xianlu-12261",
    "img": "http://img.qunawan.com/ecmme/wan/xl/goods/20170614/201706141032186631_listfull.png",
    "title": "坝上草原 策马奔腾 篝火烤全羊 周五晚上出发（3日行程）",
    "money": "350",
    "date": "09/22",
    "city": "朝阳"
  },
  {
    "url": "http://hd.8264.com/xianlu-171244",
    "img": "http://img.qunawan.com/ecmme/wan/xl/goods/20170913/201709131649279468_listfull.jpg",
    "title": "金秋特推 丹巴金川红叶摄影 甲居藏寨 中路藏寨 四姑娘山行摄（6日行程）",
    "money": "2280",
    "date": "11/17",
    "city": "成都"
  },
  {
    "url": "http://hd.8264.com/xianlu-15115",
    "img": "http://img.qunawan.com/ecmme/wan/xl/goods/20160621/201606211556225694_listfull.png",
    "title": "极至南极点90度 揭秘帝企鹅生活之旅（18日行程）",
    "money": "5000",
    "date": "11/15",
    "city": "香港"
  },
  {
    "url": "http://hd.8264.com/xianlu-161472",
    "img": "http://img.qunawan.com/ecmme/wan/xl/goods/20170405/201704051217143222_listfull.jpg",
    "title": "轻户外休闲私家小团 四姑娘山 九寨沟 黄龙（6日行程）",
    "money": "1280",
    "date": "11/16",
    "city": "成都"
  },
  {
    "url": "http://hd.8264.com/xianlu-161469",
    "img": "http://img.qunawan.com/ecmme/wan/xl/goods/20170405/201704051108028732_listfull.jpg",
    "title": "轻户外私家小团 亲密大熊猫基 畅游都江堰 九寨沟 黄龙（5日行程）",
    "money": "1680",
    "date": "11/16",
    "city": "成都"
  },
  {
    "url": "http://hd.8264.com/xianlu-161360",
    "img": "http://img.qunawan.com/ecmme/wan/xl/goods/20170401/201704011117209943_listfull.jpg",
    "title": "私家小团 九寨沟 黄龙 年宝玉则 若尔盖草原 九曲黄河 花湖（8日行程）",
    "money": "3060",
    "date": "11/16",
    "city": "成都"
  },
  {
    "url": "http://hd.8264.com/xianlu-161974",
    "img": "http://img.qunawan.com/ecmme/wan/xl/goods/20170410/201704101656336469_listfull.jpg",
    "title": "初入四川经典必选 九寨沟 黄龙 都江堰 乐山峨眉山行摄（6日行程）",
    "money": "1300",
    "date": "11/16",
    "city": "成都"
  },
  {
    "url": "http://hd.8264.com/xianlu-161319",
    "img": "http://img.qunawan.com/ecmme/wan/xl/goods/20170331/201703311517531096_listfull.jpg",
    "title": "私家小团 九寨沟 黄龙 郎木寺 扎尕那 若尔盖花湖 九曲黄河（8日行程）",
    "money": "3020",
    "date": "11/16",
    "city": "成都"
  },
  {
    "url": "http://hd.8264.com/xianlu-171686",
    "img": "http://img.qunawan.com/ecmme/wan/xl/goods/20170908/201709081141245177_listfull.jpg",
    "title": "婺源秋景 篁岭晒秋 石城枫叶 长溪徒步 休闲摄影（3日行程）",
    "money": "399",
    "date": "11/17",
    "city": "北京"
  },
  {
    "url": "http://hd.8264.com/xianlu-131197",
    "img": "http://img.qunawan.com/ecmme/wan/xl/goods/20160919/201609191242459221_listfull.jpg",
    "title": "中国最美乡村 婺源 石城晨雾 长溪红叶 篁岭晒秋（3日行程）",
    "money": "399",
    "date": "11/17",
    "city": "北京"
  },
  {
    "url": "http://hd.8264.com/xianlu-171388",
    "img": "http://img.qunawan.com/ecmme/wan/xl/goods/20170903/201709031531088363_listfull.jpg",
    "title": "行摄滇东南深度游（7日行程）",
    "money": "2880",
    "date": "11/18",
    "city": "昆明"
  },
  {
    "url": "http://hd.8264.com/xianlu-161990",
    "img": "http://img.qunawan.com/ecmme/wan/xl/goods/20170410/201704101804308288_listfull.jpg",
    "title": "浦洼徒步 静心之旅 初级徒步（1日行程）",
    "money": "100",
    "date": "11/18",
    "city": "北京"
  },
  {
    "url": "http://hd.8264.com/xianlu-153281",
    "img": "http://img.qunawan.com/ecmme/wan/xl/goods/20161221/201612211335568671_listfull.jpg",
    "title": "三清山绝美云海观日出（2日行程）",
    "money": "680",
    "date": "11/18",
    "city": "九江"
  },
  {
    "url": "http://hd.8264.com/xianlu-139239",
    "img": "http://img.qunawan.com/ecmme/wan/xl/goods/20161024/201610240011503096_listfull.jpg",
    "title": "神堂峪 鲤鱼背 河防口 摘柿子（1日行程）",
    "money": "80",
    "date": "11/18",
    "city": "北京"
  },
  {
    "url": "http://hd.8264.com/xianlu-134902",
    "img": "http://img.qunawan.com/ecmme/wan/xl/goods/20161006/201610061255107516_listfull.jpg",
    "title": "漠河冬季旅游 原生态三天两晚浪漫之旅（3日行程）",
    "money": "680",
    "date": "11/18",
    "city": "大兴"
  },
  {
    "url": "http://hd.8264.com/xianlu-171567",
    "img": "http://img.qunawan.com/ecmme/wan/xl/goods/20170906/201709061236518578_listfull.jpg",
    "title": "户外嘉年华 齐聚黔东南 巅峰户外运动学校嘉年华狂欢盛宴（6日行程）",
    "money": "1980",
    "date": "11/20",
    "city": "黔东"
  },
  {
    "url": "http://hd.8264.com/xianlu-171515",
    "img": "http://img.qunawan.com/ecmme/wan/xl/goods/20170905/201709051242065441_listfull.jpg",
    "title": "三峡之巅徒步（6日行程）",
    "money": "2680",
    "date": "11/19",
    "city": "宜昌"
  }
]