[
  {
    "url": "http://hd.8264.com/xianlu-171137",
    "img": "http://img.qunawan.com/ecmme/wan/xl/goods/20170830/201708301626114178_listfull.jpg",
    "title": "三峡秋摄 在最美红叶季 徒步 船游 游览长江最美三峡之旅（7日行程）",
    "money": "2380",
    "date": "11/19",
    "city": "宜昌"
  },
  {
    "url": "http://hd.8264.com/xianlu-171897",
    "img": "http://img.qunawan.com/ecmme/wan/xl/goods/20170913/201709131533102778_listfull.jpg",
    "title": "11月纯净新西兰品质游（10日行程）",
    "money": "16800",
    "date": "11/23",
    "city": "奥克"
  },
  {
    "url": "http://hd.8264.com/xianlu-157160",
    "img": "http://img.qunawan.com/ecmme/wan/xl/goods/20170213/201702131304222886_listfull.jpg",
    "title": "挑战极限 羌塘 可可西里 阿尔金 罗布泊无四大人区越野穿越（15日行程）",
    "money": "38800",
    "date": "11/21",
    "city": "拉萨"
  },
  {
    "url": "http://hd.8264.com/xianlu-171519",
    "img": "http://img.qunawan.com/ecmme/wan/xl/goods/20170905/201709051408213146_listfull.jpg",
    "title": "北非魅影 艳遇突尼斯（9日行程）",
    "money": "16900",
    "date": "11/24",
    "city": "浦东"
  },
  {
    "url": "http://hd.8264.com/xianlu-168680",
    "img": "http://img.qunawan.com/ecmme/wan/xl/goods/20170710/201707101528152303_listfull.png",
    "title": "贵州民族节日 侗族大歌节 神韵天籁深度体验（7日行程）",
    "money": "2680",
    "date": "11/25",
    "city": "贵阳"
  },
  {
    "url": "http://hd.8264.com/xianlu-171821",
    "img": "http://img.qunawan.com/ecmme/wan/xl/goods/20170912/201709121059251633_listfull.jpg",
    "title": "著名画家和您有缘行动藏羌彝文化走廊探索西藏古格秘境邂逅林芝（20日行程）",
    "money": "11500",
    "date": "11/25",
    "city": "怒江"
  },
  {
    "url": "http://hd.8264.com/xianlu-141851",
    "img": "http://img.qunawan.com/ecmme/wan/xl/goods/20161101/201611012151559980_listfull.jpg",
    "title": "东川红土地 大理 双廊洱海 腾冲热海 和顺古镇 无量樱花谷（8日行程）",
    "money": "2880",
    "date": "11/25",
    "city": "北京"
  },
  {
    "url": "http://hd.8264.com/xianlu-7346",
    "img": "http://img.qunawan.com/ecmme/wan/xl/goods/20160525/201605251354288285_listfull.jpg",
    "title": "侗族大歌节 神韵天籁深度体验之旅（7日行程）",
    "money": "2680",
    "date": "11/25",
    "city": "贵阳"
  },
  {
    "url": "http://hd.8264.com/xianlu-155795",
    "img": "http://img.qunawan.com//ecmme/wan/xl/goods/20170118/201701181412433163_listfull.jpg",
    "title": "这个冬天我们去黄山看纯白的童话世界活动报名啦（2日行程）",
    "money": "560",
    "date": "11/29",
    "city": "扬州"
  },
  {
    "url": "http://hd.8264.com/xianlu-148085",
    "img": "http://img.qunawan.com/ecmme/wan/xl/goods/20161129/201611291315152718_listfull.jpg",
    "title": "玩不一样的新西兰 徒步跳伞蹦极自驾观鲸 南岛精华（11日行程）",
    "money": "23800",
    "date": "11/29",
    "city": "基督"
  },
  {
    "url": "http://hd.8264.com/xianlu-170610",
    "img": "http://img.qunawan.com/ecmme/wan/xl/goods/20170821/201708211427356861_listfull.jpg",
    "title": "世界南端的探险 南极点徒步 文森峰攀登（25日行程）",
    "money": "628000",
    "date": "12/01",
    "city": "北京"
  },
  {
    "url": "http://hd.8264.com/xianlu-167543",
    "img": "http://img.qunawan.com/ecmme/wan/xl/goods/20170622/201706220952573843_listfull.jpg",
    "title": "丝绸之路 青海湖 敦煌 莫高窟 雅丹魔鬼城环线（8日行程）",
    "money": "3780",
    "date": "11/30",
    "city": "成都"
  },
  {
    "url": "http://hd.8264.com/xianlu-165286",
    "img": "http://img.qunawan.com/ecmme/wan/xl/goods/20170520/201705202130215325_listfull.jpg",
    "title": "2017年末 骆驼峰攀登体验（5日行程）",
    "money": "6500",
    "date": "12/01",
    "city": "成都"
  },
  {
    "url": "http://hd.8264.com/xianlu-161297",
    "img": "http://img.qunawan.com/ecmme/wan/xl/goods/20170331/201703311117489339_listfull.jpg",
    "title": "探秘佛教文化 马尔康 色达 亚青寺 德格 新都桥 私家小团（10日行程）",
    "money": "3750",
    "date": "11/30",
    "city": "成都"
  },
  {
    "url": "http://hd.8264.com/xianlu-152495",
    "img": "http://img.qunawan.com/ecmme/wan/xl/goods/20161219/201612191107023130_listfull.jpg",
    "title": "探索东方神秘女儿国 泸沽湖 南诏大理 双廊洱海 香格里拉 虎跳峡 普达措公园（7日行程）",
    "money": "2680",
    "date": "12/01",
    "city": "丽江"
  },
  {
    "url": "http://hd.8264.com/xianlu-147802",
    "img": "http://img.qunawan.com/ecmme/wan/xl/goods/20161128/201611281401227228_listfull.png",
    "title": "新疆冬季自由行（4日行程）",
    "money": "200",
    "date": "12/03",
    "city": "乌鲁"
  },
  {
    "url": "http://hd.8264.com/xianlu-145791",
    "img": "http://img.qunawan.com/ecmme/wan/xl/goods/20161119/201611191344022606_listfull.jpg",
    "title": "攀登四姑娘山二峰加长坪沟穿越毕棚沟活动（5日行程）",
    "money": "2180",
    "date": "12/01",
    "city": "成都"
  },
  {
    "url": "http://hd.8264.com/xianlu-145522",
    "img": "http://img.qunawan.com/ecmme/wan/xl/goods/20161117/201611172059023835_listfull.jpg",
    "title": "怒江峡谷 丙中洛 独龙江 中缅边境 深度游（9日行程）",
    "money": "3500",
    "date": "12/01",
    "city": "昆明"
  },
  {
    "url": "http://hd.8264.com/xianlu-145407",
    "img": "http://img.qunawan.com/ecmme/wan/xl/goods/20161117/201611171441017449_listfull.jpg",
    "title": "逍遥客 蜀山之王贡嘎山全线徒步穿越活动（7日行程）",
    "money": "3000",
    "date": "12/01",
    "city": "成都"
  },
  {
    "url": "http://hd.8264.com/xianlu-145393",
    "img": "http://img.qunawan.com/ecmme/wan/xl/goods/20161117/201611171407039224_listfull.jpg",
    "title": "逍遥客 攀登四姑娘山二峰加长坪沟穿越毕棚沟活动（7日行程）",
    "money": "3000",
    "date": "12/01",
    "city": "成都"
  }
]