[
  {
    "url": "http://hd.8264.com/xianlu-3501",
    "img": "http://img.qunawan.com/ecmme/wan/xl/goods/20160511/201605111201126747_listfull.jpg",
    "title": "徒步中国十大徒步线路之长江三峡 以上帝视角俯瞰巴蜀风韵（5日行程）",
    "money": "1380",
    "date": "12/02",
    "city": "宜昌"
  },
  {
    "url": "http://hd.8264.com/xianlu-172237",
    "img": "http://img.qunawan.com/ecmme/wan/xl/goods/20170921/201709210949164405_listfull.jpg",
    "title": "雪山之吻高山团队17年 18年 冬季攀冰培训班 登山必修科目（5日行程）",
    "money": "2590",
    "date": "12/09",
    "city": "成都"
  },
  {
    "url": "http://hd.8264.com/xianlu-171132",
    "img": "http://img.qunawan.com/ecmme/wan/xl/goods/20170830/201708301553122737_listfull.jpg",
    "title": "行摄滇东南 元阳梯田 建水古城 抚仙湖 东川红土地（7日行程）",
    "money": "2880",
    "date": "12/09",
    "city": "昆明"
  },
  {
    "url": "http://hd.8264.com/xianlu-170277",
    "img": "http://img.qunawan.com/ecmme/wan/xl/goods/20170816/201708161432029487_listfull.jpg",
    "title": "魅力乌兰布统冬 千里冰封尽情飞驰 万里雪飘中撒泼打滚（6日行程）",
    "money": "2980",
    "date": "12/09",
    "city": "北京"
  },
  {
    "url": "http://hd.8264.com/xianlu-162438",
    "img": "http://img.qunawan.com/ecmme/wan/xl/goods/20170417/201704171501034509_listfull.jpg",
    "title": "彩云之南 新颖与经典的线路碰撞（13日行程）",
    "money": "4200",
    "date": "12/10",
    "city": "成都"
  },
  {
    "url": "http://hd.8264.com/xianlu-168397",
    "img": "http://img.qunawan.com/ecmme/wan/xl/goods/20170705/201707051436062476_listfull.jpg",
    "title": "12月 新西兰房车自驾摄影 约会鲁冰花 一起去跳伞（12日行程）",
    "money": "22800",
    "date": "12/06",
    "city": "北京"
  },
  {
    "url": "http://hd.8264.com/xianlu-147097",
    "img": "http://img.qunawan.com/ecmme/wan/xl/goods/20161124/201611241340501160_listfull.jpg",
    "title": "全国召集 霞浦最美滩涂捕天下最风光之旅（5日行程）",
    "money": "2100",
    "date": "12/11",
    "city": "宁德"
  },
  {
    "url": "http://hd.8264.com/xianlu-144905",
    "img": "http://img.qunawan.com/ecmme/wan/xl/goods/20161116/201611161219309065_listfull.jpg",
    "title": "童话雪乡 雪谷 雪乡穿越滑雪 激情穿越林海雪原（4日行程）",
    "money": "550",
    "date": "12/07",
    "city": "北京"
  },
  {
    "url": "http://hd.8264.com/xianlu-172232",
    "img": "http://img.qunawan.com/ecmme/wan/xl/goods/20170921/201709210911133577_listfull.jpg",
    "title": "亲子冰雪童话 哈尔滨 伏尔加庄园 亚布力激情滑雪 雪乡穿越（6日行程）",
    "money": "2580",
    "date": "01/06",
    "city": "哈尔"
  },
  {
    "url": "http://hd.8264.com/xianlu-172165",
    "img": "http://img.qunawan.com/ecmme/wan/xl/goods/20170919/201709191458306136_listfull.jpg",
    "title": "西双版纳原始森林徒步（4日行程）",
    "money": "3200",
    "date": "12/30",
    "city": "西双"
  },
  {
    "url": "http://hd.8264.com/xianlu-171786",
    "img": "http://img.qunawan.com/ecmme/wan/xl/goods/20170911/201709111649581548_listfull.jpg",
    "title": "自由之巅李宗利团队2018年初级攀冰培训（8日行程）",
    "money": "5300",
    "date": "12/30",
    "city": "阿坝"
  },
  {
    "url": "http://hd.8264.com/xianlu-171682",
    "img": "http://img.qunawan.com/ecmme/wan/xl/goods/20170908/201709081103123732_listfull.jpg",
    "title": "南美洲第一高峰 阿空加瓜峰攀登（23日行程）",
    "money": "128000",
    "date": "02/03",
    "city": "北京"
  },
  {
    "url": "http://hd.8264.com/xianlu-171431",
    "img": "http://img.qunawan.com/ecmme/wan/xl/goods/20170904/201709041205127400_listfull.jpg",
    "title": "东北亲子冬令营（7日行程）",
    "money": "2480",
    "date": "01/22",
    "city": "哈尔"
  },
  {
    "url": "http://hd.8264.com/xianlu-171383",
    "img": "http://img.qunawan.com/ecmme/wan/xl/goods/20170904/201709041427334358_listfull.jpg",
    "title": "走近野蛮巨峰 乔戈里峰K2徒步（21日行程）",
    "money": "26800",
    "date": "06/15",
    "city": "喀什"
  },
  {
    "url": "http://hd.8264.com/xianlu-171115",
    "img": "http://img.qunawan.com/ecmme/wan/xl/goods/20170830/201708301350094046_listfull.png",
    "title": "鼎丰探险2017年珠峰EBC徒步 罗波切峰攀登计划（15日行程）",
    "money": "19745",
    "date": "04/10",
    "city": "加德"
  },
  {
    "url": "http://hd.8264.com/xianlu-171084",
    "img": "http://img.qunawan.com/ecmme/wan/xl/goods/20170830/201708300859113319_listfull.jpg",
    "title": "冰舞双桥攀冰体验（3日行程）",
    "money": "1980",
    "date": "01/01",
    "city": "成都"
  },
  {
    "url": "http://hd.8264.com/xianlu-170951",
    "img": "http://img.qunawan.com/ecmme/wan/xl/goods/20170826/201708261443484264_listfull.jpg",
    "title": "2018年3月 马代深南线船宿潜水（8日行程）",
    "money": "2200",
    "date": "03/04",
    "city": "北京"
  },
  {
    "url": "http://hd.8264.com/xianlu-170625",
    "img": "http://img.qunawan.com/ecmme/wan/xl/goods/20170821/201708211554427697_listfull.jpg",
    "title": "欧洲最高峰厄尔布鲁士攀登 圣彼得堡和莫斯科精华之旅游（12日行程）",
    "money": "58000",
    "date": "05/01",
    "city": "北京"
  },
  {
    "url": "http://hd.8264.com/xianlu-169885",
    "img": "http://img.qunawan.com/ecmme/wan/xl/goods/20170803/201708031011594758_listfull.jpg",
    "title": "尼泊尔色彩的狂欢 洒红节风光人文摄影之旅（11日行程）",
    "money": "6500",
    "date": "02/28",
    "city": "加德"
  },
  {
    "url": "http://hd.8264.com/xianlu-169804",
    "img": "http://img.qunawan.com/ecmme/wan/xl/goods/20170801/201708011441226738_listfull.jpg",
    "title": "行摄坝上 邂逅从未遇见的绝美冰雪（7日行程）",
    "money": "3280",
    "date": "12/30",
    "city": "北京"
  }
]