[
  {
    "url": "http://hd.8264.com/xianlu-169765",
    "img": "http://img.qunawan.com/ecmme/wan/xl/goods/20170731/201707312208541753_listfull.jpg",
    "title": "暑假 国庆云上哈巴领航寻觅香格里拉中的秘境徒步摄影之旅（8日行程）",
    "money": "3680",
    "date": "08/01",
    "city": "丽江"
  },
  {
    "url": "http://hd.8264.com/xianlu-169525",
    "img": "http://img.qunawan.com/ecmme/wan/xl/goods/20170726/201707261316197103_listfull.jpg",
    "title": "缅甸全景深度行摄（9日行程）",
    "money": "7500",
    "date": "12/30",
    "city": "仰光"
  },
  {
    "url": "http://hd.8264.com/xianlu-170773",
    "img": "http://img.qunawan.com/ecmme/wan/xl/goods/20170823/201708231435135892_listfull.jpg",
    "title": "2018寒假太舞滑雪小镇滑雪冬令营北京出发（6日行程）",
    "money": "5680",
    "date": "12/17",
    "city": "北京"
  },
  {
    "url": "http://hd.8264.com/xianlu-171627",
    "img": "http://img.qunawan.com/ecmme/wan/xl/goods/20170907/201709071224184962_listfull.jpg",
    "title": "穿越最美长江三峡 近距离体验巴楚风情 挑战湖北最经典徒步线路（7日行程）",
    "money": "2380",
    "date": "12/17",
    "city": "宜昌"
  },
  {
    "url": "http://hd.8264.com/xianlu-167134",
    "img": "http://img.qunawan.com/ecmme/wan/xl/goods/20170616/201706161439028300_listfull.jpg",
    "title": "暑期专场 海洋馆夜宿营 开启您的假期海洋之旅（2日行程）",
    "money": "870",
    "date": "12/31",
    "city": "北京"
  },
  {
    "url": "http://hd.8264.com/xianlu-171077",
    "img": "http://img.qunawan.com/ecmme/wan/xl/goods/20170829/201708292149473245_listfull.jpg",
    "title": "冰舞双桥攀冰体验（3日行程）",
    "money": "1980",
    "date": "01/01",
    "city": "成都"
  },
  {
    "url": "http://hd.8264.com/xianlu-161144",
    "img": "http://img.qunawan.com/ecmme/wan/xl/goods/20170329/201703290928302239_listfull.jpg",
    "title": "走进伊犁 邂逅浪漫的薰衣草（7日行程）",
    "money": "2980",
    "date": "06/25",
    "city": "乌鲁"
  },
  {
    "url": "http://hd.8264.com/xianlu-161146",
    "img": "http://img.qunawan.com/ecmme/wan/xl/goods/20170329/201703290937531833_listfull.jpg",
    "title": "2017年4月中国伊犁赏杏花（6日行程）",
    "money": "2680",
    "date": "04/08",
    "city": "乌鲁"
  },
  {
    "url": "http://hd.8264.com/xianlu-159523",
    "img": "http://img.qunawan.com/ecmme/wan/xl/goods/20170307/201703071417026642_listfull.jpg",
    "title": "新疆伊犁花花世界草原行 A线（8日行程）",
    "money": "4400",
    "date": "05/15",
    "city": "乌鲁"
  },
  {
    "url": "http://hd.8264.com/xianlu-159494",
    "img": "http://img.qunawan.com/ecmme/wan/xl/goods/20170307/201703071215286659_listfull.jpg",
    "title": "行摄婺源 对不起 我们来 扫黄 了（3日行程）",
    "money": "439",
    "date": "03/30",
    "city": "上饶"
  },
  {
    "url": "http://hd.8264.com/xianlu-154270",
    "img": "http://img.qunawan.com//ecmme/wan/xl/goods/20161231/201612310223017190_listfull.jpg",
    "title": "南岳衡山 赏雪观雾凇 祝融峰许愿祈福（2日行程）",
    "money": "450",
    "date": "12/30",
    "city": "广州"
  },
  {
    "url": "http://hd.8264.com/xianlu-154245",
    "img": "http://img.qunawan.com/ecmme/wan/xl/goods/20170101/201701011129232200_listfull.jpg",
    "title": "俄罗斯狩猎射击游（6日行程）",
    "money": "13800",
    "date": "12/19",
    "city": "呼和"
  },
  {
    "url": "http://hd.8264.com/xianlu-152413",
    "img": "http://img.qunawan.com//ecmme/wan/xl/goods/20161219/201612190112011477_listfull.jpg",
    "title": "新昌千丈幽谷 飞龙玻璃栈道（1日行程）",
    "money": "145",
    "date": "01/02",
    "city": "宁波"
  },
  {
    "url": "http://hd.8264.com/xianlu-152327",
    "img": "http://img.qunawan.com/ecmme/wan/xl/goods/20170109/201701091402331059_listfull.jpg",
    "title": "冬季贡嘎 蜀山之王 贡嘎山西南坡经典徒步摄影（6日行程）",
    "money": "2380",
    "date": "12/16",
    "city": "成都"
  },
  {
    "url": "http://hd.8264.com/xianlu-151842",
    "img": "http://img.qunawan.com//ecmme/wan/xl/goods/20161215/201612150332042767_listfull.jpg",
    "title": "冬季野外训练之 元旦大五朝台（4日行程）",
    "money": "1",
    "date": "12/31",
    "city": "天津"
  },
  {
    "url": "http://hd.8264.com/xianlu-149552",
    "img": "http://img.qunawan.com/ecmme/wan/xl/goods/20170818/201708180110331664_listfull.jpg",
    "title": "2017小五台山全年穿越计划 接受私人定制（3日行程）",
    "money": "450",
    "date": "12/30",
    "city": "北京"
  },
  {
    "url": "http://hd.8264.com/xianlu-147367",
    "img": "http://img.qunawan.com/ecmme/wan/xl/goods/20161125/201611251432097669_listfull.jpg",
    "title": "这个冬天不这样玩 怎么能算过冬（8日行程）",
    "money": "3480",
    "date": "12/15",
    "city": "哈尔"
  },
  {
    "url": "http://hd.8264.com/xianlu-147345",
    "img": "http://img.qunawan.com//ecmme/wan/xl/goods/20161125/201611251408536327_listfull.jpg",
    "title": "张家界 天门山 玻璃栈道 森林公园 阿凡达 凤凰古城活动（7日行程）",
    "money": "1380",
    "date": "12/23",
    "city": "福州"
  },
  {
    "url": "http://hd.8264.com/xianlu-145789",
    "img": "http://img.qunawan.com/ecmme/wan/xl/goods/20170825/201708251632329418_listfull.jpg",
    "title": "冰岩探险 冰舞双桥 攀冰体验（3日行程）",
    "money": "1980",
    "date": "01/05",
    "city": "成都"
  },
  {
    "url": "http://hd.8264.com/xianlu-144876",
    "img": "http://img.qunawan.com/ecmme/wan/xl/goods/20161116/201611161131018647_listfull.jpg",
    "title": "乞力马扎罗攀登威士忌路（8日行程）",
    "money": "12968",
    "date": "10/01",
    "city": "北京"
  }
]