[
  {
    "url": "http://hd.8264.com/xianlu-170295",
    "img": "http://img.qunawan.com/ecmme/wan/xl/goods/20170814/201708141530131532_listfull.jpg",
    "title": "8月25日暑假最后的疯狂 天台大柳溪溯溪 龙穿峡滑索（2日行程）",
    "money": "350",
    "date": "09/22",
    "city": "徐汇"
  },
  {
    "url": "http://hd.8264.com/xianlu-170275",
    "img": "http://img.qunawan.com/ecmme/wan/xl/goods/20170814/201708141152342005_listfull.jpeg",
    "title": "四姑娘山长坪沟徒步适应高海拔 二峰攀登（6日行程）",
    "money": "2480",
    "date": "09/30",
    "city": "成都"
  },
  {
    "url": "http://hd.8264.com/xianlu-170254",
    "img": "http://img.qunawan.com/ecmme/wan/xl/goods/20170814/201708140900581717_listfull.jpg",
    "title": "国庆深秋 川西四姑娘山长坪沟 徒步适应高海拔 二峰攀登（6日行程）",
    "money": "2480",
    "date": "09/30",
    "city": "成都"
  },
  {
    "url": "http://hd.8264.com/xianlu-170517",
    "img": "http://img.qunawan.com/ecmme/wan/xl/goods/20170818/201708181017061425_listfull.jpg",
    "title": "措普沟 一个散落在人间的梦幻仙境 自驾游（4日行程）",
    "money": "1680",
    "date": "09/30",
    "city": "成都"
  },
  {
    "url": "http://hd.8264.com/xianlu-171767",
    "img": "http://img.qunawan.com/ecmme/wan/xl/goods/20170911/201709111440527649_listfull.jpg",
    "title": "贡嘎转山 蜀山之王 贡嘎山大环线完美穿越 挑战极限（7日行程）",
    "money": "2880",
    "date": "09/23",
    "city": "成都"
  },
  {
    "url": "http://hd.8264.com/xianlu-170194",
    "img": "http://img.qunawan.com/ecmme/wan/xl/goods/20170811/201708111057212803_listfull.jpg",
    "title": "四姑娘 二峰 长坪沟穿越毕棚沟 长穿毕（6日行程）",
    "money": "3000",
    "date": "09/22",
    "city": "成都"
  },
  {
    "url": "http://hd.8264.com/xianlu-170175",
    "img": "http://img.qunawan.com/ecmme/wan/xl/goods/20170810/201708101947564697_listfull.jpg",
    "title": "相约国庆 色达亚青寺 最后一片灵魂的净土（8日行程）",
    "money": "3280",
    "date": "10/01",
    "city": "成都"
  },
  {
    "url": "http://hd.8264.com/xianlu-170237",
    "img": "http://img.qunawan.com/ecmme/wan/xl/goods/20170812/201708121557149767_listfull.jpg",
    "title": "龙门飞甲拍摄地 天漠 逛永宁古城 享用柳沟豆腐宴（1日行程）",
    "money": "70",
    "date": "09/23",
    "city": "北京"
  },
  {
    "url": "http://hd.8264.com/xianlu-170178",
    "img": "http://img.qunawan.com/ecmme/wan/xl/goods/20170810/201708101821122222_listfull.jpg",
    "title": "樂吧 水魔方 北京水魔方日场门票（1日行程）",
    "money": "168",
    "date": "09/22",
    "city": "丰台"
  },
  {
    "url": "http://hd.8264.com/xianlu-170223",
    "img": "http://img.qunawan.com/ecmme/wan/xl/goods/20170811/201708112138525228_listfull.jpg",
    "title": "经典茶马古道虎跳峡高线徒步穿越 哈巴雪山攀登计划（6日行程）",
    "money": "3680",
    "date": "09/22",
    "city": "丽江"
  },
  {
    "url": "http://hd.8264.com/xianlu-170167",
    "img": "http://img.qunawan.com/ecmme/wan/xl/goods/20170810/201708101731383817_listfull.jpg",
    "title": "穿越怒江大峡谷 丙中洛 探秘独龙江最后的纹面女（8日行程）",
    "money": "3600",
    "date": "09/29",
    "city": "昆明"
  },
  {
    "url": "http://hd.8264.com/xianlu-170166",
    "img": "http://img.qunawan.com/ecmme/wan/xl/goods/20170810/201708101732284003_listfull.jpg",
    "title": "川西小环线 四姑娘山 木格措 海螺沟深秋经典（6日行程）",
    "money": "3780",
    "date": "09/23",
    "city": "成都"
  },
  {
    "url": "http://hd.8264.com/xianlu-170152",
    "img": "http://img.qunawan.com/ecmme/wan/xl/goods/20170810/201708101322001164_listfull.jpg",
    "title": "西昌泸沽湖（4日行程）",
    "money": "880",
    "date": "09/22",
    "city": "成都"
  },
  {
    "url": "http://hd.8264.com/xianlu-170150",
    "img": "http://img.qunawan.com/ecmme/wan/xl/goods/20170810/201708101220283577_listfull.jpg",
    "title": "徒步雨崩世外桃源之地 梅里雨崩徒步（6日行程）",
    "money": "1780",
    "date": "09/22",
    "city": "安庆"
  },
  {
    "url": "http://hd.8264.com/xianlu-170144",
    "img": "http://img.qunawan.com/ecmme/wan/xl/goods/20170810/201708101057101458_listfull.png",
    "title": "大美川西环线 新都桥稻城亚丁色达（8日行程）",
    "money": "3180",
    "date": "09/29",
    "city": "成都"
  },
  {
    "url": "http://hd.8264.com/xianlu-170143",
    "img": "http://img.qunawan.com/ecmme/wan/xl/goods/20170810/201708101042272403_listfull.png",
    "title": "雪山初登 二峰攀登 四姑娘二峰登山（5日行程）",
    "money": "2480",
    "date": "10/01",
    "city": "成都"
  },
  {
    "url": "http://hd.8264.com/xianlu-170738",
    "img": "http://img.qunawan.com/ecmme/wan/xl/goods/20170823/201708230909309227_listfull.jpg",
    "title": "巴朗山四姑娘山露营 烧烤 拍星空 纯玩 无自费 无购物（2日行程）",
    "money": "399",
    "date": "09/24",
    "city": "成都"
  },
  {
    "url": "http://hd.8264.com/xianlu-170127",
    "img": "http://img.qunawan.com/ecmme/wan/xl/goods/20170809/201708091658558266_listfull.jpg",
    "title": "四姑娘山二峰全年活动计划（4日行程）",
    "money": "2000",
    "date": "09/23",
    "city": "成都"
  },
  {
    "url": "http://hd.8264.com/xianlu-170114",
    "img": "http://img.qunawan.com/ecmme/wan/xl/goods/20170809/201708091120093993_listfull.jpg",
    "title": "探秘西藏中国人文景观大道 川藏南线 稻城亚丁（10日行程）",
    "money": "6800",
    "date": "09/22",
    "city": "成都"
  },
  {
    "url": "http://hd.8264.com/xianlu-170124",
    "img": "http://img.qunawan.com/ecmme/wan/xl/goods/20170809/201708091544285884_listfull.jpg",
    "title": "318川藏南线 国庆活动招募（10日行程）",
    "money": "3800",
    "date": "09/22",
    "city": "成都"
  }
]