[
  {
    "url": "http://hd.8264.com/xianlu-170092",
    "img": "http://img.qunawan.com/ecmme/wan/xl/goods/20170808/201708081722374511_listfull.jpg",
    "title": "青海湖 茶卡盐湖 莫高窟 鸣沙山月牙泉 魔鬼城 嘉峪关（9日行程）",
    "money": "3780",
    "date": "09/23",
    "city": "成都"
  },
  {
    "url": "http://hd.8264.com/xianlu-170096",
    "img": "http://img.qunawan.com/ecmme/wan/xl/goods/20170808/201708081802519861_listfull.jpg",
    "title": "新都桥 稻城亚丁 千年冰川海螺沟（7日行程）",
    "money": "3280",
    "date": "09/22",
    "city": "成都"
  },
  {
    "url": "http://hd.8264.com/xianlu-170081",
    "img": "http://img.qunawan.com/ecmme/wan/xl/goods/20170808/201708081422373713_listfull.jpg",
    "title": "四姑娘山长坪沟穿越毕棚沟（5日行程）",
    "money": "2480",
    "date": "09/30",
    "city": "成都"
  },
  {
    "url": "http://hd.8264.com/xianlu-170080",
    "img": "http://img.qunawan.com/ecmme/wan/xl/goods/20170808/201708081430378024_listfull.jpg",
    "title": "世界第十高峰尼泊尔鱼尾峰安娜普尔纳大本营ABC喜马拉雅徒步（11日行程）",
    "money": "3900",
    "date": "09/23",
    "city": "加德"
  },
  {
    "url": "http://hd.8264.com/xianlu-171741",
    "img": "http://img.qunawan.com/ecmme/wan/xl/goods/20170910/201709101414328859_listfull.jpg",
    "title": "金秋十月纵享秋色额济纳胡杨林三千年的守候只为等待你的到来（7日行程）",
    "money": "1625",
    "date": "09/22",
    "city": "西宁"
  },
  {
    "url": "http://hd.8264.com/xianlu-170052",
    "img": "http://img.qunawan.com/ecmme/wan/xl/goods/20170807/201708071753141028_listfull.jpg",
    "title": "四姑娘山长坪沟徒步 二峰攀登 挑战极限（5日行程）",
    "money": "2480",
    "date": "09/30",
    "city": "成都"
  },
  {
    "url": "http://hd.8264.com/xianlu-170048",
    "img": "http://img.qunawan.com/ecmme/wan/xl/goods/20170807/201708071716218276_listfull.jpg",
    "title": "贡嘎西南坡徒步穿越 无露营（5日行程）",
    "money": "2680",
    "date": "09/30",
    "city": "成都"
  },
  {
    "url": "http://hd.8264.com/xianlu-170035",
    "img": "http://img.qunawan.com/ecmme/wan/xl/goods/20170807/201708071202477987_listfull.jpg",
    "title": "云端漫步 达瓦更扎（2日行程）",
    "money": "360",
    "date": "09/23",
    "city": "成都"
  },
  {
    "url": "http://hd.8264.com/xianlu-170027",
    "img": "http://img.qunawan.com/ecmme/wan/xl/goods/20170806/201708062355162910_listfull.jpg",
    "title": "川西秘境 天堂背后的小九寨 松坪沟周末亲子户外休闲游（2日行程）",
    "money": "320",
    "date": "09/23",
    "city": "成都"
  },
  {
    "url": "http://hd.8264.com/xianlu-170026",
    "img": "http://img.qunawan.com/ecmme/wan/xl/goods/20170806/201708062347167908_listfull.jpg",
    "title": "秋梦梦笔山 叶落落笔沟 不容错过的一次周末休闲露营体验旅行（3日行程）",
    "money": "520",
    "date": "09/22",
    "city": "成都"
  },
  {
    "url": "http://hd.8264.com/xianlu-170023",
    "img": "http://img.qunawan.com/ecmme/wan/xl/goods/20170806/201708062313338811_listfull.jpg",
    "title": "川西秘境 诗意莫斯卡土拨鼠 梦幻党龄葫芦海 世外桃源甲居藏寨（6日行程）",
    "money": "2480",
    "date": "09/23",
    "city": "成都"
  },
  {
    "url": "http://hd.8264.com/xianlu-170021",
    "img": "http://img.qunawan.com/ecmme/wan/xl/goods/20170806/201708061642075214_listfull.jpg",
    "title": "川藏线 滇藏线 青藏线 雨崩徒步看梅里雪山 卡瓦格博（18日行程）",
    "money": "6200",
    "date": "09/23",
    "city": "成都"
  },
  {
    "url": "http://hd.8264.com/xianlu-170008",
    "img": "http://img.qunawan.com/ecmme/wan/xl/goods/20170806/201708060129093793_listfull.jpg",
    "title": "国庆哈巴雪山 一比一高山协作 包含个人骑马 两次登顶机会（6日行程）",
    "money": "3380",
    "date": "09/22",
    "city": "丽江"
  },
  {
    "url": "http://hd.8264.com/xianlu-170007",
    "img": "http://img.qunawan.com/ecmme/wan/xl/goods/20170805/201708051923195441_listfull.jpg",
    "title": "稻城亚丁转山 三怙主雪山本命年 结合尼汝 泸沽湖 洛克线精华（8日行程）",
    "money": "3280",
    "date": "10/01",
    "city": "甘孜"
  },
  {
    "url": "http://hd.8264.com/xianlu-170005",
    "img": "http://img.qunawan.com/ecmme/wan/xl/goods/20170805/201708051743075625_listfull.jpg",
    "title": "长坪穿越 中国十大经典徒步路线长坪沟穿越毕棚沟（6日行程）",
    "money": "2480",
    "date": "09/30",
    "city": "成都"
  },
  {
    "url": "http://hd.8264.com/xianlu-170004",
    "img": "http://img.qunawan.com/ecmme/wan/xl/goods/20170805/201708051724385223_listfull.jpg",
    "title": "感受心灵的声音 色彩毕棚沟神山年宝玉泽佛国色达（7日行程）",
    "money": "2980",
    "date": "09/23",
    "city": "眉山"
  },
  {
    "url": "http://hd.8264.com/xianlu-170001",
    "img": "http://img.qunawan.com/ecmme/wan/xl/goods/20170805/201708051620256910_listfull.jpg",
    "title": "川藏线 青藏线 甘南纯自驾精品天大环线 含食宿（18日行程）",
    "money": "13800",
    "date": "09/25",
    "city": "成都"
  },
  {
    "url": "http://hd.8264.com/xianlu-169998",
    "img": "http://img.qunawan.com/ecmme/wan/xl/goods/20170805/201708051142004224_listfull.jpg",
    "title": "2017相约青海 若尔盖 青海湖 金银滩 茶卡 拉卜楞寺（7日行程）",
    "money": "2980",
    "date": "09/22",
    "city": "成都"
  },
  {
    "url": "http://hd.8264.com/xianlu-169994",
    "img": "http://img.qunawan.com/ecmme/wan/xl/goods/20170804/201708042128083989_listfull.jpg",
    "title": "四姑娘山长坪沟徒步适应高海拔 二峰攀登 尝试初级雪山攀登（5日行程）",
    "money": "2180",
    "date": "09/22",
    "city": "成都"
  },
  {
    "url": "http://hd.8264.com/xianlu-169979",
    "img": "http://img.qunawan.com/ecmme/wan/xl/goods/20170804/201708041057394103_listfull.jpg",
    "title": "穿越怒江大峡谷 探秘独龙江活动召集（7日行程）",
    "money": "2480",
    "date": "09/24",
    "city": "丽江"
  }
]