[
  {
    "url": "http://hd.8264.com/xianlu-169979",
    "img": "http://img.qunawan.com/ecmme/wan/xl/goods/20170804/201708041057394103_listfull.jpg",
    "title": "穿越怒江大峡谷 探秘独龙江活动召集（7日行程）",
    "money": "2480",
    "date": "09/24",
    "city": "丽江"
  },
  {
    "url": "http://hd.8264.com/xianlu-170158",
    "img": "http://img.qunawan.com/ecmme/wan/xl/goods/20170810/201708101615238973_listfull.png",
    "title": "贡嘎西南坡 贡嘎西南坡徒步（5日行程）",
    "money": "2280",
    "date": "10/01",
    "city": "成都"
  },
  {
    "url": "http://hd.8264.com/xianlu-169974",
    "img": "http://img.qunawan.com/ecmme/wan/xl/goods/20170804/201708041107317246_listfull.jpg",
    "title": "阿里北线 朝圣冈仁波齐 双湖摄影 探访古格王朝 深度摄影游（16日行程）",
    "money": "6600",
    "date": "09/24",
    "city": "拉萨"
  },
  {
    "url": "http://hd.8264.com/xianlu-169973",
    "img": "http://img.qunawan.com/ecmme/wan/xl/goods/20170804/201708041108271826_listfull.png",
    "title": "2017 中国十大经典徒步线路之一 四姑娘山长坪沟穿越毕棚沟（6日行程）",
    "money": "2380",
    "date": "09/22",
    "city": "成都"
  },
  {
    "url": "http://hd.8264.com/xianlu-169965",
    "img": "http://img.qunawan.com/ecmme/wan/xl/goods/20170821/201708211714001330_listfull.jpg",
    "title": "人生第一次尝试初级雪山攀登四姑娘山二峰攀登（4日行程）",
    "money": "1580",
    "date": "09/22",
    "city": "成都"
  },
  {
    "url": "http://hd.8264.com/xianlu-169963",
    "img": "http://img.qunawan.com/ecmme/wan/xl/goods/20170804/201708040945513648_listfull.png",
    "title": "朝圣三日 佛国色达五明佛学院（3日行程）",
    "money": "450",
    "date": "09/22",
    "city": "成都"
  },
  {
    "url": "http://hd.8264.com/xianlu-169961",
    "img": "http://img.qunawan.com/ecmme/wan/xl/goods/20170804/201708040925222907_listfull.jpg",
    "title": "越野丙察察进藏 独龙江 丙中洛 原始风光（10日行程）",
    "money": "4600",
    "date": "09/27",
    "city": "昆明"
  },
  {
    "url": "http://hd.8264.com/xianlu-169960",
    "img": "http://img.qunawan.com/ecmme/wan/xl/goods/20170804/201708040931585416_listfull.png",
    "title": "四季山水 清凉毕棚沟 甘堡藏寨（2日行程）",
    "money": "288",
    "date": "09/22",
    "city": "成都"
  },
  {
    "url": "http://hd.8264.com/xianlu-169958",
    "img": "http://img.qunawan.com/ecmme/wan/xl/goods/20170804/201708040926515465_listfull.png",
    "title": "四姑娘山纯玩游 无自费（2日行程）",
    "money": "368",
    "date": "09/22",
    "city": "成都"
  },
  {
    "url": "http://hd.8264.com/xianlu-169957",
    "img": "http://img.qunawan.com/ecmme/wan/xl/goods/20170804/201708040902386677_listfull.jpg",
    "title": "国庆深秋 蜀山之王大环线穿越 穿越挑战极限（8日行程）",
    "money": "2880",
    "date": "09/23",
    "city": "成都"
  },
  {
    "url": "http://hd.8264.com/xianlu-169952",
    "img": "http://img.qunawan.com/ecmme/wan/xl/goods/20170803/201708032203112797_listfull.jpg",
    "title": "十大经典徒步穿越线路 四姑娘山长坪沟穿越毕棚沟 长穿毕（5日行程）",
    "money": "2480",
    "date": "09/23",
    "city": "成都"
  },
  {
    "url": "http://hd.8264.com/xianlu-169950",
    "img": "http://img.qunawan.com/ecmme/wan/xl/goods/20170803/201708032147049659_listfull.jpg",
    "title": "迷失的香巴拉 格聂神山大环线经典徒步穿越（11日行程）",
    "money": "5800",
    "date": "09/30",
    "city": "成都"
  },
  {
    "url": "http://hd.8264.com/xianlu-169940",
    "img": "http://img.qunawan.com/ecmme/wan/xl/goods/20170803/201708031651177402_listfull.jpg",
    "title": "世界第十高峰尼泊尔鱼尾峰安娜普尔纳大本营ABC 喜马拉雅徒步（11日行程）",
    "money": "3900",
    "date": "09/23",
    "city": "加德"
  },
  {
    "url": "http://hd.8264.com/xianlu-169935",
    "img": "http://img.qunawan.com/ecmme/wan/xl/goods/20170803/201708031549478057_listfull.jpg",
    "title": "国庆节深秋 穿越佛国净土 色达稻城亚丁经典深度之旅（8日行程）",
    "money": "3580",
    "date": "09/22",
    "city": "成都"
  },
  {
    "url": "http://hd.8264.com/xianlu-169931",
    "img": "http://img.qunawan.com/ecmme/wan/xl/goods/20170803/201708031522437296_listfull.jpg",
    "title": "昆明 彝人部落 大理 双廊洱海 丽江 泸沽湖 香格里拉环线（7日行程）",
    "money": "2880",
    "date": "09/23",
    "city": "昆明"
  },
  {
    "url": "http://hd.8264.com/xianlu-169929",
    "img": "http://img.qunawan.com/ecmme/wan/xl/goods/20170803/201708031521406302_listfull.jpg",
    "title": "国庆节深秋 探访苦修密地 走进佛国世界色达 亚青寺 甘孜之旅（7日行程）",
    "money": "3280",
    "date": "10/01",
    "city": "成都"
  },
  {
    "url": "http://hd.8264.com/xianlu-170204",
    "img": "http://img.qunawan.com/ecmme/wan/xl/goods/20170811/201708111358393179_listfull.png",
    "title": "四姑娘山长坪沟徒步 大峰攀登（5日行程）",
    "money": "1980",
    "date": "09/22",
    "city": "成都"
  },
  {
    "url": "http://hd.8264.com/xianlu-169924",
    "img": "http://img.qunawan.com/ecmme/wan/xl/goods/20170803/201708031442086390_listfull.jpg",
    "title": "稻城亚丁那么美 趁年华正好一定要去看（8日行程）",
    "money": "1980",
    "date": "09/22",
    "city": "成都"
  },
  {
    "url": "http://hd.8264.com/xianlu-169916",
    "img": "http://img.qunawan.com/ecmme/wan/xl/goods/20170816/201708161101504997_listfull.jpg",
    "title": "走进摄人心魄的佛国世界色达 年保玉则 塔公日落 新都桥（6日行程）",
    "money": "3280",
    "date": "09/22",
    "city": "成都"
  },
  {
    "url": "http://hd.8264.com/xianlu-169904",
    "img": "http://img.qunawan.com/ecmme/wan/xl/goods/20170906/201709061432249569_listfull.jpg",
    "title": "国庆节深秋 四姑娘山长坪沟穿越毕棚沟 中国十大经典徒步线路（5日行程）",
    "money": "2480",
    "date": "09/30",
    "city": "成都"
  }
]