[
  {
    "url": "http://hd.8264.com/xianlu-169901",
    "img": "http://img.qunawan.com/ecmme/wan/xl/goods/20170803/201708031142489804_listfull.jpg",
    "title": "四姑娘二峰攀登 值得攀登的雪山（5日行程）",
    "money": "2480",
    "date": "09/30",
    "city": "成都"
  },
  {
    "url": "http://hd.8264.com/xianlu-169900",
    "img": "http://img.qunawan.com/ecmme/wan/xl/goods/20170803/201708031139559223_listfull.jpg",
    "title": "国庆节深秋 海螺沟 稻城亚丁 丹巴藏寨 四姑娘山环线深度游（8日行程）",
    "money": "3180",
    "date": "09/23",
    "city": "成都"
  },
  {
    "url": "http://hd.8264.com/xianlu-171578",
    "img": "http://img.qunawan.com/ecmme/wan/xl/goods/20170906/201709061506552544_listfull.jpg",
    "title": "国庆深秋 十大经典徒步线路之 四姑娘山长坪沟穿越毕棚沟探秘（5日行程）",
    "money": "2480",
    "date": "09/30",
    "city": "成都"
  },
  {
    "url": "http://hd.8264.com/xianlu-169889",
    "img": "http://img.qunawan.com/ecmme/wan/xl/goods/20170803/201708031057273373_listfull.jpg",
    "title": "霸王花海睡在云端和星星说情话体验游（2日行程）",
    "money": "360",
    "date": "09/22",
    "city": "成都"
  },
  {
    "url": "http://hd.8264.com/xianlu-169909",
    "img": "http://img.qunawan.com/ecmme/wan/xl/goods/20170803/201708031300509073_listfull.jpg",
    "title": "国庆哈巴雪山 一比一高山协作 两次登顶机会（6日行程）",
    "money": "3380",
    "date": "10/01",
    "city": "丽江"
  },
  {
    "url": "http://hd.8264.com/xianlu-169887",
    "img": "http://img.qunawan.com/ecmme/wan/xl/goods/20170803/201708031037588005_listfull.jpg",
    "title": "假期定制 亲子休闲 大理 丽江 香格里拉 泸沽湖深度独立团（7日行程）",
    "money": "3180",
    "date": "09/22",
    "city": "丽江"
  },
  {
    "url": "http://hd.8264.com/xianlu-169877",
    "img": "http://img.qunawan.com/ecmme/wan/xl/goods/20170803/201708030936123174_listfull.jpg",
    "title": "七藏沟 长海子 草海 红星海子 鱼海子徒步穿越（6日行程）",
    "money": "2680",
    "date": "09/30",
    "city": "成都"
  },
  {
    "url": "http://hd.8264.com/xianlu-169876",
    "img": "http://img.qunawan.com/ecmme/wan/xl/goods/20170803/201708030932271122_listfull.jpg",
    "title": "国庆深秋 海螺沟 稻城亚丁 丹巴 四姑娘山环线深度行摄（9日行程）",
    "money": "3180",
    "date": "09/23",
    "city": "成都"
  },
  {
    "url": "http://hd.8264.com/xianlu-169868",
    "img": "http://img.qunawan.com/ecmme/wan/xl/goods/20170802/201708021818115630_listfull.jpg",
    "title": "腾格里沙漠越野车 徒步穿越无人区纯户外活动（2日行程）",
    "money": "980",
    "date": "09/22",
    "city": "中卫"
  },
  {
    "url": "http://hd.8264.com/xianlu-169879",
    "img": "http://img.qunawan.com/ecmme/wan/xl/goods/20170803/201708031006529007_listfull.jpg",
    "title": "玛嘉沟游 阿坝州小金县（2日行程）",
    "money": "3780",
    "date": "09/22",
    "city": "成都"
  },
  {
    "url": "http://hd.8264.com/xianlu-169863",
    "img": "http://img.qunawan.com/ecmme/wan/xl/goods/20170802/201708021736282903_listfull.jpg",
    "title": "探秘世界第十高峰 尼泊尔 布恩山 安纳普尔纳登山大本营ABC（13日行程）",
    "money": "4580",
    "date": "09/23",
    "city": "加德"
  },
  {
    "url": "http://hd.8264.com/xianlu-169862",
    "img": "http://img.qunawan.com/ecmme/wan/xl/goods/20170802/201708021729362480_listfull.jpg",
    "title": "尼泊尔 布恩山 安纳普尔纳登山大本营ABC 徒步喜马拉雅（13日行程）",
    "money": "4580",
    "date": "09/23",
    "city": "加德"
  },
  {
    "url": "http://hd.8264.com/xianlu-169848",
    "img": "http://img.qunawan.com/ecmme/wan/xl/goods/20170802/201708021003373494_listfull.png",
    "title": "自驾房车 相约胡杨林（6日行程）",
    "money": "3200",
    "date": "10/11",
    "city": "酒泉"
  },
  {
    "url": "http://hd.8264.com/xianlu-171105",
    "img": "http://img.qunawan.com/ecmme/wan/xl/goods/20170830/201708301108249355_listfull.png",
    "title": "朝圣之旅 稻城亚丁 色达（7日行程）",
    "money": "3500",
    "date": "09/22",
    "city": "成都"
  },
  {
    "url": "http://hd.8264.com/xianlu-169827",
    "img": "http://img.qunawan.com/ecmme/wan/xl/goods/20170801/201708011809272758_listfull.jpg",
    "title": "色达亚青寺 走进佛国世界色达 亚青寺 甘孜之旅（8日行程）",
    "money": "3280",
    "date": "10/01",
    "city": "成都"
  },
  {
    "url": "http://hd.8264.com/xianlu-169816",
    "img": "http://img.qunawan.com/ecmme/wan/xl/goods/20170801/201708011638299524_listfull.jpg",
    "title": "2017雪山盛宴 四姑娘山长坪沟徒步适应高海拔 二峰攀登（6日行程）",
    "money": "2480",
    "date": "09/30",
    "city": "成都"
  },
  {
    "url": "http://hd.8264.com/xianlu-169802",
    "img": "http://img.qunawan.com/ecmme/wan/xl/goods/20170801/201708011411272243_listfull.jpg",
    "title": "成都出发越野车 商务车 中巴车 大巴车旅游租车自驾租车（1日行程）",
    "money": "500",
    "date": "09/22",
    "city": "成都"
  },
  {
    "url": "http://hd.8264.com/xianlu-169811",
    "img": "http://img.qunawan.com/ecmme/wan/xl/goods/20170801/201708011534435612_listfull.jpg",
    "title": "丽江 成都出发 周周发队 稻城亚丁 纯玩游（6日行程）",
    "money": "2880",
    "date": "09/22",
    "city": "成都"
  },
  {
    "url": "http://hd.8264.com/xianlu-169808",
    "img": "http://img.qunawan.com/ecmme/wan/xl/goods/20170801/201708011111412938_listfull.jpg",
    "title": "川西线 成都出发到色达稻城亚丁 拼车包车自由行（8日行程）",
    "money": "2000",
    "date": "09/26",
    "city": "成都"
  },
  {
    "url": "http://hd.8264.com/xianlu-169970",
    "img": "http://img.qunawan.com/ecmme/wan/xl/goods/20170804/201708041032579010_listfull.jpg",
    "title": "2017 四姑娘山大峰初级入门级雪山攀登活动（4日行程）",
    "money": "1380",
    "date": "09/22",
    "city": "成都"
  }
]