[
  {
    "url": "http://hd.8264.com/xianlu-169767",
    "img": "http://img.qunawan.com/ecmme/wan/xl/goods/20170731/201707312233126443_listfull.jpg",
    "title": "云上哈巴领航寻觅香格里拉中的秘境徒步摄影之旅（8日行程）",
    "money": "3680",
    "date": "09/22",
    "city": "丽江"
  },
  {
    "url": "http://hd.8264.com/xianlu-169764",
    "img": "http://img.qunawan.com/ecmme/wan/xl/goods/20170731/201707312157156564_listfull.jpg",
    "title": "额济纳金秋 摄影 仙米彩林 额济纳胡杨林 张掖 金塔 嘉峪关（7日行程）",
    "money": "3980",
    "date": "09/29",
    "city": "西宁"
  },
  {
    "url": "http://hd.8264.com/xianlu-169760",
    "img": "http://img.qunawan.com/ecmme/wan/xl/goods/20170731/201707312102164784_listfull.jpg",
    "title": "伊犁环线（6日行程）",
    "money": "4280",
    "date": "09/22",
    "city": "乌鲁"
  },
  {
    "url": "http://hd.8264.com/xianlu-169757",
    "img": "http://img.qunawan.com/ecmme/wan/xl/goods/20170731/201707312045231718_listfull.jpg",
    "title": "大美风情南疆之金秋大漠胡杨 帕米尔高原行（11日行程）",
    "money": "4880",
    "date": "10/14",
    "city": "乌鲁"
  },
  {
    "url": "http://hd.8264.com/xianlu-169749",
    "img": "http://img.qunawan.com/ecmme/wan/xl/goods/20170731/201707311803089014_listfull.jpg",
    "title": "香格里拉（2日行程）",
    "money": "890",
    "date": "09/22",
    "city": "丽江"
  },
  {
    "url": "http://hd.8264.com/xianlu-169746",
    "img": "http://img.qunawan.com/ecmme/wan/xl/goods/20170731/201707311738211597_listfull.jpg",
    "title": "致多彩年华 四姑娘山长坪沟大峰攀登（5日行程）",
    "money": "1980",
    "date": "09/22",
    "city": "成都"
  },
  {
    "url": "http://hd.8264.com/xianlu-169730",
    "img": "http://img.qunawan.com/ecmme/wan/xl/goods/20170731/201707311525286721_listfull.jpg",
    "title": "贵州全景 秘境茂兰 荔波 镇远 西江苗寨 黄果树（9日行程）",
    "money": "3980",
    "date": "09/22",
    "city": "贵阳"
  },
  {
    "url": "http://hd.8264.com/xianlu-169725",
    "img": "http://img.qunawan.com/ecmme/wan/xl/goods/20170731/201707311418166618_listfull.jpg",
    "title": "净土之旅 稻城亚丁佛国色达（7日行程）",
    "money": "2180",
    "date": "09/22",
    "city": "成都"
  },
  {
    "url": "http://hd.8264.com/xianlu-169721",
    "img": "http://img.qunawan.com/ecmme/wan/xl/goods/20170731/201707311110423466_listfull.jpg",
    "title": "川进 天青出 大好风光一览无余（17日行程）",
    "money": "4000",
    "date": "09/23",
    "city": "成都"
  },
  {
    "url": "http://hd.8264.com/xianlu-169720",
    "img": "http://img.qunawan.com/ecmme/wan/xl/goods/20170731/201707311325548469_listfull.jpg",
    "title": "个性定制 昆明 大理 丽江 泸沽湖品质游（8日行程）",
    "money": "2190",
    "date": "09/22",
    "city": "昆明"
  },
  {
    "url": "http://hd.8264.com/xianlu-169718",
    "img": "http://img.qunawan.com/ecmme/wan/xl/goods/20170731/201707311308306812_listfull.jpg",
    "title": "可定制 昆明 大理 丽江 精品品质游（6日行程）",
    "money": "1550",
    "date": "09/22",
    "city": "昆明"
  },
  {
    "url": "http://hd.8264.com/xianlu-169905",
    "img": "http://img.qunawan.com/ecmme/wan/xl/goods/20170803/201708031151519565_listfull.jpg",
    "title": "徒步中国最原始村落雨崩村 寻找香巴拉 虎跳峡 朝圣梅里雪山（7日行程）",
    "money": "2180",
    "date": "09/22",
    "city": "丽江"
  },
  {
    "url": "http://hd.8264.com/xianlu-169699",
    "img": "http://img.qunawan.com/ecmme/wan/xl/goods/20170729/201707292155352307_listfull.jpg",
    "title": "风花雪月大理 茶马古道丽江 世外桃源香格里拉双飞游 可定制（7日行程）",
    "money": "1980",
    "date": "09/22",
    "city": "南京"
  },
  {
    "url": "http://hd.8264.com/xianlu-169698",
    "img": "http://img.qunawan.com/ecmme/wan/xl/goods/20170729/201707292152399857_listfull.jpg",
    "title": "昆明 芒市 腾冲 瑞丽 大理品质游 可定制（6日行程）",
    "money": "990",
    "date": "09/22",
    "city": "天津"
  },
  {
    "url": "http://hd.8264.com/xianlu-169696",
    "img": "http://img.qunawan.com/ecmme/wan/xl/goods/20170731/201707311300547674_listfull.jpg",
    "title": "昆明 石林 大理 丽江精品游 可定制（6日行程）",
    "money": "1750",
    "date": "09/22",
    "city": "昆明"
  },
  {
    "url": "http://hd.8264.com/xianlu-169694",
    "img": "http://img.qunawan.com/ecmme/wan/xl/goods/20170729/201707291726239943_listfull.jpg",
    "title": "兰州敦煌（3日行程）",
    "money": "1320",
    "date": "09/22",
    "city": "酒泉"
  },
  {
    "url": "http://hd.8264.com/xianlu-169688",
    "img": "http://img.qunawan.com/ecmme/wan/xl/goods/20170814/201708141157425437_listfull.jpg",
    "title": "金秋喀纳斯 品质环线舒适慢旅 可可托海 禾木白哈巴魔鬼城（11日行程）",
    "money": "5580",
    "date": "09/22",
    "city": "乌鲁"
  },
  {
    "url": "http://hd.8264.com/xianlu-169684",
    "img": "http://img.qunawan.com/ecmme/wan/xl/goods/20170729/201707291220022754_listfull.jpg",
    "title": "暑假 勇士之家 云上哈巴领航黑海湖徒步哈巴雪山攀登计划（6日行程）",
    "money": "3480",
    "date": "09/22",
    "city": "丽江"
  },
  {
    "url": "http://hd.8264.com/xianlu-169679",
    "img": "http://img.qunawan.com/ecmme/wan/xl/goods/20170728/201707281916011468_listfull.jpg",
    "title": "昆明 腾冲 瑞丽五日游 可定制（5日行程）",
    "money": "200",
    "date": "09/22",
    "city": "无锡"
  },
  {
    "url": "http://hd.8264.com/xianlu-169674",
    "img": "http://img.qunawan.com/ecmme/wan/xl/goods/20170728/201707281622458859_listfull.jpg",
    "title": "丽江 冰川公园 大索道 泸沽湖纯玩游 可定制（5日行程）",
    "money": "300",
    "date": "09/22",
    "city": "无锡"
  }
]