[
  {
    "url": "http://hd.8264.com/xianlu-4209",
    "img": "http://img.qunawan.com/ecmme/wan/xl/goods/20161008/201610081039498278_listfull.jpg",
    "title": "云南丽江出发 梅里雪山 徙步雨崩 香格里拉（6日行程）",
    "money": "1600",
    "date": "09/24",
    "city": "丽江"
  },
  {
    "url": "http://hd.8264.com/xianlu-171759",
    "img": "http://img.qunawan.com/ecmme/wan/xl/goods/20170911/201709111243314767_listfull.jpg",
    "title": "西藏阿里大北线探险之旅 冈仁波齐转山 珠峰 双湖 深度纯玩（16日行程）",
    "money": "6600",
    "date": "09/24",
    "city": "拉萨"
  },
  {
    "url": "http://hd.8264.com/xianlu-169558",
    "img": "http://img.qunawan.com/ecmme/wan/xl/goods/20170726/201707261959219794_listfull.jpg",
    "title": "2017最后的丙察察 走最烂的路看最美的风景（9日行程）",
    "money": "4600",
    "date": "09/27",
    "city": "昆明"
  },
  {
    "url": "http://hd.8264.com/xianlu-169170",
    "img": "http://img.qunawan.com/ecmme/wan/xl/goods/20170718/201707181127589492_listfull.jpg",
    "title": "丝绸之路 张掖丹霞 莫高窟 鸣沙山月牙泉 青海湖 雅丹魔鬼城（9日行程）",
    "money": "3980",
    "date": "09/23",
    "city": "兰州"
  },
  {
    "url": "http://hd.8264.com/xianlu-164063",
    "img": "http://img.qunawan.com/ecmme/wan/xl/goods/20170622/201706221408202219_listfull.jpg",
    "title": "蜀山之王 贡嘎转山 贡嘎全线穿越挑战极限（7日行程）",
    "money": "2880",
    "date": "09/24",
    "city": "成都"
  },
  {
    "url": "http://hd.8264.com/xianlu-161847",
    "img": "http://img.qunawan.com/ecmme/wan/xl/goods/20170409/201704091517391465_listfull.jpg",
    "title": "攀登四姑娘山二峰加长坪沟穿越毕棚沟（6日行程）",
    "money": "3000",
    "date": "09/23",
    "city": "成都"
  },
  {
    "url": "http://hd.8264.com/xianlu-171791",
    "img": "http://img.qunawan.com/ecmme/wan/xl/goods/20170911/201709111705536040_listfull.jpg",
    "title": "朝拜蜀山之王 贡嘎西南坡徒步穿越 无露营 贡嘎专业户（6日行程）",
    "money": "2580",
    "date": "09/30",
    "city": "成都"
  },
  {
    "url": "http://hd.8264.com/xianlu-164260",
    "img": "http://img.qunawan.com/ecmme/wan/xl/goods/20170509/201705091752464634_listfull.jpg",
    "title": "四姑娘山长坪沟穿越毕棚沟中国十大经典徒步线路之一（5日行程）",
    "money": "2280",
    "date": "09/22",
    "city": "成都"
  },
  {
    "url": "http://hd.8264.com/xianlu-154281",
    "img": "http://img.qunawan.com/ecmme/wan/xl/goods/20170103/201701031019048019_listfull.jpg",
    "title": "金秋额济纳旗胡杨林 青海湖 祁连 张掖 嘉峪关（7日行程）",
    "money": "3680",
    "date": "09/25",
    "city": "西宁"
  },
  {
    "url": "http://hd.8264.com/xianlu-141536",
    "img": "http://img.qunawan.com/ecmme/wan/xl/goods/20170911/201709111336506262_listfull.jpg",
    "title": "成都踏寻户外四姑娘山长坪沟徒步适应高海拔 二峰攀登（6日行程）",
    "money": "2280",
    "date": "09/22",
    "city": "成都"
  },
  {
    "url": "http://hd.8264.com/xianlu-122273",
    "img": "http://img.qunawan.com/ecmme/wan/xl/goods/20170606/201706061323543239_listfull.jpg",
    "title": "天天发团 远征腾格里沙漠 五湖连穿 轻装徒步 摄影 交友（4日行程）",
    "money": "2680",
    "date": "09/22",
    "city": "银川"
  },
  {
    "url": "http://hd.8264.com/xianlu-170669",
    "img": "http://img.qunawan.com/ecmme/wan/xl/goods/20170822/201708221117599897_listfull.jpg",
    "title": "西部穿越 贡嘎山全线穿越挑战极限之旅 贡嘎山完美穿越（7日行程）",
    "money": "2880",
    "date": "09/23",
    "city": "成都"
  },
  {
    "url": "http://hd.8264.com/xianlu-166557",
    "img": "http://img.qunawan.com/ecmme/wan/xl/goods/20170608/201706081458021369_listfull.jpg",
    "title": "色达 稻城亚丁 新都桥拼车自由行（8日行程）",
    "money": "1980",
    "date": "09/22",
    "city": "成都"
  },
  {
    "url": "http://hd.8264.com/xianlu-160040",
    "img": "http://img.qunawan.com/ecmme/wan/xl/goods/20170314/201703141706195994_listfull.jpg",
    "title": "色达五明佛学院 稻城亚丁川西环线经典纯玩（8日行程）",
    "money": "3280",
    "date": "09/22",
    "city": "成都"
  },
  {
    "url": "http://hd.8264.com/xianlu-171908",
    "img": "http://img.qunawan.com/ecmme/wan/xl/goods/20170913/201709131816574234_listfull.jpeg",
    "title": "川西大秘境之 措卡湖（9日行程）",
    "money": "5689",
    "date": "09/22",
    "city": "成都"
  },
  {
    "url": "http://hd.8264.com/xianlu-171864",
    "img": "http://img.qunawan.com/ecmme/wan/xl/goods/20170913/201709130920084767_listfull.jpg",
    "title": "成都出发色达 稻城亚丁 丹巴小环线（8日行程）",
    "money": "1200",
    "date": "09/22",
    "city": "成都"
  },
  {
    "url": "http://hd.8264.com/xianlu-157172",
    "img": "http://img.qunawan.com/ecmme/wan/xl/goods/20170213/201702131508274630_listfull.jpg",
    "title": "朝圣梅里雪山 徒步雨崩（6日行程）",
    "money": "1680",
    "date": "09/22",
    "city": "丽江"
  },
  {
    "url": "http://hd.8264.com/xianlu-156780",
    "img": "http://img.qunawan.com/ecmme/wan/xl/goods/20170207/201702072153594755_listfull.jpg",
    "title": "大美之旅 香格里拉 梅里雪山 女儿国泸沽湖之行（6日行程）",
    "money": "2380",
    "date": "09/24",
    "city": "丽江"
  },
  {
    "url": "http://hd.8264.com/xianlu-171785",
    "img": "http://img.qunawan.com/ecmme/wan/xl/goods/20170911/201709111644454147_listfull.jpg",
    "title": "走进摄人心魄的佛国世界色达 年保玉则 塔公日落 新都桥环线（7日行程）",
    "money": "3280",
    "date": "09/30",
    "city": "成都"
  },
  {
    "url": "http://hd.8264.com/xianlu-171641",
    "img": "http://img.qunawan.com/ecmme/wan/xl/goods/20170907/201709071436201950_listfull.jpg",
    "title": "新都桥 稻城亚丁拼车自由行（6日行程）",
    "money": "1600",
    "date": "09/22",
    "city": "成都"
  }
]