[
  {
    "url": "http://hd.8264.com/xianlu-169672",
    "img": "http://img.qunawan.com/ecmme/wan/xl/goods/20170728/201707281613473953_listfull.jpg",
    "title": "风花雪月大理 醉美玉龙雪山双飞游 可定制（5日行程）",
    "money": "300",
    "date": "09/22",
    "city": "天津"
  },
  {
    "url": "http://hd.8264.com/xianlu-169670",
    "img": "http://img.qunawan.com/ecmme/wan/xl/goods/20170728/201707281559088211_listfull.jpg",
    "title": "海螺沟 稻城亚丁 丹巴藏寨 四姑娘山环线深度行摄（8日行程）",
    "money": "3180",
    "date": "09/23",
    "city": "成都"
  },
  {
    "url": "http://hd.8264.com/xianlu-169664",
    "img": "http://img.qunawan.com/ecmme/wan/xl/goods/20170728/201707281530076962_listfull.jpg",
    "title": "佛国世界色达 亚青寺 行摄（7日行程）",
    "money": "3680",
    "date": "10/01",
    "city": "成都"
  },
  {
    "url": "http://hd.8264.com/xianlu-169659",
    "img": "http://img.qunawan.com/ecmme/wan/xl/goods/20170728/201707281405051936_listfull.jpg",
    "title": "纯玩丽江 拉市海 大理 双廊双卧游 可定制（5日行程）",
    "money": "300",
    "date": "09/22",
    "city": "青岛"
  },
  {
    "url": "http://hd.8264.com/xianlu-169653",
    "img": "http://img.qunawan.com/ecmme/wan/xl/goods/20170728/201707281130225035_listfull.jpg",
    "title": "版纳 野象谷 原始森林 热带花卉园休闲游 可定制（4日行程）",
    "money": "300",
    "date": "09/22",
    "city": "宁波"
  },
  {
    "url": "http://hd.8264.com/xianlu-169652",
    "img": "http://img.qunawan.com/ecmme/wan/xl/goods/20170728/201707281101531233_listfull.jpg",
    "title": "西双版纳大巴精品游 可定制（4日行程）",
    "money": "300",
    "date": "09/22",
    "city": "乌兰"
  },
  {
    "url": "http://hd.8264.com/xianlu-169648",
    "img": "http://img.qunawan.com/ecmme/wan/xl/goods/20170728/201707281059006648_listfull.jpg",
    "title": "独家路线 探秘高黎贡山 贡山穿越独龙江（10日行程）",
    "money": "6800",
    "date": "10/01",
    "city": "昆明"
  },
  {
    "url": "http://hd.8264.com/xianlu-169661",
    "img": "http://img.qunawan.com/ecmme/wan/xl/goods/20170728/201707281515579480_listfull.jpg",
    "title": "四姑娘山二峰攀登尝试第一次雪山技术攀登（4日行程）",
    "money": "1580",
    "date": "09/22",
    "city": "成都"
  },
  {
    "url": "http://hd.8264.com/xianlu-169631",
    "img": "http://img.qunawan.com/ecmme/wan/xl/goods/20170727/201707272012496193_listfull.jpg",
    "title": "版纳野象谷 原始森林公园双飞游 可定制（3日行程）",
    "money": "300",
    "date": "09/22",
    "city": "苏州"
  },
  {
    "url": "http://hd.8264.com/xianlu-169645",
    "img": "http://img.qunawan.com/ecmme/wan/xl/goods/20170728/201707281029497997_listfull.jpg",
    "title": "升级版 畅享版纳 万达 可定制（4日行程）",
    "money": "300",
    "date": "09/22",
    "city": "北京"
  },
  {
    "url": "http://hd.8264.com/xianlu-169626",
    "img": "http://img.qunawan.com/ecmme/wan/xl/goods/20170727/201707271750299949_listfull.jpg",
    "title": "国道 318川藏南线 稻城亚丁行摄（11日行程）",
    "money": "6800",
    "date": "09/22",
    "city": "成都"
  },
  {
    "url": "http://hd.8264.com/xianlu-169625",
    "img": "http://img.qunawan.com/ecmme/wan/xl/goods/20170727/201707271730085012_listfull.jpg",
    "title": "穿越佛国净土 色达稻城亚丁经典行摄（9日行程）",
    "money": "3580",
    "date": "09/22",
    "city": "成都"
  },
  {
    "url": "http://hd.8264.com/xianlu-169621",
    "img": "http://img.qunawan.com/ecmme/wan/xl/goods/20170822/201708221733267407_listfull.jpg",
    "title": "四姑娘山长坪沟穿越毕棚 中国十大经典徒步线路之一（5日行程）",
    "money": "2480",
    "date": "09/30",
    "city": "成都"
  },
  {
    "url": "http://hd.8264.com/xianlu-169620",
    "img": "http://img.qunawan.com/ecmme/wan/xl/goods/20170727/201707271640153412_listfull.jpg",
    "title": "贡嘎大环线穿越 贡嘎专业户（7日行程）",
    "money": "2880",
    "date": "09/23",
    "city": "成都"
  },
  {
    "url": "http://hd.8264.com/xianlu-169617",
    "img": "http://img.qunawan.com/ecmme/wan/xl/goods/20170727/201707271634562754_listfull.jpg",
    "title": "朝拜蜀山之王 贡嘎西南坡徒步穿越 无露营（5日行程）",
    "money": "2280",
    "date": "09/30",
    "city": "成都"
  },
  {
    "url": "http://hd.8264.com/xianlu-169615",
    "img": "http://img.qunawan.com/ecmme/wan/xl/goods/20170727/201707271604266988_listfull.jpg",
    "title": "秘境七藏沟 九寨后花园徒步穿越（7日行程）",
    "money": "2680",
    "date": "09/30",
    "city": "成都"
  },
  {
    "url": "http://hd.8264.com/xianlu-169622",
    "img": "http://img.qunawan.com/ecmme/wan/xl/goods/20170822/201708221740195471_listfull.jpg",
    "title": "四姑娘山长坪沟徒步 二峰攀登 挑战极限（5日行程）",
    "money": "2480",
    "date": "09/30",
    "city": "成都"
  },
  {
    "url": "http://hd.8264.com/xianlu-169595",
    "img": "http://img.qunawan.com/ecmme/wan/xl/goods/20170727/201707271258065569_listfull.jpg",
    "title": "昆明 石林豪华大巴游 可定制（2日行程）",
    "money": "380",
    "date": "09/22",
    "city": "昆明"
  },
  {
    "url": "http://hd.8264.com/xianlu-169589",
    "img": "http://img.qunawan.com/ecmme/wan/xl/goods/20170822/201708221742373332_listfull.jpg",
    "title": "圣境甘南 拉卜楞寺 扎尕那 郎木寺 花湖 九曲 年宝玉则（7日行程）",
    "money": "2680",
    "date": "09/23",
    "city": "兰州"
  },
  {
    "url": "http://hd.8264.com/xianlu-169597",
    "img": "http://img.qunawan.com/ecmme/wan/xl/goods/20170727/201707271334311028_listfull.jpg",
    "title": "丽江 冰川公园 大索道纯玩游 可定制（3日行程）",
    "money": "200",
    "date": "09/22",
    "city": "廊坊"
  }
]