[
  {
    "url": "http://hd.8264.com/xianlu-169562",
    "img": "http://img.qunawan.com/ecmme/wan/xl/goods/20170727/201707271244073810_listfull.jpg",
    "title": "石林 九乡 七彩云南 可定制（1日行程）",
    "money": "350",
    "date": "09/22",
    "city": "苏州"
  },
  {
    "url": "http://hd.8264.com/xianlu-169561",
    "img": "http://img.qunawan.com/ecmme/wan/xl/goods/20170726/201707262015235450_listfull.jpg",
    "title": "川藏线 青藏线 川进青出（16日行程）",
    "money": "4800",
    "date": "09/23",
    "city": "成都"
  },
  {
    "url": "http://hd.8264.com/xianlu-169535",
    "img": "http://img.qunawan.com/ecmme/wan/xl/goods/20170726/201707261544076631_listfull.jpg",
    "title": "探秘高黎贡山 贡山穿越独龙江 近距离接触野生动物（10日行程）",
    "money": "6800",
    "date": "10/01",
    "city": "昆明"
  },
  {
    "url": "http://hd.8264.com/xianlu-169528",
    "img": "http://img.qunawan.com/ecmme/wan/xl/goods/20170726/201707261419213208_listfull.jpg",
    "title": "世界自然遗产 石林 可定制（1日行程）",
    "money": "280",
    "date": "09/22",
    "city": "昆明"
  },
  {
    "url": "http://hd.8264.com/xianlu-169497",
    "img": "http://img.qunawan.com/ecmme/wan/xl/goods/20170725/201707251645063989_listfull.jpg",
    "title": "四姑娘大峰 二峰连登（5日行程）",
    "money": "2580",
    "date": "09/22",
    "city": "成都"
  },
  {
    "url": "http://hd.8264.com/xianlu-169484",
    "img": "http://img.qunawan.com/ecmme/wan/xl/goods/20170725/201707251536169883_listfull.jpg",
    "title": "诗意莫斯卡 醉美甲居藏寨轻装徒步（3日行程）",
    "money": "980",
    "date": "09/22",
    "city": "成都"
  },
  {
    "url": "http://hd.8264.com/xianlu-169509",
    "img": "http://img.qunawan.com/ecmme/wan/xl/goods/20170726/201707260926013179_listfull.jpg",
    "title": "极致金秋 胡杨礼赞（9日行程）",
    "money": "3680",
    "date": "09/23",
    "city": "兰州"
  },
  {
    "url": "http://hd.8264.com/xianlu-169469",
    "img": "http://img.qunawan.com/ecmme/wan/xl/goods/20170905/201709051031145887_listfull.jpg",
    "title": "踏寻户外中国十大经典徒步线路之一 四姑娘山长坪沟穿越毕棚沟（5日行程）",
    "money": "2280",
    "date": "09/22",
    "city": "成都"
  },
  {
    "url": "http://hd.8264.com/xianlu-169456",
    "img": "http://img.qunawan.com/ecmme/wan/xl/goods/20170724/201707242200586976_listfull.jpg",
    "title": "七彩丹霞 美轮美奂 青海湖 茶卡盐湖 祁连 张掖（4日行程）",
    "money": "730",
    "date": "09/22",
    "city": "安庆"
  },
  {
    "url": "http://hd.8264.com/xianlu-169442",
    "img": "http://img.qunawan.com/ecmme/wan/xl/goods/20170724/201707241552545972_listfull.jpg",
    "title": "深度摄影 毕棚沟 桃坪羌寨休闲纯玩（2日行程）",
    "money": "420",
    "date": "09/22",
    "city": "成都"
  },
  {
    "url": "http://hd.8264.com/xianlu-169449",
    "img": "http://img.qunawan.com/ecmme/wan/xl/goods/20170724/201707241649366121_listfull.jpg",
    "title": "徒步 四姑娘山长坪沟 二峰登山 户外纯玩团（6日行程）",
    "money": "2480",
    "date": "09/30",
    "city": "成都"
  },
  {
    "url": "http://hd.8264.com/xianlu-169436",
    "img": "http://img.qunawan.com/ecmme/wan/xl/goods/20170724/201707241352383683_listfull.jpg",
    "title": "精彩云贵之旅 万峰林 普者黑 抚仙湖 亲子户外 深度游（7日行程）",
    "money": "3480",
    "date": "09/23",
    "city": "昆明"
  },
  {
    "url": "http://hd.8264.com/xianlu-169429",
    "img": "http://img.qunawan.com/ecmme/wan/xl/goods/20170724/201707241157482138_listfull.jpg",
    "title": "沙溪大理至丽江单行线（2日行程）",
    "money": "680",
    "date": "09/22",
    "city": "大理"
  },
  {
    "url": "http://hd.8264.com/xianlu-169428",
    "img": "http://img.qunawan.com/ecmme/wan/xl/goods/20170724/201707241144167769_listfull.jpg",
    "title": "黎明老君山大理至丽江单行线（1日行程）",
    "money": "480",
    "date": "09/22",
    "city": "大理"
  },
  {
    "url": "http://hd.8264.com/xianlu-169426",
    "img": "http://img.qunawan.com/ecmme/wan/xl/goods/20170724/201707241138092505_listfull.jpg",
    "title": "入门级雪山登顶纯玩极致体验之旅（7日行程）",
    "money": "15800",
    "date": "09/22",
    "city": "丽江"
  },
  {
    "url": "http://hd.8264.com/xianlu-169425",
    "img": "http://img.qunawan.com/ecmme/wan/xl/goods/20170724/201707241134233318_listfull.jpg",
    "title": "黎明老君山大理至丽江单行线住酒店（2日行程）",
    "money": "780",
    "date": "09/22",
    "city": "大理"
  },
  {
    "url": "http://hd.8264.com/xianlu-169420",
    "img": "http://img.qunawan.com/ecmme/wan/xl/goods/20170724/201707241058572312_listfull.jpg",
    "title": "黎明老君山丽江至大理单行线住酒店（2日行程）",
    "money": "780",
    "date": "09/22",
    "city": "丽江"
  },
  {
    "url": "http://hd.8264.com/xianlu-169418",
    "img": "http://img.qunawan.com/ecmme/wan/xl/goods/20170724/201707241056229273_listfull.jpg",
    "title": "入门级雪山登顶纯玩极致体验之旅（4日行程）",
    "money": "5200",
    "date": "09/22",
    "city": "丽江"
  },
  {
    "url": "http://hd.8264.com/xianlu-169414",
    "img": "http://img.qunawan.com/ecmme/wan/xl/goods/20170810/201708101609111591_listfull.jpg",
    "title": "深度体验 四姑娘 稻城亚丁 感受川西最美风光高端户外（9日行程）",
    "money": "3980",
    "date": "09/22",
    "city": "成都"
  },
  {
    "url": "http://hd.8264.com/xianlu-169413",
    "img": "http://img.qunawan.com/ecmme/wan/xl/goods/20170724/201707240937334672_listfull.jpg",
    "title": "蜀山之王 贡嘎山大小环线徒步穿越 小团队出行（7日行程）",
    "money": "2880",
    "date": "09/23",
    "city": "成都"
  }
]