[
  {
    "url": "http://hd.8264.com/xianlu-169409",
    "img": "http://img.qunawan.com/ecmme/wan/xl/goods/20170724/201707240914019134_listfull.jpg",
    "title": "五台山 祈福还愿 两日 周周发团（3日行程）",
    "money": "280",
    "date": "09/22",
    "city": "北京"
  },
  {
    "url": "http://hd.8264.com/xianlu-169404",
    "img": "http://img.qunawan.com/ecmme/wan/xl/goods/20170723/201707232211141258_listfull.jpg",
    "title": "黎明老君山丽江至大理单行线（1日行程）",
    "money": "480",
    "date": "09/22",
    "city": "丽江"
  },
  {
    "url": "http://hd.8264.com/xianlu-169394",
    "img": "http://img.qunawan.com/ecmme/wan/xl/goods/20170723/201707231747341104_listfull.jpg",
    "title": "阿里环线 冈仁波齐转山 双湖摄影探险活动（15日行程）",
    "money": "6400",
    "date": "09/23",
    "city": "拉萨"
  },
  {
    "url": "http://hd.8264.com/xianlu-169393",
    "img": "http://img.qunawan.com/ecmme/wan/xl/goods/20170723/201707231739544405_listfull.jpg",
    "title": "川藏线 青藏线 川进青出 最美318（15日行程）",
    "money": "4800",
    "date": "09/23",
    "city": "成都"
  },
  {
    "url": "http://hd.8264.com/xianlu-169384",
    "img": "http://img.qunawan.com/ecmme/wan/xl/goods/20170722/201707222030012873_listfull.jpg",
    "title": "丙察察进藏 走不一样的路 看最美的风景（10日行程）",
    "money": "4600",
    "date": "09/27",
    "city": "昆明"
  },
  {
    "url": "http://hd.8264.com/xianlu-169381",
    "img": "http://img.qunawan.com/ecmme/wan/xl/goods/20170722/201707221438276861_listfull.jpg",
    "title": "17全年甘南 年宝玉则 大环线 扎尕那村 拉卜楞寺 九曲黄河（7日行程）",
    "money": "3180",
    "date": "09/22",
    "city": "兰州"
  },
  {
    "url": "http://hd.8264.com/xianlu-169378",
    "img": "http://img.qunawan.com/ecmme/wan/xl/goods/20170809/201708091449263319_listfull.jpg",
    "title": "高端定制川藏线 四姑娘山 稻城亚丁 看遍川西（10日行程）",
    "money": "7200",
    "date": "09/22",
    "city": "成都"
  },
  {
    "url": "http://hd.8264.com/xianlu-169375",
    "img": "http://img.qunawan.com/ecmme/wan/xl/goods/20170721/201707211920431513_listfull.jpg",
    "title": "17全年 西藏阿里大环线 岗仁波齐 珠峰 纳木错阿里南线（9日行程）",
    "money": "6380",
    "date": "09/22",
    "city": "拉萨"
  },
  {
    "url": "http://hd.8264.com/xianlu-169364",
    "img": "http://img.qunawan.com/ecmme/wan/xl/goods/20170721/201707211450575582_listfull.jpg",
    "title": "雪山之巅玄武峰双桥沟路线攀登计划（5日行程）",
    "money": "4180",
    "date": "10/13",
    "city": "成都"
  },
  {
    "url": "http://hd.8264.com/xianlu-169360",
    "img": "http://img.qunawan.com/ecmme/wan/xl/goods/20170721/201707211222533162_listfull.jpg",
    "title": "推广价69元从化星溪线 竹林徒步 溯溪玩水 经典线路（1日行程）",
    "money": "69",
    "date": "09/23",
    "city": "广州"
  },
  {
    "url": "http://hd.8264.com/xianlu-169354",
    "img": "http://img.qunawan.com/ecmme/wan/xl/goods/20170721/201707211029477647_listfull.jpeg",
    "title": "呼伦贝尔北线 内蒙古 醉美草原游（6日行程）",
    "money": "2680",
    "date": "09/22",
    "city": "成都"
  },
  {
    "url": "http://hd.8264.com/xianlu-169353",
    "img": "http://img.qunawan.com/ecmme/wan/xl/goods/20170721/201707211025162579_listfull.jpg",
    "title": "大美色达 色达 稻城亚丁经典行摄（9日行程）",
    "money": "3580",
    "date": "09/22",
    "city": "成都"
  },
  {
    "url": "http://hd.8264.com/xianlu-169350",
    "img": "http://img.qunawan.com/ecmme/wan/xl/goods/20170721/201707210919015074_listfull.jpg",
    "title": "深度摄影 海螺沟 稻城亚丁 四姑娘山（9日行程）",
    "money": "3880",
    "date": "09/22",
    "city": "成都"
  },
  {
    "url": "http://hd.8264.com/xianlu-169344",
    "img": "http://img.qunawan.com/ecmme/wan/xl/goods/20170720/201707202148291338_listfull.jpg",
    "title": "雪山初体验 四姑娘三峰攀登（4日行程）",
    "money": "1880",
    "date": "09/22",
    "city": "成都"
  },
  {
    "url": "http://hd.8264.com/xianlu-169340",
    "img": "http://img.qunawan.com/ecmme/wan/xl/goods/20170720/201707202008236867_listfull.jpg",
    "title": "雪山之巅玄武峰长坪沟线路攀登计划（6日行程）",
    "money": "4180",
    "date": "10/13",
    "city": "成都"
  },
  {
    "url": "http://hd.8264.com/xianlu-169338",
    "img": "http://img.qunawan.com/ecmme/wan/xl/goods/20170720/201707201908153573_listfull.jpg",
    "title": "西藏以西 世界屋脊的屋脊 阿里大北线 冈仁波齐转山（17日行程）",
    "money": "12800",
    "date": "09/30",
    "city": "拉萨"
  },
  {
    "url": "http://hd.8264.com/xianlu-169336",
    "img": "http://img.qunawan.com/ecmme/wan/xl/goods/20170720/201707201900532560_listfull.jpg",
    "title": "国庆深秋 四姑娘山长坪沟徒步 二峰攀登 征战5000米雪山（6日行程）",
    "money": "2480",
    "date": "09/30",
    "city": "成都"
  },
  {
    "url": "http://hd.8264.com/xianlu-169335",
    "img": "http://img.qunawan.com/ecmme/wan/xl/goods/20170720/201707201818106741_listfull.jpg",
    "title": "四姑娘山长坪沟徒步 二峰攀登 尝试初级雪山攀登（6日行程）",
    "money": "2480",
    "date": "09/30",
    "city": "成都"
  },
  {
    "url": "http://hd.8264.com/xianlu-169330",
    "img": "http://img.qunawan.com/ecmme/wan/xl/goods/20170720/201707201613416747_listfull.jpg",
    "title": "呼伦贝尔大草原（6日行程）",
    "money": "3850",
    "date": "09/22",
    "city": "乌兰"
  },
  {
    "url": "http://hd.8264.com/xianlu-169329",
    "img": "http://img.qunawan.com/ecmme/wan/xl/goods/20170720/201707201553201027_listfull.jpg",
    "title": "两江探源 丹巴 色达 石渠 玉树玛多 两江源探秘（11日行程）",
    "money": "3580",
    "date": "09/22",
    "city": "银川"
  }
]