[
  {
    "url": "http://hd.8264.com/xianlu-169325",
    "img": "http://img.qunawan.com/ecmme/wan/xl/goods/20170720/201707201510526973_listfull.jpg",
    "title": "藏谜至境 亚青寺德格石渠色达环线（10日行程）",
    "money": "4480",
    "date": "09/22",
    "city": "成都"
  },
  {
    "url": "http://hd.8264.com/xianlu-169323",
    "img": "http://img.qunawan.com/ecmme/wan/xl/goods/20170720/201707201452333382_listfull.jpg",
    "title": "履约色达 若尔盖年保色达新都桥甘孜环线（8日行程）",
    "money": "3750",
    "date": "09/22",
    "city": "成都"
  },
  {
    "url": "http://hd.8264.com/xianlu-169321",
    "img": "http://img.qunawan.com/ecmme/wan/xl/goods/20170720/201707201440565440_listfull.jpg",
    "title": "精品线路 秋醉北疆三千里 密林里的白桦秋歌游（11日行程）",
    "money": "5580",
    "date": "09/22",
    "city": "乌鲁"
  },
  {
    "url": "http://hd.8264.com/xianlu-169319",
    "img": "http://img.qunawan.com/ecmme/wan/xl/goods/20170720/201707201433168259_listfull.jpg",
    "title": "黔西南 黔东南大环线深度游 期期成团（14日行程）",
    "money": "5780",
    "date": "09/22",
    "city": "安庆"
  },
  {
    "url": "http://hd.8264.com/xianlu-169306",
    "img": "http://img.qunawan.com/ecmme/wan/xl/goods/20170720/201707201148238528_listfull.jpg",
    "title": "丽江出发 梅里雪山 色达 亚丁 小环线拼车自由行（10日行程）",
    "money": "3500",
    "date": "09/27",
    "city": "丽江"
  },
  {
    "url": "http://hd.8264.com/xianlu-169301",
    "img": "http://img.qunawan.com/ecmme/wan/xl/goods/20170720/201707201130569582_listfull.jpg",
    "title": "丽江出发 稻城亚丁 牛奶海五色海 深度游（6日行程）",
    "money": "2880",
    "date": "10/01",
    "city": "丽江"
  },
  {
    "url": "http://hd.8264.com/xianlu-169298",
    "img": "http://img.qunawan.com/ecmme/wan/xl/goods/20170720/201707201123596412_listfull.jpg",
    "title": "惠东双月湾露营 烧烤 篝火晚会 出海捕鱼 海鲜午餐（2日行程）",
    "money": "188",
    "date": "09/23",
    "city": "深圳"
  },
  {
    "url": "http://hd.8264.com/xianlu-169297",
    "img": "http://img.qunawan.com/ecmme/wan/xl/goods/20170720/201707201056112097_listfull.jpg",
    "title": "朝圣梅里雪山雨崩神瀑冰湖深度游（6日行程）",
    "money": "1680",
    "date": "09/23",
    "city": "丽江"
  },
  {
    "url": "http://hd.8264.com/xianlu-169291",
    "img": "http://img.qunawan.com/ecmme/wan/xl/goods/20170720/201707201037065606_listfull.png",
    "title": "南澳珊瑚潜水 带您走入神秘的海底世界快艇出海烧烤BBQ（1日行程）",
    "money": "299",
    "date": "09/23",
    "city": "深圳"
  },
  {
    "url": "http://hd.8264.com/xianlu-169287",
    "img": "http://img.qunawan.com/ecmme/wan/xl/goods/20170720/201707201020244050_listfull.png",
    "title": "每周末西冲露营烧烤 杨梅坑骑单车（2日行程）",
    "money": "160",
    "date": "09/23",
    "city": "深圳"
  },
  {
    "url": "http://hd.8264.com/xianlu-169268",
    "img": "http://img.qunawan.com/ecmme/wan/xl/goods/20170719/201707191741279654_listfull.jpg",
    "title": "最美的日出 尼泊尔布恩山 小环线徒步之旅（8日行程）",
    "money": "3580",
    "date": "09/23",
    "city": "加德"
  },
  {
    "url": "http://hd.8264.com/xianlu-169264",
    "img": "http://img.qunawan.com/ecmme/wan/xl/goods/20170719/201707191701259431_listfull.jpg",
    "title": "滇藏丙察察 阿里大北线挺进世界第三极羌塘无人区（25日行程）",
    "money": "6800",
    "date": "09/30",
    "city": "昆明"
  },
  {
    "url": "http://hd.8264.com/xianlu-169267",
    "img": "http://img.qunawan.com/ecmme/wan/xl/goods/20170719/201707191732423738_listfull.jpg",
    "title": "逍遥客户外 国庆贡嘎山全线完美徒步穿越活动招募（7日行程）",
    "money": "2880",
    "date": "09/22",
    "city": "成都"
  },
  {
    "url": "http://hd.8264.com/xianlu-169250",
    "img": "http://img.qunawan.com/ecmme/wan/xl/goods/20170719/201707191535571256_listfull.jpg",
    "title": "雀儿山6168米 技术型山峰（8日行程）",
    "money": "9000",
    "date": "09/23",
    "city": "甘孜"
  },
  {
    "url": "http://hd.8264.com/xianlu-169243",
    "img": "http://img.qunawan.com/ecmme/wan/xl/goods/20170719/201707191429394374_listfull.jpg",
    "title": "凉爽贵州 暑期亲子 清凉贵州行（7日行程）",
    "money": "2880",
    "date": "09/22",
    "city": "贵阳"
  },
  {
    "url": "http://hd.8264.com/xianlu-169242",
    "img": "http://img.qunawan.com/ecmme/wan/xl/goods/20170719/201707191425001182_listfull.jpg",
    "title": "贵州精华 精华全景深度游（6日行程）",
    "money": "2880",
    "date": "09/22",
    "city": "贵阳"
  },
  {
    "url": "http://hd.8264.com/xianlu-169237",
    "img": "http://img.qunawan.com/ecmme/wan/xl/goods/20170719/201707191139517681_listfull.jpg",
    "title": "新疆北疆环线深度 喀纳斯 赛里木湖当地游（13日行程）",
    "money": "4880",
    "date": "09/22",
    "city": "乌鲁"
  },
  {
    "url": "http://hd.8264.com/xianlu-169234",
    "img": "http://img.qunawan.com/ecmme/wan/xl/goods/20170719/201707191100241734_listfull.jpg",
    "title": "深度新疆 天池 喀纳斯 白哈巴 禾木 五彩滩 吐鲁番游（9日行程）",
    "money": "4580",
    "date": "09/22",
    "city": "乌鲁"
  },
  {
    "url": "http://hd.8264.com/xianlu-169231",
    "img": "http://img.qunawan.com/ecmme/wan/xl/goods/20170719/201707191041476862_listfull.jpg",
    "title": "最美滇西 丙察察 山南 藏北 阿里大北线 穿越 私人定制（25日行程）",
    "money": "7600",
    "date": "09/23",
    "city": "昆明"
  },
  {
    "url": "http://hd.8264.com/xianlu-169230",
    "img": "http://img.qunawan.com/ecmme/wan/xl/goods/20170719/201707191043374767_listfull.jpg",
    "title": "醉美贵州 中洞苗族部落 峰谷奇缘黔西南行（7日行程）",
    "money": "2980",
    "date": "09/22",
    "city": "贵阳"
  }
]