[
  {
    "url": "http://hd.8264.com/xianlu-169222",
    "img": "http://img.qunawan.com/ecmme/wan/xl/goods/20170719/201707191021527613_listfull.jpg",
    "title": "贵州 格凸河 中洞 万峰林 马岭河 黄果树 云峰屯堡环线（7日行程）",
    "money": "2880",
    "date": "09/22",
    "city": "安庆"
  },
  {
    "url": "http://hd.8264.com/xianlu-169218",
    "img": "http://img.qunawan.com/ecmme/wan/xl/goods/20170719/201707191010477861_listfull.jpg",
    "title": "丽江 飞来寺 梅里雪山 神瀑 巴拉格宗景区 香格里拉（7日行程）",
    "money": "2480",
    "date": "09/22",
    "city": "丽江"
  },
  {
    "url": "http://hd.8264.com/xianlu-169214",
    "img": "http://img.qunawan.com/ecmme/wan/xl/goods/20170719/201707191002478384_listfull.jpg",
    "title": "朝圣梅里 丽江 飞来寺 梅里雪山 巴拉格宗景区 香格里拉（7日行程）",
    "money": "2180",
    "date": "09/22",
    "city": "丽江"
  },
  {
    "url": "http://hd.8264.com/xianlu-169211",
    "img": "http://img.qunawan.com/ecmme/wan/xl/goods/20170719/201707190958419060_listfull.jpg",
    "title": "新疆经典 伊犁 赛湖 夏塔 巴音 赏薰衣草之旅（10日行程）",
    "money": "4480",
    "date": "09/22",
    "city": "乌鲁"
  },
  {
    "url": "http://hd.8264.com/xianlu-169209",
    "img": "http://img.qunawan.com/ecmme/wan/xl/goods/20170719/201707190949438794_listfull.jpg",
    "title": "新疆环线 库木塔格沙漠 赛里木湖等越野计划（8日行程）",
    "money": "4880",
    "date": "09/22",
    "city": "乌鲁"
  },
  {
    "url": "http://hd.8264.com/xianlu-169197",
    "img": "http://img.qunawan.com/ecmme/wan/xl/goods/20170718/201707181834535853_listfull.jpg",
    "title": "探访苦修密地 走进佛国世界 色达色达 亚青寺（7日行程）",
    "money": "3279",
    "date": "10/02",
    "city": "成都"
  },
  {
    "url": "http://hd.8264.com/xianlu-169193",
    "img": "http://img.qunawan.com/ecmme/wan/xl/goods/20170718/201707181759003769_listfull.jpg",
    "title": "世界十大徒步 尼泊尔安纳普尔纳ACT大环线 喜马拉雅徒步（20日行程）",
    "money": "7880",
    "date": "09/23",
    "city": "加德"
  },
  {
    "url": "http://hd.8264.com/xianlu-169194",
    "img": "http://img.qunawan.com/ecmme/wan/xl/goods/20170718/201707181813559913_listfull.jpg",
    "title": "色达色达之佛国净土 稻城亚丁之最后的香格里拉 深度旅行（8日行程）",
    "money": "3579",
    "date": "09/23",
    "city": "成都"
  },
  {
    "url": "http://hd.8264.com/xianlu-169173",
    "img": "http://img.qunawan.com/ecmme/wan/xl/goods/20170718/201707181244057387_listfull.jpg",
    "title": "哈巴雪山登顶季 保证登顶 十二年专业哈巴雪山经验（5日行程）",
    "money": "5800",
    "date": "09/25",
    "city": "丽江"
  },
  {
    "url": "http://hd.8264.com/xianlu-169166",
    "img": "http://img.qunawan.com/ecmme/wan/xl/goods/20170718/201707181101415360_listfull.jpg",
    "title": "2017 万里胡杨 千年神话 额济纳 金秋行摄之旅（6日行程）",
    "money": "1000",
    "date": "09/25",
    "city": "银川"
  },
  {
    "url": "http://hd.8264.com/xianlu-169157",
    "img": "http://img.qunawan.com/ecmme/wan/xl/goods/20170718/201707180918394391_listfull.jpg",
    "title": "呼伦贝尔旅游 巅峰之旅 越野车终极穿越呼伦贝尔大草原（6日行程）",
    "money": "3580",
    "date": "09/22",
    "city": "呼伦"
  },
  {
    "url": "http://hd.8264.com/xianlu-169143",
    "img": "http://img.qunawan.com/ecmme/wan/xl/goods/20170717/201707171539405833_listfull.jpg",
    "title": "香巴拉秘境徒步 深度体验（7日行程）",
    "money": "2900",
    "date": "09/22",
    "city": "丽江"
  },
  {
    "url": "http://hd.8264.com/xianlu-169097",
    "img": "http://img.qunawan.com/ecmme/wan/xl/goods/20170717/201707170938249235_listfull.jpg",
    "title": "呼伦贝尔大草原骑马住宿蒙古包访牧户俄罗斯风情北线A线（5日行程）",
    "money": "1780",
    "date": "09/22",
    "city": "呼伦"
  },
  {
    "url": "http://hd.8264.com/xianlu-169108",
    "img": "http://img.qunawan.com/ecmme/wan/xl/goods/20170717/201707171047242658_listfull.jpg",
    "title": "滇西边境 滇西精华游（8日行程）",
    "money": "3400",
    "date": "09/22",
    "city": "丽江"
  },
  {
    "url": "http://hd.8264.com/xianlu-169092",
    "img": "http://img.qunawan.com/ecmme/wan/xl/goods/20170717/201707170005573150_listfull.jpg",
    "title": "婺源徽派古宅暑期亲子套餐（3日行程）",
    "money": "1680",
    "date": "09/22",
    "city": "上饶"
  },
  {
    "url": "http://hd.8264.com/xianlu-169101",
    "img": "http://img.qunawan.com/ecmme/wan/xl/goods/20170717/201707171001342818_listfull.jpg",
    "title": "梦回天堂拉萨 纳木措全景纯玩寻梦之旅（11日行程）",
    "money": "6880",
    "date": "09/22",
    "city": "乌鲁"
  },
  {
    "url": "http://hd.8264.com/xianlu-169089",
    "img": "http://img.qunawan.com/ecmme/wan/xl/goods/20170716/201707161746404514_listfull.jpg",
    "title": "最美318一生必走的旅行 川藏南线稻亚拉萨自由行（10日行程）",
    "money": "4000",
    "date": "09/22",
    "city": "成都"
  },
  {
    "url": "http://hd.8264.com/xianlu-169123",
    "img": "http://img.qunawan.com/ecmme/wan/xl/goods/20170717/201707171421489369_listfull.jpg",
    "title": "青藏线 世界屋脊上引人入胜的天然奇观 越野青藏（8日行程）",
    "money": "4600",
    "date": "09/22",
    "city": "西宁"
  },
  {
    "url": "http://hd.8264.com/xianlu-169110",
    "img": "http://img.qunawan.com/ecmme/wan/xl/goods/20170717/201707171053145944_listfull.jpg",
    "title": "拉萨 神的旨意 林芝羊湖纳木错冒险之旅（9日行程）",
    "money": "4300",
    "date": "09/22",
    "city": "乌鲁"
  },
  {
    "url": "http://hd.8264.com/xianlu-169080",
    "img": "http://img.qunawan.com/ecmme/wan/xl/goods/20170715/201707151727341214_listfull.png",
    "title": "遇见之川滇藏 稻城亚丁 梅里雪山 林芝 摄影纯玩（10日行程）",
    "money": "6280",
    "date": "09/23",
    "city": "成都"
  }
]