[
  {
    "url": "http://hd.8264.com/xianlu-169077",
    "img": "http://img.qunawan.com/ecmme/wan/xl/goods/20170715/201707151529542922_listfull.jpg",
    "title": "乐葵户外夏季推荐 玩激情漂流猛洞河 游芙蓉古镇户外活动（1日行程）",
    "money": "398",
    "date": "09/22",
    "city": "湘西"
  },
  {
    "url": "http://hd.8264.com/xianlu-169085",
    "img": "http://img.qunawan.com/ecmme/wan/xl/goods/20170716/201707161355476403_listfull.jpg",
    "title": "游览仙境九寨沟 九曲黄河十八弯 若尔盖大草原 年保玉泽花湖（7日行程）",
    "money": "3369",
    "date": "09/24",
    "city": "成都"
  },
  {
    "url": "http://hd.8264.com/xianlu-169073",
    "img": "http://img.qunawan.com/ecmme/wan/xl/goods/20170715/201707151127375044_listfull.jpg",
    "title": "穿越罗布泊 大海道神秘探索之旅（7日行程）",
    "money": "22800",
    "date": "09/30",
    "city": "酒泉"
  },
  {
    "url": "http://hd.8264.com/xianlu-169139",
    "img": "http://img.qunawan.com/ecmme/wan/xl/goods/20170717/201707171505592650_listfull.jpg",
    "title": "洛克环线 丽江 泸沽湖（8日行程）",
    "money": "4900",
    "date": "09/30",
    "city": "丽江"
  },
  {
    "url": "http://hd.8264.com/xianlu-169144",
    "img": "http://img.qunawan.com/ecmme/wan/xl/goods/20170717/201707171626276106_listfull.jpg",
    "title": "西藏山南 神之秘境（10日行程）",
    "money": "8900",
    "date": "10/17",
    "city": "拉萨"
  },
  {
    "url": "http://hd.8264.com/xianlu-169069",
    "img": "http://img.qunawan.com/ecmme/wan/xl/goods/20170714/201707142300527930_listfull.jpg",
    "title": "丽江香格里拉泸沽湖环线4日游 独家线路（4日行程）",
    "money": "1680",
    "date": "09/22",
    "city": "丽江"
  },
  {
    "url": "http://hd.8264.com/xianlu-169057",
    "img": "http://img.qunawan.com/ecmme/wan/xl/goods/20170714/201707141536367242_listfull.jpg",
    "title": "重庆黑公羊攀岩馆室内攀岩（1日行程）",
    "money": "68",
    "date": "09/22",
    "city": "重庆"
  },
  {
    "url": "http://hd.8264.com/xianlu-169417",
    "img": "http://img.qunawan.com/ecmme/wan/xl/goods/20170724/201707241043414460_listfull.jpg",
    "title": "黎明老君山丽江至大理单行线住帐篷酒店（2日行程）",
    "money": "980",
    "date": "09/22",
    "city": "丽江"
  },
  {
    "url": "http://hd.8264.com/xianlu-169045",
    "img": "http://img.qunawan.com/ecmme/wan/xl/goods/20170714/201707141129555197_listfull.jpg",
    "title": "格聂神山转山及措普沟越野（8日行程）",
    "money": "6500",
    "date": "09/22",
    "city": "成都"
  },
  {
    "url": "http://hd.8264.com/xianlu-169148",
    "img": "http://img.qunawan.com/ecmme/wan/xl/goods/20170717/201707171413364411_listfull.jpg",
    "title": "从你的全世界路过 稻城亚丁 雨崩 梅里雪山 无购物纯玩游（10日行程）",
    "money": "3880",
    "date": "09/23",
    "city": "丽江"
  },
  {
    "url": "http://hd.8264.com/xianlu-169040",
    "img": "http://img.qunawan.com/ecmme/wan/xl/goods/20170714/201707141116572717_listfull.png",
    "title": "徒步 四姑娘山长坪沟 二峰登山 户外纯玩团（6日行程）",
    "money": "2480",
    "date": "09/22",
    "city": "成都"
  },
  {
    "url": "http://hd.8264.com/xianlu-169039",
    "img": "http://img.qunawan.com/ecmme/wan/xl/goods/20170714/201707141104473740_listfull.jpg",
    "title": "逍遥客 探访梦中的香格里拉 稻城亚丁 塔公 丹巴之旅（7日行程）",
    "money": "3600",
    "date": "09/23",
    "city": "成都"
  },
  {
    "url": "http://hd.8264.com/xianlu-169037",
    "img": "http://img.qunawan.com/ecmme/wan/xl/goods/20170714/201707141104015892_listfull.jpg",
    "title": "深度摄影 九寨 花湖 四姑娘山（7日行程）",
    "money": "3180",
    "date": "09/22",
    "city": "成都"
  },
  {
    "url": "http://hd.8264.com/xianlu-169036",
    "img": "http://img.qunawan.com/ecmme/wan/xl/goods/20170714/201707141058507886_listfull.jpg",
    "title": "徒步 丹巴藏寨 党岭葫芦海 道孚秘境徒步穿越之旅（7日行程）",
    "money": "3158",
    "date": "09/22",
    "city": "成都"
  },
  {
    "url": "http://hd.8264.com/xianlu-169034",
    "img": "http://img.qunawan.com/ecmme/wan/xl/goods/20170714/201707141051026509_listfull.jpg",
    "title": "徒步 年保玉则仙女湖 妖女湖 上下日干措徒步之旅（6日行程）",
    "money": "2980",
    "date": "09/22",
    "city": "成都"
  },
  {
    "url": "http://hd.8264.com/xianlu-169033",
    "img": "http://img.qunawan.com/ecmme/wan/xl/goods/20170714/201707141042594666_listfull.jpg",
    "title": "徒步 格聂神山环线转山 措普沟越野旅行（8日行程）",
    "money": "6500",
    "date": "09/22",
    "city": "成都"
  },
  {
    "url": "http://hd.8264.com/xianlu-169031",
    "img": "http://img.qunawan.com/ecmme/wan/xl/goods/20170714/201707141030258607_listfull.jpg",
    "title": "深度摄影 海螺沟 稻城亚丁 双桥沟 藏居体验游（8日行程）",
    "money": "3580",
    "date": "09/22",
    "city": "成都"
  },
  {
    "url": "http://hd.8264.com/xianlu-169030",
    "img": "http://img.qunawan.com/ecmme/wan/xl/goods/20170714/201707141022462065_listfull.jpg",
    "title": "川藏南线 滇藏线 稻城亚丁 梅里雪山 来古村（11日行程）",
    "money": "6280",
    "date": "09/22",
    "city": "成都"
  },
  {
    "url": "http://hd.8264.com/xianlu-169025",
    "img": "http://img.qunawan.com/ecmme/wan/xl/goods/20170714/201707141015226169_listfull.jpg",
    "title": "丝绸之路青海湖 茶卡盐湖 莫高窟 鸣沙山月牙泉 魔鬼城（9日行程）",
    "money": "3780",
    "date": "09/23",
    "city": "兰州"
  },
  {
    "url": "http://hd.8264.com/xianlu-169021",
    "img": "http://img.qunawan.com/ecmme/wan/xl/goods/20170714/201707140951253633_listfull.jpg",
    "title": "半脊峰 5430m行走在云端 初级技术雪山攀登体验（6日行程）",
    "money": "6800",
    "date": "09/23",
    "city": "成都"
  }
]