[
  {
    "url": "http://hd.8264.com/xianlu-169023",
    "img": "http://img.qunawan.com/ecmme/wan/xl/goods/20170714/201707141009106965_listfull.jpg",
    "title": "地理科考 新疆北疆 探寻天山西线之旅（10日行程）",
    "money": "4888",
    "date": "09/22",
    "city": "乌鲁"
  },
  {
    "url": "http://hd.8264.com/xianlu-169016",
    "img": "http://img.qunawan.com/ecmme/wan/xl/goods/20170714/201707140929186074_listfull.png",
    "title": "滇黔精华 普者黑 抚仙湖深度游（8日行程）",
    "money": "3400",
    "date": "09/23",
    "city": "昆明"
  },
  {
    "url": "http://hd.8264.com/xianlu-169013",
    "img": "http://img.qunawan.com/ecmme/wan/xl/goods/20170713/201707132105551375_listfull.jpg",
    "title": "周末漂流 金刚台国家地质公园漂流 西河空中漫步乐园（2日行程）",
    "money": "490",
    "date": "09/22",
    "city": "武汉"
  },
  {
    "url": "http://hd.8264.com/xianlu-168998",
    "img": "http://img.qunawan.com/ecmme/wan/xl/goods/20170713/201707131607387016_listfull.jpg",
    "title": "低至190 三清山观奇峰云海 觅道骨仙踪 看云卷云舒（2日行程）",
    "money": "200",
    "date": "10/14",
    "city": "南京"
  },
  {
    "url": "http://hd.8264.com/xianlu-168985",
    "img": "http://img.qunawan.com/ecmme/wan/xl/goods/20170713/201707131314425505_listfull.jpeg",
    "title": "越野车带你穿越不一样的呼伦贝尔（6日行程）",
    "money": "3880",
    "date": "09/22",
    "city": "呼伦"
  },
  {
    "url": "http://hd.8264.com/xianlu-168984",
    "img": "http://img.qunawan.com/ecmme/wan/xl/goods/20170713/201707131447091686_listfull.png",
    "title": "贡嘎西南坡徒步穿越经典游（6日行程）",
    "money": "2280",
    "date": "09/22",
    "city": "成都"
  },
  {
    "url": "http://hd.8264.com/xianlu-168976",
    "img": "http://img.qunawan.com/ecmme/wan/xl/goods/20170713/201707131145505656_listfull.png",
    "title": "出征腾格里 一次说走就走的沙漠之旅（4日行程）",
    "money": "2980",
    "date": "09/28",
    "city": "银川"
  },
  {
    "url": "http://hd.8264.com/xianlu-168970",
    "img": "http://img.qunawan.com/ecmme/wan/xl/goods/20170714/201707141709054133_listfull.jpg",
    "title": "稻城亚丁 千年冰川海螺沟 新都桥醉美行摄（7日行程）",
    "money": "3280",
    "date": "09/22",
    "city": "成都"
  },
  {
    "url": "http://hd.8264.com/xianlu-168964",
    "img": "http://img.qunawan.com/ecmme/wan/xl/goods/20170713/201707131046363494_listfull.jpg",
    "title": "探访苦修密地 走进佛国世界色达 亚青寺 甘孜行摄（7日行程）",
    "money": "3280",
    "date": "10/01",
    "city": "成都"
  },
  {
    "url": "http://hd.8264.com/xianlu-168965",
    "img": "http://img.qunawan.com/ecmme/wan/xl/goods/20170713/201707131102419545_listfull.jpg",
    "title": "稻城亚丁 四姑娘山 海螺沟 丹巴藏寨环线不走回头路（8日行程）",
    "money": "3180",
    "date": "09/23",
    "city": "成都"
  },
  {
    "url": "http://hd.8264.com/xianlu-168959",
    "img": "http://img.qunawan.com/ecmme/wan/xl/goods/20170713/201707130956242974_listfull.jpg",
    "title": "川西摄旅 佛国色达 稻城亚丁 新都桥环线（9日行程）",
    "money": "3580",
    "date": "09/22",
    "city": "成都"
  },
  {
    "url": "http://hd.8264.com/xianlu-168958",
    "img": "http://img.qunawan.com/ecmme/wan/xl/goods/20170713/201707131007302995_listfull.jpg",
    "title": "醉美藏文化 探索与发现 拉萨 林芝小环线（9日行程）",
    "money": "4480",
    "date": "09/22",
    "city": "拉萨"
  },
  {
    "url": "http://hd.8264.com/xianlu-169113",
    "img": "http://img.qunawan.com/ecmme/wan/xl/goods/20170717/201707171109422320_listfull.png",
    "title": "醉美贵州 中洞苗族部落 峰谷奇缘黔西南（7日行程）",
    "money": "2980",
    "date": "09/23",
    "city": "贵阳"
  },
  {
    "url": "http://hd.8264.com/xianlu-168949",
    "img": "http://img.qunawan.com/ecmme/wan/xl/goods/20170712/201707122127156628_listfull.jpg",
    "title": "川藏南线之中国人文景观大道川藏南线 稻城亚丁来古冰川（10日行程）",
    "money": "6799",
    "date": "09/29",
    "city": "成都"
  },
  {
    "url": "http://hd.8264.com/xianlu-168947",
    "img": "http://img.qunawan.com/ecmme/wan/xl/goods/20170712/201707122120271719_listfull.jpg",
    "title": "九顶山云海配日出 花海配草原（2日行程）",
    "money": "260",
    "date": "09/22",
    "city": "成都"
  },
  {
    "url": "http://hd.8264.com/xianlu-168938",
    "img": "http://img.qunawan.com/ecmme/wan/xl/goods/20170712/201707121800038057_listfull.jpg",
    "title": "四姑娘山长坪沟穿越毕棚 中国十大经典徒步线路之一（5日行程）",
    "money": "2480",
    "date": "09/30",
    "city": "成都"
  },
  {
    "url": "http://hd.8264.com/xianlu-168925",
    "img": "http://img.qunawan.com/ecmme/wan/xl/goods/20170712/201707121552101413_listfull.jpg",
    "title": "自由之巅10月田海子阿式攀登（11日行程）",
    "money": "22000",
    "date": "10/15",
    "city": "甘孜"
  },
  {
    "url": "http://hd.8264.com/xianlu-168926",
    "img": "http://img.qunawan.com/ecmme/wan/xl/goods/20170712/201707121552183987_listfull.jpg",
    "title": "中国十大经典徒步线路之一 长毕穿越（5日行程）",
    "money": "1780",
    "date": "09/22",
    "city": "成都"
  },
  {
    "url": "http://hd.8264.com/xianlu-168937",
    "img": "http://img.qunawan.com/ecmme/wan/xl/goods/20170712/201707121744045168_listfull.jpg",
    "title": "贡嘎大环线 穿越挑战极限（7日行程）",
    "money": "2880",
    "date": "09/23",
    "city": "成都"
  },
  {
    "url": "http://hd.8264.com/xianlu-168921",
    "img": "http://img.qunawan.com/ecmme/wan/xl/goods/20170712/201707121534318171_listfull.png",
    "title": "经典丝路 兰州 青海湖 敦煌 玉门关 张掖 西宁环线（9日行程）",
    "money": "3780",
    "date": "09/23",
    "city": "兰州"
  }
]