[
  {
    "url": "http://hd.8264.com/xianlu-168920",
    "img": "http://img.qunawan.com/ecmme/wan/xl/goods/20170712/201707121542503187_listfull.jpg",
    "title": "朝圣梅里 丽江 香格里拉 深度游（7日行程）",
    "money": "2180",
    "date": "09/22",
    "city": "丽江"
  },
  {
    "url": "http://hd.8264.com/xianlu-168935",
    "img": "http://img.qunawan.com/ecmme/wan/xl/goods/20170712/201707121729235524_listfull.jpg",
    "title": "九寨后花园 红星海 草海 长海 仙境七藏沟徒步穿越（7日行程）",
    "money": "2680",
    "date": "09/30",
    "city": "安庆"
  },
  {
    "url": "http://hd.8264.com/xianlu-168915",
    "img": "http://img.qunawan.com/ecmme/wan/xl/goods/20170712/201707121507562005_listfull.jpg",
    "title": "藏谜至境 亚青寺 德格 石渠 色达 环线（10日行程）",
    "money": "3880",
    "date": "09/30",
    "city": "成都"
  },
  {
    "url": "http://hd.8264.com/xianlu-168911",
    "img": "http://img.qunawan.com/ecmme/wan/xl/goods/20170712/201707121502169386_listfull.jpg",
    "title": "地理科考 新疆北疆 探寻天山西线之旅（10日行程）",
    "money": "4880",
    "date": "09/22",
    "city": "乌鲁"
  },
  {
    "url": "http://hd.8264.com/xianlu-168907",
    "img": "http://img.qunawan.com/ecmme/wan/xl/goods/20170712/201707121447355087_listfull.jpg",
    "title": "新疆北疆环线深度 喀纳斯 赛里木湖当地游（13日行程）",
    "money": "5080",
    "date": "09/22",
    "city": "乌鲁"
  },
  {
    "url": "http://hd.8264.com/xianlu-168903",
    "img": "http://img.qunawan.com/ecmme/wan/xl/goods/20170712/201707121433166520_listfull.jpg",
    "title": "心花路放 大理双廊 沙溪古镇 丽江古城 香格里拉 泸沽湖（7日行程）",
    "money": "3480",
    "date": "09/23",
    "city": "昆明"
  },
  {
    "url": "http://hd.8264.com/xianlu-168897",
    "img": "http://img.qunawan.com/ecmme/wan/xl/goods/20170712/201707121407488301_listfull.jpg",
    "title": "云南丽江 香格里拉 普达措 梅里雪山 虎跳峡 泸沽湖（7日行程）",
    "money": "2980",
    "date": "09/24",
    "city": "丽江"
  },
  {
    "url": "http://hd.8264.com/xianlu-168888",
    "img": "http://img.qunawan.com/ecmme/wan/xl/goods/20170712/201707121218494329_listfull.jpg",
    "title": "零距离接触的40号冰川普莫雍错 羊卓雍措游正规旅游越野车（1日行程）",
    "money": "980",
    "date": "09/22",
    "city": "拉萨"
  },
  {
    "url": "http://hd.8264.com/xianlu-168885",
    "img": "http://img.qunawan.com/ecmme/wan/xl/goods/20170712/201707121200216065_listfull.jpg",
    "title": "冰峰山地 贡嘎全线徒步（7日行程）",
    "money": "2880",
    "date": "09/23",
    "city": "成都"
  },
  {
    "url": "http://hd.8264.com/xianlu-168882",
    "img": "http://img.qunawan.com/ecmme/wan/xl/goods/20170712/201707121145307485_listfull.jpg",
    "title": "雪山初登 四姑娘二峰登山（5日行程）",
    "money": "2480",
    "date": "09/30",
    "city": "成都"
  },
  {
    "url": "http://hd.8264.com/xianlu-168866",
    "img": "http://img.qunawan.com/ecmme/wan/xl/goods/20170712/201707121032223855_listfull.jpg",
    "title": "每月都有那么一次 大五朝台（4日行程）",
    "money": "700",
    "date": "10/20",
    "city": "北京"
  },
  {
    "url": "http://hd.8264.com/xianlu-168861",
    "img": "http://img.qunawan.com/ecmme/wan/xl/goods/20170712/201707120942486765_listfull.png",
    "title": "四姑娘山 长坪沟 二峰登山 户外纯玩团（6日行程）",
    "money": "2480",
    "date": "09/30",
    "city": "成都"
  },
  {
    "url": "http://hd.8264.com/xianlu-168841",
    "img": "http://img.qunawan.com/ecmme/wan/xl/goods/20170711/201707111730415515_listfull.jpg",
    "title": "履约色达 若尔盖年保色达新都桥甘孜环线（8日行程）",
    "money": "3750",
    "date": "09/22",
    "city": "成都"
  },
  {
    "url": "http://hd.8264.com/xianlu-168840",
    "img": "http://img.qunawan.com/ecmme/wan/xl/goods/20170711/201707111724554105_listfull.jpg",
    "title": "贵州民族节日 侗族大歌节 神韵天籁深度体验（7日行程）",
    "money": "2680",
    "date": "09/22",
    "city": "贵阳"
  },
  {
    "url": "http://hd.8264.com/xianlu-168832",
    "img": "http://img.qunawan.com/ecmme/wan/xl/goods/20170711/201707111633575485_listfull.jpg",
    "title": "恩施秘境 探索地心世界 走进中国的仙本那（7日行程）",
    "money": "2380",
    "date": "09/22",
    "city": "恩施"
  },
  {
    "url": "http://hd.8264.com/xianlu-168831",
    "img": "http://img.qunawan.com/ecmme/wan/xl/goods/20170711/201707111719046633_listfull.jpg",
    "title": "贡嘎西南坡徒步穿越经典（6日行程）",
    "money": "2280",
    "date": "09/30",
    "city": "成都"
  },
  {
    "url": "http://hd.8264.com/xianlu-168826",
    "img": "http://img.qunawan.com/ecmme/wan/xl/goods/20170711/201707111622085326_listfull.jpg",
    "title": "深度摄影 九黄 色达 达古冰川（8日行程）",
    "money": "3580",
    "date": "09/22",
    "city": "成都"
  },
  {
    "url": "http://hd.8264.com/xianlu-168824",
    "img": "http://img.qunawan.com/ecmme/wan/xl/goods/20170711/201707111613423870_listfull.jpg",
    "title": "藏谜至境 亚青寺德格石渠色达环线（10日行程）",
    "money": "4480",
    "date": "09/22",
    "city": "成都"
  },
  {
    "url": "http://hd.8264.com/xianlu-168822",
    "img": "http://img.qunawan.com/ecmme/wan/xl/goods/20170711/201707111602269563_listfull.jpg",
    "title": "两江探源 丹巴 色达 石渠 玉树玛多 两江源探秘（11日行程）",
    "money": "3580",
    "date": "09/22",
    "city": "成都"
  },
  {
    "url": "http://hd.8264.com/xianlu-168820",
    "img": "http://img.qunawan.com/ecmme/wan/xl/goods/20170711/201707111551104933_listfull.png",
    "title": "大美色稻 色达 稻城亚丁（9日行程）",
    "money": "3580",
    "date": "09/22",
    "city": "成都"
  }
]