[
  {
    "url": "http://hd.8264.com/xianlu-168813",
    "img": "http://img.qunawan.com/ecmme/wan/xl/goods/20170711/201707111539018374_listfull.jpg",
    "title": "西北丝绸之路兰新连线动车（8日行程）",
    "money": "3580",
    "date": "09/22",
    "city": "兰州"
  },
  {
    "url": "http://hd.8264.com/xianlu-168812",
    "img": "http://img.qunawan.com/ecmme/wan/xl/goods/20170711/201707111533554758_listfull.jpg",
    "title": "经典丝路 兰州 青海湖 敦煌 玉门关 张掖 西宁环线（9日行程）",
    "money": "3780",
    "date": "09/22",
    "city": "兰州"
  },
  {
    "url": "http://hd.8264.com/xianlu-168810",
    "img": "http://img.qunawan.com/ecmme/wan/xl/goods/20170711/201707111517093998_listfull.png",
    "title": "冰峰山地贡嘎全线徒步（8日行程）",
    "money": "2880",
    "date": "09/23",
    "city": "成都"
  },
  {
    "url": "http://hd.8264.com/xianlu-168807",
    "img": "http://img.qunawan.com/ecmme/wan/xl/goods/20170711/201707111513015839_listfull.jpg",
    "title": "大美色达 色达 稻城亚丁经典行摄（9日行程）",
    "money": "3580",
    "date": "09/22",
    "city": "成都"
  },
  {
    "url": "http://hd.8264.com/xianlu-168796",
    "img": "http://img.qunawan.com/ecmme/wan/xl/goods/20170711/201707111437184634_listfull.jpg",
    "title": "洛克环线 游丽江 泸沽湖（8日行程）",
    "money": "4900",
    "date": "09/30",
    "city": "丽江"
  },
  {
    "url": "http://hd.8264.com/xianlu-168791",
    "img": "http://img.qunawan.com/ecmme/wan/xl/goods/20170711/201707111409356678_listfull.jpg",
    "title": "国庆节 朝圣梅里雪山大外转 茶马古道（10日行程）",
    "money": "7000",
    "date": "09/22",
    "city": "迪庆"
  },
  {
    "url": "http://hd.8264.com/xianlu-168787",
    "img": "http://img.qunawan.com/ecmme/wan/xl/goods/20170711/201707111335503597_listfull.jpg",
    "title": "川西大环线 稻城亚丁 色达 丹巴 四姑娘山（9日行程）",
    "money": "3300",
    "date": "09/22",
    "city": "成都"
  },
  {
    "url": "http://hd.8264.com/xianlu-168776",
    "img": "http://img.qunawan.com/ecmme/wan/xl/goods/20170711/201707111123052731_listfull.jpg",
    "title": "九色甘南 拉卜楞寺 扎尕那 郎木寺 花湖 九曲黄河 年宝玉则（7日行程）",
    "money": "2680",
    "date": "09/23",
    "city": "兰州"
  },
  {
    "url": "http://hd.8264.com/xianlu-168769",
    "img": "http://img.qunawan.com/ecmme/wan/xl/goods/20170711/201707111049524174_listfull.jpg",
    "title": "紫坪铺滑翔伞体验飞行游（1日行程）",
    "money": "680",
    "date": "09/22",
    "city": "成都"
  },
  {
    "url": "http://hd.8264.com/xianlu-168768",
    "img": "http://img.qunawan.com/ecmme/wan/xl/goods/20170726/201707261633026925_listfull.jpg",
    "title": "翡翠岛 海边腐败露营 海泳戏水 面朝大海 各种疯玩（2日行程）",
    "money": "295",
    "date": "09/23",
    "city": "北京"
  },
  {
    "url": "http://hd.8264.com/xianlu-168762",
    "img": "http://img.qunawan.com/ecmme/wan/xl/goods/20170711/201707111036241376_listfull.jpg",
    "title": "九寨后花园 红星海 草海 长海 仙境七藏沟徒步穿越（6日行程）",
    "money": "2680",
    "date": "09/30",
    "city": "成都"
  },
  {
    "url": "http://hd.8264.com/xianlu-168778",
    "img": "http://img.qunawan.com/ecmme/wan/xl/goods/20170711/201707111110365373_listfull.jpg",
    "title": "民族旅游 昆明 普达措森林公园深度游（8日行程）",
    "money": "3400",
    "date": "10/07",
    "city": "昆明"
  },
  {
    "url": "http://hd.8264.com/xianlu-168777",
    "img": "http://img.qunawan.com/ecmme/wan/xl/goods/20170711/201707111105126010_listfull.jpg",
    "title": "玉屏山滑翔伞（1日行程）",
    "money": "800",
    "date": "09/22",
    "city": "成都"
  },
  {
    "url": "http://hd.8264.com/xianlu-168744",
    "img": "http://img.qunawan.com/ecmme/wan/xl/goods/20170711/201707110912587093_listfull.jpg",
    "title": "四姑娘山长坪沟徒步 二峰攀登 挑战极限（5日行程）",
    "money": "2480",
    "date": "09/30",
    "city": "成都"
  },
  {
    "url": "http://hd.8264.com/xianlu-168963",
    "img": "http://img.qunawan.com/ecmme/wan/xl/goods/20170713/201707131035109148_listfull.jpg",
    "title": "大美川藏 318川藏南线 稻城亚丁行摄（10日行程）",
    "money": "6800",
    "date": "09/22",
    "city": "成都"
  },
  {
    "url": "http://hd.8264.com/xianlu-168721",
    "img": "http://img.qunawan.com/ecmme/wan/xl/goods/20170710/201707101730335209_listfull.png",
    "title": "深度摄影 九色甘南 兰州 若尔盖 年保玉则 玛曲 甘南（7日行程）",
    "money": "2680",
    "date": "09/23",
    "city": "兰州"
  },
  {
    "url": "http://hd.8264.com/xianlu-168716",
    "img": "http://img.qunawan.com/ecmme/wan/xl/goods/20170710/201707101721556481_listfull.jpg",
    "title": "九色甘南 若尔盖年保玉则（7日行程）",
    "money": "2480",
    "date": "09/23",
    "city": "兰州"
  },
  {
    "url": "http://hd.8264.com/xianlu-168714",
    "img": "http://img.qunawan.com/ecmme/wan/xl/goods/20170710/201707101639489948_listfull.jpg",
    "title": "徒步 丹巴藏寨 党岭葫芦海 道孚秘境徒步穿越之旅（7日行程）",
    "money": "3180",
    "date": "10/01",
    "city": "成都"
  },
  {
    "url": "http://hd.8264.com/xianlu-168706",
    "img": "http://img.qunawan.com/ecmme/wan/xl/goods/20170710/201707101645099231_listfull.jpg",
    "title": "稻城亚丁 千年冰川海螺沟 新都桥 深度摄影（7日行程）",
    "money": "2980",
    "date": "09/22",
    "city": "成都"
  },
  {
    "url": "http://hd.8264.com/xianlu-168702",
    "img": "http://img.qunawan.com/ecmme/wan/xl/goods/20170710/201707101650422458_listfull.jpg",
    "title": "徒步之旅 七藏沟追寻传说中的秘境（7日行程）",
    "money": "2680",
    "date": "09/30",
    "city": "成都"
  }
]