[
  {
    "url": "http://hd.8264.com/xianlu-168722",
    "img": "http://img.qunawan.com/ecmme/wan/xl/goods/20170710/201707101754384708_listfull.jpg",
    "title": "拉萨 神的旨意 林芝羊湖纳木错冒险之旅（9日行程）",
    "money": "4300",
    "date": "10/01",
    "city": "拉萨"
  },
  {
    "url": "http://hd.8264.com/xianlu-169424",
    "img": "http://img.qunawan.com/ecmme/wan/xl/goods/20170724/201707241131495367_listfull.jpg",
    "title": "入门级雪山登顶纯玩极致体验之旅（5日行程）",
    "money": "5800",
    "date": "09/22",
    "city": "丽江"
  },
  {
    "url": "http://hd.8264.com/xianlu-169689",
    "img": "http://img.qunawan.com/ecmme/wan/xl/goods/20170729/201707291541316804_listfull.jpg",
    "title": "南疆环游 环塔克拉玛干 沙漠绿洲民俗 帕米尔高原（12日行程）",
    "money": "4580",
    "date": "09/22",
    "city": "乌鲁"
  },
  {
    "url": "http://hd.8264.com/xianlu-168688",
    "img": "http://img.qunawan.com/ecmme/wan/xl/goods/20170815/201708151622254227_listfull.jpg",
    "title": "色达 稻城亚丁 穿越佛国净土经典行摄（9日行程）",
    "money": "3580",
    "date": "09/22",
    "city": "成都"
  },
  {
    "url": "http://hd.8264.com/xianlu-168677",
    "img": "http://img.qunawan.com/ecmme/wan/xl/goods/20170710/201707101506452683_listfull.jpg",
    "title": "从你的全世界路过 318川藏南线 稻城亚丁（11日行程）",
    "money": "6800",
    "date": "09/22",
    "city": "成都"
  },
  {
    "url": "http://hd.8264.com/xianlu-168665",
    "img": "http://img.qunawan.com/ecmme/wan/xl/goods/20170710/201707101358171540_listfull.jpg",
    "title": "2017天界之渡 四姑娘山稻城亚丁川藏南线（11日行程）",
    "money": "6800",
    "date": "09/28",
    "city": "成都"
  },
  {
    "url": "http://hd.8264.com/xianlu-168664",
    "img": "http://img.qunawan.com/ecmme/wan/xl/goods/20170710/201707101345557789_listfull.jpg",
    "title": "丝绸之路 新疆大环线（15日行程）",
    "money": "7500",
    "date": "09/23",
    "city": "西宁"
  },
  {
    "url": "http://hd.8264.com/xianlu-168654",
    "img": "http://img.qunawan.com/ecmme/wan/xl/goods/20170710/201707101304507863_listfull.jpg",
    "title": "云南环线 普者黑 坝美 元阳 东川 罗平 抚仙湖 深度游（8日行程）",
    "money": "3500",
    "date": "09/22",
    "city": "昆明"
  },
  {
    "url": "http://hd.8264.com/xianlu-168648",
    "img": "http://img.qunawan.com/ecmme/wan/xl/goods/20170710/201707101152461409_listfull.jpg",
    "title": "去呼伦贝尔大草原 遇见最美的邂逅（7日行程）",
    "money": "3000",
    "date": "09/22",
    "city": "乌兰"
  },
  {
    "url": "http://hd.8264.com/xianlu-168645",
    "img": "http://img.qunawan.com/ecmme/wan/xl/goods/20170710/201707101134037962_listfull.png",
    "title": "深度摄影 大美色稻 色达 稻城亚丁（9日行程）",
    "money": "3580",
    "date": "09/22",
    "city": "成都"
  },
  {
    "url": "http://hd.8264.com/xianlu-168635",
    "img": "http://img.qunawan.com/ecmme/wan/xl/goods/20170710/201707101032393509_listfull.gif",
    "title": "呼伦贝尔旅游包车 户外经典线路深度游玩 一价全含（6日行程）",
    "money": "2880",
    "date": "09/22",
    "city": "呼伦"
  },
  {
    "url": "http://hd.8264.com/xianlu-168631",
    "img": "http://img.qunawan.com/ecmme/wan/xl/goods/20170710/201707101026587647_listfull.jpg",
    "title": "呼伦贝尔大草原精品深度全景游 来一次就足够 一价全含（6日行程）",
    "money": "2480",
    "date": "09/22",
    "city": "呼伦"
  },
  {
    "url": "http://hd.8264.com/xianlu-168619",
    "img": "http://img.qunawan.com/ecmme/wan/xl/goods/20170709/201707092330143146_listfull.jpg",
    "title": "探秘怒江峡谷 丙中洛 独龙江 纹面女 深度游（8日行程）",
    "money": "3600",
    "date": "09/29",
    "city": "昆明"
  },
  {
    "url": "http://hd.8264.com/xianlu-169782",
    "img": "http://img.qunawan.com/ecmme/wan/xl/goods/20170801/201708011108349128_listfull.jpg",
    "title": "私人订制独立成团呼伦贝尔北线 专属私家团（6日行程）",
    "money": "3550",
    "date": "09/22",
    "city": "呼伦"
  },
  {
    "url": "http://hd.8264.com/xianlu-168615",
    "img": "http://img.qunawan.com/ecmme/wan/xl/goods/20170709/201707092247544120_listfull.jpg",
    "title": "一路向西 318川藏线 海螺沟 新都桥 稻城亚丁 4人成团（10日行程）",
    "money": "3580",
    "date": "10/01",
    "city": "成都"
  },
  {
    "url": "http://hd.8264.com/xianlu-168613",
    "img": "http://img.qunawan.com/ecmme/wan/xl/goods/20170709/201707092158101652_listfull.jpg",
    "title": "中国十大经典穿越徒步线路 长毕穿越（5日行程）",
    "money": "1780",
    "date": "09/22",
    "city": "成都"
  },
  {
    "url": "http://hd.8264.com/xianlu-168609",
    "img": "http://img.qunawan.com/ecmme/wan/xl/goods/20170709/201707091628314381_listfull.jpeg",
    "title": "呼伦贝尔大草原旅游 经典户外旅游线路 纯玩自由行（6日行程）",
    "money": "2480",
    "date": "09/22",
    "city": "呼伦"
  },
  {
    "url": "http://hd.8264.com/xianlu-168604",
    "img": "http://img.qunawan.com/ecmme/wan/xl/goods/20170709/201707091240048409_listfull.jpg",
    "title": "呼伦贝尔旅游包车 大草原旅游 精品户外线路 免费咨询（6日行程）",
    "money": "2880",
    "date": "09/22",
    "city": "呼伦"
  },
  {
    "url": "http://hd.8264.com/xianlu-168590",
    "img": "http://img.qunawan.com/ecmme/wan/xl/goods/20170708/201707081237404392_listfull.jpg",
    "title": "张家界森林公园 大峡谷 玻璃桥 天门山（4日行程）",
    "money": "1650",
    "date": "09/22",
    "city": "张家"
  },
  {
    "url": "http://hd.8264.com/xianlu-168584",
    "img": "http://img.qunawan.com/ecmme/wan/xl/goods/20170708/201707081029536134_listfull.jpg",
    "title": "重走丝绸之路 梅里大外传 全国独家（10日行程）",
    "money": "6999",
    "date": "09/23",
    "city": "丽江"
  }
]