[
  {
    "url": "http://hd.8264.com/xianlu-171596",
    "img": "http://img.qunawan.com/ecmme/wan/xl/goods/20170906/201709061656479620_listfull.jpg",
    "title": "醉美胡杨林 额济纳丝路包车之旅（9日行程）",
    "money": "9000",
    "date": "09/22",
    "city": "西宁"
  },
  {
    "url": "http://hd.8264.com/xianlu-166673",
    "img": "http://img.qunawan.com/ecmme/wan/xl/goods/20170610/201706101411361900_listfull.jpg",
    "title": "贡嘎山全线穿越挑战极限之旅（8日行程）",
    "money": "2880",
    "date": "09/23",
    "city": "成都"
  },
  {
    "url": "http://hd.8264.com/xianlu-156551",
    "img": "http://img.qunawan.com/ecmme/wan/xl/goods/20170205/201702051053345013_listfull.jpg",
    "title": "尼泊尔 珠穆朗玛峰 洛子峰 马卡鲁峰卓 珠峰大本营EBC（14日行程）",
    "money": "8500",
    "date": "09/23",
    "city": "加德"
  },
  {
    "url": "http://hd.8264.com/xianlu-155112",
    "img": "http://img.qunawan.com/ecmme/wan/xl/goods/20170110/201701101820171833_listfull.jpg",
    "title": "追寻传说中的秘境 草海 鱼海 红星海子 七藏沟徒步穿越（6日行程）",
    "money": "2680",
    "date": "09/30",
    "city": "成都"
  },
  {
    "url": "http://hd.8264.com/xianlu-170685",
    "img": "http://img.qunawan.com/ecmme/wan/xl/goods/20170822/201708221300366994_listfull.jpg",
    "title": "318川藏线拼车（10日行程）",
    "money": "3800",
    "date": "09/22",
    "city": "成都"
  },
  {
    "url": "http://hd.8264.com/xianlu-170134",
    "img": "http://img.qunawan.com/ecmme/wan/xl/goods/20170809/201708091942018953_listfull.jpg",
    "title": "国庆节 朝拜蜀山之王 贡嘎西南坡徒步穿越 无露营（5日行程）",
    "money": "2280",
    "date": "09/30",
    "city": "成都"
  },
  {
    "url": "http://hd.8264.com/xianlu-169922",
    "img": "http://img.qunawan.com/ecmme/wan/xl/goods/20170803/201708031447524831_listfull.jpg",
    "title": "国庆节深秋 九色甘南 拉卜楞寺 扎尕那 郎木寺 花湖 年保（6日行程）",
    "money": "2680",
    "date": "09/23",
    "city": "兰州"
  },
  {
    "url": "http://hd.8264.com/xianlu-167778",
    "img": "http://img.qunawan.com/ecmme/wan/xl/goods/20170626/201706261844421207_listfull.jpg",
    "title": "暑期花季 国庆 深秋贡嘎转山百公里大环线穿越（8日行程）",
    "money": "2880",
    "date": "09/23",
    "city": "成都"
  },
  {
    "url": "http://hd.8264.com/xianlu-166957",
    "img": "http://img.qunawan.com/ecmme/wan/xl/goods/20170614/201706141526325272_listfull.jpg",
    "title": "2017年暑假国庆深秋 秘境川西之 七藏沟徒步穿越（7日行程）",
    "money": "2680",
    "date": "09/30",
    "city": "成都"
  },
  {
    "url": "http://hd.8264.com/xianlu-166946",
    "img": "http://img.qunawan.com/ecmme/wan/xl/goods/20170614/201706141303329618_listfull.png",
    "title": "稻城亚丁加色达 国道318加317 经典川西环线（8日行程）",
    "money": "2450",
    "date": "09/22",
    "city": "成都"
  },
  {
    "url": "http://hd.8264.com/xianlu-153290",
    "img": "http://img.qunawan.com/ecmme/wan/xl/goods/20161221/201612211449168149_listfull.jpg",
    "title": "尼泊尔 珠穆朗玛峰 洛子峰 珠峰大本营EBC轻装徒步（14日行程）",
    "money": "8500",
    "date": "09/23",
    "city": "加德"
  },
  {
    "url": "http://hd.8264.com/xianlu-137708",
    "img": "http://img.qunawan.com/ecmme/wan/xl/goods/20161017/201610171620099856_listfull.jpg",
    "title": "南尖岩休闲游 将云海 梯田 江河 古村落一网打尽（2日行程）",
    "money": "450",
    "date": "10/02",
    "city": "杭州"
  },
  {
    "url": "http://hd.8264.com/xianlu-166958",
    "img": "http://img.qunawan.com/ecmme/wan/xl/goods/20170614/201706141532149078_listfull.jpg",
    "title": "2017暑假国庆深秋海螺沟 稻城亚丁 丹巴藏寨 四姑娘山（9日行程）",
    "money": "3180",
    "date": "09/23",
    "city": "成都"
  },
  {
    "url": "http://hd.8264.com/xianlu-7476",
    "img": "http://img.qunawan.com/ecmme/wan/xl/goods/20170825/201708251755068052_listfull.jpg",
    "title": "国庆 四姑娘山二峰攀登及长坪沟徒步（5日行程）",
    "money": "2880",
    "date": "10/01",
    "city": "成都"
  },
  {
    "url": "http://hd.8264.com/xianlu-3336",
    "img": "http://img.qunawan.com/ecmme/wan/xl/goods/20170825/201708251801552802_listfull.png",
    "title": "醉美草色之 色达 新都桥 若尔盖 花湖九曲黄河 年保玉则环线（7日行程）",
    "money": "3750",
    "date": "09/24",
    "city": "成都"
  },
  {
    "url": "http://hd.8264.com/xianlu-171676",
    "img": "http://img.qunawan.com/ecmme/wan/xl/goods/20170908/201709080004475652_listfull.jpg",
    "title": "2017国庆 贡嘎山大小环线徒步穿越（7日行程）",
    "money": "2880",
    "date": "09/23",
    "city": "成都"
  },
  {
    "url": "http://hd.8264.com/xianlu-170195",
    "img": "http://img.qunawan.com/ecmme/wan/xl/goods/20170811/201708111056254929_listfull.jpg",
    "title": "国庆深秋 中国十大经典徒步线路之一四姑娘山长坪沟穿越毕棚沟（6日行程）",
    "money": "2480",
    "date": "09/30",
    "city": "成都"
  },
  {
    "url": "http://hd.8264.com/xianlu-169557",
    "img": "http://img.qunawan.com/ecmme/wan/xl/goods/20170726/201707261937216623_listfull.jpg",
    "title": "川藏线 一生一次318 最美的在路上（10日行程）",
    "money": "3800",
    "date": "09/23",
    "city": "成都"
  },
  {
    "url": "http://hd.8264.com/xianlu-169339",
    "img": "http://img.qunawan.com/ecmme/wan/xl/goods/20170720/201707201917495265_listfull.jpg",
    "title": "独龙江 丙察察 山南 藏北 阿里 羌塘无人区 深度游（25日行程）",
    "money": "7600",
    "date": "09/27",
    "city": "昆明"
  },
  {
    "url": "http://hd.8264.com/xianlu-168745",
    "img": "http://img.qunawan.com/ecmme/wan/xl/goods/20170905/201709051110135946_listfull.jpg",
    "title": "四姑娘山长坪沟穿越毕棚沟 中国十大经典徒步线路（5日行程）",
    "money": "2480",
    "date": "09/30",
    "city": "成都"
  }
]