[
  {
    "url": "http://hd.8264.com/xianlu-168580",
    "img": "http://img.qunawan.com/ecmme/wan/xl/goods/20170707/201707072251193636_listfull.jpg",
    "title": "稻城亚丁 朝圣色达 丹巴藏寨（11日行程）",
    "money": "3988",
    "date": "09/23",
    "city": "成都"
  },
  {
    "url": "http://hd.8264.com/xianlu-168579",
    "img": "http://img.qunawan.com/ecmme/wan/xl/goods/20170707/201707072129112560_listfull.jpg",
    "title": "船底顶 我们一起毕业了（3日行程）",
    "money": "398",
    "date": "09/23",
    "city": "广州"
  },
  {
    "url": "http://hd.8264.com/xianlu-171573",
    "img": "http://img.qunawan.com/ecmme/wan/xl/goods/20170906/201709061435413208_listfull.jpg",
    "title": "国庆深秋 元旦 四姑娘山长坪沟徒步 二峰攀登 初级雪山攀登（6日行程）",
    "money": "2480",
    "date": "09/30",
    "city": "成都"
  },
  {
    "url": "http://hd.8264.com/xianlu-168559",
    "img": "http://img.qunawan.com/ecmme/wan/xl/goods/20170707/201707071509503018_listfull.jpg",
    "title": "尼泊尔 鱼尾峰 安娜普尔纳大本营ABC 喜马拉雅徒步（11日行程）",
    "money": "3900",
    "date": "10/01",
    "city": "加德"
  },
  {
    "url": "http://hd.8264.com/xianlu-168554",
    "img": "http://img.qunawan.com/ecmme/wan/xl/goods/20170821/201708211050479938_listfull.jpg",
    "title": "熊出没 走进佛国净土色达 从你的全世界路过拍摄地稻城亚丁（9日行程）",
    "money": "3580",
    "date": "09/22",
    "city": "成都"
  },
  {
    "url": "http://hd.8264.com/xianlu-168552",
    "img": "http://img.qunawan.com/ecmme/wan/xl/goods/20170707/201707071440248009_listfull.jpg",
    "title": "风情云南 丽江 白水台（7日行程）",
    "money": "2780",
    "date": "09/23",
    "city": "丽江"
  },
  {
    "url": "http://hd.8264.com/xianlu-168544",
    "img": "http://img.qunawan.com/ecmme/wan/xl/goods/20170707/201707071420517510_listfull.png",
    "title": "心花路放 大理双廊 泸沽湖 滇西北（7日行程）",
    "money": "3400",
    "date": "09/23",
    "city": "昆明"
  },
  {
    "url": "http://hd.8264.com/xianlu-168542",
    "img": "http://img.qunawan.com/ecmme/wan/xl/goods/20170707/201707071407057425_listfull.jpg",
    "title": "上海崇明长岛庄园野战真人CS 专业的真人CS大战（1日行程）",
    "money": "78",
    "date": "09/22",
    "city": "崇明"
  },
  {
    "url": "http://hd.8264.com/xianlu-168539",
    "img": "http://img.qunawan.com/ecmme/wan/xl/goods/20170707/201707070955384631_listfull.png",
    "title": "遇见之川西 四姑娘山 海螺沟 甲居藏寨 稻城亚丁摄影纯玩（9日行程）",
    "money": "3680",
    "date": "09/22",
    "city": "成都"
  },
  {
    "url": "http://hd.8264.com/xianlu-168538",
    "img": "http://img.qunawan.com/ecmme/wan/xl/goods/20170707/201707071204583740_listfull.jpg",
    "title": "拉萨 纳木措 林芝摄影之旅 感受不一样的西藏（9日行程）",
    "money": "4380",
    "date": "10/01",
    "city": "拉萨"
  },
  {
    "url": "http://hd.8264.com/xianlu-168521",
    "img": "http://img.qunawan.com/ecmme/wan/xl/goods/20170707/201707071025455815_listfull.jpg",
    "title": "如何好好和过去说再见（2日行程）",
    "money": "1680",
    "date": "09/22",
    "city": "银川"
  },
  {
    "url": "http://hd.8264.com/xianlu-168512",
    "img": "http://img.qunawan.com/ecmme/wan/xl/goods/20170707/201707071011252490_listfull.png",
    "title": "深度摄影 九黄 色达 达古冰川（8日行程）",
    "money": "3580",
    "date": "09/23",
    "city": "成都"
  },
  {
    "url": "http://hd.8264.com/xianlu-168498",
    "img": "http://img.qunawan.com/ecmme/wan/xl/goods/20170706/201707061933463929_listfull.png",
    "title": "川藏丝绸之路 敦煌 莫高窟 鸣沙山月牙泉 雅丹魔鬼城 嘉峪关（8日行程）",
    "money": "3600",
    "date": "09/23",
    "city": "兰州"
  },
  {
    "url": "http://hd.8264.com/xianlu-168495",
    "img": "http://img.qunawan.com/ecmme/wan/xl/goods/20170706/201707061748338860_listfull.jpg",
    "title": "人生必去的旅行 中国人文景观大道川藏南线318经典之旅（11日行程）",
    "money": "6800",
    "date": "09/28",
    "city": "成都"
  },
  {
    "url": "http://hd.8264.com/xianlu-171471",
    "img": "http://img.qunawan.com/ecmme/wan/xl/goods/20170904/201709041728143740_listfull.jpg",
    "title": "丙察察进藏 独龙江 丙中洛 一条壮美低调的秘境之路（10日行程）",
    "money": "4600",
    "date": "09/29",
    "city": "昆明"
  },
  {
    "url": "http://hd.8264.com/xianlu-168491",
    "img": "http://img.qunawan.com/ecmme/wan/xl/goods/20170706/201707061627548005_listfull.jpg",
    "title": "从你的全世界路过 海螺沟 新都桥 稻城亚丁深度摄影之旅（8日行程）",
    "money": "2980",
    "date": "09/22",
    "city": "成都"
  },
  {
    "url": "http://hd.8264.com/xianlu-168474",
    "img": "http://img.qunawan.com/ecmme/wan/xl/goods/20170706/201707061151375448_listfull.jpg",
    "title": "特价团189闸坡大角湾 南海一号 马尾岛露营看日落 摸贝壳（2日行程）",
    "money": "189",
    "date": "09/23",
    "city": "广州"
  },
  {
    "url": "http://hd.8264.com/xianlu-168470",
    "img": "http://img.qunawan.com/ecmme/wan/xl/goods/20170706/201707061122432525_listfull.jpg",
    "title": "四姑娘山长坪沟徒步 二峰攀登（6日行程）",
    "money": "2480",
    "date": "09/30",
    "city": "成都"
  },
  {
    "url": "http://hd.8264.com/xianlu-168466",
    "img": "http://img.qunawan.com/ecmme/wan/xl/goods/20170706/201707061139451086_listfull.jpg",
    "title": "暑期 国庆 深秋绝美丝绸 青海湖 莫高窟 月牙泉 魔鬼城行摄（9日行程）",
    "money": "3780",
    "date": "09/23",
    "city": "兰州"
  },
  {
    "url": "http://hd.8264.com/xianlu-168497",
    "img": "http://img.qunawan.com/ecmme/wan/xl/goods/20170706/201707061906118342_listfull.jpg",
    "title": "贡嘎转山 贡嘎山完美穿越 挑战极限之旅（8日行程）",
    "money": "2880",
    "date": "09/23",
    "city": "成都"
  }
]