[
  {
    "url": "http://hd.8264.com/xianlu-168454",
    "img": "http://img.qunawan.com/ecmme/wan/xl/goods/20170706/201707061032337250_listfull.jpg",
    "title": "拉萨 神的旨意 林芝羊湖纳木错 冒险之旅（9日行程）",
    "money": "4380",
    "date": "10/01",
    "city": "拉萨"
  },
  {
    "url": "http://hd.8264.com/xianlu-168462",
    "img": "http://img.qunawan.com/ecmme/wan/xl/goods/20170706/201707061113269014_listfull.jpg",
    "title": "年宝玉则游（3日行程）",
    "money": "780",
    "date": "09/22",
    "city": "成都"
  },
  {
    "url": "http://hd.8264.com/xianlu-168448",
    "img": "http://img.qunawan.com/ecmme/wan/xl/goods/20170706/201707061009193018_listfull.png",
    "title": "赶往神的自留地 鲁朗 林芝 大峡谷 布宫 大昭寺跟团游（8日行程）",
    "money": "3700",
    "date": "09/24",
    "city": "拉萨"
  },
  {
    "url": "http://hd.8264.com/xianlu-169775",
    "img": "http://img.qunawan.com/ecmme/wan/xl/goods/20170801/201708011019453851_listfull.jpg",
    "title": "朝圣转山贡嘎 蜀山之王大环线穿越 穿越挑战极限（8日行程）",
    "money": "2880",
    "date": "09/23",
    "city": "四川"
  },
  {
    "url": "http://hd.8264.com/xianlu-168438",
    "img": "http://img.qunawan.com/ecmme/wan/xl/goods/20170705/201707052122425872_listfull.png",
    "title": "勇闯罗布泊 探秘古楼兰（6日行程）",
    "money": "26000",
    "date": "10/15",
    "city": "巴音"
  },
  {
    "url": "http://hd.8264.com/xianlu-168437",
    "img": "http://img.qunawan.com/ecmme/wan/xl/goods/20170705/201707052045033926_listfull.jpg",
    "title": "318川藏线拼车 色达 新都桥 稻城亚丁 摄影游（10日行程）",
    "money": "3580",
    "date": "09/22",
    "city": "成都"
  },
  {
    "url": "http://hd.8264.com/xianlu-168471",
    "img": "http://img.qunawan.com/ecmme/wan/xl/goods/20170706/201707061145591161_listfull.jpg",
    "title": "十一国庆川藏南线 滇藏线 稻城亚丁 梅里雪山 来古村（11日行程）",
    "money": "6980",
    "date": "09/22",
    "city": "成都"
  },
  {
    "url": "http://hd.8264.com/xianlu-168424",
    "img": "http://img.qunawan.com/ecmme/wan/xl/goods/20170705/201707051628396469_listfull.png",
    "title": "遇见之九色 九寨沟 黄龙 新都桥 达古冰川 摄影纯玩（7日行程）",
    "money": "3580",
    "date": "09/24",
    "city": "成都"
  },
  {
    "url": "http://hd.8264.com/xianlu-168413",
    "img": "http://img.qunawan.com/ecmme/wan/xl/goods/20170705/201707051644195141_listfull.jpg",
    "title": "醉美甲居藏寨轻装徒步（3日行程）",
    "money": "980",
    "date": "09/22",
    "city": "成都"
  },
  {
    "url": "http://hd.8264.com/xianlu-168410",
    "img": "http://img.qunawan.com/ecmme/wan/xl/goods/20170705/201707051628396041_listfull.jpg",
    "title": "醉美观景台 达瓦更扎（2日行程）",
    "money": "420",
    "date": "09/22",
    "city": "成都"
  },
  {
    "url": "http://hd.8264.com/xianlu-168398",
    "img": "http://img.qunawan.com/ecmme/wan/xl/goods/20170705/201707051442248866_listfull.jpg",
    "title": "赶往神的自留地 鲁朗 林芝 大峡谷 布宫 大昭寺跟团游（8日行程）",
    "money": "3900",
    "date": "09/24",
    "city": "拉萨"
  },
  {
    "url": "http://hd.8264.com/xianlu-168395",
    "img": "http://img.qunawan.com/ecmme/wan/xl/goods/20170705/201707051410036392_listfull.jpg",
    "title": "徒步 丹巴藏寨 党岭葫芦海 道孚秘境徒步穿越之旅（7日行程）",
    "money": "3180",
    "date": "10/01",
    "city": "成都"
  },
  {
    "url": "http://hd.8264.com/xianlu-168391",
    "img": "http://img.qunawan.com/ecmme/wan/xl/goods/20170705/201707051337195376_listfull.jpg",
    "title": "红原大草原 藏式婚礼 牧场生态游（5日行程）",
    "money": "1980",
    "date": "09/22",
    "city": "重庆"
  },
  {
    "url": "http://hd.8264.com/xianlu-168384",
    "img": "http://img.qunawan.com/ecmme/wan/xl/goods/20170705/201707051234327193_listfull.jpg",
    "title": "越野车包车 云南 四川 西藏 青海等（10日行程）",
    "money": "1200",
    "date": "09/22",
    "city": "成都"
  },
  {
    "url": "http://hd.8264.com/xianlu-168389",
    "img": "http://img.qunawan.com/ecmme/wan/xl/goods/20170705/201707051335405988_listfull.jpg",
    "title": "安吉 井空里大峡谷 仙龙峡漂流（2日行程）",
    "money": "159",
    "date": "09/23",
    "city": "上海"
  },
  {
    "url": "http://hd.8264.com/xianlu-169677",
    "img": "http://img.qunawan.com/ecmme/wan/xl/goods/20170728/201707281742054881_listfull.png",
    "title": "丝路传奇 青海湖 莫高窟 月牙泉 魔鬼城深度行摄（9日行程）",
    "money": "3780",
    "date": "09/23",
    "city": "兰州"
  },
  {
    "url": "http://hd.8264.com/xianlu-168350",
    "img": "http://img.qunawan.com/ecmme/wan/xl/goods/20170704/201707042029171277_listfull.jpg",
    "title": "尼泊尔之行 博卡拉徒步布恩山小环线 一起玩滑翔伞吧（9日行程）",
    "money": "3880",
    "date": "10/01",
    "city": "加德"
  },
  {
    "url": "http://hd.8264.com/xianlu-168349",
    "img": "http://img.qunawan.com/ecmme/wan/xl/goods/20170704/201707042019055129_listfull.jpg",
    "title": "每周三79元 挑战清远广东首座250米高空玻璃桥（1日行程）",
    "money": "79",
    "date": "09/27",
    "city": "广州"
  },
  {
    "url": "http://hd.8264.com/xianlu-168390",
    "img": "http://img.qunawan.com/ecmme/wan/xl/goods/20170705/201707051338484560_listfull.jpg",
    "title": "天台 大柳溪 雷锋漂流（2日行程）",
    "money": "159",
    "date": "09/23",
    "city": "上海"
  },
  {
    "url": "http://hd.8264.com/xianlu-168343",
    "img": "http://img.qunawan.com/ecmme/wan/xl/goods/20170704/201707041851388491_listfull.jpg",
    "title": "追逐贡嘎的脚步 全线徒步穿越之旅 蜀山之王的守候（8日行程）",
    "money": "2880",
    "date": "09/23",
    "city": "成都"
  }
]