[
  {
    "url": "http://hd.8264.com/xianlu-168337",
    "img": "http://img.qunawan.com/ecmme/wan/xl/goods/20170704/201707041431311856_listfull.png",
    "title": "遇见之色稻 色达 稻城亚丁 深度游 摄影纯玩（8日行程）",
    "money": "3580",
    "date": "09/23",
    "city": "成都"
  },
  {
    "url": "http://hd.8264.com/xianlu-168333",
    "img": "http://img.qunawan.com/ecmme/wan/xl/goods/20170704/201707041531239844_listfull.jpg",
    "title": "包车送领队 川藏线 川进青出 色达 稻城 珠峰 神山（10日行程）",
    "money": "360",
    "date": "09/22",
    "city": "成都"
  },
  {
    "url": "http://hd.8264.com/xianlu-168326",
    "img": "http://img.qunawan.com/ecmme/wan/xl/goods/20170704/201707041507032879_listfull.jpg",
    "title": "17全年贡嘎 川西 贡嘎全线完美经典穿越徒步（8日行程）",
    "money": "2880",
    "date": "09/22",
    "city": "成都"
  },
  {
    "url": "http://hd.8264.com/xianlu-168325",
    "img": "http://img.qunawan.com/ecmme/wan/xl/goods/20170704/201707041411265604_listfull.jpg",
    "title": "逍遥客私人订制 为你量身打造旅游行程（10日行程）",
    "money": "4200",
    "date": "09/22",
    "city": "成都"
  },
  {
    "url": "http://hd.8264.com/xianlu-168303",
    "img": "http://img.qunawan.com/ecmme/wan/xl/goods/20170704/201707041104453758_listfull.jpg",
    "title": "深秋国庆 七藏沟 长海子 鱼海子 探秘徒步穿越（6日行程）",
    "money": "2680",
    "date": "09/30",
    "city": "成都"
  },
  {
    "url": "http://hd.8264.com/xianlu-168283",
    "img": "http://img.qunawan.com/ecmme/wan/xl/goods/20170706/201707060923311041_listfull.jpg",
    "title": "南疆库尔勒库车大峡谷喀什和田穿越塔克拉玛干沙漠探秘之旅（13日行程）",
    "money": "4980",
    "date": "09/30",
    "city": "乌鲁"
  },
  {
    "url": "http://hd.8264.com/xianlu-168275",
    "img": "http://img.qunawan.com/ecmme/wan/xl/goods/20170705/201707051116095042_listfull.jpg",
    "title": "贡嘎西南坡徒步穿越经典游（6日行程）",
    "money": "2280",
    "date": "09/30",
    "city": "成都"
  },
  {
    "url": "http://hd.8264.com/xianlu-168272",
    "img": "http://img.qunawan.com/ecmme/wan/xl/goods/20170703/201707031734098611_listfull.jpg",
    "title": "徒步 丹巴藏寨 党岭葫芦海 道孚秘境徒步穿越（7日行程）",
    "money": "3180",
    "date": "10/01",
    "city": "成都"
  },
  {
    "url": "http://hd.8264.com/xianlu-168234",
    "img": "http://img.qunawan.com/ecmme/wan/xl/goods/20170703/201707031328072106_listfull.jpg",
    "title": "亲吻人生第一座雪山 四姑娘山大峰报名中（3日行程）",
    "money": "1080",
    "date": "09/22",
    "city": "成都"
  },
  {
    "url": "http://hd.8264.com/xianlu-169503",
    "img": "http://img.qunawan.com/ecmme/wan/xl/goods/20170725/201707251712515495_listfull.jpg",
    "title": "探访苦修密地 走进佛国世界色达 亚青寺 甘孜之旅（8日行程）",
    "money": "3280",
    "date": "10/01",
    "city": "成都"
  },
  {
    "url": "http://hd.8264.com/xianlu-168388",
    "img": "http://img.qunawan.com/ecmme/wan/xl/goods/20170705/201707051329175817_listfull.jpg",
    "title": "极致体验 炫酷 刺激的运动 深圳西冲冲浪运动（1日行程）",
    "money": "820",
    "date": "09/22",
    "city": "深圳"
  },
  {
    "url": "http://hd.8264.com/xianlu-168377",
    "img": "http://img.qunawan.com/ecmme/wan/xl/goods/20170705/201707051121018822_listfull.jpg",
    "title": "徒步之旅 七藏沟追寻传说中的秘境（7日行程）",
    "money": "2680",
    "date": "09/30",
    "city": "成都"
  },
  {
    "url": "http://hd.8264.com/xianlu-168197",
    "img": "http://img.qunawan.com/ecmme/wan/xl/goods/20170702/201707022120161423_listfull.jpg",
    "title": "色达 佛国色达 神山年保玉则 色彩盛宴毕棚沟朝圣之旅（7日行程）",
    "money": "2980",
    "date": "09/23",
    "city": "成都"
  },
  {
    "url": "http://hd.8264.com/xianlu-168195",
    "img": "http://img.qunawan.com/ecmme/wan/xl/goods/20170702/201707021925562268_listfull.jpg",
    "title": "色达 稻城亚丁 川西经典（8日行程）",
    "money": "3880",
    "date": "09/22",
    "city": "成都"
  },
  {
    "url": "http://hd.8264.com/xianlu-168180",
    "img": "http://img.qunawan.com/ecmme/wan/xl/goods/20170809/201708091713478773_listfull.jpg",
    "title": "探秘独龙江 丙察察 山南 藏北 阿里 越野羌塘无人区（25日行程）",
    "money": "7600",
    "date": "09/28",
    "city": "大理"
  },
  {
    "url": "http://hd.8264.com/xianlu-168174",
    "img": "http://img.qunawan.com/ecmme/wan/xl/goods/20170701/201707011822329748_listfull.jpg",
    "title": "毕业啦 川进青出 走向西藏 拥抱自己 放空 放空（15日行程）",
    "money": "4800",
    "date": "09/23",
    "city": "成都"
  },
  {
    "url": "http://hd.8264.com/xianlu-168170",
    "img": "http://img.qunawan.com/ecmme/wan/xl/goods/20170701/201707011624461583_listfull.jpg",
    "title": "海螺沟稻城 拼车 川西经典摄影线路 全程越野车自由行（7日行程）",
    "money": "2180",
    "date": "09/23",
    "city": "成都"
  },
  {
    "url": "http://hd.8264.com/xianlu-168169",
    "img": "http://img.qunawan.com/ecmme/wan/xl/goods/20170701/201707011524402757_listfull.jpg",
    "title": "色达稻城 拼车 经典川西环线行摄之路（8日行程）",
    "money": "2280",
    "date": "09/23",
    "city": "成都"
  },
  {
    "url": "http://hd.8264.com/xianlu-168151",
    "img": "http://img.qunawan.com/ecmme/wan/xl/goods/20170630/201706301514459683_listfull.jpg",
    "title": "夏季秋季 四姑娘山三峰技术雪山攀登（4日行程）",
    "money": "1780",
    "date": "09/23",
    "city": "安庆"
  },
  {
    "url": "http://hd.8264.com/xianlu-168140",
    "img": "http://img.qunawan.com/ecmme/wan/xl/goods/20170630/201706301159202796_listfull.jpg",
    "title": "四姑娘山长坪沟 海子沟露营活动（4日行程）",
    "money": "1380",
    "date": "09/22",
    "city": "成都"
  }
]