[
  {
    "url": "http://hd.8264.com/xianlu-168129",
    "img": "http://img.qunawan.com/ecmme/wan/xl/goods/20170630/201706301052169253_listfull.jpg",
    "title": "徒步 冰峰山地贡嘎全线徒步（8日行程）",
    "money": "2880",
    "date": "09/23",
    "city": "成都"
  },
  {
    "url": "http://hd.8264.com/xianlu-168126",
    "img": "http://img.qunawan.com/ecmme/wan/xl/goods/20170630/201706301048581131_listfull.jpg",
    "title": "南太行飞跃（7日行程）",
    "money": "2850",
    "date": "10/17",
    "city": "郑州"
  },
  {
    "url": "http://hd.8264.com/xianlu-168112",
    "img": "http://img.qunawan.com/ecmme/wan/xl/goods/20170630/201706300052548871_listfull.jpg",
    "title": "世界十大经典徒步路线 徒步虎跳峡（2日行程）",
    "money": "680",
    "date": "09/23",
    "city": "丽江"
  },
  {
    "url": "http://hd.8264.com/xianlu-168610",
    "img": "http://img.qunawan.com/ecmme/wan/xl/goods/20170709/201707092109083498_listfull.jpg",
    "title": "技术型山峰 那玛峰5588米攀登（6日行程）",
    "money": "6800",
    "date": "09/23",
    "city": "成都"
  },
  {
    "url": "http://hd.8264.com/xianlu-168100",
    "img": "http://img.qunawan.com/ecmme/wan/xl/goods/20170629/201706291720354866_listfull.jpg",
    "title": "阿坝精华 九寨沟 年宝玉则深度摄影（8日行程）",
    "money": "3380",
    "date": "09/23",
    "city": "成都"
  },
  {
    "url": "http://hd.8264.com/xianlu-168152",
    "img": "http://img.qunawan.com/ecmme/wan/xl/goods/20170713/201707131131337355_listfull.png",
    "title": "醉美西北之 丝绸之路 敦煌莫高窟 张掖丹霞 青海湖 茶卡盐湖（9日行程）",
    "money": "3980",
    "date": "09/23",
    "city": "兰州"
  },
  {
    "url": "http://hd.8264.com/xianlu-168087",
    "img": "http://img.qunawan.com/ecmme/wan/xl/goods/20170629/201706291626032109_listfull.jpg",
    "title": "冈仁波齐 通往朝圣之旅 阿里北线 双湖摄影探险（16日行程）",
    "money": "6600",
    "date": "09/30",
    "city": "拉萨"
  },
  {
    "url": "http://hd.8264.com/xianlu-168084",
    "img": "http://img.qunawan.com/ecmme/wan/xl/goods/20170629/201706291531384313_listfull.jpg",
    "title": "深度摄影 海螺沟 稻城亚丁 双桥沟 藏居体验游（9日行程）",
    "money": "3580",
    "date": "09/22",
    "city": "成都"
  },
  {
    "url": "http://hd.8264.com/xianlu-168069",
    "img": "http://img.qunawan.com/ecmme/wan/xl/goods/20170629/201706291524351860_listfull.jpg",
    "title": "黔东南 肇兴 岜沙深度游（3日行程）",
    "money": "798",
    "date": "09/22",
    "city": "从江"
  },
  {
    "url": "http://hd.8264.com/xianlu-168083",
    "img": "http://img.qunawan.com/ecmme/wan/xl/goods/20170629/201706291526185820_listfull.jpg",
    "title": "成都出发色达 稻城亚丁 川藏318南线越野车拼车自由行（10日行程）",
    "money": "5180",
    "date": "09/22",
    "city": "成都"
  },
  {
    "url": "http://hd.8264.com/xianlu-168057",
    "img": "http://img.qunawan.com/ecmme/wan/xl/goods/20170629/201706291443558523_listfull.jpg",
    "title": "赶往神的自留地 鲁朗 林芝 大峡谷 布宫 大昭寺（8日行程）",
    "money": "3900",
    "date": "09/24",
    "city": "拉萨"
  },
  {
    "url": "http://hd.8264.com/xianlu-168056",
    "img": "http://img.qunawan.com/ecmme/wan/xl/goods/20170629/201706291442173645_listfull.jpg",
    "title": "探访北回归线以南南昆明 西双版纳（8日行程）",
    "money": "4900",
    "date": "10/07",
    "city": "昆明"
  },
  {
    "url": "http://hd.8264.com/xianlu-168039",
    "img": "http://img.qunawan.com/ecmme/wan/xl/goods/20170629/201706291209487832_listfull.jpg",
    "title": "安吉0米 天目山漂流（1日行程）",
    "money": "99",
    "date": "09/23",
    "city": "上海"
  },
  {
    "url": "http://hd.8264.com/xianlu-168038",
    "img": "http://img.qunawan.com/ecmme/wan/xl/goods/20170629/201706291203171199_listfull.jpg",
    "title": "安吉0米 龙王山漂流（1日行程）",
    "money": "99",
    "date": "09/24",
    "city": "上海"
  },
  {
    "url": "http://hd.8264.com/xianlu-168154",
    "img": "http://img.qunawan.com/ecmme/wan/xl/goods/20170630/201706301608302910_listfull.jpg",
    "title": "大美川西 稻城亚丁 四姑娘山 丹巴 海螺沟全景（10日行程）",
    "money": "3680",
    "date": "09/28",
    "city": "安庆"
  },
  {
    "url": "http://hd.8264.com/xianlu-168033",
    "img": "http://img.qunawan.com/ecmme/wan/xl/goods/20170629/201706291107183156_listfull.jpg",
    "title": "穿越贡嘎全线（8日行程）",
    "money": "2780",
    "date": "09/29",
    "city": "成都"
  },
  {
    "url": "http://hd.8264.com/xianlu-168332",
    "img": "http://img.qunawan.com/ecmme/wan/xl/goods/20170704/201707041534113831_listfull.jpg",
    "title": "四姑娘山长坪沟徒步 二峰攀登 尝试初级雪山攀登（6日行程）",
    "money": "2480",
    "date": "09/30",
    "city": "成都"
  },
  {
    "url": "http://hd.8264.com/xianlu-168015",
    "img": "http://img.qunawan.com/ecmme/wan/xl/goods/20170629/201706291050104605_listfull.jpg",
    "title": "跟随藏羚羊迁移的脚步 走进可可西里（8日行程）",
    "money": "4880",
    "date": "09/25",
    "city": "西宁"
  },
  {
    "url": "http://hd.8264.com/xianlu-168000",
    "img": "http://img.qunawan.com/ecmme/wan/xl/goods/20170629/201706290935485633_listfull.jpg",
    "title": "履约色达 若尔盖年保色达新都桥甘孜环线（8日行程）",
    "money": "3750",
    "date": "09/23",
    "city": "成都"
  },
  {
    "url": "http://hd.8264.com/xianlu-167999",
    "img": "http://img.qunawan.com/ecmme/wan/xl/goods/20170629/201706290928561006_listfull.jpg",
    "title": "暑期花季 国庆 深秋 探访苦修密地色达 亚青寺深度摄影（8日行程）",
    "money": "0",
    "date": "10/01",
    "city": "成都"
  }
]