[
  {
    "url": "http://hd.8264.com/xianlu-167996",
    "img": "http://img.qunawan.com/ecmme/wan/xl/goods/20170629/201706290851486606_listfull.jpg",
    "title": "贡嘎转山 蜀山之王大环线穿越 穿越挑战极限（7日行程）",
    "money": "2880",
    "date": "09/23",
    "city": "成都"
  },
  {
    "url": "http://hd.8264.com/xianlu-167994",
    "img": "http://img.qunawan.com/ecmme/wan/xl/goods/20170629/201706290010421963_listfull.png",
    "title": "纵马乌兰布统深度游（7日行程）",
    "money": "2680",
    "date": "09/22",
    "city": "北京"
  },
  {
    "url": "http://hd.8264.com/xianlu-167992",
    "img": "http://img.qunawan.com/ecmme/wan/xl/goods/20170628/201706282258131844_listfull.jpg",
    "title": "相约 江西武功山 徒步天上草原 观云海日出奇观（4日行程）",
    "money": "450",
    "date": "09/22",
    "city": "深圳"
  },
  {
    "url": "http://hd.8264.com/xianlu-169105",
    "img": "http://img.qunawan.com/ecmme/wan/xl/goods/20170717/201707171030567836_listfull.jpg",
    "title": "赶往神的自留地 鲁朗 林芝 大峡谷 布宫 大昭寺跟团游（8日行程）",
    "money": "3900",
    "date": "09/22",
    "city": "拉萨"
  },
  {
    "url": "http://hd.8264.com/xianlu-167972",
    "img": "http://img.qunawan.com/ecmme/wan/xl/goods/20170628/201706281521534391_listfull.jpg",
    "title": "穿越南北丝绸之路 西宁 张掖 嘉峪关 敦煌 德令哈 青海湖（8日行程）",
    "money": "3780",
    "date": "09/26",
    "city": "西宁"
  },
  {
    "url": "http://hd.8264.com/xianlu-167967",
    "img": "http://img.qunawan.com/ecmme/wan/xl/goods/20170628/201706281502426652_listfull.jpg",
    "title": "高空项目 大邑鹤鸣山大坪滑翔伞体验飞行（1日行程）",
    "money": "648",
    "date": "09/22",
    "city": "成都"
  },
  {
    "url": "http://hd.8264.com/xianlu-167950",
    "img": "http://img.qunawan.com/ecmme/wan/xl/goods/20170628/201706281126476433_listfull.jpg",
    "title": "深度摄影 海螺沟 新都桥 稻城 亚丁（8日行程）",
    "money": "2980",
    "date": "09/22",
    "city": "成都"
  },
  {
    "url": "http://hd.8264.com/xianlu-167948",
    "img": "http://img.qunawan.com/ecmme/wan/xl/goods/20170628/201706281119373593_listfull.jpg",
    "title": "藏谜至境 亚青寺德格石渠色达环线深度游（10日行程）",
    "money": "3880",
    "date": "10/01",
    "city": "成都"
  },
  {
    "url": "http://hd.8264.com/xianlu-167945",
    "img": "http://img.qunawan.com/ecmme/wan/xl/goods/20170628/201706281056215619_listfull.jpg",
    "title": "徒步 诗意莫斯卡 醉美甲居藏寨轻装徒步（3日行程）",
    "money": "980",
    "date": "09/22",
    "city": "成都"
  },
  {
    "url": "http://hd.8264.com/xianlu-167924",
    "img": "http://img.qunawan.com/ecmme/wan/xl/goods/20170627/201706272301161021_listfull.png",
    "title": "四姑娘山 丹巴藏寨 稻城亚丁 新都桥 海螺沟（9日行程）",
    "money": "3180",
    "date": "09/23",
    "city": "成都"
  },
  {
    "url": "http://hd.8264.com/xianlu-167920",
    "img": "http://img.qunawan.com/ecmme/wan/xl/goods/20170627/201706272224212764_listfull.png",
    "title": "九寨沟 黄龙 毕棚沟 黄河九曲第一湾日落 若尔盖花湖（7日行程）",
    "money": "3380",
    "date": "09/23",
    "city": "成都"
  },
  {
    "url": "http://hd.8264.com/xianlu-167919",
    "img": "http://img.qunawan.com/ecmme/wan/xl/goods/20170801/201708011304071795_listfull.jpg",
    "title": "中国景色最美的滇西 丙察察 山南 藏北 阿里地区 摄影深度游（25日行程）",
    "money": "7600",
    "date": "09/27",
    "city": "昆明"
  },
  {
    "url": "http://hd.8264.com/xianlu-167898",
    "img": "http://img.qunawan.com/ecmme/wan/xl/goods/20170627/201706271645216902_listfull.jpg",
    "title": "潮尚户外 醉美云南 双廊 丽江 玉龙雪山 泸沽湖 洱海游轮（6日行程）",
    "money": "2580",
    "date": "09/23",
    "city": "丽江"
  },
  {
    "url": "http://hd.8264.com/xianlu-167893",
    "img": "http://img.qunawan.com/ecmme/wan/xl/goods/20170627/201706271639506684_listfull.jpg",
    "title": "阿坝精华 九寨沟 年宝玉则深度摄影（8日行程）",
    "money": "3380",
    "date": "09/23",
    "city": "成都"
  },
  {
    "url": "http://hd.8264.com/xianlu-167885",
    "img": "http://img.qunawan.com/ecmme/wan/xl/goods/20170627/201706271632044807_listfull.jpg",
    "title": "徒步之旅 七藏沟追寻传说中的秘境（7日行程）",
    "money": "2680",
    "date": "10/01",
    "city": "成都"
  },
  {
    "url": "http://hd.8264.com/xianlu-167879",
    "img": "http://img.qunawan.com/ecmme/wan/xl/goods/20170627/201706271612001421_listfull.jpg",
    "title": "红原若尔盖 花湖（3日行程）",
    "money": "580",
    "date": "09/22",
    "city": "成都"
  },
  {
    "url": "http://hd.8264.com/xianlu-167857",
    "img": "http://img.qunawan.com/ecmme/wan/xl/goods/20170627/201706271515595416_listfull.jpg",
    "title": "海螺沟 新都桥 稻城 亚丁深度游经典（8日行程）",
    "money": "3280",
    "date": "09/22",
    "city": "成都"
  },
  {
    "url": "http://hd.8264.com/xianlu-167853",
    "img": "http://img.qunawan.com/ecmme/wan/xl/goods/20170627/201706271505509233_listfull.jpg",
    "title": "九寨 花湖 四姑娘山（7日行程）",
    "money": "3380",
    "date": "09/23",
    "city": "成都"
  },
  {
    "url": "http://hd.8264.com/xianlu-167837",
    "img": "http://img.qunawan.com/ecmme/wan/xl/goods/20170627/201706271422274105_listfull.jpg",
    "title": "川藏南线 滇藏线 稻城亚丁 梅里雪山 来古村（11日行程）",
    "money": "6280",
    "date": "09/22",
    "city": "成都"
  },
  {
    "url": "http://hd.8264.com/xianlu-167835",
    "img": "http://img.qunawan.com/ecmme/wan/xl/goods/20170627/201706271431497801_listfull.png",
    "title": "海拉尔 室韦 二卡跨国湿地 白桦林 狼岛 满洲里（5日行程）",
    "money": "2480",
    "date": "09/23",
    "city": "呼伦"
  }
]