[
  {
    "url": "http://hd.8264.com/xianlu-167827",
    "img": "http://img.qunawan.com/ecmme/wan/xl/goods/20170627/201706271420032218_listfull.jpg",
    "title": "年宝玉则徒步走起（3日行程）",
    "money": "680",
    "date": "09/22",
    "city": "成都"
  },
  {
    "url": "http://hd.8264.com/xianlu-167906",
    "img": "http://img.qunawan.com/ecmme/wan/xl/goods/20170627/201706271728275264_listfull.jpg",
    "title": "色达专线 佛国净土色达 稻城亚丁（8日行程）",
    "money": "3580",
    "date": "09/22",
    "city": "成都"
  },
  {
    "url": "http://hd.8264.com/xianlu-168278",
    "img": "http://img.qunawan.com/ecmme/wan/xl/goods/20170703/201707031818285852_listfull.jpg",
    "title": "佛国 色达 稻城亚丁 317 318部分段经典环线（8日行程）",
    "money": "3580",
    "date": "09/22",
    "city": "成都"
  },
  {
    "url": "http://hd.8264.com/xianlu-167816",
    "img": "http://img.qunawan.com/ecmme/wan/xl/goods/20170627/201706271224424905_listfull.png",
    "title": "祖国最北部漠河 北极村 最北北红村 北极泉 圣诞村（4日行程）",
    "money": "1580",
    "date": "09/23",
    "city": "大兴"
  },
  {
    "url": "http://hd.8264.com/xianlu-168988",
    "img": "http://img.qunawan.com/ecmme/wan/xl/goods/20170713/201707131513391101_listfull.png",
    "title": "探访北回归线以南游南昆明 西双版纳（8日行程）",
    "money": "4900",
    "date": "10/07",
    "city": "昆明"
  },
  {
    "url": "http://hd.8264.com/xianlu-167802",
    "img": "http://img.qunawan.com/ecmme/wan/xl/goods/20170627/201706271016002241_listfull.jpg",
    "title": "世界第十高峰 尼泊尔 安娜普尔纳大本营ABC 喜马拉雅徒步（11日行程）",
    "money": "3900",
    "date": "10/01",
    "city": "加德"
  },
  {
    "url": "http://hd.8264.com/xianlu-167787",
    "img": "http://img.qunawan.com/ecmme/wan/xl/goods/20170627/201706270851555281_listfull.jpg",
    "title": "暑期 国庆 深秋 四姑娘山长坪沟穿越毕棚沟探秘（6日行程）",
    "money": "2480",
    "date": "09/30",
    "city": "成都"
  },
  {
    "url": "http://hd.8264.com/xianlu-167782",
    "img": "http://img.qunawan.com/ecmme/wan/xl/goods/20170626/201706261910549015_listfull.jpg",
    "title": "暑期花季 国庆 深秋 元旦 探秘蜀山 贡嘎西南坡穿越（6日行程）",
    "money": "2280",
    "date": "09/30",
    "city": "成都"
  },
  {
    "url": "http://hd.8264.com/xianlu-167767",
    "img": "http://img.qunawan.com/ecmme/wan/xl/goods/20170626/201706261733459645_listfull.jpg",
    "title": "色达 丹巴 观音桥品质出游 4人一车 赠送全程住宿（4日行程）",
    "money": "1580",
    "date": "09/22",
    "city": "成都"
  },
  {
    "url": "http://hd.8264.com/xianlu-167760",
    "img": "http://img.qunawan.com/ecmme/wan/xl/goods/20170626/201706261646466024_listfull.jpg",
    "title": "哈尔滨 呼伦贝尔草原 骑马 射箭 双草原（6日行程）",
    "money": "2590",
    "date": "09/22",
    "city": "哈尔"
  },
  {
    "url": "http://hd.8264.com/xianlu-168299",
    "img": "http://img.qunawan.com/ecmme/wan/xl/goods/20170704/201707041005008861_listfull.jpg",
    "title": "长坪沟穿越毕棚沟计划（5日行程）",
    "money": "2480",
    "date": "10/01",
    "city": "成都"
  },
  {
    "url": "http://hd.8264.com/xianlu-167746",
    "img": "http://img.qunawan.com/ecmme/wan/xl/goods/20170626/201706261547515886_listfull.jpg",
    "title": "履约色达 若尔盖 年保 色达 新都桥 甘孜环线（8日行程）",
    "money": "3750",
    "date": "09/23",
    "city": "成都"
  },
  {
    "url": "http://hd.8264.com/xianlu-167744",
    "img": "http://img.qunawan.com/ecmme/wan/xl/goods/20170626/201706261511427242_listfull.png",
    "title": "徒步 四姑娘山长坪沟 二峰登山 户外纯玩团（6日行程）",
    "money": "2480",
    "date": "09/30",
    "city": "成都"
  },
  {
    "url": "http://hd.8264.com/xianlu-167737",
    "img": "http://img.qunawan.com/ecmme/wan/xl/goods/20170626/201706261211224654_listfull.jpg",
    "title": "318南线 青藏线自主拼车深度游 小车出行（19日行程）",
    "money": "7580",
    "date": "09/22",
    "city": "成都"
  },
  {
    "url": "http://hd.8264.com/xianlu-167714",
    "img": "http://img.qunawan.com/ecmme/wan/xl/goods/20170626/201706260943529104_listfull.jpg",
    "title": "新都桥 稻城亚丁拼车自由行（6日行程）",
    "money": "1680",
    "date": "09/22",
    "city": "成都"
  },
  {
    "url": "http://hd.8264.com/xianlu-167692",
    "img": "http://img.qunawan.com/ecmme/wan/xl/goods/20170625/201706251700468580_listfull.png",
    "title": "九寨沟 黄龙 若尔盖 花湖 黄河九曲 红原 丹巴 四姑娘山（8日行程）",
    "money": "3480",
    "date": "09/23",
    "city": "成都"
  },
  {
    "url": "http://hd.8264.com/xianlu-167690",
    "img": "http://img.qunawan.com/ecmme/wan/xl/goods/20170625/201706251640182239_listfull.jpg",
    "title": "探秘高黎贡山 独龙江 徒步穿越（10日行程）",
    "money": "6800",
    "date": "09/23",
    "city": "昆明"
  },
  {
    "url": "http://hd.8264.com/xianlu-167688",
    "img": "http://img.qunawan.com/ecmme/wan/xl/goods/20170625/201706251631062629_listfull.jpg",
    "title": "穿越佛国净土 走进最后香格里拉 色达稻城亚丁深度游（8日行程）",
    "money": "3580",
    "date": "09/23",
    "city": "成都"
  },
  {
    "url": "http://hd.8264.com/xianlu-167680",
    "img": "http://img.qunawan.com/ecmme/wan/xl/goods/20170625/201706251249343779_listfull.jpg",
    "title": "四姑娘山大二三峰豪华攀登线路（5日行程）",
    "money": "2180",
    "date": "09/22",
    "city": "成都"
  },
  {
    "url": "http://hd.8264.com/xianlu-167679",
    "img": "http://img.qunawan.com/ecmme/wan/xl/goods/20170625/201706251242505305_listfull.jpg",
    "title": "四姑娘山大 二 三峰标准攀登线路（4日行程）",
    "money": "1380",
    "date": "09/22",
    "city": "成都"
  }
]