[
  {
    "url": "http://hd.8264.com/xianlu-167668",
    "img": "http://img.qunawan.com/ecmme/wan/xl/goods/20170624/201706242153012005_listfull.jpg",
    "title": "丝绸之路 青海湖 敦煌 莫高窟 雅丹魔鬼城 嘉峪关（8日行程）",
    "money": "3480",
    "date": "09/23",
    "city": "西宁"
  },
  {
    "url": "http://hd.8264.com/xianlu-167663",
    "img": "http://img.qunawan.com/ecmme/wan/xl/goods/20170624/201706241749256914_listfull.png",
    "title": "云南 普者黑 马岭河大峡谷 醉美万峰林 万峰湖 抚仙湖（8日行程）",
    "money": "3280",
    "date": "09/23",
    "city": "昆明"
  },
  {
    "url": "http://hd.8264.com/xianlu-167658",
    "img": "http://img.qunawan.com/ecmme/wan/xl/goods/20170624/201706241552149265_listfull.png",
    "title": "品质纯玩 越野车穿越莫日格勒河呼伦贝尔大草原 深度游（6日行程）",
    "money": "2580",
    "date": "09/22",
    "city": "呼伦"
  },
  {
    "url": "http://hd.8264.com/xianlu-167650",
    "img": "http://img.qunawan.com/ecmme/wan/xl/goods/20170624/201706241315133940_listfull.jpg",
    "title": "普者黑 坝美 小包团（3日行程）",
    "money": "1680",
    "date": "09/22",
    "city": "昆明"
  },
  {
    "url": "http://hd.8264.com/xianlu-167643",
    "img": "http://img.qunawan.com/ecmme/wan/xl/goods/20170624/201706241108353750_listfull.jpg",
    "title": "走进最美草原 若尔盖 九寨沟 黄龙品质游（4日行程）",
    "money": "1680",
    "date": "09/22",
    "city": "成都"
  },
  {
    "url": "http://hd.8264.com/xianlu-167641",
    "img": "http://img.qunawan.com/ecmme/wan/xl/goods/20170624/201706241005399655_listfull.jpg",
    "title": "稻城亚丁自主拼车休闲游 赠送全程住宿（7日行程）",
    "money": "2780",
    "date": "09/22",
    "city": "成都"
  },
  {
    "url": "http://hd.8264.com/xianlu-167631",
    "img": "http://img.qunawan.com/ecmme/wan/xl/goods/20170624/201706240914007511_listfull.jpg",
    "title": "vip小包团 冰川海螺沟 人间净土稻城亚丁深度定制（8日行程）",
    "money": "3160",
    "date": "09/22",
    "city": "成都"
  },
  {
    "url": "http://hd.8264.com/xianlu-167687",
    "img": "http://img.qunawan.com/ecmme/wan/xl/goods/20170625/201706251558372277_listfull.png",
    "title": "朝圣色达 走进五明佛学院色达 稻城亚丁 摄影天堂新都桥环线（10日行程）",
    "money": "3580",
    "date": "09/23",
    "city": "甘孜"
  },
  {
    "url": "http://hd.8264.com/xianlu-167602",
    "img": "http://img.qunawan.com/ecmme/wan/xl/goods/20170623/201706231513345509_listfull.jpg",
    "title": "西藏云端之上亚东边境摄影之旅深度纯玩（10日行程）",
    "money": "4850",
    "date": "09/24",
    "city": "西城"
  },
  {
    "url": "http://hd.8264.com/xianlu-167606",
    "img": "http://img.qunawan.com/ecmme/wan/xl/goods/20170623/201706231615399220_listfull.jpg",
    "title": "暑期花季 国庆 深秋 色达 年保玉则 塔公 新都桥环线摄影（7日行程）",
    "money": "2780",
    "date": "09/22",
    "city": "成都"
  },
  {
    "url": "http://hd.8264.com/xianlu-167593",
    "img": "http://img.qunawan.com/ecmme/wan/xl/goods/20170623/201706231354382413_listfull.jpg",
    "title": "上海长岛庄园家庭日活动（1日行程）",
    "money": "150",
    "date": "09/22",
    "city": "崇明"
  },
  {
    "url": "http://hd.8264.com/xianlu-167587",
    "img": "http://img.qunawan.com/ecmme/wan/xl/goods/20170623/201706231337358268_listfull.jpg",
    "title": "川藏南线 滇藏线 稻城亚丁 梅里雪山 来古村（11日行程）",
    "money": "6280",
    "date": "09/22",
    "city": "成都"
  },
  {
    "url": "http://hd.8264.com/xianlu-167580",
    "img": "http://img.qunawan.com/ecmme/wan/xl/goods/20170623/201706231127502241_listfull.png",
    "title": "大美西藏 川藏线 青藏线 丝路之路 甘南线深度自驾之旅AB段（20日行程）",
    "money": "8600",
    "date": "09/23",
    "city": "成都"
  },
  {
    "url": "http://hd.8264.com/xianlu-167573",
    "img": "http://img.qunawan.com/ecmme/wan/xl/goods/20170623/201706230129412749_listfull.jpg",
    "title": "暑期 国庆 深秋 九寨沟 黄龙 花湖 唐克 年保幻彩摄影（8日行程）",
    "money": "3380",
    "date": "09/23",
    "city": "成都"
  },
  {
    "url": "http://hd.8264.com/xianlu-167579",
    "img": "http://img.qunawan.com/ecmme/wan/xl/goods/20170623/201706231055235610_listfull.png",
    "title": "稻城亚丁 梅里雪山 泸沽湖 大香格里拉大环线自驾之旅（10日行程）",
    "money": "5380",
    "date": "09/30",
    "city": "成都"
  },
  {
    "url": "http://hd.8264.com/xianlu-167689",
    "img": "http://img.qunawan.com/ecmme/wan/xl/goods/20170625/201706251615151545_listfull.png",
    "title": "稻城亚丁三神山 海螺沟冰川 雅家梗红石滩深度环线（8日行程）",
    "money": "2980",
    "date": "09/23",
    "city": "成都"
  },
  {
    "url": "http://hd.8264.com/xianlu-167549",
    "img": "http://img.qunawan.com/ecmme/wan/xl/goods/20170622/201706220937014864_listfull.jpg",
    "title": "惠州黑排角 穿越十里银滩海岸线徒步 被誉为中国的马尔代夫（1日行程）",
    "money": "80",
    "date": "09/22",
    "city": "深圳"
  },
  {
    "url": "http://hd.8264.com/xianlu-167547",
    "img": "http://img.qunawan.com/ecmme/wan/xl/goods/20170622/201706221105222452_listfull.jpg",
    "title": "七藏沟 长海子 草海 红星海子 鱼海子 探秘徒步穿越（6日行程）",
    "money": "2680",
    "date": "09/30",
    "city": "成都"
  },
  {
    "url": "http://hd.8264.com/xianlu-167542",
    "img": "http://img.qunawan.com/ecmme/wan/xl/goods/20170622/201706220938527800_listfull.jpg",
    "title": "朝拜蜀山之王 贡嘎西南坡徒步穿越 无露营 贡嘎专业户（5日行程）",
    "money": "2280",
    "date": "09/30",
    "city": "成都"
  },
  {
    "url": "http://hd.8264.com/xianlu-167969",
    "img": "http://img.qunawan.com/ecmme/wan/xl/goods/20170628/201706281519284670_listfull.jpg",
    "title": "深度摄影 九寨 花湖 四姑娘山（7日行程）",
    "money": "3180",
    "date": "09/23",
    "city": "成都"
  }
]