[
  {
    "url": "http://hd.8264.com/xianlu-167522",
    "img": "http://img.qunawan.com/ecmme/wan/xl/goods/20170621/201706211555211239_listfull.jpg",
    "title": "中国马尔代夫 月坨岛 滦州古城 休闲游（2日行程）",
    "money": "280",
    "date": "09/23",
    "city": "北京"
  },
  {
    "url": "http://hd.8264.com/xianlu-167520",
    "img": "http://img.qunawan.com/ecmme/wan/xl/goods/20170621/201706211522492729_listfull.jpg",
    "title": "云上哈巴勇士之家领航哈巴雪山攀登豪华版（5日行程）",
    "money": "3480",
    "date": "09/22",
    "city": "丽江"
  },
  {
    "url": "http://hd.8264.com/xianlu-167506",
    "img": "http://img.qunawan.com/ecmme/wan/xl/goods/20170621/201706211432131640_listfull.jpg",
    "title": "漠河北极村 观音山双卧（4日行程）",
    "money": "1280",
    "date": "09/22",
    "city": "哈尔"
  },
  {
    "url": "http://hd.8264.com/xianlu-167505",
    "img": "http://img.qunawan.com/ecmme/wan/xl/goods/20170621/201706211415355449_listfull.jpg",
    "title": "徒步 丹巴藏寨 党岭葫芦海 道孚秘境徒步穿越（7日行程）",
    "money": "3180",
    "date": "10/01",
    "city": "成都"
  },
  {
    "url": "http://hd.8264.com/xianlu-167492",
    "img": "http://img.qunawan.com/ecmme/wan/xl/goods/20170621/201706211051278570_listfull.jpg",
    "title": "登北京最高峰东灵山（1日行程）",
    "money": "100",
    "date": "09/24",
    "city": "北京"
  },
  {
    "url": "http://hd.8264.com/xianlu-167480",
    "img": "http://img.qunawan.com/ecmme/wan/xl/goods/20170621/201706211052182498_listfull.jpg",
    "title": "七藏沟追寻传说中的秘境（7日行程）",
    "money": "2680",
    "date": "09/30",
    "city": "成都"
  },
  {
    "url": "http://hd.8264.com/xianlu-167470",
    "img": "http://img.qunawan.com/ecmme/wan/xl/goods/20170621/201706211015161018_listfull.jpg",
    "title": "深度摄影 海螺沟 新都桥 稻城 亚丁（8日行程）",
    "money": "2980",
    "date": "09/23",
    "city": "成都"
  },
  {
    "url": "http://hd.8264.com/xianlu-167501",
    "img": "http://img.qunawan.com/ecmme/wan/xl/goods/20170621/201706211404255042_listfull.jpg",
    "title": "17全年色达川西 丹巴金川 越野环线 观音桥甲居藏寨（4日行程）",
    "money": "1480",
    "date": "09/22",
    "city": "成都"
  },
  {
    "url": "http://hd.8264.com/xianlu-167449",
    "img": "http://img.qunawan.com/ecmme/wan/xl/goods/20170621/201706210826296886_listfull.jpg",
    "title": "沙坡头腾格里沙漠徒步穿越露营（2日行程）",
    "money": "1180",
    "date": "09/22",
    "city": "银川"
  },
  {
    "url": "http://hd.8264.com/xianlu-168159",
    "img": "http://img.qunawan.com/ecmme/wan/xl/goods/20170630/201706301628363330_listfull.jpg",
    "title": "川藏经典 稻城亚丁 极致川藏行摄（10日行程）",
    "money": "3780",
    "date": "09/23",
    "city": "成都"
  },
  {
    "url": "http://hd.8264.com/xianlu-167438",
    "img": "http://img.qunawan.com/ecmme/wan/xl/goods/20170620/201706201755282188_listfull.jpg",
    "title": "清泉湾竹林极速滑水漂流 大喇叭山泉水城乐园 动感戏水（1日行程）",
    "money": "78",
    "date": "09/23",
    "city": "广州"
  },
  {
    "url": "http://hd.8264.com/xianlu-167437",
    "img": "http://img.qunawan.com/ecmme/wan/xl/goods/20170626/201706261556504406_listfull.jpg",
    "title": "川藏线 小众精品旅行 稻城亚丁 林芝 拉萨 活动召募中（11日行程）",
    "money": "3500",
    "date": "09/23",
    "city": "成都"
  },
  {
    "url": "http://hd.8264.com/xianlu-167432",
    "img": "http://img.qunawan.com/ecmme/wan/xl/goods/20170620/201706201734523408_listfull.jpg",
    "title": "东方夏威夷 双月湾狮子岛露营 篝火派对 荧光晚会 放孔明灯（2日行程）",
    "money": "239",
    "date": "09/23",
    "city": "广州"
  },
  {
    "url": "http://hd.8264.com/xianlu-167431",
    "img": "http://img.qunawan.com/ecmme/wan/xl/goods/20170620/201706201725126404_listfull.jpg",
    "title": "蜀山传奇 四姑娘丹巴新都桥贡嘎山伍须海摄影（8日行程）",
    "money": "2980",
    "date": "09/23",
    "city": "成都"
  },
  {
    "url": "http://hd.8264.com/xianlu-167427",
    "img": "http://img.qunawan.com/ecmme/wan/xl/goods/20170620/201706201650172797_listfull.png",
    "title": "欢乐暑期亲子拓展训练游（4日行程）",
    "money": "2888",
    "date": "09/30",
    "city": "酒泉"
  },
  {
    "url": "http://hd.8264.com/xianlu-167407",
    "img": "http://img.qunawan.com/ecmme/wan/xl/goods/20170620/201706201551533382_listfull.jpg",
    "title": "七彩云南B线 大理古城 玉龙雪山 崇圣寺三塔 洱海游轮 双廊（6日行程）",
    "money": "2380",
    "date": "09/23",
    "city": "丽江"
  },
  {
    "url": "http://hd.8264.com/xianlu-167410",
    "img": "http://img.qunawan.com/ecmme/wan/xl/goods/20170620/201706201558359196_listfull.jpg",
    "title": "七彩云南C线 柔情丽江 泸沽湖 香格里拉 普达措国家公园（5日行程）",
    "money": "1980",
    "date": "09/23",
    "city": "丽江"
  },
  {
    "url": "http://hd.8264.com/xianlu-167412",
    "img": "http://img.qunawan.com/ecmme/wan/xl/goods/20170620/201706201603322408_listfull.jpg",
    "title": "七彩云南D线 徒步者天堂之雨崩村 虎跳峡 朝圣梅里雪山（7日行程）",
    "money": "2180",
    "date": "09/25",
    "city": "丽江"
  },
  {
    "url": "http://hd.8264.com/xianlu-167352",
    "img": "http://img.qunawan.com/ecmme/wan/xl/goods/20170620/201706201031315602_listfull.jpg",
    "title": "丘北普者黑青丘狐狸洞坝美世外桃源主题摄影（3日行程）",
    "money": "1580",
    "date": "09/22",
    "city": "昆明"
  },
  {
    "url": "http://hd.8264.com/xianlu-167350",
    "img": "http://img.qunawan.com/ecmme/wan/xl/goods/20170620/201706201039184393_listfull.png",
    "title": "暑期 川西 稻城亚丁 佛国色达深度路线计划（8日行程）",
    "money": "3780",
    "date": "09/22",
    "city": "北京"
  }
]