[
  {
    "url": "http://hd.8264.com/xianlu-167338",
    "img": "http://img.qunawan.com/ecmme/wan/xl/goods/20170620/201706200949386586_listfull.jpg",
    "title": "大漠胡杨 雪山冰川 民俗风情 自驾一路尽享（13日行程）",
    "money": "5900",
    "date": "09/30",
    "city": "乌鲁"
  },
  {
    "url": "http://hd.8264.com/xianlu-167332",
    "img": "http://img.qunawan.com/ecmme/wan/xl/goods/20170620/201706200901217651_listfull.png",
    "title": "海螺沟 稻城亚丁 丹巴藏寨 四姑娘山环线深度摄影（8日行程）",
    "money": "3180",
    "date": "09/23",
    "city": "成都"
  },
  {
    "url": "http://hd.8264.com/xianlu-167326",
    "img": "http://img.qunawan.com/ecmme/wan/xl/goods/20170619/201706192358479981_listfull.png",
    "title": "九寨沟 黄龙 若尔盖 花湖 黄河九曲 红原月亮湾（6日行程）",
    "money": "2180",
    "date": "09/23",
    "city": "成都"
  },
  {
    "url": "http://hd.8264.com/xianlu-167315",
    "img": "http://img.qunawan.com/ecmme/wan/xl/goods/20170619/201706191808402131_listfull.jpg",
    "title": "暑假花季 国庆深秋 四姑娘山二峰攀登 初级雪山攀登（6日行程）",
    "money": "2480",
    "date": "09/30",
    "city": "成都"
  },
  {
    "url": "http://hd.8264.com/xianlu-167303",
    "img": "http://img.qunawan.com/ecmme/wan/xl/goods/20170619/201706191706469277_listfull.jpg",
    "title": "哈尔滨呼伦贝尔草原多人自行车骑黑山头骑马看日落访牧户射箭（5日行程）",
    "money": "2180",
    "date": "09/22",
    "city": "哈尔"
  },
  {
    "url": "http://hd.8264.com/xianlu-167284",
    "img": "http://img.qunawan.com/ecmme/wan/xl/goods/20170619/201706191519446126_listfull.jpg",
    "title": "仙本那绝美海岛 恋上那片蔚蓝 迷失在五彩的海底世界（7日行程）",
    "money": "2980",
    "date": "10/01",
    "city": "仙本"
  },
  {
    "url": "http://hd.8264.com/xianlu-169102",
    "img": "http://img.qunawan.com/ecmme/wan/xl/goods/20170717/201707171019156923_listfull.jpg",
    "title": "风情云南 丽江 白水台行（7日行程）",
    "money": "2780",
    "date": "09/22",
    "city": "成都"
  },
  {
    "url": "http://hd.8264.com/xianlu-167260",
    "img": "http://img.qunawan.com/ecmme/wan/xl/goods/20170619/201706191250478830_listfull.jpg",
    "title": "四川达尔宫户外 2017四姑娘山大 二 三峰标准登山线路（4日行程）",
    "money": "1380",
    "date": "09/22",
    "city": "成都"
  },
  {
    "url": "http://hd.8264.com/xianlu-167244",
    "img": "http://img.qunawan.com/ecmme/wan/xl/goods/20170619/201706191023538367_listfull.jpg",
    "title": "全年稻城川西 稻城亚丁 四姑娘山 丹巴藏寨 八美 新都桥（8日行程）",
    "money": "2980",
    "date": "09/22",
    "city": "成都"
  },
  {
    "url": "http://hd.8264.com/xianlu-167242",
    "img": "http://img.qunawan.com/ecmme/wan/xl/goods/20170619/201706191017355644_listfull.jpg",
    "title": "色达 稻城亚丁 新都桥 经典行摄之旅（10日行程）",
    "money": "3580",
    "date": "09/22",
    "city": "成都"
  },
  {
    "url": "http://hd.8264.com/xianlu-167240",
    "img": "http://img.qunawan.com/ecmme/wan/xl/goods/20170619/201706190939546651_listfull.png",
    "title": "泰南海岛 曼谷 丹能莎朵 芭提雅 沙美岛 泰国南部海岛（7日行程）",
    "money": "2780",
    "date": "09/23",
    "city": "泰国"
  },
  {
    "url": "http://hd.8264.com/xianlu-167237",
    "img": "http://img.qunawan.com/ecmme/wan/xl/goods/20170619/201706191057102330_listfull.jpg",
    "title": "四姑娘山穿越毕棚沟（6日行程）",
    "money": "2880",
    "date": "09/22",
    "city": "成都"
  },
  {
    "url": "http://hd.8264.com/xianlu-167233",
    "img": "http://img.qunawan.com/ecmme/wan/xl/goods/20170619/201706190026285033_listfull.png",
    "title": "新加坡 马来西亚 泰国曼谷 芭提雅 马六甲 吉隆坡（8日行程）",
    "money": "4980",
    "date": "09/23",
    "city": "新马"
  },
  {
    "url": "http://hd.8264.com/xianlu-167238",
    "img": "http://img.qunawan.com/ecmme/wan/xl/goods/20170619/201706190945244677_listfull.jpg",
    "title": "川西九寨沟环线 黄龙 毕棚沟 九曲 若尔盖花湖 舒适慢旅（7日行程）",
    "money": "3180",
    "date": "09/22",
    "city": "成都"
  },
  {
    "url": "http://hd.8264.com/xianlu-167218",
    "img": "http://img.qunawan.com/ecmme/wan/xl/goods/20170618/201706181000223144_listfull.jpg",
    "title": "呼伦贝尔旅游包车（8日行程）",
    "money": "3000",
    "date": "09/22",
    "city": "安庆"
  },
  {
    "url": "http://hd.8264.com/xianlu-169103",
    "img": "http://img.qunawan.com/ecmme/wan/xl/goods/20170717/201707171023105264_listfull.jpg",
    "title": "心花路放 大理双廊 泸沽湖 滇西北（7日行程）",
    "money": "3400",
    "date": "09/22",
    "city": "昆明"
  },
  {
    "url": "http://hd.8264.com/xianlu-167225",
    "img": "http://img.qunawan.com/ecmme/wan/xl/goods/20170618/201706181604199815_listfull.jpg",
    "title": "心花路放 大理双廊洱海 沙溪丽江 香格里拉泸沽湖 虎跳峡（7日行程）",
    "money": "3280",
    "date": "09/22",
    "city": "昆明"
  },
  {
    "url": "http://hd.8264.com/xianlu-167216",
    "img": "http://img.qunawan.com/ecmme/wan/xl/goods/20170618/201706180956467791_listfull.jpg",
    "title": "呼伦贝尔 大草原 深度穿越（8日行程）",
    "money": "3000",
    "date": "09/22",
    "city": "杭州"
  },
  {
    "url": "http://hd.8264.com/xianlu-167214",
    "img": "http://img.qunawan.com/ecmme/wan/xl/goods/20170618/201706180950445918_listfull.jpg",
    "title": "陶醉迷人的地方 呼伦贝尔（8日行程）",
    "money": "3000",
    "date": "09/22",
    "city": "南京"
  },
  {
    "url": "http://hd.8264.com/xianlu-167213",
    "img": "http://img.qunawan.com/ecmme/wan/xl/goods/20170618/201706180947576706_listfull.jpg",
    "title": "呼伦贝尔全程深度穿越体验式户外旅行（8日行程）",
    "money": "3000",
    "date": "09/22",
    "city": "长沙"
  }
]