[
  {
    "url": "http://hd.8264.com/xianlu-167212",
    "img": "http://img.qunawan.com/ecmme/wan/xl/goods/20170618/201706180946332618_listfull.jpg",
    "title": "呼伦贝尔大草原 避暑之地（7日行程）",
    "money": "3000",
    "date": "09/22",
    "city": "武汉"
  },
  {
    "url": "http://hd.8264.com/xianlu-167211",
    "img": "http://img.qunawan.com/ecmme/wan/xl/goods/20170618/201706180944479370_listfull.jpg",
    "title": "呼伦贝尔徒步旅游（8日行程）",
    "money": "3000",
    "date": "09/22",
    "city": "洛阳"
  },
  {
    "url": "http://hd.8264.com/xianlu-167209",
    "img": "http://img.qunawan.com/ecmme/wan/xl/goods/20170618/201706180940412037_listfull.jpg",
    "title": "呼伦贝尔大草原 必来的一次记忆旅行（8日行程）",
    "money": "3000",
    "date": "09/22",
    "city": "贵阳"
  },
  {
    "url": "http://hd.8264.com/xianlu-167222",
    "img": "http://img.qunawan.com/ecmme/wan/xl/goods/20170619/201706190941114599_listfull.jpg",
    "title": "亲子路线活动 内蒙 呼伦贝尔大草原经典深度游（7日行程）",
    "money": "2680",
    "date": "09/22",
    "city": "呼伦"
  },
  {
    "url": "http://hd.8264.com/xianlu-167245",
    "img": "http://img.qunawan.com/ecmme/wan/xl/goods/20170619/201706191033029242_listfull.jpg",
    "title": "贡嘎转山 蜀山之王全线极限穿越（7日行程）",
    "money": "2880",
    "date": "09/23",
    "city": "成都"
  },
  {
    "url": "http://hd.8264.com/xianlu-167207",
    "img": "http://img.qunawan.com/ecmme/wan/xl/goods/20170618/201706180928275099_listfull.jpg",
    "title": "2017呼伦贝尔大草原旅行行程（8日行程）",
    "money": "3000",
    "date": "09/22",
    "city": "广州"
  },
  {
    "url": "http://hd.8264.com/xianlu-167205",
    "img": "http://img.qunawan.com/ecmme/wan/xl/goods/20170618/201706180924213560_listfull.jpg",
    "title": "全程穿越呼伦贝尔草原腹地（8日行程）",
    "money": "3000",
    "date": "09/22",
    "city": "厦门"
  },
  {
    "url": "http://hd.8264.com/xianlu-167204",
    "img": "http://img.qunawan.com/ecmme/wan/xl/goods/20170618/201706180923333466_listfull.jpg",
    "title": "做旅游我的是认真的 呼伦贝尔站（8日行程）",
    "money": "3000",
    "date": "09/22",
    "city": "三亚"
  },
  {
    "url": "http://hd.8264.com/xianlu-167202",
    "img": "http://img.qunawan.com/ecmme/wan/xl/goods/20170618/201706180917231549_listfull.jpg",
    "title": "美丽的呼伦贝尔大草原（8日行程）",
    "money": "3000",
    "date": "09/22",
    "city": "重庆"
  },
  {
    "url": "http://hd.8264.com/xianlu-167201",
    "img": "http://img.qunawan.com/ecmme/wan/xl/goods/20170618/201706180911561489_listfull.jpg",
    "title": "呼伦贝尔 一个令你向往的地方（8日行程）",
    "money": "3000",
    "date": "09/22",
    "city": "北京"
  },
  {
    "url": "http://hd.8264.com/xianlu-167497",
    "img": "http://img.qunawan.com/ecmme/wan/xl/goods/20170621/201706211341196821_listfull.png",
    "title": "上海长兴岛长岛庄园拓展基地团队户外拓展训练特价（1日行程）",
    "money": "128",
    "date": "09/22",
    "city": "崇明"
  },
  {
    "url": "http://hd.8264.com/xianlu-167198",
    "img": "http://img.qunawan.com/ecmme/wan/xl/goods/20170617/201706172354427184_listfull.png",
    "title": "柬埔寨 吴哥窟 崩密列 洞里萨湖 暹粒 金边大皇宫（7日行程）",
    "money": "3580",
    "date": "09/23",
    "city": "柬埔"
  },
  {
    "url": "http://hd.8264.com/xianlu-167195",
    "img": "http://img.qunawan.com/ecmme/wan/xl/goods/20170617/201706171847323107_listfull.jpg",
    "title": "年保玉则上下日干错 阿尔加措 连穿8个湖泊（7日行程）",
    "money": "3500",
    "date": "09/22",
    "city": "成都"
  },
  {
    "url": "http://hd.8264.com/xianlu-167191",
    "img": "http://img.qunawan.com/ecmme/wan/xl/goods/20170617/201706171624242666_listfull.png",
    "title": "柬埔寨 探秘吴哥窟风情 崩密列 洞里萨湖 塔普伦寺（6日行程）",
    "money": "2980",
    "date": "09/23",
    "city": "柬埔"
  },
  {
    "url": "http://hd.8264.com/xianlu-167186",
    "img": "http://img.qunawan.com/ecmme/wan/xl/goods/20170617/201706171623213791_listfull.jpg",
    "title": "最美云南环线春城昆明彝人部落大理丽江泸沽湖香格里拉环线（7日行程）",
    "money": "3180",
    "date": "09/23",
    "city": "昆明"
  },
  {
    "url": "http://hd.8264.com/xianlu-167185",
    "img": "http://img.qunawan.com/ecmme/wan/xl/goods/20170617/201706171619377995_listfull.jpg",
    "title": "世外桃源雨崩徒步 探秘巴拉格宗大峡谷（7日行程）",
    "money": "1980",
    "date": "09/22",
    "city": "丽江"
  },
  {
    "url": "http://hd.8264.com/xianlu-167178",
    "img": "http://img.qunawan.com/ecmme/wan/xl/goods/20170617/201706171541222683_listfull.jpg",
    "title": "雪山盛宴 那玛峰攀登计划（9日行程）",
    "money": "6800",
    "date": "09/30",
    "city": "成都"
  },
  {
    "url": "http://hd.8264.com/xianlu-167177",
    "img": "http://img.qunawan.com/ecmme/wan/xl/goods/20170617/201706171531419015_listfull.jpg",
    "title": "雪山盛宴 四姑娘山大峰攀登（3日行程）",
    "money": "1480",
    "date": "09/22",
    "city": "成都"
  },
  {
    "url": "http://hd.8264.com/xianlu-167174",
    "img": "http://img.qunawan.com/ecmme/wan/xl/goods/20170617/201706171455596057_listfull.jpg",
    "title": "探秘西藏 中国人文景观大道川藏南线 稻城亚丁（11日行程）",
    "money": "6800",
    "date": "09/22",
    "city": "成都"
  },
  {
    "url": "http://hd.8264.com/xianlu-167171",
    "img": "http://img.qunawan.com/ecmme/wan/xl/goods/20170617/201706171446574603_listfull.jpg",
    "title": "雪山盛宴 四姑娘山长坪沟徒步适应高海拔 二峰攀登（6日行程）",
    "money": "2480",
    "date": "09/30",
    "city": "成都"
  }
]