[
  {
    "url": "http://hd.8264.com/xianlu-163556",
    "img": "http://img.qunawan.com/ecmme/wan/xl/goods/20170503/201705031355116587_listfull.jpeg",
    "title": "雨崩 稻城亚丁 行走在人间净土 滇藏川大环线（10日行程）",
    "money": "3650",
    "date": "09/24",
    "city": "丽江"
  },
  {
    "url": "http://hd.8264.com/xianlu-161266",
    "img": "http://img.qunawan.com/ecmme/wan/xl/goods/20170330/201703301711364085_listfull.jpg",
    "title": "踏寻户外 雪山梦 四姑娘山二峰长坪沟徒步适应海拔加二峰攀登（5日行程）",
    "money": "2180",
    "date": "09/22",
    "city": "成都"
  },
  {
    "url": "http://hd.8264.com/xianlu-140657",
    "img": "http://img.qunawan.com/ecmme/wan/xl/goods/20161027/201610271700193857_listfull.jpg",
    "title": "永恒的经典 牛背山（2日行程）",
    "money": "680",
    "date": "09/23",
    "city": "成都"
  },
  {
    "url": "http://hd.8264.com/xianlu-136142",
    "img": "http://img.qunawan.com/ecmme/wan/xl/goods/20161011/201610110939028851_listfull.jpg",
    "title": "川西秘境玛嘉沟徒步露营（2日行程）",
    "money": "480",
    "date": "09/23",
    "city": "成都"
  },
  {
    "url": "http://hd.8264.com/xianlu-127261",
    "img": "http://img.qunawan.com/ecmme/wan/xl/goods/20160904/201609040832213436_listfull.jpg",
    "title": "川进青出（18日行程）",
    "money": "6000",
    "date": "09/23",
    "city": "成都"
  },
  {
    "url": "http://hd.8264.com/xianlu-14433",
    "img": "http://img.qunawan.com/ecmme/wan/xl/goods/20160719/201607191431276608_listfull.jpg",
    "title": "穿越川滇藏 丽江出发 香格里拉 稻城亚丁纯玩（6日行程）",
    "money": "2680",
    "date": "09/24",
    "city": "丽江"
  },
  {
    "url": "http://hd.8264.com/xianlu-171734",
    "img": "http://img.qunawan.com/ecmme/wan/xl/goods/20170910/201709100118549586_listfull.jpg",
    "title": "醉美额济纳旗 甘肃敦煌张掖七彩丹霞嘉峪关莫高窟 纯玩（8日行程）",
    "money": "4280",
    "date": "09/27",
    "city": "兰州"
  },
  {
    "url": "http://hd.8264.com/xianlu-171385",
    "img": "http://img.qunawan.com/ecmme/wan/xl/goods/20170903/201709031126483884_listfull.jpg",
    "title": "登恩平牛塘山草原 高山草甸 摘山棯子 探云礼石头村 百年古村（1日行程）",
    "money": "125",
    "date": "09/23",
    "city": "广州"
  },
  {
    "url": "http://hd.8264.com/xianlu-171224",
    "img": "http://img.qunawan.com/ecmme/wan/xl/goods/20170831/201708311349176057_listfull.jpg",
    "title": "云蒙山野外生存体验活动（2日行程）",
    "money": "1680",
    "date": "10/21",
    "city": "北京"
  },
  {
    "url": "http://hd.8264.com/xianlu-170683",
    "img": "http://img.qunawan.com/ecmme/wan/xl/goods/20170822/201708221251559913_listfull.jpg",
    "title": "国庆四姑娘山二峰攀登 长坪沟穿越毕棚沟（7日行程）",
    "money": "3000",
    "date": "09/26",
    "city": "成都"
  },
  {
    "url": "http://hd.8264.com/xianlu-170410",
    "img": "http://img.qunawan.com/ecmme/wan/xl/goods/20170816/201708161416367326_listfull.jpg",
    "title": "佛国世界色达 年保玉则 塔公日落 新都桥环线（6日行程）",
    "money": "3280",
    "date": "09/22",
    "city": "成都"
  },
  {
    "url": "http://hd.8264.com/xianlu-170260",
    "img": "http://img.qunawan.com/ecmme/wan/xl/goods/20170814/201708141422206056_listfull.jpg",
    "title": "2017年暑假国庆深秋 四姑娘山长坪沟穿毕（6日行程）",
    "money": "2580",
    "date": "09/30",
    "city": "成都"
  },
  {
    "url": "http://hd.8264.com/xianlu-169999",
    "img": "http://img.qunawan.com/ecmme/wan/xl/goods/20170805/201708051439314926_listfull.jpg",
    "title": "金秋额济纳旗胡杨林 青海湖 祁连 张掖 嘉峪关（7日行程）",
    "money": "3680",
    "date": "09/25",
    "city": "西宁"
  },
  {
    "url": "http://hd.8264.com/xianlu-169882",
    "img": "http://img.qunawan.com/ecmme/wan/xl/goods/20170803/201708031028336348_listfull.jpg",
    "title": "国庆节 四姑娘山长坪沟徒步 二峰攀登 征战5000米雪山（5日行程）",
    "money": "2480",
    "date": "09/30",
    "city": "成都"
  },
  {
    "url": "http://hd.8264.com/xianlu-169262",
    "img": "http://img.qunawan.com/ecmme/wan/xl/goods/20170719/201707191651286394_listfull.jpg",
    "title": "尼泊尔安娜普尔那大本营ABC轻装徒步（10日行程）",
    "money": "3900",
    "date": "09/23",
    "city": "加德"
  },
  {
    "url": "http://hd.8264.com/xianlu-168927",
    "img": "http://img.qunawan.com/ecmme/wan/xl/goods/20170712/201707121602476385_listfull.jpg",
    "title": "大美新疆之五彩滩 白沙湖 白哈巴 喀纳斯 禾木 魔鬼城（8日行程）",
    "money": "3900",
    "date": "09/22",
    "city": "乌鲁"
  },
  {
    "url": "http://hd.8264.com/xianlu-170156",
    "img": "http://img.qunawan.com/ecmme/wan/xl/goods/20170810/201708102238004613_listfull.jpg",
    "title": "四姑娘山长坪沟适应高海拔徒步 二峰攀登 尝试初级雪山攀登（6日行程）",
    "money": "2280",
    "date": "09/22",
    "city": "成都"
  },
  {
    "url": "http://hd.8264.com/xianlu-166577",
    "img": "http://img.qunawan.com/ecmme/wan/xl/goods/20170608/201706081618271913_listfull.jpeg",
    "title": "海螺沟 新都桥 稻城亚丁 红石滩 看流水远去 看远处雪山（8日行程）",
    "money": "2980",
    "date": "09/22",
    "city": "成都"
  },
  {
    "url": "http://hd.8264.com/xianlu-160074",
    "img": "http://img.qunawan.com/ecmme/wan/xl/goods/20170315/201703150958052868_listfull.jpg",
    "title": "国庆深秋 探访苦修密地 佛国世界色达 亚青寺 甘孜之旅（7日行程）",
    "money": "3280",
    "date": "10/01",
    "city": "安庆"
  },
  {
    "url": "http://hd.8264.com/xianlu-159457",
    "img": "http://img.qunawan.com/ecmme/wan/xl/goods/20170509/201705091424419276_listfull.jpg",
    "title": "317转318西藏自驾色达稻城亚丁林芝7000包住17天（17日行程）",
    "money": "4880",
    "date": "10/01",
    "city": "成都"
  }
]