[
  {
    "url": "http://hd.8264.com/xianlu-167165",
    "img": "http://img.qunawan.com/ecmme/wan/xl/goods/20170617/201706171000153719_listfull.png",
    "title": "巴厘岛 乌布 库塔 摄影 漂流 潜水 浮潜 火山与海水之间（7日行程）",
    "money": "3580",
    "date": "09/23",
    "city": "巴厘"
  },
  {
    "url": "http://hd.8264.com/xianlu-167224",
    "img": "http://img.qunawan.com/ecmme/wan/xl/goods/20170618/201706181551118754_listfull.jpg",
    "title": "徒步雨崩神瀑 朝圣梅里雪山 虎跳峡 香格里拉（6日行程）",
    "money": "1780",
    "date": "09/22",
    "city": "丽江"
  },
  {
    "url": "http://hd.8264.com/xianlu-167158",
    "img": "http://img.qunawan.com/ecmme/wan/xl/goods/20170616/201706161824313018_listfull.jpg",
    "title": "青海敦煌大环线最新版路线（7日行程）",
    "money": "1500",
    "date": "09/22",
    "city": "西宁"
  },
  {
    "url": "http://hd.8264.com/xianlu-167142",
    "img": "http://img.qunawan.com/ecmme/wan/xl/goods/20170616/201706161450348199_listfull.jpg",
    "title": "高端贵州格凸河攀岩之旅（2日行程）",
    "money": "320",
    "date": "09/22",
    "city": "贵阳"
  },
  {
    "url": "http://hd.8264.com/xianlu-167135",
    "img": "http://img.qunawan.com/ecmme/wan/xl/goods/20170616/201706161031117940_listfull.jpg",
    "title": "稻城亚丁 海子山 兴伊错 通关（3日行程）",
    "money": "790",
    "date": "09/22",
    "city": "成都"
  },
  {
    "url": "http://hd.8264.com/xianlu-167132",
    "img": "http://img.qunawan.com/ecmme/wan/xl/goods/20170616/201706161441497651_listfull.jpg",
    "title": "捷克 奥地利 匈牙利帝国文化艺术体验 让当地人带你地道玩东欧（12日行程）",
    "money": "17999",
    "date": "09/27",
    "city": "北京"
  },
  {
    "url": "http://hd.8264.com/xianlu-167124",
    "img": "http://img.qunawan.com/ecmme/wan/xl/goods/20170616/201706161400015413_listfull.jpg",
    "title": "远方的色达（6日行程）",
    "money": "2680",
    "date": "09/23",
    "city": "成都"
  },
  {
    "url": "http://hd.8264.com/xianlu-167095",
    "img": "http://img.qunawan.com/ecmme/wan/xl/goods/20170615/201706152109271001_listfull.jpg",
    "title": "襄阳谷城 穿越南河小三峡 大峡谷穿越 探寻神秘溶洞（2日行程）",
    "money": "390",
    "date": "09/22",
    "city": "武汉"
  },
  {
    "url": "http://hd.8264.com/xianlu-167083",
    "img": "http://img.qunawan.com/ecmme/wan/xl/goods/20170615/201706151729588748_listfull.jpg",
    "title": "2017年雪山攀登 四姑娘山 三峰攀登 你敢来挑战吗（5日行程）",
    "money": "2280",
    "date": "09/22",
    "city": "成都"
  },
  {
    "url": "http://hd.8264.com/xianlu-167080",
    "img": "http://img.qunawan.com/ecmme/wan/xl/goods/20170615/201706151719131789_listfull.jpg",
    "title": "色达亚青寺 探访苦修密地 走进佛国世界 甘孜环线（7日行程）",
    "money": "3080",
    "date": "09/22",
    "city": "成都"
  },
  {
    "url": "http://hd.8264.com/xianlu-167079",
    "img": "http://img.qunawan.com/ecmme/wan/xl/goods/20170615/201706151712298012_listfull.jpg",
    "title": "海螺沟冰川 秘境稻城亚丁 丹巴碉楼藏寨 四姑娘山环线深度旅行（8日行程）",
    "money": "2780",
    "date": "09/22",
    "city": "成都"
  },
  {
    "url": "http://hd.8264.com/xianlu-167075",
    "img": "http://img.qunawan.com/ecmme/wan/xl/goods/20170615/201706151707066231_listfull.jpg",
    "title": "绛色佛国色达 走进红色天堂 感受风马旗的虔诚VIP私家小团（4日行程）",
    "money": "680",
    "date": "09/22",
    "city": "成都"
  },
  {
    "url": "http://hd.8264.com/xianlu-167082",
    "img": "http://img.qunawan.com/ecmme/wan/xl/goods/20170615/201706151727467422_listfull.jpg",
    "title": "丝绸之路 青海湖 敦煌 莫高窟 鸣沙山月牙泉 雅丹魔鬼城（8日行程）",
    "money": "3280",
    "date": "09/22",
    "city": "兰州"
  },
  {
    "url": "http://hd.8264.com/xianlu-167069",
    "img": "http://img.qunawan.com/ecmme/wan/xl/goods/20170824/201708241513323636_listfull.jpg",
    "title": "醉美九色甘南 拉卜楞 郎木寺 花湖 九曲黄河 年宝玉则（7日行程）",
    "money": "2680",
    "date": "09/23",
    "city": "兰州"
  },
  {
    "url": "http://hd.8264.com/xianlu-167052",
    "img": "http://img.qunawan.com/ecmme/wan/xl/goods/20170615/201706151509409569_listfull.png",
    "title": "滑翔终南山 给你不一样的西安印象（1日行程）",
    "money": "650",
    "date": "09/22",
    "city": "西安"
  },
  {
    "url": "http://hd.8264.com/xianlu-167045",
    "img": "http://img.qunawan.com/ecmme/wan/xl/goods/20170615/201706151433054466_listfull.png",
    "title": "滑翔伞带你领略不一样的西安（1日行程）",
    "money": "650",
    "date": "09/22",
    "city": "西安"
  },
  {
    "url": "http://hd.8264.com/xianlu-167033",
    "img": "http://img.qunawan.com/ecmme/wan/xl/goods/20170615/201706151146275628_listfull.jpg",
    "title": "虎跳峡三股水 纯玩（1日行程）",
    "money": "450",
    "date": "09/22",
    "city": "丽江"
  },
  {
    "url": "http://hd.8264.com/xianlu-167031",
    "img": "http://img.qunawan.com/ecmme/wan/xl/goods/20170615/201706151134036506_listfull.jpg",
    "title": "丽江千古情演出门票 包接送 茶马古道宋城旅游区（1日行程）",
    "money": "280",
    "date": "09/22",
    "city": "丽江"
  },
  {
    "url": "http://hd.8264.com/xianlu-167029",
    "img": "http://img.qunawan.com/ecmme/wan/xl/goods/20170615/201706151110327951_listfull.jpg",
    "title": "桂林 阳朔 古东瀑布 银子岩 龙胜梯田（6日行程）",
    "money": "2680",
    "date": "10/01",
    "city": "桂林"
  },
  {
    "url": "http://hd.8264.com/xianlu-167028",
    "img": "http://img.qunawan.com/ecmme/wan/xl/goods/20170822/201708221609119839_listfull.jpg",
    "title": "川藏线越野车拼车含住宿纯玩游（11日行程）",
    "money": "5680",
    "date": "09/23",
    "city": "成都"
  }
]