[
  {
    "url": "http://hd.8264.com/xianlu-167026",
    "img": "http://img.qunawan.com/ecmme/wan/xl/goods/20170615/201706151105388388_listfull.jpg",
    "title": "拉市海纯玩 丽江旅游 骑马划船 茶马古道（1日行程）",
    "money": "280",
    "date": "09/22",
    "city": "丽江"
  },
  {
    "url": "http://hd.8264.com/xianlu-167021",
    "img": "http://img.qunawan.com/ecmme/wan/xl/goods/20170615/201706151050478261_listfull.jpg",
    "title": "泸沽湖三日游纯玩 篝火晚会 摩梭家访 跟团（3日行程）",
    "money": "980",
    "date": "09/22",
    "city": "丽江"
  },
  {
    "url": "http://hd.8264.com/xianlu-167017",
    "img": "http://img.qunawan.com/ecmme/wan/xl/goods/20170615/201706151023048168_listfull.jpg",
    "title": "香格里拉旅游 虎跳峡 普达措纯玩游（2日行程）",
    "money": "890",
    "date": "09/22",
    "city": "丽江"
  },
  {
    "url": "http://hd.8264.com/xianlu-167016",
    "img": "http://img.qunawan.com/ecmme/wan/xl/goods/20170615/201706151018023708_listfull.png",
    "title": "深度摄影 九寨 花湖 四姑娘山（7日行程）",
    "money": "3180",
    "date": "09/23",
    "city": "成都"
  },
  {
    "url": "http://hd.8264.com/xianlu-167012",
    "img": "http://img.qunawan.com/ecmme/wan/xl/goods/20170615/201706150939512508_listfull.jpg",
    "title": "呼伦贝尔旅游包车 大草原旅游 免费咨询 免费设计线路（1日行程）",
    "money": "450",
    "date": "09/22",
    "city": "呼伦"
  },
  {
    "url": "http://hd.8264.com/xianlu-167011",
    "img": "http://img.qunawan.com/ecmme/wan/xl/goods/20170615/201706150941468613_listfull.jpg",
    "title": "不想上班 来看看少林大和尚怎么说（4日行程）",
    "money": "2180",
    "date": "09/22",
    "city": "安庆"
  },
  {
    "url": "http://hd.8264.com/xianlu-167008",
    "img": "http://img.qunawan.com/ecmme/wan/xl/goods/20170615/201706150923305606_listfull.jpg",
    "title": "山外青山楼外楼 蜗途房车带你苏杭（2日行程）",
    "money": "1080",
    "date": "09/22",
    "city": "杭州"
  },
  {
    "url": "http://hd.8264.com/xianlu-167004",
    "img": "http://img.qunawan.com/ecmme/wan/xl/goods/20170615/201706150858467473_listfull.jpg",
    "title": "贡嘎转山 蜀山之王大环线穿越 穿越挑战极限 贡嘎专业户（7日行程）",
    "money": "2880",
    "date": "09/23",
    "city": "成都"
  },
  {
    "url": "http://hd.8264.com/xianlu-167006",
    "img": "http://img.qunawan.com/ecmme/wan/xl/goods/20170615/201706150908196872_listfull.jpg",
    "title": "山外青山楼外楼 蜗途带你苏杭游（3日行程）",
    "money": "1380",
    "date": "09/22",
    "city": "杭州"
  },
  {
    "url": "http://hd.8264.com/xianlu-166985",
    "img": "http://img.qunawan.com/ecmme/wan/xl/goods/20170614/201706141732329458_listfull.jpg",
    "title": "房车游 画中宿 醉爱草原行（6日行程）",
    "money": "11090",
    "date": "09/22",
    "city": "北京"
  },
  {
    "url": "http://hd.8264.com/xianlu-166976",
    "img": "http://img.qunawan.com/ecmme/wan/xl/goods/20170614/201706141659549749_listfull.jpg",
    "title": "九寨沟仙境 黄龙瑶池 若尔盖草原 花湖湿地 年保玉则行摄（8日行程）",
    "money": "3380",
    "date": "09/23",
    "city": "成都"
  },
  {
    "url": "http://hd.8264.com/xianlu-166974",
    "img": "http://img.qunawan.com/ecmme/wan/xl/goods/20170614/201706141646325204_listfull.jpg",
    "title": "与您同行西藏 每期成行 中国人文景观大道川藏南线 稻城亚丁（11日行程）",
    "money": "6800",
    "date": "09/22",
    "city": "成都"
  },
  {
    "url": "http://hd.8264.com/xianlu-168602",
    "img": "http://img.qunawan.com/ecmme/wan/xl/goods/20170709/201707091203427450_listfull.jpeg",
    "title": "成都出发 川藏南线 稻城亚丁 林芝 来古冰川 洋湖（11日行程）",
    "money": "3800",
    "date": "09/22",
    "city": "成都"
  },
  {
    "url": "http://hd.8264.com/xianlu-166965",
    "img": "http://img.qunawan.com/ecmme/wan/xl/goods/20170614/201706141619271219_listfull.jpg",
    "title": "四姑娘山长坪沟徒步适应高海拔 二峰攀登 5000米雪山攀登（6日行程）",
    "money": "2480",
    "date": "09/30",
    "city": "成都"
  },
  {
    "url": "http://hd.8264.com/xianlu-166967",
    "img": "http://img.qunawan.com/ecmme/wan/xl/goods/20170614/201706141621297724_listfull.jpg",
    "title": "朝拜蜀山之王 贡嘎西南坡徒步穿越 无露营 贡嘎专业户（6日行程）",
    "money": "2280",
    "date": "09/30",
    "city": "成都"
  },
  {
    "url": "http://hd.8264.com/xianlu-166961",
    "img": "http://img.qunawan.com/ecmme/wan/xl/goods/20170614/201706141554108103_listfull.jpg",
    "title": "四姑娘山 中国十大经典徒步线路之一 四姑娘山长坪沟穿越毕棚沟（6日行程）",
    "money": "2480",
    "date": "09/30",
    "city": "成都"
  },
  {
    "url": "http://hd.8264.com/xianlu-166954",
    "img": "http://img.qunawan.com/ecmme/wan/xl/goods/20170614/201706141416427769_listfull.jpg",
    "title": "潮尚户外 大美九色 九寨沟 色达喇荣五明佛学院（7日行程）",
    "money": "3980",
    "date": "09/23",
    "city": "成都"
  },
  {
    "url": "http://hd.8264.com/xianlu-166956",
    "img": "http://img.qunawan.com/ecmme/wan/xl/goods/20170614/201706141440145249_listfull.jpg",
    "title": "潮尚户外 大美川西 稻城亚丁 四姑娘山 丹巴 海螺沟（10日行程）",
    "money": "4280",
    "date": "09/28",
    "city": "成都"
  },
  {
    "url": "http://hd.8264.com/xianlu-166945",
    "img": "http://img.qunawan.com/ecmme/wan/xl/goods/20170614/201706141248432624_listfull.png",
    "title": "四川全线 不走回头路 九寨沟 黄龙 若尔盖大草原 色达佛学院（7日行程）",
    "money": "2980",
    "date": "09/22",
    "city": "成都"
  },
  {
    "url": "http://hd.8264.com/xianlu-166944",
    "img": "http://img.qunawan.com/ecmme/wan/xl/goods/20170614/201706141230529065_listfull.png",
    "title": "中国阿尔卑斯四姑娘山 从你的全世界路过稻城亚丁 丹巴甲居藏寨（7日行程）",
    "money": "2280",
    "date": "09/22",
    "city": "成都"
  }
]