[
  {
    "url": "http://hd.8264.com/xianlu-166941",
    "img": "http://img.qunawan.com/ecmme/wan/xl/goods/20170614/201706141206421995_listfull.jpg",
    "title": "两江源探秘 深度游 色达 石渠 玉树 玛多 丹巴（10日行程）",
    "money": "5800",
    "date": "09/22",
    "city": "成都"
  },
  {
    "url": "http://hd.8264.com/xianlu-166935",
    "img": "http://img.qunawan.com/ecmme/wan/xl/goods/20170614/201706141145124217_listfull.jpg",
    "title": "天府之国 佛国色达 亚青寺 羌族部落 康巴藏（9日行程）",
    "money": "4680",
    "date": "09/29",
    "city": "成都"
  },
  {
    "url": "http://hd.8264.com/xianlu-166926",
    "img": "http://img.qunawan.com/ecmme/wan/xl/goods/20170614/201706141109122741_listfull.jpg",
    "title": "雅鲁藏布大峡谷深度游南迦巴瓦峰转经徒步（1日行程）",
    "money": "200",
    "date": "09/22",
    "city": "林芝"
  },
  {
    "url": "http://hd.8264.com/xianlu-166925",
    "img": "http://img.qunawan.com/ecmme/wan/xl/goods/20170614/201706141736361105_listfull.jpg",
    "title": "香格里拉 普达措 松赞林寺 虎跳峡 依拉草原（2日行程）",
    "money": "990",
    "date": "09/22",
    "city": "丽江"
  },
  {
    "url": "http://hd.8264.com/xianlu-166923",
    "img": "http://img.qunawan.com/ecmme/wan/xl/goods/20170614/201706141049007944_listfull.jpg",
    "title": "九色甘南 拉卜楞寺 扎尕那 郎木寺 花湖 九曲 年保玉则（7日行程）",
    "money": "2480",
    "date": "09/23",
    "city": "成都"
  },
  {
    "url": "http://hd.8264.com/xianlu-166921",
    "img": "http://img.qunawan.com/ecmme/wan/xl/goods/20170614/201706141042191271_listfull.jpg",
    "title": "穿越香格里拉 稻城亚丁 新都桥 虎跳峡 丽江（8日行程）",
    "money": "4980",
    "date": "10/02",
    "city": "成都"
  },
  {
    "url": "http://hd.8264.com/xianlu-166928",
    "img": "http://img.qunawan.com/ecmme/wan/xl/goods/20170614/201706141113141389_listfull.jpg",
    "title": "贡嘎转山 蜀山之王贡嘎大环线穿越 穿越挑战极限（8日行程）",
    "money": "2880",
    "date": "09/23",
    "city": "成都"
  },
  {
    "url": "http://hd.8264.com/xianlu-166918",
    "img": "http://img.qunawan.com/ecmme/wan/xl/goods/20170614/201706141020218998_listfull.jpg",
    "title": "童话九寨沟 花湖湿地 唐克落日 四姑娘山双桥沟行摄（7日行程）",
    "money": "3180",
    "date": "09/23",
    "city": "成都"
  },
  {
    "url": "http://hd.8264.com/xianlu-166912",
    "img": "http://img.qunawan.com/ecmme/wan/xl/goods/20170614/201706141744138363_listfull.jpg",
    "title": "梅里雪山三日游 普达措 香格里拉旅游 纯玩 跟团（3日行程）",
    "money": "1290",
    "date": "09/22",
    "city": "丽江"
  },
  {
    "url": "http://hd.8264.com/xianlu-166905",
    "img": "http://img.qunawan.com/ecmme/wan/xl/goods/20170614/201706140907568875_listfull.jpg",
    "title": "四姑娘山长坪沟徒步 二峰攀登 尝试初级雪山攀登（6日行程）",
    "money": "2480",
    "date": "09/30",
    "city": "成都"
  },
  {
    "url": "http://hd.8264.com/xianlu-166898",
    "img": "http://img.qunawan.com/ecmme/wan/xl/goods/20170613/201706132156343963_listfull.png",
    "title": "蜀山之后四姑娘 大峰5000 攀登（3日行程）",
    "money": "1200",
    "date": "09/22",
    "city": "成都"
  },
  {
    "url": "http://hd.8264.com/xianlu-166897",
    "img": "http://img.qunawan.com/ecmme/wan/xl/goods/20170613/201706132153374334_listfull.png",
    "title": "户外爱好者的天堂 四姑娘山大峰攀登（3日行程）",
    "money": "980",
    "date": "09/22",
    "city": "成都"
  },
  {
    "url": "http://hd.8264.com/xianlu-166886",
    "img": "http://img.qunawan.com/ecmme/wan/xl/goods/20170613/201706131751223776_listfull.jpeg",
    "title": "丝绸之路 张掖丹霞 莫高窟 鸣沙山月牙泉 青海湖 雅丹魔鬼城（9日行程）",
    "money": "3980",
    "date": "09/23",
    "city": "兰州"
  },
  {
    "url": "http://hd.8264.com/xianlu-167104",
    "img": "http://img.qunawan.com/ecmme/wan/xl/goods/20170616/201706160928433152_listfull.jpg",
    "title": "稻城 亚丁纯玩自由行（6日行程）",
    "money": "1760",
    "date": "09/22",
    "city": "成都"
  },
  {
    "url": "http://hd.8264.com/xianlu-166881",
    "img": "http://img.qunawan.com/ecmme/wan/xl/goods/20170613/201706131628441641_listfull.png",
    "title": "阿坝精华 九寨沟 年宝玉则环线深度摄影（8日行程）",
    "money": "3380",
    "date": "09/23",
    "city": "成都"
  },
  {
    "url": "http://hd.8264.com/xianlu-166876",
    "img": "http://img.qunawan.com/ecmme/wan/xl/goods/20170613/201706131553545336_listfull.jpg",
    "title": "九寨环线 九寨沟 黄龙 毕棚沟 米亚罗 九曲日落 若尔盖花湖（7日行程）",
    "money": "3380",
    "date": "09/23",
    "city": "成都"
  },
  {
    "url": "http://hd.8264.com/xianlu-166879",
    "img": "http://img.qunawan.com/ecmme/wan/xl/goods/20170613/201706131616326638_listfull.jpeg",
    "title": "九寨徒步 原生态深度环线徒步 扎依扎嘎神山 扎如沟 撒龙达（8日行程）",
    "money": "3680",
    "date": "09/23",
    "city": "成都"
  },
  {
    "url": "http://hd.8264.com/xianlu-166870",
    "img": "http://img.qunawan.com/ecmme/wan/xl/goods/20170613/201706131501555265_listfull.jpg",
    "title": "九色甘南 扎尕那村 若尔盖 拉卜楞寺 年保玉则 黄河九曲（7日行程）",
    "money": "3180",
    "date": "09/23",
    "city": "成都"
  },
  {
    "url": "http://hd.8264.com/xianlu-166868",
    "img": "http://img.qunawan.com/ecmme/wan/xl/goods/20170613/201706131420196736_listfull.jpg",
    "title": "醉美 七藏沟徒步穿越秘境 媲美 九寨沟 黄龙（6日行程）",
    "money": "2680",
    "date": "09/30",
    "city": "成都"
  },
  {
    "url": "http://hd.8264.com/xianlu-166867",
    "img": "http://img.qunawan.com/ecmme/wan/xl/goods/20170613/201706131427509225_listfull.jpg",
    "title": "摩梭族泸沽湖游（2日行程）",
    "money": "790",
    "date": "09/22",
    "city": "丽江"
  }
]