[
  {
    "url": "http://hd.8264.com/xianlu-166845",
    "img": "http://img.qunawan.com/ecmme/wan/xl/goods/20170613/201706131137319732_listfull.jpg",
    "title": "经典北线 深入呼伦贝尔草原 驯鹿乡 室韦骑马 单车 满洲里（7日行程）",
    "money": "2680",
    "date": "09/22",
    "city": "呼伦"
  },
  {
    "url": "http://hd.8264.com/xianlu-166842",
    "img": "http://img.qunawan.com/ecmme/wan/xl/goods/20170613/201706131135289322_listfull.jpg",
    "title": "经典北线 深入呼伦贝尔草原 驯鹿乡 室韦骑马 单车 满洲里（7日行程）",
    "money": "2680",
    "date": "09/22",
    "city": "呼伦"
  },
  {
    "url": "http://hd.8264.com/xianlu-166828",
    "img": "http://img.qunawan.com/ecmme/wan/xl/goods/20170613/201706130925133149_listfull.jpg",
    "title": "2人起订私人订制丽江 大理 香格里拉 纯玩无购物（6日行程）",
    "money": "2580",
    "date": "09/22",
    "city": "丽江"
  },
  {
    "url": "http://hd.8264.com/xianlu-166815",
    "img": "http://img.qunawan.com/ecmme/wan/xl/goods/20170612/201706122201034470_listfull.jpg",
    "title": "仙本那天堂与地狱共存的完美之地（7日行程）",
    "money": "3980",
    "date": "10/01",
    "city": "仙本"
  },
  {
    "url": "http://hd.8264.com/xianlu-166800",
    "img": "http://img.qunawan.com/ecmme/wan/xl/goods/20170612/201706121738524015_listfull.jpg",
    "title": "神秘北纬30度恩施休闲游 访第一奥陶纪石林 探中国仙本那（6日行程）",
    "money": "2480",
    "date": "09/23",
    "city": "恩施"
  },
  {
    "url": "http://hd.8264.com/xianlu-166784",
    "img": "http://img.qunawan.com/ecmme/wan/xl/goods/20170612/201706121519184094_listfull.jpg",
    "title": "独立定制 青海湖 茶卡盐湖 祁连 张掖（4日行程）",
    "money": "2260",
    "date": "09/22",
    "city": "西宁"
  },
  {
    "url": "http://hd.8264.com/xianlu-166771",
    "img": "http://img.qunawan.com/ecmme/wan/xl/goods/20170612/201706121241025245_listfull.jpg",
    "title": "四川达尔宫户外2017全年地接四姑娘山大二三峰豪华线路攀登（5日行程）",
    "money": "2180",
    "date": "09/22",
    "city": "成都"
  },
  {
    "url": "http://hd.8264.com/xianlu-166769",
    "img": "http://img.qunawan.com/ecmme/wan/xl/goods/20170612/201706121105487838_listfull.jpg",
    "title": "四姑娘山长坪沟徒步适应海拔加攀登二峰活动召集贴（5日行程）",
    "money": "2180",
    "date": "09/22",
    "city": "成都"
  },
  {
    "url": "http://hd.8264.com/xianlu-166765",
    "img": "http://img.qunawan.com/ecmme/wan/xl/goods/20170612/201706121133202291_listfull.jpg",
    "title": "三沙市永兴岛 自由行海口往返直飞（2日行程）",
    "money": "10000",
    "date": "09/22",
    "city": "海口"
  },
  {
    "url": "http://hd.8264.com/xianlu-167519",
    "img": "http://img.qunawan.com/ecmme/wan/xl/goods/20170621/201706211533584427_listfull.jpg",
    "title": "风情云南 丽江 白水台日行（7日行程）",
    "money": "2780",
    "date": "09/23",
    "city": "成都"
  },
  {
    "url": "http://hd.8264.com/xianlu-166748",
    "img": "http://img.qunawan.com/ecmme/wan/xl/goods/20170612/201706120932516120_listfull.jpg",
    "title": "翱游川藏万里行 色达 稻城亚丁 米堆冰川 林芝 拉萨行摄（10日行程）",
    "money": "3980",
    "date": "09/22",
    "city": "成都"
  },
  {
    "url": "http://hd.8264.com/xianlu-166721",
    "img": "http://img.qunawan.com/ecmme/wan/xl/goods/20170611/201706111940589750_listfull.png",
    "title": "摩梭风情 绝世泸沽湖（4日行程）",
    "money": "550",
    "date": "09/22",
    "city": "成都"
  },
  {
    "url": "http://hd.8264.com/xianlu-166712",
    "img": "http://img.qunawan.com/ecmme/wan/xl/goods/20170611/201706111606212750_listfull.jpg",
    "title": "独立定制游 甘南洛克之路 扎尕那 花湖 郎木寺（4日行程）",
    "money": "2580",
    "date": "09/22",
    "city": "兰州"
  },
  {
    "url": "http://hd.8264.com/xianlu-166708",
    "img": "http://img.qunawan.com/ecmme/wan/xl/goods/20170611/201706111531308019_listfull.jpg",
    "title": "独立小包团 黄果树 小七孔 西江（5日行程）",
    "money": "2980",
    "date": "09/22",
    "city": "贵阳"
  },
  {
    "url": "http://hd.8264.com/xianlu-168297",
    "img": "http://img.qunawan.com/ecmme/wan/xl/goods/20170704/201707040857011020_listfull.jpg",
    "title": "国庆深秋 九寨 黄龙 若尔盖草原 年保玉则 醉美摄影环线（7日行程）",
    "money": "3380",
    "date": "09/23",
    "city": "成都"
  },
  {
    "url": "http://hd.8264.com/xianlu-166695",
    "img": "http://img.qunawan.com/ecmme/wan/xl/goods/20170610/201706102141578414_listfull.jpg",
    "title": "马踏东瀛 日本北海道骑马 美景之旅（7日行程）",
    "money": "16800",
    "date": "09/23",
    "city": "札幌"
  },
  {
    "url": "http://hd.8264.com/xianlu-166693",
    "img": "http://img.qunawan.com/ecmme/wan/xl/goods/20170610/201706102018095035_listfull.jpg",
    "title": "希拉穆仁草原房车自驾游（2日行程）",
    "money": "598",
    "date": "09/22",
    "city": "包头"
  },
  {
    "url": "http://hd.8264.com/xianlu-166692",
    "img": "http://img.qunawan.com/ecmme/wan/xl/goods/20170610/201706102007175371_listfull.jpg",
    "title": "希拉穆仁大草原游（2日行程）",
    "money": "298",
    "date": "09/22",
    "city": "包头"
  },
  {
    "url": "http://hd.8264.com/xianlu-166685",
    "img": "http://img.qunawan.com/ecmme/wan/xl/goods/20170610/201706101628288436_listfull.jpg",
    "title": "阳江闸坡马尾岛海边露营看日落 海鲜烧烤 摸贝壳 玩水 散心（2日行程）",
    "money": "239",
    "date": "09/23",
    "city": "广州"
  },
  {
    "url": "http://hd.8264.com/xianlu-166684",
    "img": "http://img.qunawan.com/ecmme/wan/xl/goods/20170610/201706101639534036_listfull.png",
    "title": "九寨沟 黄龙 色达 达古冰川经典（7日行程）",
    "money": "3280",
    "date": "09/23",
    "city": "成都"
  }
]