[
  {
    "url": "http://hd.8264.com/xianlu-166686",
    "img": "http://img.qunawan.com/ecmme/wan/xl/goods/20170610/201706101647156526_listfull.jpg",
    "title": "广东首座250米高空玻璃桥 牛鱼嘴刺激之旅 有胆来挑战吧（1日行程）",
    "money": "99",
    "date": "09/23",
    "city": "广州"
  },
  {
    "url": "http://hd.8264.com/xianlu-166682",
    "img": "http://img.qunawan.com/ecmme/wan/xl/goods/20170610/201706101622046070_listfull.jpg",
    "title": "天界之渡 四姑娘山 稻城亚丁 林芝 拉萨 318川藏南线（11日行程）",
    "money": "6200",
    "date": "09/28",
    "city": "成都"
  },
  {
    "url": "http://hd.8264.com/xianlu-166679",
    "img": "http://img.qunawan.com/ecmme/wan/xl/goods/20170610/201706101516333526_listfull.jpg",
    "title": "追寻传说中的秘境七藏沟徒步之旅（7日行程）",
    "money": "2680",
    "date": "09/30",
    "city": "成都"
  },
  {
    "url": "http://hd.8264.com/xianlu-166677",
    "img": "http://img.qunawan.com/ecmme/wan/xl/goods/20170610/201706101438305191_listfull.jpg",
    "title": "西冲冲浪 ISA国际认证教练带你体验冲浪运动 浪人必经之旅（1日行程）",
    "money": "880",
    "date": "09/22",
    "city": "深圳"
  },
  {
    "url": "http://hd.8264.com/xianlu-166674",
    "img": "http://img.qunawan.com/ecmme/wan/xl/goods/20170610/201706101412425221_listfull.png",
    "title": "对不起 这种天气我要跟蜗途房车去沙漠（2日行程）",
    "money": "1380",
    "date": "09/22",
    "city": "长春"
  },
  {
    "url": "http://hd.8264.com/xianlu-166672",
    "img": "http://img.qunawan.com/ecmme/wan/xl/goods/20170610/201706101357585085_listfull.jpg",
    "title": "蜗途房车带你走进只有十二位半皇帝去过的旅游圣地（3日行程）",
    "money": "1680",
    "date": "09/22",
    "city": "北京"
  },
  {
    "url": "http://hd.8264.com/xianlu-166661",
    "img": "http://img.qunawan.com/ecmme/wan/xl/goods/20170609/201706092358583252_listfull.png",
    "title": "火车团 长白山北坡 东北虎林园 镜泊湖 渤海国上京龙泉府遗址（3日行程）",
    "money": "1680",
    "date": "09/23",
    "city": "吉林"
  },
  {
    "url": "http://hd.8264.com/xianlu-166660",
    "img": "http://img.qunawan.com/ecmme/wan/xl/goods/20170609/201706092351437749_listfull.png",
    "title": "火车团 祖国最北部漠河 北极村 最北北红村 北极泉 圣诞村（3日行程）",
    "money": "1380",
    "date": "09/23",
    "city": "大兴"
  },
  {
    "url": "http://hd.8264.com/xianlu-166656",
    "img": "http://img.qunawan.com/ecmme/wan/xl/goods/20170609/201706092254456145_listfull.png",
    "title": "火车团 武功山 穿越高山草甸 金鼎日出 绝望坡 萍乡 沈子村（3日行程）",
    "money": "680",
    "date": "09/23",
    "city": "南昌"
  },
  {
    "url": "http://hd.8264.com/xianlu-166652",
    "img": "http://img.qunawan.com/ecmme/wan/xl/goods/20170609/201706091900075083_listfull.jpg",
    "title": "四姑娘山长坪沟穿越毕棚沟 中国十大经典徒步线路之一（6日行程）",
    "money": "2480",
    "date": "09/30",
    "city": "成都"
  },
  {
    "url": "http://hd.8264.com/xianlu-166645",
    "img": "http://img.qunawan.com/ecmme/wan/xl/goods/20170609/201706091552298613_listfull.jpeg",
    "title": "七藏沟徒步 探秘毗邻黄龙的极致美景 摄影露营魅力体验（7日行程）",
    "money": "2680",
    "date": "09/30",
    "city": "成都"
  },
  {
    "url": "http://hd.8264.com/xianlu-166635",
    "img": "http://img.qunawan.com/ecmme/wan/xl/goods/20170822/201708221451287069_listfull.jpg",
    "title": "徒步登山 探寻九华胜迹 体验古朴村落风情（3日行程）",
    "money": "610",
    "date": "09/22",
    "city": "上海"
  },
  {
    "url": "http://hd.8264.com/xianlu-166617",
    "img": "http://img.qunawan.com/ecmme/wan/xl/goods/20170609/201706090116438177_listfull.jpg",
    "title": "火车团 张家界 醉美湘西 凤凰古城 天门山 大峡谷（3日行程）",
    "money": "820",
    "date": "09/23",
    "city": "张家"
  },
  {
    "url": "http://hd.8264.com/xianlu-166614",
    "img": "http://img.qunawan.com/ecmme/wan/xl/goods/20170609/201706090958104833_listfull.png",
    "title": "徒步丝绸古道 求索文明渊源（6日行程）",
    "money": "4800",
    "date": "10/01",
    "city": "酒泉"
  },
  {
    "url": "http://hd.8264.com/xianlu-166823",
    "img": "http://img.qunawan.com/ecmme/wan/xl/goods/20170613/201706130931068152_listfull.jpg",
    "title": "圣山攀登 四姑娘山长坪沟徒步 二峰攀登（6日行程）",
    "money": "2480",
    "date": "09/30",
    "city": "成都"
  },
  {
    "url": "http://hd.8264.com/xianlu-171215",
    "img": "http://img.qunawan.com/ecmme/wan/xl/goods/20170831/201708311250281790_listfull.jpg",
    "title": "2017国庆 雀儿山6168米 技术型山峰（8日行程）",
    "money": "9000",
    "date": "09/25",
    "city": "甘孜"
  },
  {
    "url": "http://hd.8264.com/xianlu-166597",
    "img": "http://img.qunawan.com/ecmme/wan/xl/goods/20170608/201706082012036604_listfull.jpg",
    "title": "暑期藏区 甘南藏地 年宝玉则处女之地精品游（7日行程）",
    "money": "2980",
    "date": "09/23",
    "city": "兰州"
  },
  {
    "url": "http://hd.8264.com/xianlu-167529",
    "img": "http://img.qunawan.com/ecmme/wan/xl/goods/20170621/201706211717344816_listfull.jpg",
    "title": "民族旅游 昆明 普达措森林公园游（8日行程）",
    "money": "3400",
    "date": "10/04",
    "city": "成都"
  },
  {
    "url": "http://hd.8264.com/xianlu-166582",
    "img": "http://img.qunawan.com/ecmme/wan/xl/goods/20170608/201706081645377205_listfull.jpg",
    "title": "醉美甘南九寨 青海湖 拉卜楞寺 郎木寺 黄龙九寨沟（8日行程）",
    "money": "2980",
    "date": "10/01",
    "city": "兰州"
  },
  {
    "url": "http://hd.8264.com/xianlu-166581",
    "img": "http://img.qunawan.com/ecmme/wan/xl/goods/20170608/201706081637415043_listfull.jpg",
    "title": "佛国秘境 色达 稻城亚丁 穿过佛国净土 走进最后香格里拉（9日行程）",
    "money": "3280",
    "date": "09/22",
    "city": "成都"
  }
]