[
  {
    "url": "http://hd.8264.com/xianlu-166573",
    "img": "http://img.qunawan.com/ecmme/wan/xl/goods/20170608/201706081652315815_listfull.jpg",
    "title": "小包团 哈尔滨 亚布力 雪乡 长白山 吉林雾凇岛定制游（7日行程）",
    "money": "4280",
    "date": "09/22",
    "city": "哈尔"
  },
  {
    "url": "http://hd.8264.com/xianlu-166565",
    "img": "http://img.qunawan.com/ecmme/wan/xl/goods/20170608/201706081534002308_listfull.jpg",
    "title": "稻城亚丁 海螺沟经典之旅拼车自由行（7日行程）",
    "money": "1680",
    "date": "09/22",
    "city": "成都"
  },
  {
    "url": "http://hd.8264.com/xianlu-166560",
    "img": "http://img.qunawan.com/ecmme/wan/xl/goods/20170608/201706081517245483_listfull.png",
    "title": "甘青大环线（7日行程）",
    "money": "1600",
    "date": "09/22",
    "city": "西宁"
  },
  {
    "url": "http://hd.8264.com/xianlu-166555",
    "img": "http://img.qunawan.com/ecmme/wan/xl/goods/20170608/201706081452588197_listfull.jpg",
    "title": "色达 稻城亚丁 新都桥拼车自由行（8日行程）",
    "money": "1980",
    "date": "09/22",
    "city": "成都"
  },
  {
    "url": "http://hd.8264.com/xianlu-166558",
    "img": "http://img.qunawan.com/ecmme/wan/xl/goods/20170608/201706081506072078_listfull.jpg",
    "title": "四姑娘山 丹巴 稻城亚丁拼车自由行（7日行程）",
    "money": "1780",
    "date": "09/22",
    "city": "成都"
  },
  {
    "url": "http://hd.8264.com/xianlu-166542",
    "img": "http://img.qunawan.com/ecmme/wan/xl/goods/20170608/201706081339101127_listfull.jpg",
    "title": "莫干山 直奔26 竹林音乐之间的露营派对（2日行程）",
    "money": "415",
    "date": "09/22",
    "city": "普陀"
  },
  {
    "url": "http://hd.8264.com/xianlu-166529",
    "img": "http://img.qunawan.com/ecmme/wan/xl/goods/20170608/201706081002572859_listfull.jpg",
    "title": "品质自由行 越野车穿越呼伦贝尔大草原边境 深度自助游（7日行程）",
    "money": "3080",
    "date": "09/22",
    "city": "呼伦"
  },
  {
    "url": "http://hd.8264.com/xianlu-170478",
    "img": "http://img.qunawan.com/ecmme/wan/xl/goods/20170817/201708171620217581_listfull.jpg",
    "title": "九色甘南 扎尕那 年保玉则 若尔盖 拉卜楞寺 九曲黄河环线（8日行程）",
    "money": "3680",
    "date": "09/23",
    "city": "兰州"
  },
  {
    "url": "http://hd.8264.com/xianlu-167766",
    "img": "http://img.qunawan.com/ecmme/wan/xl/goods/20170626/201706261740582097_listfull.jpeg",
    "title": "青海湖 茶卡盐湖 敦煌 魔鬼城 嘉峪关 祁连山 门源（9日行程）",
    "money": "3780",
    "date": "09/22",
    "city": "兰州"
  },
  {
    "url": "http://hd.8264.com/xianlu-167765",
    "img": "http://img.qunawan.com/ecmme/wan/xl/goods/20170626/201706261743562238_listfull.jpg",
    "title": "漠河 呼伦贝尔深度全景（8日行程）",
    "money": "3890",
    "date": "09/22",
    "city": "哈尔"
  },
  {
    "url": "http://hd.8264.com/xianlu-166521",
    "img": "http://img.qunawan.com/ecmme/wan/xl/goods/20170607/201706072122245686_listfull.jpg",
    "title": "不可逾越的呼伦贝尔顶级越野旅行（6日行程）",
    "money": "2080",
    "date": "09/22",
    "city": "呼伦"
  },
  {
    "url": "http://hd.8264.com/xianlu-166520",
    "img": "http://img.qunawan.com/ecmme/wan/xl/goods/20170607/201706072117259024_listfull.jpg",
    "title": "敖鲁古雅使鹿部落 拜访华俄后裔 骑马看湿地 行走中俄边防（6日行程）",
    "money": "2080",
    "date": "09/22",
    "city": "呼伦"
  },
  {
    "url": "http://hd.8264.com/xianlu-166518",
    "img": "http://img.qunawan.com/ecmme/wan/xl/goods/20170607/201706072108379458_listfull.jpg",
    "title": "莫日格勒河 恩和俄罗斯民族乡 黑山头蒙古部落 边陲小镇满洲里（4日行程）",
    "money": "1350",
    "date": "09/22",
    "city": "呼伦"
  },
  {
    "url": "http://hd.8264.com/xianlu-166517",
    "img": "http://img.qunawan.com/ecmme/wan/xl/goods/20170607/201706072106054196_listfull.jpg",
    "title": "穿越呼伦贝尔草原 森林 边防哨所 亲历不可复制的美好时光（4日行程）",
    "money": "1350",
    "date": "09/22",
    "city": "呼伦"
  },
  {
    "url": "http://hd.8264.com/xianlu-166515",
    "img": "http://img.qunawan.com/ecmme/wan/xl/goods/20170607/201706072057461635_listfull.jpg",
    "title": "越野耀不凡 穿越呼伦贝尔草原 领略别样草原美景（3日行程）",
    "money": "990",
    "date": "09/22",
    "city": "呼伦"
  },
  {
    "url": "http://hd.8264.com/xianlu-166514",
    "img": "http://img.qunawan.com/ecmme/wan/xl/goods/20170607/201706072043381640_listfull.jpg",
    "title": "莫日格勒河 黑山头蒙古部落 边陲小镇满洲里（3日行程）",
    "money": "990",
    "date": "09/22",
    "city": "呼伦"
  },
  {
    "url": "http://hd.8264.com/xianlu-166512",
    "img": "http://img.qunawan.com/ecmme/wan/xl/goods/20170607/201706072022284639_listfull.jpg",
    "title": "请人吃饭 不如请人流汗（1日行程）",
    "money": "99",
    "date": "09/22",
    "city": "深圳"
  },
  {
    "url": "http://hd.8264.com/xianlu-166511",
    "img": "http://img.qunawan.com/ecmme/wan/xl/goods/20170607/201706072018082969_listfull.jpg",
    "title": "越野越自由丨穿越呼伦贝尔草原（5日行程）",
    "money": "1690",
    "date": "09/22",
    "city": "呼伦"
  },
  {
    "url": "http://hd.8264.com/xianlu-166508",
    "img": "http://img.qunawan.com/ecmme/wan/xl/goods/20170607/201706071911572172_listfull.jpg",
    "title": "腾格里沙漠精品露营（2日行程）",
    "money": "580",
    "date": "09/22",
    "city": "中卫"
  },
  {
    "url": "http://hd.8264.com/xianlu-166506",
    "img": "http://img.qunawan.com/ecmme/wan/xl/goods/20170607/201706071856302060_listfull.png",
    "title": "仓央嘉措的足迹 魅力腾格里（4日行程）",
    "money": "2680",
    "date": "09/22",
    "city": "银川"
  }
]