[
  {
    "url": "http://hd.8264.com/xianlu-166493",
    "img": "http://img.qunawan.com/ecmme/wan/xl/goods/20170607/201706071751075731_listfull.jpg",
    "title": "遨游呼伦贝尔大草原丨私人定制 高端服务（5日行程）",
    "money": "1690",
    "date": "09/22",
    "city": "呼伦"
  },
  {
    "url": "http://hd.8264.com/xianlu-167792",
    "img": "http://img.qunawan.com/ecmme/wan/xl/goods/20170627/201706270914129155_listfull.jpg",
    "title": "暑期花季 国庆 深秋 元旦 长坪沟徒步 二峰攀登 雪山攀登（6日行程）",
    "money": "2480",
    "date": "09/30",
    "city": "成都"
  },
  {
    "url": "http://hd.8264.com/xianlu-166481",
    "img": "http://img.qunawan.com/ecmme/wan/xl/goods/20170607/201706071644544269_listfull.jpg",
    "title": "呼伦贝尔奇乾北极村3人起订（7日行程）",
    "money": "2980",
    "date": "09/22",
    "city": "呼伦"
  },
  {
    "url": "http://hd.8264.com/xianlu-166478",
    "img": "http://img.qunawan.com/ecmme/wan/xl/goods/20170607/201706071637389710_listfull.jpg",
    "title": "呼伦贝尔越野穿越行摄（6日行程）",
    "money": "2450",
    "date": "09/22",
    "city": "呼伦"
  },
  {
    "url": "http://hd.8264.com/xianlu-166470",
    "img": "http://img.qunawan.com/ecmme/wan/xl/goods/20170607/201706071603128560_listfull.jpg",
    "title": "大美色稻 走进最后香格里拉 色达 稻城亚丁经典之旅（8日行程）",
    "money": "3280",
    "date": "09/22",
    "city": "成都"
  },
  {
    "url": "http://hd.8264.com/xianlu-166468",
    "img": "http://img.qunawan.com/ecmme/wan/xl/goods/20170607/201706071534422593_listfull.jpeg",
    "title": "秘境川西 七藏沟 长海 鱼海 红星海 徒步穿越（6日行程）",
    "money": "2680",
    "date": "09/30",
    "city": "成都"
  },
  {
    "url": "http://hd.8264.com/xianlu-166466",
    "img": "http://img.qunawan.com/ecmme/wan/xl/goods/20170607/201706071522405172_listfull.jpg",
    "title": "四姑娘山大峰二峰登山露营活动（4日行程）",
    "money": "1880",
    "date": "09/22",
    "city": "成都"
  },
  {
    "url": "http://hd.8264.com/xianlu-166464",
    "img": "http://img.qunawan.com/ecmme/wan/xl/goods/20170607/201706071500122396_listfull.jpg",
    "title": "丝绸之路 青海湖 敦煌 莫高窟 月牙泉 雅丹魔鬼城 嘉峪关（8日行程）",
    "money": "3480",
    "date": "09/23",
    "city": "成都"
  },
  {
    "url": "http://hd.8264.com/xianlu-166449",
    "img": "http://img.qunawan.com/ecmme/wan/xl/goods/20170607/201706071401228478_listfull.jpg",
    "title": "稻城亚丁和色达自驾游（7日行程）",
    "money": "3500",
    "date": "09/22",
    "city": "成都"
  },
  {
    "url": "http://hd.8264.com/xianlu-166446",
    "img": "http://img.qunawan.com/ecmme/wan/xl/goods/20170607/201706071410513570_listfull.jpg",
    "title": "返走川藏线318国道极致诱惑自驾之旅 拉萨到成都（5日行程）",
    "money": "1580",
    "date": "09/22",
    "city": "拉萨"
  },
  {
    "url": "http://hd.8264.com/xianlu-166472",
    "img": "http://img.qunawan.com/ecmme/wan/xl/goods/20170607/201706071611235139_listfull.jpeg",
    "title": "九色甘南 拉卜楞寺 扎尕那 郎木寺 花湖 九曲黄河 年保玉则（6日行程）",
    "money": "2480",
    "date": "09/23",
    "city": "兰州"
  },
  {
    "url": "http://hd.8264.com/xianlu-166407",
    "img": "http://img.qunawan.com/ecmme/wan/xl/goods/20170607/201706071019578301_listfull.jpg",
    "title": "黔西南 中洞苗族部 探访民族布依族苗族屯堡人（7日行程）",
    "money": "2980",
    "date": "09/23",
    "city": "贵阳"
  },
  {
    "url": "http://hd.8264.com/xianlu-166399",
    "img": "http://img.qunawan.com/ecmme/wan/xl/goods/20170607/201706070009543065_listfull.jpg",
    "title": "呼伦贝尔草原半自助旅行 郑重承诺纯玩0购物（6日行程）",
    "money": "2080",
    "date": "09/22",
    "city": "呼伦"
  },
  {
    "url": "http://hd.8264.com/xianlu-166390",
    "img": "http://img.qunawan.com/ecmme/wan/xl/goods/20170606/201706062114238466_listfull.jpg",
    "title": "独立定制游 青海湖 茶卡盐湖 卓尔山 阿柔大寺 门源（3日行程）",
    "money": "1750",
    "date": "09/22",
    "city": "西宁"
  },
  {
    "url": "http://hd.8264.com/xianlu-166378",
    "img": "http://img.qunawan.com/ecmme/wan/xl/goods/20170606/201706061646481640_listfull.jpg",
    "title": "贡嘎转山 蜀山之王大环线穿越 穿越挑战极限 贡嘎专业户（8日行程）",
    "money": "2880",
    "date": "09/23",
    "city": "成都"
  },
  {
    "url": "http://hd.8264.com/xianlu-166375",
    "img": "http://img.qunawan.com/ecmme/wan/xl/goods/20170606/201706061622309712_listfull.jpg",
    "title": "朝拜蜀山之王 贡嘎西南坡5日徒步穿越 无露营 贡嘎专业户（6日行程）",
    "money": "2280",
    "date": "09/30",
    "city": "成都"
  },
  {
    "url": "http://hd.8264.com/xianlu-166358",
    "img": "http://img.qunawan.com/ecmme/wan/xl/goods/20170606/201706061455252216_listfull.jpg",
    "title": "约泡联盟 泡泡足球 撕名牌 弓箭真人CS大狂欢（1日行程）",
    "money": "198",
    "date": "09/22",
    "city": "安庆"
  },
  {
    "url": "http://hd.8264.com/xianlu-166364",
    "img": "http://img.qunawan.com/ecmme/wan/xl/goods/20170606/201706061541341741_listfull.jpg",
    "title": "中国十大经典徒步线路之一四姑娘山长坪沟穿越毕棚沟（7日行程）",
    "money": "2480",
    "date": "09/30",
    "city": "成都"
  },
  {
    "url": "http://hd.8264.com/xianlu-166354",
    "img": "http://img.qunawan.com/ecmme/wan/xl/goods/20170606/201706061447157889_listfull.jpg",
    "title": "秘境川西 七藏沟 徒步穿越（8日行程）",
    "money": "2680",
    "date": "09/30",
    "city": "成都"
  },
  {
    "url": "http://hd.8264.com/xianlu-166340",
    "img": "http://img.qunawan.com/ecmme/wan/xl/goods/20170606/201706061353156737_listfull.jpg",
    "title": "休闲骑马 呼伦贝尔 恩和 临江 黑山头骑马穿越 满洲里（7日行程）",
    "money": "2580",
    "date": "09/22",
    "city": "呼伦"
  }
]