[
  {
    "url": "http://hd.8264.com/xianlu-166337",
    "img": "http://img.qunawan.com/ecmme/wan/xl/goods/20170606/201706061332274415_listfull.jpg",
    "title": "相约三生三世普者黑 世外桃源坝美 建水古镇 抚仙湖（7日行程）",
    "money": "2780",
    "date": "09/30",
    "city": "昆明"
  },
  {
    "url": "http://hd.8264.com/xianlu-166336",
    "img": "http://img.qunawan.com/ecmme/wan/xl/goods/20170606/201706061344407142_listfull.jpg",
    "title": "南北环线 呼伦贝尔 恩和 黑山头骑马 满洲里 阿尔山（9日行程）",
    "money": "3680",
    "date": "09/22",
    "city": "呼伦"
  },
  {
    "url": "http://hd.8264.com/xianlu-166334",
    "img": "http://img.qunawan.com/ecmme/wan/xl/goods/20170606/201706061335461016_listfull.jpg",
    "title": "草原全线 呼伦贝尔 金帐汗 驯鹿乡 室韦 满洲里 阿尔山（9日行程）",
    "money": "3880",
    "date": "09/22",
    "city": "呼伦"
  },
  {
    "url": "http://hd.8264.com/xianlu-166325",
    "img": "http://img.qunawan.com/ecmme/wan/xl/goods/20170606/201706061158152030_listfull.jpg",
    "title": "美西深度自驾（14日行程）",
    "money": "18800",
    "date": "10/01",
    "city": "洛杉"
  },
  {
    "url": "http://hd.8264.com/xianlu-169159",
    "img": "http://img.qunawan.com/ecmme/wan/xl/goods/20170718/201707181006093247_listfull.jpg",
    "title": "呼伦贝尔大草原 旅游（7日行程）",
    "money": "3000",
    "date": "09/22",
    "city": "北京"
  },
  {
    "url": "http://hd.8264.com/xianlu-166292",
    "img": "http://img.qunawan.com/ecmme/wan/xl/goods/20170606/201706060910265897_listfull.jpg",
    "title": "黑河 呼玛 漠河 呼伦贝尔深度休闲游（9日行程）",
    "money": "3250",
    "date": "09/22",
    "city": "黑河"
  },
  {
    "url": "http://hd.8264.com/xianlu-166288",
    "img": "http://img.qunawan.com/ecmme/wan/xl/goods/20170605/201706051925066374_listfull.jpg",
    "title": "呼伦贝尔旅游包车 免费设计线路 给你不同于常规旅游的超凡体验（1日行程）",
    "money": "450",
    "date": "09/22",
    "city": "呼伦"
  },
  {
    "url": "http://hd.8264.com/xianlu-166281",
    "img": "http://img.qunawan.com/ecmme/wan/xl/goods/20170605/201706051729166331_listfull.jpg",
    "title": "体验当地婚俗经典环线青海湖茶卡盐湖七彩丹霞仙米林场互助（5日行程）",
    "money": "1580",
    "date": "09/22",
    "city": "西宁"
  },
  {
    "url": "http://hd.8264.com/xianlu-166263",
    "img": "http://img.qunawan.com/ecmme/wan/xl/goods/20170605/201706051554291625_listfull.png",
    "title": "黄河落日圆拼车游 塔尔寺至贵德祁连张掖门源自由行 含住宿（5日行程）",
    "money": "1700",
    "date": "09/22",
    "city": "西宁"
  },
  {
    "url": "http://hd.8264.com/xianlu-166267",
    "img": "http://img.qunawan.com/ecmme/wan/xl/goods/20170605/201706051610594724_listfull.jpg",
    "title": "深度摄影 阿坝精华 九寨沟 年宝玉则环线深度摄影（8日行程）",
    "money": "3380",
    "date": "09/23",
    "city": "成都"
  },
  {
    "url": "http://hd.8264.com/xianlu-166256",
    "img": "http://img.qunawan.com/ecmme/wan/xl/goods/20170605/201706051541265023_listfull.jpg",
    "title": "VIP小包团 在川西朝圣佛寺 与美景和信仰作伴（8日行程）",
    "money": "3380",
    "date": "09/22",
    "city": "成都"
  },
  {
    "url": "http://hd.8264.com/xianlu-166252",
    "img": "http://img.qunawan.com/ecmme/wan/xl/goods/20170605/201706051515041505_listfull.jpg",
    "title": "约泡联盟 泡泡足球 跑男撕名牌 弓箭真人CS（1日行程）",
    "money": "200",
    "date": "09/22",
    "city": "上海"
  },
  {
    "url": "http://hd.8264.com/xianlu-166241",
    "img": "http://img.qunawan.com/ecmme/wan/xl/goods/20170605/201706051409455240_listfull.jpg",
    "title": "沙巴 仙本那薄荷之旅（8日行程）",
    "money": "3780",
    "date": "09/22",
    "city": "沙巴"
  },
  {
    "url": "http://hd.8264.com/xianlu-166237",
    "img": "http://img.qunawan.com/ecmme/wan/xl/goods/20170605/201706051402371550_listfull.png",
    "title": "丝路大环线拼车游黑马河茶卡盐湖敦煌莫高窟嘉峪关张掖 含住宿（7日行程）",
    "money": "3580",
    "date": "09/22",
    "city": "西宁"
  },
  {
    "url": "http://hd.8264.com/xianlu-166232",
    "img": "http://img.qunawan.com/ecmme/wan/xl/goods/20170605/201706051331173834_listfull.jpg",
    "title": "青海湖至敦煌丝路大环线茶卡盐湖敦煌莫高窟鸣沙山嘉峪关张掖门源（8日行程）",
    "money": "4080",
    "date": "09/22",
    "city": "西宁"
  },
  {
    "url": "http://hd.8264.com/xianlu-166231",
    "img": "http://img.qunawan.com/ecmme/wan/xl/goods/20170605/201706051304517349_listfull.jpg",
    "title": "呼伦贝尔游1000元自由行 时姐队（5日行程）",
    "money": "750",
    "date": "10/01",
    "city": "呼伦"
  },
  {
    "url": "http://hd.8264.com/xianlu-166211",
    "img": "http://img.qunawan.com/ecmme/wan/xl/goods/20170605/201706051054071353_listfull.jpeg",
    "title": "醉美西北经典小环线拼车游 品质纯玩 零购物（3日行程）",
    "money": "1100",
    "date": "09/22",
    "city": "西宁"
  },
  {
    "url": "http://hd.8264.com/xianlu-169100",
    "img": "http://img.qunawan.com/ecmme/wan/xl/goods/20170717/201707170954522053_listfull.jpg",
    "title": "徒步阿里 心灵的朝拜 时光的轮转 转山行（12日行程）",
    "money": "6900",
    "date": "09/22",
    "city": "拉萨"
  },
  {
    "url": "http://hd.8264.com/xianlu-166332",
    "img": "http://img.qunawan.com/ecmme/wan/xl/goods/20170606/201706061315255083_listfull.jpg",
    "title": "越野商务车 内蒙呼伦贝尔大草原 深度经典大环线（7日行程）",
    "money": "2680",
    "date": "09/22",
    "city": "乌兰"
  },
  {
    "url": "http://hd.8264.com/xianlu-166145",
    "img": "http://img.qunawan.com/ecmme/wan/xl/goods/20170604/201706041301034120_listfull.jpg",
    "title": "大美青海三日拼包车行程（3日行程）",
    "money": "780",
    "date": "09/22",
    "city": "西宁"
  }
]