[
  {
    "url": "http://hd.8264.com/xianlu-166129",
    "img": "http://img.qunawan.com/ecmme/wan/xl/goods/20170604/201706040039536967_listfull.png",
    "title": "九色甘南 年保玉则 扎尕那村 若尔盖 拉卜楞寺 尕海湖（7日行程）",
    "money": "3180",
    "date": "09/23",
    "city": "兰州"
  },
  {
    "url": "http://hd.8264.com/xianlu-166128",
    "img": "http://img.qunawan.com/ecmme/wan/xl/goods/20170604/201706040025569225_listfull.png",
    "title": "青海湖塔尔寺 张掖丹霞 敦煌莫高窟 雅丹魔鬼城 嘉峪关（9日行程）",
    "money": "3980",
    "date": "09/23",
    "city": "兰州"
  },
  {
    "url": "http://hd.8264.com/xianlu-167988",
    "img": "http://img.qunawan.com/ecmme/wan/xl/goods/20170628/201706281752552119_listfull.jpg",
    "title": "九寨沟 黄龙 色达喇荣五明佛学院 达古冰川经典（8日行程）",
    "money": "3580",
    "date": "09/23",
    "city": "成都"
  },
  {
    "url": "http://hd.8264.com/xianlu-166124",
    "img": "http://img.qunawan.com/ecmme/wan/xl/goods/20170603/201706032314195403_listfull.png",
    "title": "东北虎林园 镜泊湖 长白山北坡 西坡 威虎山影视城 望天鹅（7日行程）",
    "money": "2680",
    "date": "09/22",
    "city": "哈尔"
  },
  {
    "url": "http://hd.8264.com/xianlu-166107",
    "img": "http://img.qunawan.com/ecmme/wan/xl/goods/20170627/201706271835397142_listfull.png",
    "title": "呼伦贝尔全线 最北漠河邂逅北极光 大兴安岭 华俄后裔村落（8日行程）",
    "money": "3080",
    "date": "09/23",
    "city": "大兴"
  },
  {
    "url": "http://hd.8264.com/xianlu-166105",
    "img": "http://img.qunawan.com/ecmme/wan/xl/goods/20170603/201706032137057414_listfull.png",
    "title": "黑河 呼玛 瑷珲古城 漠河 最北北红村 北极泉 圣诞村（6日行程）",
    "money": "2680",
    "date": "09/23",
    "city": "大兴"
  },
  {
    "url": "http://hd.8264.com/xianlu-166098",
    "img": "http://img.qunawan.com/ecmme/wan/xl/goods/20170603/201706031656125955_listfull.jpg",
    "title": "阿坝精华 串联最美川西 九寨黄龙 花湖 唐克 年保玉则（8日行程）",
    "money": "3380",
    "date": "09/23",
    "city": "成都"
  },
  {
    "url": "http://hd.8264.com/xianlu-166097",
    "img": "http://img.qunawan.com/ecmme/wan/xl/goods/20170603/201706031645074942_listfull.jpg",
    "title": "呼伦贝尔深度包车5日游纯玩0购物自由行（5日行程）",
    "money": "1350",
    "date": "09/22",
    "city": "呼伦"
  },
  {
    "url": "http://hd.8264.com/xianlu-166090",
    "img": "http://img.qunawan.com/ecmme/wan/xl/goods/20170603/201706031502483234_listfull.png",
    "title": "威宁草海 赫章韭菜坪两日游（2日行程）",
    "money": "756",
    "date": "09/22",
    "city": "黔西"
  },
  {
    "url": "http://hd.8264.com/xianlu-166088",
    "img": "http://img.qunawan.com/ecmme/wan/xl/goods/20170603/201706031345499812_listfull.jpg",
    "title": "蜗途房车带你走进只有十二位半皇帝才去过的旅游圣地（3日行程）",
    "money": "1680",
    "date": "09/22",
    "city": "北京"
  },
  {
    "url": "http://hd.8264.com/xianlu-166078",
    "img": "http://img.qunawan.com/ecmme/wan/xl/goods/20170603/201706031139553323_listfull.jpg",
    "title": "欢迎全国登山爱好者加入（2日行程）",
    "money": "300",
    "date": "09/22",
    "city": "江西"
  },
  {
    "url": "http://hd.8264.com/xianlu-166076",
    "img": "http://img.qunawan.com/ecmme/wan/xl/goods/20170603/201706031112448031_listfull.png",
    "title": "贵州黄果树大瀑布 西江千户苗寨2日游 含景区电瓶车（2日行程）",
    "money": "1226",
    "date": "09/22",
    "city": "贵阳"
  },
  {
    "url": "http://hd.8264.com/xianlu-166065",
    "img": "http://img.qunawan.com/ecmme/wan/xl/goods/20170603/201706031014218138_listfull.jpg",
    "title": "甘孜环线 若尔盖年保玉则五明佛学院新都桥环线7日游（8日行程）",
    "money": "3550",
    "date": "09/23",
    "city": "成都"
  },
  {
    "url": "http://hd.8264.com/xianlu-166062",
    "img": "http://img.qunawan.com/ecmme/wan/xl/goods/20170603/201706030006143872_listfull.png",
    "title": "火车团 长白山北坡 东北虎林园 镜泊湖 渤海国上京龙泉府遗址（3日行程）",
    "money": "1680",
    "date": "09/23",
    "city": "吉林"
  },
  {
    "url": "http://hd.8264.com/xianlu-166053",
    "img": "http://img.qunawan.com/ecmme/wan/xl/goods/20170602/201706022154322620_listfull.png",
    "title": "火车团 沙坡头 腾格里沙漠 黄河第一索 西部影视城（3日行程）",
    "money": "750",
    "date": "09/23",
    "city": "银川"
  },
  {
    "url": "http://hd.8264.com/xianlu-166056",
    "img": "http://img.qunawan.com/ecmme/wan/xl/goods/20170602/201706022159121069_listfull.jpg",
    "title": "北京遇上西雅图 加拿大育空 相约极光之旅（9日行程）",
    "money": "16800",
    "date": "09/22",
    "city": "杭州"
  },
  {
    "url": "http://hd.8264.com/xianlu-166060",
    "img": "http://img.qunawan.com/ecmme/wan/xl/goods/20170602/201706022309566027_listfull.png",
    "title": "火车团 长白山西坡 瑶池仙境 天池 魔界 五彩池 绿渊潭（3日行程）",
    "money": "688",
    "date": "09/23",
    "city": "长春"
  },
  {
    "url": "http://hd.8264.com/xianlu-166051",
    "img": "http://img.qunawan.com/ecmme/wan/xl/goods/20170602/201706022146251460_listfull.png",
    "title": "火车团 武功山 穿越高山草甸 金鼎日出 绝望坡 萍乡 沈子村（3日行程）",
    "money": "680",
    "date": "09/23",
    "city": "南昌"
  },
  {
    "url": "http://hd.8264.com/xianlu-170103",
    "img": "http://img.qunawan.com/ecmme/wan/xl/goods/20170809/201708090949477218_listfull.jpg",
    "title": "海螺沟 稻城亚丁 丹巴藏寨 四姑娘山环线深度行摄（8日行程）",
    "money": "3180",
    "date": "09/23",
    "city": "成都"
  },
  {
    "url": "http://hd.8264.com/xianlu-166024",
    "img": "http://img.qunawan.com/ecmme/wan/xl/goods/20170602/201706021523015507_listfull.jpg",
    "title": "走进梦中的香格里拉 海螺沟 新都桥 稻城亚丁深度游（7日行程）",
    "money": "3280",
    "date": "09/23",
    "city": "成都"
  }
]