[
  {
    "url": "http://hd.8264.com/xianlu-166015",
    "img": "http://img.qunawan.com/ecmme/wan/xl/goods/20170602/201706021440004353_listfull.png",
    "title": "消失计划 丹巴金川三日自驾（3日行程）",
    "money": "2280",
    "date": "09/22",
    "city": "成都"
  },
  {
    "url": "http://hd.8264.com/xianlu-166013",
    "img": "http://img.qunawan.com/ecmme/wan/xl/goods/20170602/201706021426532278_listfull.jpg",
    "title": "黄龙山庄 空中草甸（1日行程）",
    "money": "89",
    "date": "09/22",
    "city": "安庆"
  },
  {
    "url": "http://hd.8264.com/xianlu-166006",
    "img": "http://img.qunawan.com/ecmme/wan/xl/goods/20170602/201706021408014884_listfull.jpg",
    "title": "西藏拉萨出发 反走川藏线 稻城亚丁（5日行程）",
    "money": "1500",
    "date": "09/22",
    "city": "拉萨"
  },
  {
    "url": "http://hd.8264.com/xianlu-166001",
    "img": "http://img.qunawan.com/ecmme/wan/xl/goods/20170602/201706021351513953_listfull.jpg",
    "title": "稻城 亚丁 色达 海螺沟 丹巴藏寨 新都桥 畅游 拼车 包车（8日行程）",
    "money": "1800",
    "date": "09/22",
    "city": "成都"
  },
  {
    "url": "http://hd.8264.com/xianlu-165997",
    "img": "http://img.qunawan.com/ecmme/wan/xl/goods/20170602/201706021143576965_listfull.jpg",
    "title": "西藏阿里大北线 冈仁波齐转山 双湖冰川探秘VIP私家小团（17日行程）",
    "money": "10800",
    "date": "09/30",
    "city": "拉萨"
  },
  {
    "url": "http://hd.8264.com/xianlu-165995",
    "img": "http://img.qunawan.com/ecmme/wan/xl/goods/20170602/201706021131093644_listfull.jpg",
    "title": "包住 包门票 寻找心灵净土 稻城亚丁 佛国天堂色达（8日行程）",
    "money": "3580",
    "date": "09/22",
    "city": "成都"
  },
  {
    "url": "http://hd.8264.com/xianlu-165993",
    "img": "http://img.qunawan.com/ecmme/wan/xl/goods/20170602/201706021125499376_listfull.jpg",
    "title": "甘南全境大环线 梦里的香巴拉 深度摄影（8日行程）",
    "money": "3280",
    "date": "09/23",
    "city": "兰州"
  },
  {
    "url": "http://hd.8264.com/xianlu-165992",
    "img": "http://img.qunawan.com/ecmme/wan/xl/goods/20170602/201706021117556265_listfull.jpg",
    "title": "包住宿 川藏南线行程 稻城 亚丁 羊湖 vip小包团（11日行程）",
    "money": "5880",
    "date": "09/22",
    "city": "成都"
  },
  {
    "url": "http://hd.8264.com/xianlu-165986",
    "img": "http://img.qunawan.com/ecmme/wan/xl/goods/20170602/201706021055011836_listfull.jpg",
    "title": "川进青出 经典穿越世界屋脊 川藏南线 青藏线（19日行程）",
    "money": "6000",
    "date": "09/22",
    "city": "成都"
  },
  {
    "url": "http://hd.8264.com/xianlu-165984",
    "img": "http://img.qunawan.com/ecmme/wan/xl/goods/20170602/201706021026497867_listfull.jpg",
    "title": "川藏南线行程 稻城 亚丁（10日行程）",
    "money": "3500",
    "date": "09/22",
    "city": "成都"
  },
  {
    "url": "http://hd.8264.com/xianlu-165970",
    "img": "http://img.qunawan.com/ecmme/wan/xl/goods/20170602/201706020000537594_listfull.png",
    "title": "火车团 张家界 醉美湘西 凤凰古城 天门山 大峡谷（3日行程）",
    "money": "820",
    "date": "09/23",
    "city": "长沙"
  },
  {
    "url": "http://hd.8264.com/xianlu-165968",
    "img": "http://img.qunawan.com/ecmme/wan/xl/goods/20170601/201706012348433067_listfull.png",
    "title": "火车团 黄山 宏村 屯溪老街 木坑竹海 塔川（3日行程）",
    "money": "680",
    "date": "09/23",
    "city": "黄山"
  },
  {
    "url": "http://hd.8264.com/xianlu-165956",
    "img": "http://img.qunawan.com/ecmme/wan/xl/goods/20170601/201706011741166837_listfull.jpg",
    "title": "深度摄影 阿坝精华 九寨沟 年宝玉则环线深度摄影（8日行程）",
    "money": "3380",
    "date": "09/22",
    "city": "成都"
  },
  {
    "url": "http://hd.8264.com/xianlu-165952",
    "img": "http://img.qunawan.com/ecmme/wan/xl/goods/20170601/201706011721309094_listfull.jpg",
    "title": "高空项目 大邑鹤鸣山大坪滑翔伞体验飞行（1日行程）",
    "money": "780",
    "date": "09/22",
    "city": "成都"
  },
  {
    "url": "http://hd.8264.com/xianlu-165949",
    "img": "http://img.qunawan.com/ecmme/wan/xl/goods/20170601/201706011701399593_listfull.jpg",
    "title": "深度摄影 川藏南线 四姑娘山 稻城亚丁 来古冰川（10日行程）",
    "money": "6280",
    "date": "09/22",
    "city": "成都"
  },
  {
    "url": "http://hd.8264.com/xianlu-165951",
    "img": "http://img.qunawan.com/ecmme/wan/xl/goods/20170601/201706011442254601_listfull.jpeg",
    "title": "原创 亲子呼伦贝尔行家庭向导 孩子们共亨天堂草原（7日行程）",
    "money": "2990",
    "date": "09/24",
    "city": "呼伦"
  },
  {
    "url": "http://hd.8264.com/xianlu-165944",
    "img": "http://img.qunawan.com/ecmme/wan/xl/goods/20170601/201706011644069383_listfull.jpg",
    "title": "珠峰大本营 羊卓雍错 拉萨出发 世界第三极之旅（4日行程）",
    "money": "1200",
    "date": "09/22",
    "city": "拉萨"
  },
  {
    "url": "http://hd.8264.com/xianlu-165943",
    "img": "http://img.qunawan.com/ecmme/wan/xl/goods/20170601/201706011642586648_listfull.jpeg",
    "title": "且行且摄且朝圣 贡嘎山子梅垭口环线行摄游（7日行程）",
    "money": "1000",
    "date": "09/22",
    "city": "成都"
  },
  {
    "url": "http://hd.8264.com/xianlu-165939",
    "img": "http://img.qunawan.com/ecmme/wan/xl/goods/20170601/201706011556062512_listfull.jpg",
    "title": "莫高窟 鸣沙山 阳关 玉门关 雅丹魔鬼城看日落（2日行程）",
    "money": "1060",
    "date": "09/22",
    "city": "安庆"
  },
  {
    "url": "http://hd.8264.com/xianlu-165933",
    "img": "http://img.qunawan.com/ecmme/wan/xl/goods/20170601/201706011548467620_listfull.jpg",
    "title": "莫高窟 鸣沙山月牙泉游（1日行程）",
    "money": "380",
    "date": "09/22",
    "city": "安庆"
  }
]