[
  {
    "url": "http://hd.8264.com/xianlu-155114",
    "img": "http://img.qunawan.com/ecmme/wan/xl/goods/20170110/201701101833067298_listfull.jpg",
    "title": "贡嘎转山 四川最高峰 蜀山之王贡嘎大环线徒步穿越（7日行程）",
    "money": "2880",
    "date": "09/23",
    "city": "成都"
  },
  {
    "url": "http://hd.8264.com/xianlu-155113",
    "img": "http://img.qunawan.com/ecmme/wan/xl/goods/20170110/201701101827515322_listfull.jpg",
    "title": "中国十大经典徒步线路之一 四姑娘山长坪沟穿越毕棚沟（5日行程）",
    "money": "2480",
    "date": "09/30",
    "city": "成都"
  },
  {
    "url": "http://hd.8264.com/xianlu-117935",
    "img": "http://img.qunawan.com/ecmme/wan/xl/goods/20160802/201608020952257224_listfull.jpg",
    "title": "十一金秋额济纳 穿越腾格里沙漠 走入天堂与地狱相交的炫彩（6日行程）",
    "money": "3180",
    "date": "09/28",
    "city": "广州"
  },
  {
    "url": "http://hd.8264.com/xianlu-19523",
    "img": "http://img.qunawan.com/ecmme/wan/xl/goods/20170915/201709151604296117_listfull.jpg",
    "title": "稻城亚丁摄影之旅 成都 丽江均可出发 大香格里拉环线之旅（6日行程）",
    "money": "3180",
    "date": "09/22",
    "city": "丽江"
  },
  {
    "url": "http://hd.8264.com/xianlu-171880",
    "img": "http://img.qunawan.com/ecmme/wan/xl/goods/20170913/201709131353091542_listfull.jpg",
    "title": "2017四姑娘山 长坪沟穿越毕棚沟 长穿毕全年计划（5日行程）",
    "money": "2480",
    "date": "09/23",
    "city": "成都"
  },
  {
    "url": "http://hd.8264.com/xianlu-170990",
    "img": "http://img.qunawan.com/ecmme/wan/xl/goods/20170828/201708281059569990_listfull.jpg",
    "title": "探洞体验 地心历险记（2日行程）",
    "money": "360",
    "date": "09/23",
    "city": "成都"
  },
  {
    "url": "http://hd.8264.com/xianlu-170668",
    "img": "http://img.qunawan.com/ecmme/wan/xl/goods/20170822/201708221109402301_listfull.jpg",
    "title": "西部摄影 精品小团 四姑娘山 甲居蔵寨 稻城亚丁全景环线深度（7日行程）",
    "money": "2680",
    "date": "09/23",
    "city": "成都"
  },
  {
    "url": "http://hd.8264.com/xianlu-170262",
    "img": "http://img.qunawan.com/ecmme/wan/xl/goods/20170814/201708141046447009_listfull.jpg",
    "title": "2017年暑假国庆深秋 贡嘎转山 蜀山之王大环线穿越（8日行程）",
    "money": "3280",
    "date": "09/29",
    "city": "成都"
  },
  {
    "url": "http://hd.8264.com/xianlu-170135",
    "img": "http://img.qunawan.com/ecmme/wan/xl/goods/20170809/201708091946552383_listfull.jpg",
    "title": "国庆节 九寨沟后花园 秘境七藏沟红星海 草海 长海穿越（7日行程）",
    "money": "2680",
    "date": "09/30",
    "city": "成都"
  },
  {
    "url": "http://hd.8264.com/xianlu-170010",
    "img": "http://img.qunawan.com/ecmme/wan/xl/goods/20170806/201708060133233082_listfull.jpg",
    "title": "哈巴雪山 一比一高山协作 包含个人骑马 全年接受私人订制（5日行程）",
    "money": "3380",
    "date": "09/22",
    "city": "丽江"
  },
  {
    "url": "http://hd.8264.com/xianlu-169669",
    "img": "http://img.qunawan.com/ecmme/wan/xl/goods/20170728/201707281601413827_listfull.jpg",
    "title": "蜀山之王 贡嘎西南坡徒步穿越经典线路 无露营版（5日行程）",
    "money": "2280",
    "date": "09/30",
    "city": "成都"
  },
  {
    "url": "http://hd.8264.com/xianlu-169263",
    "img": "http://img.qunawan.com/ecmme/wan/xl/goods/20170719/201707191704519347_listfull.jpg",
    "title": "尼泊尔珠穆朗玛峰南坡大本营EBC 世界顶级徒步圆梦之旅（14日行程）",
    "money": "8500",
    "date": "09/23",
    "city": "加德"
  },
  {
    "url": "http://hd.8264.com/xianlu-169022",
    "img": "http://img.qunawan.com/ecmme/wan/xl/goods/20170714/201707141001193168_listfull.jpg",
    "title": "雀儿山攀登计划 一座登山者必去的山峰（8日行程）",
    "money": "10000",
    "date": "09/23",
    "city": "甘孜"
  },
  {
    "url": "http://hd.8264.com/xianlu-168695",
    "img": "http://img.qunawan.com/ecmme/wan/xl/goods/20170724/201707241343281000_listfull.jpg",
    "title": "从你的全世界路过 稻城亚丁 丹巴 四姑娘山环线深度行摄（8日行程）",
    "money": "3180",
    "date": "09/23",
    "city": "成都"
  },
  {
    "url": "http://hd.8264.com/xianlu-169707",
    "img": "http://img.qunawan.com/ecmme/wan/xl/goods/20170730/201707302146123319_listfull.jpg",
    "title": "稻城亚丁 色达 新都桥 虔诚行摄之旅（8日行程）",
    "money": "3480",
    "date": "10/14",
    "city": "成都"
  },
  {
    "url": "http://hd.8264.com/xianlu-171887",
    "img": "http://img.qunawan.com/ecmme/wan/xl/goods/20170913/201709131444109133_listfull.jpg",
    "title": "国庆深秋特推 四姑娘山二峰攀登 长坪沟徒步 挑战极限（6日行程）",
    "money": "2880",
    "date": "09/30",
    "city": "成都"
  },
  {
    "url": "http://hd.8264.com/xianlu-166979",
    "img": "http://img.qunawan.com/ecmme/wan/xl/goods/20170614/201706141708455543_listfull.jpg",
    "title": "九色甘南 拉卜楞寺 扎尕那 郎木寺 花湖 年保玉则行摄（7日行程）",
    "money": "2480",
    "date": "09/23",
    "city": "成都"
  },
  {
    "url": "http://hd.8264.com/xianlu-166972",
    "img": "http://img.qunawan.com/ecmme/wan/xl/goods/20170614/201706141641033708_listfull.jpg",
    "title": "探访苦修密地 走进佛国世界色达 亚青寺 甘孜之旅（8日行程）",
    "money": "3280",
    "date": "10/01",
    "city": "成都"
  },
  {
    "url": "http://hd.8264.com/xianlu-166688",
    "img": "http://img.qunawan.com/ecmme/wan/xl/goods/20170610/201706101818316804_listfull.jpg",
    "title": "四姑娘山二峰攀登 尝试初级雪山攀登 长坪沟徒步（6日行程）",
    "money": "2480",
    "date": "09/30",
    "city": "成都"
  },
  {
    "url": "http://hd.8264.com/xianlu-166559",
    "img": "http://img.qunawan.com/ecmme/wan/xl/goods/20170608/201706081518134827_listfull.jpg",
    "title": "四姑娘山 塔公草原 丹巴 稻城亚丁拼车自由行（7日行程）",
    "money": "1780",
    "date": "09/22",
    "city": "成都"
  }
]