[
  {
    "url": "http://hd.8264.com/xianlu-165929",
    "img": "http://img.qunawan.com/ecmme/wan/xl/goods/20170601/201706011531087146_listfull.jpg",
    "title": "全年计划 四姑娘山大峰二峰连登（5日行程）",
    "money": "3180",
    "date": "09/22",
    "city": "成都"
  },
  {
    "url": "http://hd.8264.com/xianlu-165928",
    "img": "http://img.qunawan.com/ecmme/wan/xl/goods/20170601/201706011530103927_listfull.jpg",
    "title": "年宝玉则游 神的后花园 碧蓝的湖水倒映着雪峰 大小海子（3日行程）",
    "money": "680",
    "date": "09/22",
    "city": "成都"
  },
  {
    "url": "http://hd.8264.com/xianlu-165926",
    "img": "http://img.qunawan.com/ecmme/wan/xl/goods/20170601/201706011521027065_listfull.jpg",
    "title": "四姑娘山游 长坪沟 双桥沟深度摄影（2日行程）",
    "money": "360",
    "date": "09/22",
    "city": "成都"
  },
  {
    "url": "http://hd.8264.com/xianlu-165925",
    "img": "http://img.qunawan.com/ecmme/wan/xl/goods/20170601/201706011515404611_listfull.jpg",
    "title": "德阳崴螺山看薰衣草 走起走起（1日行程）",
    "money": "320",
    "date": "09/22",
    "city": "成都"
  },
  {
    "url": "http://hd.8264.com/xianlu-165923",
    "img": "http://img.qunawan.com/ecmme/wan/xl/goods/20170601/201706011506544164_listfull.jpg",
    "title": "川西第一漂 红峡谷（1日行程）",
    "money": "148",
    "date": "09/22",
    "city": "成都"
  },
  {
    "url": "http://hd.8264.com/xianlu-165922",
    "img": "http://img.qunawan.com/ecmme/wan/xl/goods/20170601/201706011449258174_listfull.jpg",
    "title": "2017大美色达稻亚环线深度游（7日行程）",
    "money": "1000",
    "date": "09/22",
    "city": "成都"
  },
  {
    "url": "http://hd.8264.com/xianlu-165913",
    "img": "http://img.qunawan.com/ecmme/wan/xl/goods/20170601/201706011127146608_listfull.jpeg",
    "title": "徒步惠州大南山青青大草原 赏日落（1日行程）",
    "money": "75",
    "date": "09/22",
    "city": "深圳"
  },
  {
    "url": "http://hd.8264.com/xianlu-167611",
    "img": "http://img.qunawan.com/ecmme/wan/xl/goods/20170623/201706231704527067_listfull.jpg",
    "title": "洛克环线 丽江 泸沽湖（8日行程）",
    "money": "4900",
    "date": "09/30",
    "city": "丽江"
  },
  {
    "url": "http://hd.8264.com/xianlu-165908",
    "img": "http://img.qunawan.com/ecmme/wan/xl/goods/20170601/201706011020542585_listfull.png",
    "title": "滦州古镇 河北古北水镇 滦州古城 无白丁 紫金塔（1日行程）",
    "money": "150",
    "date": "09/23",
    "city": "北京"
  },
  {
    "url": "http://hd.8264.com/xianlu-165907",
    "img": "http://img.qunawan.com/ecmme/wan/xl/goods/20170601/201706011012132234_listfull.png",
    "title": "双龙峡 坐小火车观赏百潭瀑布 爨底下村品尝美食（1日行程）",
    "money": "70",
    "date": "09/23",
    "city": "北京"
  },
  {
    "url": "http://hd.8264.com/xianlu-165896",
    "img": "http://img.qunawan.com/ecmme/wan/xl/goods/20170531/201705312123388907_listfull.jpg",
    "title": "拉萨布达拉宫林芝羊湖纳木错巴松措雅鲁藏布大峡谷深度纯玩（8日行程）",
    "money": "3380",
    "date": "10/01",
    "city": "拉萨"
  },
  {
    "url": "http://hd.8264.com/xianlu-165895",
    "img": "http://img.qunawan.com/ecmme/wan/xl/goods/20170531/201705312047437349_listfull.jpeg",
    "title": "原创 呼伦贝尔家庭自助游导航仪（6日行程）",
    "money": "1880",
    "date": "09/25",
    "city": "呼伦"
  },
  {
    "url": "http://hd.8264.com/xianlu-165892",
    "img": "http://img.qunawan.com/ecmme/wan/xl/goods/20170531/201705312011105811_listfull.jpg",
    "title": "四姑娘山二峰加长坪沟穿越毕棚沟（6日行程）",
    "money": "3000",
    "date": "09/23",
    "city": "成都"
  },
  {
    "url": "http://hd.8264.com/xianlu-165890",
    "img": "http://img.qunawan.com/ecmme/wan/xl/goods/20170531/201705312001298698_listfull.jpg",
    "title": "318川藏线拼车 色达 稻城亚丁 深度游（10日行程）",
    "money": "3580",
    "date": "09/23",
    "city": "成都"
  },
  {
    "url": "http://hd.8264.com/xianlu-165886",
    "img": "http://img.qunawan.com/ecmme/wan/xl/goods/20170531/201705311914325905_listfull.png",
    "title": "滦州古镇 河北古北水镇 滦州古城 无白丁 紫金塔（1日行程）",
    "money": "150",
    "date": "09/23",
    "city": "北京"
  },
  {
    "url": "http://hd.8264.com/xianlu-165884",
    "img": "http://img.qunawan.com/ecmme/wan/xl/goods/20170531/201705311904179143_listfull.png",
    "title": "北京最高峰 东灵山2303米 挑战灵山主峰（1日行程）",
    "money": "70",
    "date": "09/23",
    "city": "北京"
  },
  {
    "url": "http://hd.8264.com/xianlu-165860",
    "img": "http://img.qunawan.com/ecmme/wan/xl/goods/20170531/201705311510159708_listfull.png",
    "title": "川藏南线包车游（10日行程）",
    "money": "4666",
    "date": "09/22",
    "city": "成都"
  },
  {
    "url": "http://hd.8264.com/xianlu-165859",
    "img": "http://img.qunawan.com/ecmme/wan/xl/goods/20170531/201705311500432864_listfull.png",
    "title": "川藏路包车游（10日行程）",
    "money": "4666",
    "date": "09/22",
    "city": "成都"
  },
  {
    "url": "http://hd.8264.com/xianlu-165845",
    "img": "http://img.qunawan.com/ecmme/wan/xl/goods/20170531/201705311216059228_listfull.jpg",
    "title": "呼伦贝尔草原穿越中俄边境漠河之旅 至少4人成团（8日行程）",
    "money": "2990",
    "date": "09/22",
    "city": "呼伦"
  },
  {
    "url": "http://hd.8264.com/xianlu-166723",
    "img": "http://img.qunawan.com/ecmme/wan/xl/goods/20170611/201706112130435609_listfull.jpg",
    "title": "大理 双廊 洱海 丽江 泸沽湖 香格里拉 虎跳峡 普达措休闲（7日行程）",
    "money": "2880",
    "date": "09/22",
    "city": "丽江"
  }
]