[
  {
    "url": "http://hd.8264.com/xianlu-165816",
    "img": "http://img.qunawan.com/ecmme/wan/xl/goods/20170529/201705291910059269_listfull.jpg",
    "title": "行 者 无 疆 驼 行 追 影 腾格里沙漠自虐徒步无人区（4日行程）",
    "money": "3280",
    "date": "09/22",
    "city": "银川"
  },
  {
    "url": "http://hd.8264.com/xianlu-165813",
    "img": "http://img.qunawan.com/ecmme/wan/xl/goods/20170529/201705291613285505_listfull.jpg",
    "title": "九寨沟黄龙一路行（3日行程）",
    "money": "1500",
    "date": "09/22",
    "city": "阿坝"
  },
  {
    "url": "http://hd.8264.com/xianlu-165805",
    "img": "http://img.qunawan.com/ecmme/wan/xl/goods/20170529/201705291011074463_listfull.jpg",
    "title": "呼伦贝尔 徒步旅游 带你感受草原醉美的风景（8日行程）",
    "money": "3000",
    "date": "09/22",
    "city": "成都"
  },
  {
    "url": "http://hd.8264.com/xianlu-165804",
    "img": "http://img.qunawan.com/ecmme/wan/xl/goods/20170528/201705281924234247_listfull.jpg",
    "title": "中俄边境 草原纵马扬鞭 壮观日落北线私家行程（5日行程）",
    "money": "2280",
    "date": "09/22",
    "city": "安庆"
  },
  {
    "url": "http://hd.8264.com/xianlu-165802",
    "img": "http://img.qunawan.com/ecmme/wan/xl/goods/20170528/201705281452447940_listfull.jpg",
    "title": "藏新甘青川五省大穿越 西藏新疆甘肃青海四川（22日行程）",
    "money": "13500",
    "date": "09/23",
    "city": "拉萨"
  },
  {
    "url": "http://hd.8264.com/xianlu-165800",
    "img": "http://img.qunawan.com/ecmme/wan/xl/goods/20170528/201705281251174628_listfull.jpg",
    "title": "亲子游 呼伦贝尔大手牵小手欢乐亲子游（7日行程）",
    "money": "2888",
    "date": "09/22",
    "city": "呼伦"
  },
  {
    "url": "http://hd.8264.com/xianlu-165794",
    "img": "http://img.qunawan.com/ecmme/wan/xl/goods/20170528/201705280944187606_listfull.png",
    "title": "经典丝绸之路大环线（9日行程）",
    "money": "2980",
    "date": "09/23",
    "city": "兰州"
  },
  {
    "url": "http://hd.8264.com/xianlu-165793",
    "img": "http://img.qunawan.com/ecmme/wan/xl/goods/20170528/201705280930028859_listfull.jpg",
    "title": "九色甘南 离我们最近的香巴拉净土（7日行程）",
    "money": "2980",
    "date": "09/23",
    "city": "兰州"
  },
  {
    "url": "http://hd.8264.com/xianlu-165777",
    "img": "http://img.qunawan.com/ecmme/wan/xl/goods/20170527/201705271524314435_listfull.png",
    "title": "呼伦贝尔旅游包车 大草原旅游 免费咨询 免费设计线路（1日行程）",
    "money": "500",
    "date": "09/22",
    "city": "呼伦"
  },
  {
    "url": "http://hd.8264.com/xianlu-166017",
    "img": "http://img.qunawan.com/ecmme/wan/xl/goods/20170602/201706021441029931_listfull.jpg",
    "title": "黄龙山庄 空中草甸 云中草原（1日行程）",
    "money": "89",
    "date": "09/22",
    "city": "北京"
  },
  {
    "url": "http://hd.8264.com/xianlu-165769",
    "img": "http://img.qunawan.com/ecmme/wan/xl/goods/20170527/201705271320403810_listfull.jpg",
    "title": "成都出发 丽江结束 稻城亚丁 梅里雪山（6日行程）",
    "money": "2880",
    "date": "09/23",
    "city": "成都"
  },
  {
    "url": "http://hd.8264.com/xianlu-165767",
    "img": "http://img.qunawan.com/ecmme/wan/xl/goods/20170527/201705271206541062_listfull.jpg",
    "title": "滇西北精华 梅里雪山泸沽湖一起走（7日行程）",
    "money": "2980",
    "date": "10/01",
    "city": "丽江"
  },
  {
    "url": "http://hd.8264.com/xianlu-165748",
    "img": "http://img.qunawan.com/ecmme/wan/xl/goods/20170527/201705270856193553_listfull.jpeg",
    "title": "重走盐马古道体验马帮生活（1日行程）",
    "money": "480",
    "date": "09/22",
    "city": "大理"
  },
  {
    "url": "http://hd.8264.com/xianlu-166221",
    "img": "http://img.qunawan.com/ecmme/wan/xl/goods/20170605/201706051152592490_listfull.jpg",
    "title": "环青海湖徒步游茶卡 黑马河 青海湖 金沙湾 祁连 岗什卡雪山（4日行程）",
    "money": "1699",
    "date": "09/22",
    "city": "西宁"
  },
  {
    "url": "http://hd.8264.com/xianlu-165726",
    "img": "http://img.qunawan.com/ecmme/wan/xl/goods/20170526/201705261328404943_listfull.jpg",
    "title": "上海崇明长兴岛长岛庄园拓展基地团队拓展活动 户外桑葚蓝莓采摘（1日行程）",
    "money": "78",
    "date": "09/22",
    "city": "上海"
  },
  {
    "url": "http://hd.8264.com/xianlu-165725",
    "img": "http://img.qunawan.com/ecmme/wan/xl/goods/20170526/201705261331347450_listfull.jpg",
    "title": "花季出行 九寨 黄龙 若尔盖草原 花湖 年保玉则环线（8日行程）",
    "money": "3380",
    "date": "09/23",
    "city": "成都"
  },
  {
    "url": "http://hd.8264.com/xianlu-165721",
    "img": "http://img.qunawan.com/ecmme/wan/xl/goods/20170526/201705261209152498_listfull.jpg",
    "title": "世外秘境 华尖山 不容拒绝的美丽（3日行程）",
    "money": "580",
    "date": "09/22",
    "city": "成都"
  },
  {
    "url": "http://hd.8264.com/xianlu-165720",
    "img": "http://img.qunawan.com/ecmme/wan/xl/goods/20170526/201705261153019751_listfull.jpg",
    "title": "周末露营 天国花园九顶山用行动丈量快乐（2日行程）",
    "money": "380",
    "date": "09/22",
    "city": "成都"
  },
  {
    "url": "http://hd.8264.com/xianlu-165715",
    "img": "http://img.qunawan.com/ecmme/wan/xl/goods/20170526/201705261143101382_listfull.jpg",
    "title": "无锡锡惠名胜区一日休闲行 一起迎接美丽初夏（1日行程）",
    "money": "106",
    "date": "09/23",
    "city": "南京"
  },
  {
    "url": "http://hd.8264.com/xianlu-165714",
    "img": "http://img.qunawan.com/ecmme/wan/xl/goods/20170526/201705261134521359_listfull.jpeg",
    "title": "五岳归来不看山 黄山归来不看岳（2日行程）",
    "money": "550",
    "date": "10/18",
    "city": "南京"
  }
]