[
  {
    "url": "http://hd.8264.com/xianlu-165730",
    "img": "http://img.qunawan.com/ecmme/wan/xl/goods/20170526/201705261435382828_listfull.jpg",
    "title": "爱游游 大鹏西涌周末2天学冲浪 ISA认证教练 手把手带你玩（2日行程）",
    "money": "2299",
    "date": "09/22",
    "city": "深圳"
  },
  {
    "url": "http://hd.8264.com/xianlu-165699",
    "img": "http://img.qunawan.com/ecmme/wan/xl/goods/20170525/201705252233567006_listfull.jpg",
    "title": "相约草原 锡林郭勒蒙古马摄影之旅（6日行程）",
    "money": "4980",
    "date": "09/22",
    "city": "锡林"
  },
  {
    "url": "http://hd.8264.com/xianlu-165698",
    "img": "http://img.qunawan.com/ecmme/wan/xl/goods/20170525/201705252159572633_listfull.jpg",
    "title": "水上雅丹 丝绸之路（8日行程）",
    "money": "1500",
    "date": "09/27",
    "city": "西宁"
  },
  {
    "url": "http://hd.8264.com/xianlu-165696",
    "img": "http://img.qunawan.com/ecmme/wan/xl/goods/20170822/201708221452352349_listfull.jpg",
    "title": "七藏沟 长海子 草海 红星海子 鱼海子 探秘徒步穿越（7日行程）",
    "money": "2680",
    "date": "09/30",
    "city": "成都"
  },
  {
    "url": "http://hd.8264.com/xianlu-165694",
    "img": "http://img.qunawan.com/ecmme/wan/xl/goods/20170525/201705251937311531_listfull.jpg",
    "title": "四姑娘山 东方的阿尔卑斯 深度观山之旅 私家包车自由行（3日行程）",
    "money": "750",
    "date": "09/22",
    "city": "成都"
  },
  {
    "url": "http://hd.8264.com/xianlu-165693",
    "img": "http://img.qunawan.com/ecmme/wan/xl/goods/20170525/201705251935431145_listfull.png",
    "title": "邂逅泸沽湖探索神秘走婚 西昌邛海 泸沽湖休闲纯玩（4日行程）",
    "money": "750",
    "date": "09/22",
    "city": "成都"
  },
  {
    "url": "http://hd.8264.com/xianlu-165691",
    "img": "http://img.qunawan.com/ecmme/wan/xl/goods/20170525/201705251923225050_listfull.jpg",
    "title": "在那山花烂漫时 年保玉则 色达川西越野环线休闲摄影之旅（5日行程）",
    "money": "2050",
    "date": "09/22",
    "city": "成都"
  },
  {
    "url": "http://hd.8264.com/xianlu-165690",
    "img": "http://img.qunawan.com/ecmme/wan/xl/goods/20170525/201705251915198889_listfull.jpg",
    "title": "色达红色山河佛教圣地 丹巴甲居藏寨 四姑娘山禅心越野环线之旅（4日行程）",
    "money": "1480",
    "date": "09/22",
    "city": "成都"
  },
  {
    "url": "http://hd.8264.com/xianlu-165688",
    "img": "http://img.qunawan.com/ecmme/wan/xl/goods/20170525/201705251850511540_listfull.jpg",
    "title": "祈福色达 醉美稻城亚丁川西越野环线自由行净心之旅（7日行程）",
    "money": "1980",
    "date": "09/22",
    "city": "成都"
  },
  {
    "url": "http://hd.8264.com/xianlu-165686",
    "img": "http://img.qunawan.com/ecmme/wan/xl/goods/20170525/201705251819018458_listfull.jpg",
    "title": "2017四姑娘山长坪沟穿越毕棚沟 中国十大经典徒步露营（6日行程）",
    "money": "2480",
    "date": "09/30",
    "city": "成都"
  },
  {
    "url": "http://hd.8264.com/xianlu-165678",
    "img": "http://img.qunawan.com/ecmme/wan/xl/goods/20170525/201705251650373097_listfull.jpg",
    "title": "2017贡嘎转山 蜀山之王 贡嘎山大环线完美穿越（8日行程）",
    "money": "2880",
    "date": "09/23",
    "city": "成都"
  },
  {
    "url": "http://hd.8264.com/xianlu-165677",
    "img": "http://img.qunawan.com/ecmme/wan/xl/goods/20170525/201705251649456134_listfull.jpg",
    "title": "川藏南线稻城亚丁 林芝 拉萨 拼车 包车行程（11日行程）",
    "money": "3680",
    "date": "09/22",
    "city": "成都"
  },
  {
    "url": "http://hd.8264.com/xianlu-165673",
    "img": "http://img.qunawan.com/ecmme/wan/xl/goods/20170525/201705251542038416_listfull.jpg",
    "title": "6月贡嘎大环线穿越（8日行程）",
    "money": "2880",
    "date": "09/23",
    "city": "成都"
  },
  {
    "url": "http://hd.8264.com/xianlu-165671",
    "img": "http://img.qunawan.com/ecmme/wan/xl/goods/20170525/201705251605411121_listfull.jpg",
    "title": "藏地神韵 探访苦修密地 走进佛国世界色达 亚青寺 甘孜（8日行程）",
    "money": "3680",
    "date": "10/01",
    "city": "成都"
  },
  {
    "url": "http://hd.8264.com/xianlu-169894",
    "img": "http://img.qunawan.com/ecmme/wan/xl/goods/20170906/201709061451042322_listfull.jpg",
    "title": "国庆节深秋 贡嘎转山 蜀山之王贡嘎大环线徒步穿越挑战极限（7日行程）",
    "money": "2880",
    "date": "09/23",
    "city": "成都"
  },
  {
    "url": "http://hd.8264.com/xianlu-165650",
    "img": "http://img.qunawan.com/ecmme/wan/xl/goods/20170525/201705251057032301_listfull.jpg",
    "title": "看香格里拉 爬朝圣梅里雪山 徒步雨崩村（4日行程）",
    "money": "1680",
    "date": "09/22",
    "city": "丽江"
  },
  {
    "url": "http://hd.8264.com/xianlu-165642",
    "img": "http://img.qunawan.com/ecmme/wan/xl/goods/20170525/201705251419124509_listfull.jpg",
    "title": "赏云海 探原始秘境（3日行程）",
    "money": "480",
    "date": "09/22",
    "city": "成都"
  },
  {
    "url": "http://hd.8264.com/xianlu-165639",
    "img": "http://img.qunawan.com/ecmme/wan/xl/goods/20170525/201705251417007254_listfull.jpg",
    "title": "丽江出发 香格里拉 虎跳峡 普达措（1日行程）",
    "money": "790",
    "date": "09/22",
    "city": "丽江"
  },
  {
    "url": "http://hd.8264.com/xianlu-165632",
    "img": "http://img.qunawan.com/ecmme/wan/xl/goods/20170525/201705251135484198_listfull.jpg",
    "title": "九寨 花湖 四姑娘山（7日行程）",
    "money": "3380",
    "date": "09/23",
    "city": "成都"
  },
  {
    "url": "http://hd.8264.com/xianlu-165630",
    "img": "http://img.qunawan.com/ecmme/wan/xl/goods/20170525/201705251120053684_listfull.jpg",
    "title": "川藏线拼车自由行（7日行程）",
    "money": "1888",
    "date": "09/22",
    "city": "成都"
  }
]