[
  {
    "url": "http://hd.8264.com/xianlu-165615",
    "img": "http://img.qunawan.com/ecmme/wan/xl/goods/20170525/201705250750007676_listfull.png",
    "title": "重走玄奘之路（5日行程）",
    "money": "9800",
    "date": "09/27",
    "city": "酒泉"
  },
  {
    "url": "http://hd.8264.com/xianlu-165612",
    "img": "http://img.qunawan.com/ecmme/wan/xl/goods/20170525/201705250139288719_listfull.png",
    "title": "五花草甸 梦幻五花草甸 童话滦河神韵 赏花浪漫（2日行程）",
    "money": "388",
    "date": "09/23",
    "city": "北京"
  },
  {
    "url": "http://hd.8264.com/xianlu-165608",
    "img": "http://img.qunawan.com/ecmme/wan/xl/goods/20170525/201705250058173855_listfull.png",
    "title": "东戴河 止锚湾 九门口 瑞洲古塔 望海寺 看大海 吃海鲜（3日行程）",
    "money": "360",
    "date": "09/22",
    "city": "北京"
  },
  {
    "url": "http://hd.8264.com/xianlu-165607",
    "img": "http://img.qunawan.com/ecmme/wan/xl/goods/20170524/201705242346188959_listfull.jpg",
    "title": "活动 挑战寨后白山 蜀山之王 贡嘎（7日行程）",
    "money": "2880",
    "date": "09/22",
    "city": "成都"
  },
  {
    "url": "http://hd.8264.com/xianlu-166757",
    "img": "http://img.qunawan.com/ecmme/wan/xl/goods/20170612/201706121024022558_listfull.jpg",
    "title": "百花山 呼吸新鲜空气 摄影 登山赏百花游（1日行程）",
    "money": "65",
    "date": "09/23",
    "city": "北京"
  },
  {
    "url": "http://hd.8264.com/xianlu-166772",
    "img": "http://img.qunawan.com/ecmme/wan/xl/goods/20170612/201706121320148952_listfull.jpg",
    "title": "川藏线越野环线拼车自由行一路游玩去拉萨（10日行程）",
    "money": "3680",
    "date": "09/22",
    "city": "成都"
  },
  {
    "url": "http://hd.8264.com/xianlu-165585",
    "img": "http://img.qunawan.com/ecmme/wan/xl/goods/20170524/201705241653152888_listfull.jpg",
    "title": "攀登哈巴雪山 一对一高山协作 徒步虎跳崖 全年接受私人定制（4日行程）",
    "money": "3180",
    "date": "09/22",
    "city": "丽江"
  },
  {
    "url": "http://hd.8264.com/xianlu-165543",
    "img": "http://img.qunawan.com/ecmme/wan/xl/goods/20170524/201705240856404488_listfull.png",
    "title": "呼伦贝尔休闲自由行（3日行程）",
    "money": "1850",
    "date": "09/22",
    "city": "呼伦"
  },
  {
    "url": "http://hd.8264.com/xianlu-165562",
    "img": "http://img.qunawan.com/ecmme/wan/xl/goods/20170524/201705241138403704_listfull.jpg",
    "title": "丽江玉龙雪山冰川公园（1日行程）",
    "money": "468",
    "date": "09/22",
    "city": "丽江"
  },
  {
    "url": "http://hd.8264.com/xianlu-165539",
    "img": "http://img.qunawan.com/ecmme/wan/xl/goods/20170524/201705240006346072_listfull.png",
    "title": "捧河湾 白云峡 白河大峡谷 横岑岭 黑龙潭（1日行程）",
    "money": "70",
    "date": "09/23",
    "city": "北京"
  },
  {
    "url": "http://hd.8264.com/xianlu-165537",
    "img": "http://img.qunawan.com/ecmme/wan/xl/goods/20170523/201705232358015935_listfull.png",
    "title": "行摄 66号公路 草原天路 塞北梯田 感受草原生活（1日行程）",
    "money": "180",
    "date": "09/23",
    "city": "北京"
  },
  {
    "url": "http://hd.8264.com/xianlu-165536",
    "img": "http://img.qunawan.com/ecmme/wan/xl/goods/20170523/201705232323066147_listfull.png",
    "title": "全胜峡 北方喀斯特 清凉峡谷 三胜泉 龙门爽（1日行程）",
    "money": "90",
    "date": "09/23",
    "city": "北京"
  },
  {
    "url": "http://hd.8264.com/xianlu-165534",
    "img": "http://img.qunawan.com/ecmme/wan/xl/goods/20170523/201705232310381215_listfull.png",
    "title": "云中草原 仙柜山 黄龙山庄 空中草甸 绝美行摄（1日行程）",
    "money": "88",
    "date": "09/23",
    "city": "北京"
  },
  {
    "url": "http://hd.8264.com/xianlu-165533",
    "img": "http://img.qunawan.com/ecmme/wan/xl/goods/20170523/201705232306028563_listfull.png",
    "title": "神泉峡 百亩园 红石谷 熔岩台 骆驼崖 仙人崖（1日行程）",
    "money": "68",
    "date": "09/23",
    "city": "北京"
  },
  {
    "url": "http://hd.8264.com/xianlu-165530",
    "img": "http://img.qunawan.com/ecmme/wan/xl/goods/20170523/201705232245252839_listfull.png",
    "title": "寻找最美的徒步风景 五彩浅山 徒步 游览焦庄户地道战遗址（1日行程）",
    "money": "68",
    "date": "09/23",
    "city": "北京"
  },
  {
    "url": "http://hd.8264.com/xianlu-165529",
    "img": "http://img.qunawan.com/ecmme/wan/xl/goods/20170523/201705232239402136_listfull.png",
    "title": "十三陵徒步 思陵 昭陵 定陵 康陵 泰陵 茂陵 裕陵 庆陵（1日行程）",
    "money": "70",
    "date": "09/23",
    "city": "北京"
  },
  {
    "url": "http://hd.8264.com/xianlu-165524",
    "img": "http://img.qunawan.com/ecmme/wan/xl/goods/20170523/201705232028109332_listfull.jpg",
    "title": "嘉绒户外 二峰 三峰连登全年计划（9日行程）",
    "money": "4680",
    "date": "09/22",
    "city": "成都"
  },
  {
    "url": "http://hd.8264.com/xianlu-165523",
    "img": "http://img.qunawan.com/ecmme/wan/xl/goods/20170523/201705232013328640_listfull.jpg",
    "title": "嘉绒户外 三峰5355全年攀登计划（4日行程）",
    "money": "1680",
    "date": "09/22",
    "city": "成都"
  },
  {
    "url": "http://hd.8264.com/xianlu-165516",
    "img": "http://img.qunawan.com/ecmme/wan/xl/goods/20170523/201705231748436090_listfull.jpg",
    "title": "呼伦贝尔大草原 额尔古纳 满洲里 北线全景 纯玩自由行（5日行程）",
    "money": "1980",
    "date": "09/22",
    "city": "呼伦"
  },
  {
    "url": "http://hd.8264.com/xianlu-165511",
    "img": "http://img.qunawan.com/ecmme/wan/xl/goods/20170523/201705231741154079_listfull.jpg",
    "title": "普者黑世外桃源深度游（8日行程）",
    "money": "3480",
    "date": "09/23",
    "city": "昆明"
  }
]