[
  {
    "url": "http://hd.8264.com/xianlu-167601",
    "img": "http://img.qunawan.com/ecmme/wan/xl/goods/20170623/201706231521409371_listfull.jpg",
    "title": "探访北回归线以南 昆明 西双版纳（8日行程）",
    "money": "4900",
    "date": "10/07",
    "city": "成都"
  },
  {
    "url": "http://hd.8264.com/xianlu-166982",
    "img": "http://img.qunawan.com/ecmme/wan/xl/goods/20170614/201706141708249117_listfull.jpg",
    "title": "体验一次房车自驾 驰骋一片无际草原（7日行程）",
    "money": "12780",
    "date": "09/22",
    "city": "呼伦"
  },
  {
    "url": "http://hd.8264.com/xianlu-165474",
    "img": "http://img.qunawan.com/ecmme/wan/xl/goods/20170523/201705231302463545_listfull.jpg",
    "title": "连云港 东西连岛 蜘蛛山（3日行程）",
    "money": "249",
    "date": "09/22",
    "city": "上海"
  },
  {
    "url": "http://hd.8264.com/xianlu-165473",
    "img": "http://img.qunawan.com/ecmme/wan/xl/goods/20170523/201705231258483571_listfull.jpg",
    "title": "宁国 黑洞瀑布群 仙人洞（3日行程）",
    "money": "159",
    "date": "09/22",
    "city": "上海"
  },
  {
    "url": "http://hd.8264.com/xianlu-165471",
    "img": "http://img.qunawan.com/ecmme/wan/xl/goods/20170523/201705231252006316_listfull.jpg",
    "title": "德清758米 莫干山古道（1日行程）",
    "money": "99",
    "date": "09/23",
    "city": "上海"
  },
  {
    "url": "http://hd.8264.com/xianlu-165470",
    "img": "http://img.qunawan.com/ecmme/wan/xl/goods/20170523/201705231249168010_listfull.jpg",
    "title": "上虞358米 龙兰古道（1日行程）",
    "money": "99",
    "date": "09/24",
    "city": "上海"
  },
  {
    "url": "http://hd.8264.com/xianlu-165465",
    "img": "http://img.qunawan.com/ecmme/wan/xl/goods/20170523/201705231209315656_listfull.png",
    "title": "北京第二高峰 海陀山 松山 一日徒步 大海陀村上下休闲游（1日行程）",
    "money": "80",
    "date": "09/23",
    "city": "北京"
  },
  {
    "url": "http://hd.8264.com/xianlu-165461",
    "img": "http://img.qunawan.com/ecmme/wan/xl/goods/20170523/201705231140256175_listfull.png",
    "title": "海坨山 西大庄科 销魂坡 松山 穿越（1日行程）",
    "money": "70",
    "date": "09/23",
    "city": "北京"
  },
  {
    "url": "http://hd.8264.com/xianlu-165457",
    "img": "http://img.qunawan.com/ecmme/wan/xl/goods/20170523/201705231106549579_listfull.png",
    "title": "北灵山穿越 塔儿寺 无名一 二 黄草梁 柏峪（1日行程）",
    "money": "80",
    "date": "09/23",
    "city": "北京"
  },
  {
    "url": "http://hd.8264.com/xianlu-165450",
    "img": "http://img.qunawan.com/ecmme/wan/xl/goods/20170523/201705231049545639_listfull.jpg",
    "title": "雪中情户外 童话世界九寨沟 黄龙瑶池 纯玩 摄影天堂（3日行程）",
    "money": "980",
    "date": "09/22",
    "city": "成都"
  },
  {
    "url": "http://hd.8264.com/xianlu-165435",
    "img": "http://img.qunawan.com/ecmme/wan/xl/goods/20170523/201705230746116971_listfull.jpg",
    "title": "呼伦贝尔 大草原穿越全景深度体验（8日行程）",
    "money": "3000",
    "date": "09/22",
    "city": "乌兰"
  },
  {
    "url": "http://hd.8264.com/xianlu-165429",
    "img": "http://img.qunawan.com/ecmme/wan/xl/goods/20170523/201705230008229342_listfull.png",
    "title": "朝圣信仰之地 佛国色达（4日行程）",
    "money": "980",
    "date": "09/22",
    "city": "成都"
  },
  {
    "url": "http://hd.8264.com/xianlu-165424",
    "img": "http://img.qunawan.com/ecmme/wan/xl/goods/20170522/201705222217166470_listfull.jpg",
    "title": "兰州 青海湖 拉卜楞寺 尕海 郎木寺 扎尕那 黄龙 九寨沟（8日行程）",
    "money": "2980",
    "date": "10/14",
    "city": "北京"
  },
  {
    "url": "http://hd.8264.com/xianlu-165417",
    "img": "http://img.qunawan.com/ecmme/wan/xl/goods/20170522/201705221807002261_listfull.jpeg",
    "title": "穿越呼伦贝尔大草原 纯玩自由行 随时停车（6日行程）",
    "money": "2880",
    "date": "09/22",
    "city": "呼伦"
  },
  {
    "url": "http://hd.8264.com/xianlu-165414",
    "img": "http://img.qunawan.com/ecmme/wan/xl/goods/20170522/201705221736211713_listfull.jpeg",
    "title": "高端呼伦贝尔旅游 玩到高兴玩到嗨（6日行程）",
    "money": "2680",
    "date": "09/22",
    "city": "呼伦"
  },
  {
    "url": "http://hd.8264.com/xianlu-165398",
    "img": "http://img.qunawan.com/ecmme/wan/xl/goods/20170522/201705221555494015_listfull.png",
    "title": "花草甸 梦幻五花草甸 童话滦河神韵 赏花浪漫 休闲度假（2日行程）",
    "money": "388",
    "date": "09/23",
    "city": "北京"
  },
  {
    "url": "http://hd.8264.com/xianlu-165396",
    "img": "http://img.qunawan.com/ecmme/wan/xl/goods/20170522/201705221542224867_listfull.png",
    "title": "南太行山 郭亮村 郭亮 万仙山 南坪 黑龙潭瀑布（3日行程）",
    "money": "588",
    "date": "09/22",
    "city": "北京"
  },
  {
    "url": "http://hd.8264.com/xianlu-165394",
    "img": "http://img.qunawan.com/ecmme/wan/xl/goods/20170522/201705221539056144_listfull.jpg",
    "title": "深度摄影 阿坝精华 九寨沟 年宝玉则环线（8日行程）",
    "money": "3580",
    "date": "09/23",
    "city": "成都"
  },
  {
    "url": "http://hd.8264.com/xianlu-165388",
    "img": "http://img.qunawan.com/ecmme/wan/xl/goods/20170522/201705221445121443_listfull.png",
    "title": "白洋淀五岛 大观园赏荷花 泛舟荷花丛林 摆渡赏芦苇荡（2日行程）",
    "money": "338",
    "date": "09/23",
    "city": "北京"
  },
  {
    "url": "http://hd.8264.com/xianlu-165387",
    "img": "http://img.qunawan.com/ecmme/wan/xl/goods/20170522/201705221450074281_listfull.jpg",
    "title": "四姑娘山深度体验游（3日行程）",
    "money": "799",
    "date": "09/22",
    "city": "成都"
  }
]