[
  {
    "url": "http://hd.8264.com/xianlu-165354",
    "img": "http://img.qunawan.com/ecmme/wan/xl/goods/20170522/201705221253476590_listfull.png",
    "title": "东戴河 止锚湾 九门口 瑞洲古塔 望海寺 看大海 吃海鲜（3日行程）",
    "money": "360",
    "date": "09/22",
    "city": "北京"
  },
  {
    "url": "http://hd.8264.com/xianlu-165349",
    "img": "http://img.qunawan.com/ecmme/wan/xl/goods/20170522/201705221208176032_listfull.jpg",
    "title": "成都到四姑娘山色达新都桥拼车自由行（6日行程）",
    "money": "1480",
    "date": "09/28",
    "city": "成都"
  },
  {
    "url": "http://hd.8264.com/xianlu-165334",
    "img": "http://img.qunawan.com/ecmme/wan/xl/goods/20170522/201705221004397331_listfull.jpg",
    "title": "爸爸去哪儿 小小男子汉的成长之路（2日行程）",
    "money": "1580",
    "date": "09/22",
    "city": "中卫"
  },
  {
    "url": "http://hd.8264.com/xianlu-165331",
    "img": "http://img.qunawan.com/ecmme/wan/xl/goods/20170522/201705221329059269_listfull.png",
    "title": "用脚步丈量沙漠 两天一夜骆驼 徒步 露营套餐（2日行程）",
    "money": "980",
    "date": "09/22",
    "city": "中卫"
  },
  {
    "url": "http://hd.8264.com/xianlu-165322",
    "img": "http://img.qunawan.com/ecmme/wan/xl/goods/20170522/201705220843391839_listfull.png",
    "title": "行摄 66号公路 草原天路 塞北梯田 休闲摄影（1日行程）",
    "money": "180",
    "date": "09/23",
    "city": "北京"
  },
  {
    "url": "http://hd.8264.com/xianlu-165319",
    "img": "http://img.qunawan.com/ecmme/wan/xl/goods/20170522/201705220717558419_listfull.png",
    "title": "全胜峡 北方喀斯特 清凉峡谷 三胜泉 龙门爽（1日行程）",
    "money": "90",
    "date": "09/23",
    "city": "北京"
  },
  {
    "url": "http://hd.8264.com/xianlu-165317",
    "img": "http://img.qunawan.com/ecmme/wan/xl/goods/20170522/201705220618219355_listfull.png",
    "title": "云中草原 仙柜山 黄龙山庄 空中草甸 绝美行摄 休闲游（1日行程）",
    "money": "88",
    "date": "09/23",
    "city": "北京"
  },
  {
    "url": "http://hd.8264.com/xianlu-165316",
    "img": "http://img.qunawan.com/ecmme/wan/xl/goods/20170522/201705220612485307_listfull.png",
    "title": "神泉峡 百亩园 红石谷 熔岩台 骆驼崖 仙人崖 仙潭 北大湖（1日行程）",
    "money": "68",
    "date": "09/23",
    "city": "北京"
  },
  {
    "url": "http://hd.8264.com/xianlu-165309",
    "img": "http://img.qunawan.com/ecmme/wan/xl/goods/20170707/201707071035444638_listfull.jpg",
    "title": "南澳潜水 带您走入神秘的海底世界快艇出海（1日行程）",
    "money": "299",
    "date": "09/22",
    "city": "深圳"
  },
  {
    "url": "http://hd.8264.com/xianlu-165304",
    "img": "http://img.qunawan.com/ecmme/wan/xl/goods/20170521/201705211345294611_listfull.jpg",
    "title": "徒步世外桃源 雨崩 7日（7日行程）",
    "money": "2180",
    "date": "09/22",
    "city": "丽江"
  },
  {
    "url": "http://hd.8264.com/xianlu-165301",
    "img": "http://img.qunawan.com/ecmme/wan/xl/goods/20170521/201705211214461972_listfull.png",
    "title": "十三陵徒步 思陵 昭陵 定陵 康陵 泰陵 茂陵 裕陵 庆陵（1日行程）",
    "money": "70",
    "date": "09/23",
    "city": "北京"
  },
  {
    "url": "http://hd.8264.com/xianlu-165298",
    "img": "http://img.qunawan.com/ecmme/wan/xl/goods/20170521/201705211141424880_listfull.png",
    "title": "海坨山 松山 一日徒步 大海陀村上下休闲游（1日行程）",
    "money": "80",
    "date": "09/23",
    "city": "北京"
  },
  {
    "url": "http://hd.8264.com/xianlu-165296",
    "img": "http://img.qunawan.com/ecmme/wan/xl/goods/20170521/201705211057339435_listfull.png",
    "title": "北灵山一日穿越 塔儿寺 无名一 二 实心楼 黄草梁 柏峪（1日行程）",
    "money": "80",
    "date": "09/23",
    "city": "北京"
  },
  {
    "url": "http://hd.8264.com/xianlu-165291",
    "img": "http://img.qunawan.com/ecmme/wan/xl/goods/20170521/201705210825375998_listfull.jpg",
    "title": "扎尕那石林户外2017年徒步穿越活动之E线迭山探险（4日行程）",
    "money": "588",
    "date": "10/01",
    "city": "甘南"
  },
  {
    "url": "http://hd.8264.com/xianlu-165288",
    "img": "http://img.qunawan.com/ecmme/wan/xl/goods/20170520/201705202142556855_listfull.jpg",
    "title": "呼伦贝尔草原亲子游（6日行程）",
    "money": "1980",
    "date": "09/22",
    "city": "呼伦"
  },
  {
    "url": "http://hd.8264.com/xianlu-165420",
    "img": "http://img.qunawan.com/ecmme/wan/xl/goods/20170523/201705230940351683_listfull.png",
    "title": "安徽家朋 夏日飞瀑溯溪嬉水狂欢 峡谷漂流勇者激情（3日行程）",
    "money": "280",
    "date": "09/22",
    "city": "宣城"
  },
  {
    "url": "http://hd.8264.com/xianlu-165260",
    "img": "http://img.qunawan.com/ecmme/wan/xl/goods/20170520/201705201148557900_listfull.jpg",
    "title": "呼伦贝尔大草原 民俗 美食 驯鹿 骑马 访牧户6天5晚休闲游（6日行程）",
    "money": "2080",
    "date": "09/22",
    "city": "呼伦"
  },
  {
    "url": "http://hd.8264.com/xianlu-165250",
    "img": "http://img.qunawan.com/ecmme/wan/xl/goods/20170520/201705201029208671_listfull.jpg",
    "title": "敦煌葛老大沙漠之舟 骆驼骑乘 沙漠露营 烧烤大套餐 成人（1日行程）",
    "money": "480",
    "date": "09/22",
    "city": "酒泉"
  },
  {
    "url": "http://hd.8264.com/xianlu-165248",
    "img": "http://img.qunawan.com/ecmme/wan/xl/goods/20170520/201705201005064265_listfull.jpg",
    "title": "2017年川藏 稻城亚丁 珠峰 青藏大环线探秘之旅（19日行程）",
    "money": "6680",
    "date": "09/23",
    "city": "成都"
  },
  {
    "url": "http://hd.8264.com/xianlu-165246",
    "img": "http://img.qunawan.com/ecmme/wan/xl/goods/20170520/201705201012349861_listfull.png",
    "title": "敦煌葛老大 沙漠露营 小套餐 含沙滩摩托车 成人（1日行程）",
    "money": "280",
    "date": "09/22",
    "city": "酒泉"
  }
]