[
  {
    "url": "http://hd.8264.com/xianlu-165243",
    "img": "http://img.qunawan.com/ecmme/wan/xl/goods/20170520/201705200947455434_listfull.jpg",
    "title": "漠葛户外 徒步 重走丝绸古道（6日行程）",
    "money": "10500",
    "date": "10/20",
    "city": "酒泉"
  },
  {
    "url": "http://hd.8264.com/xianlu-165222",
    "img": "http://img.qunawan.com/ecmme/wan/xl/goods/20170519/201705191606535087_listfull.jpg",
    "title": "色达四姑娘山 拼车 越野 商务 探寻心中的色达 朝圣之路（4日行程）",
    "money": "1480",
    "date": "09/25",
    "city": "成都"
  },
  {
    "url": "http://hd.8264.com/xianlu-165212",
    "img": "http://img.qunawan.com/ecmme/wan/xl/goods/20170519/201705191437475183_listfull.jpg",
    "title": "西藏旅游拉萨布达拉宫大昭寺 文成公主演出自行发团品质纯玩（1日行程）",
    "money": "1188",
    "date": "09/22",
    "city": "拉萨"
  },
  {
    "url": "http://hd.8264.com/xianlu-165211",
    "img": "http://img.qunawan.com/ecmme/wan/xl/goods/20170519/201705191435043642_listfull.jpg",
    "title": "D 踏寻异国风情 呼伦贝尔草原 俄罗斯出境活动（7日行程）",
    "money": "3180",
    "date": "09/22",
    "city": "呼伦"
  },
  {
    "url": "http://hd.8264.com/xianlu-165201",
    "img": "http://img.qunawan.com/ecmme/wan/xl/goods/20170519/201705191335175802_listfull.jpg",
    "title": "西藏旅游拉萨布达拉宫大昭寺八角街驻藏大臣衙门市内精品游（1日行程）",
    "money": "900",
    "date": "09/22",
    "city": "拉萨"
  },
  {
    "url": "http://hd.8264.com/xianlu-165197",
    "img": "http://img.qunawan.com/ecmme/wan/xl/goods/20170519/201705191157383821_listfull.jpg",
    "title": "西藏跟团游那曲圣湖纳木错 环湖 品质纯玩含门票 车费（1日行程）",
    "money": "288",
    "date": "09/22",
    "city": "拉萨"
  },
  {
    "url": "http://hd.8264.com/xianlu-165165",
    "img": "http://img.qunawan.com/ecmme/wan/xl/goods/20170519/201705191003039058_listfull.jpeg",
    "title": "草原婚纱照 轻奢蜜月 醉美边境线 恩和（5日行程）",
    "money": "2599",
    "date": "09/22",
    "city": "呼伦"
  },
  {
    "url": "http://hd.8264.com/xianlu-165146",
    "img": "http://img.qunawan.com/ecmme/wan/xl/goods/20170519/201705190901551427_listfull.jpeg",
    "title": "长白山夏令营 亲子活动体验 独家森林基营地（1日行程）",
    "money": "188",
    "date": "09/22",
    "city": "白山"
  },
  {
    "url": "http://hd.8264.com/xianlu-165138",
    "img": "http://img.qunawan.com/ecmme/wan/xl/goods/20170809/201708091622523457_listfull.jpg",
    "title": "独家线路 丙中洛 丙察察进藏 终极越野（10日行程）",
    "money": "4600",
    "date": "09/28",
    "city": "大理"
  },
  {
    "url": "http://hd.8264.com/xianlu-165135",
    "img": "http://img.qunawan.com/ecmme/wan/xl/goods/20170518/201705181920228563_listfull.jpg",
    "title": "狮子岛露营 沙滩玩耍 穿越醉美原始海岸线 捡贝壳（2日行程）",
    "money": "239",
    "date": "09/23",
    "city": "广州"
  },
  {
    "url": "http://hd.8264.com/xianlu-165125",
    "img": "http://img.qunawan.com/ecmme/wan/xl/goods/20170518/201705181622282301_listfull.jpg",
    "title": "组团去拉萨拍下最美的你（10日行程）",
    "money": "1800",
    "date": "09/22",
    "city": "西宁"
  },
  {
    "url": "http://hd.8264.com/xianlu-165121",
    "img": "http://img.qunawan.com/ecmme/wan/xl/goods/20170518/201705181543028174_listfull.jpg",
    "title": "乌兰布统将军泡子 蛤蟆坝 小河头公主湖 避暑的天堂（3日行程）",
    "money": "360",
    "date": "09/23",
    "city": "北京"
  },
  {
    "url": "http://hd.8264.com/xianlu-165118",
    "img": "http://img.qunawan.com/ecmme/wan/xl/goods/20170518/201705181528551158_listfull.jpg",
    "title": "A 穿越草原腹地 纵马驰骋草原活动（6日行程）",
    "money": "2480",
    "date": "09/22",
    "city": "呼伦"
  },
  {
    "url": "http://hd.8264.com/xianlu-165114",
    "img": "http://img.qunawan.com/ecmme/wan/xl/goods/20170518/201705181513577043_listfull.jpg",
    "title": "嘉绒户外 二峰5276全年攀登计划（4日行程）",
    "money": "1580",
    "date": "09/22",
    "city": "成都"
  },
  {
    "url": "http://hd.8264.com/xianlu-165109",
    "img": "http://img.qunawan.com/ecmme/wan/xl/goods/20170518/201705181457223426_listfull.png",
    "title": "徒步 四姑娘山长坪沟 二峰登山 户外纯玩团（6日行程）",
    "money": "2480",
    "date": "09/30",
    "city": "成都"
  },
  {
    "url": "http://hd.8264.com/xianlu-165108",
    "img": "http://img.qunawan.com/ecmme/wan/xl/goods/20170518/201705181506265701_listfull.jpg",
    "title": "嘉绒户外 大峰5205全年攀登计划（4日行程）",
    "money": "1480",
    "date": "09/22",
    "city": "成都"
  },
  {
    "url": "http://hd.8264.com/xianlu-165104",
    "img": "http://img.qunawan.com/ecmme/wan/xl/goods/20170518/201705181430525824_listfull.jpg",
    "title": "古北水镇多日游 古北水镇 雾灵湖 云岫谷 遥桥古堡 司马台（2日行程）",
    "money": "299",
    "date": "09/23",
    "city": "朝阳"
  },
  {
    "url": "http://hd.8264.com/xianlu-165103",
    "img": "http://img.qunawan.com/ecmme/wan/xl/goods/20170518/201705181433385210_listfull.jpg",
    "title": "四姑娘山稻城亚丁深度游（8日行程）",
    "money": "2680",
    "date": "09/30",
    "city": "成都"
  },
  {
    "url": "http://hd.8264.com/xianlu-165089",
    "img": "http://img.qunawan.com/ecmme/wan/xl/goods/20170518/201705181200021631_listfull.jpg",
    "title": "520一起去孟屯河谷看星星吧（2日行程）",
    "money": "299",
    "date": "09/23",
    "city": "成都"
  },
  {
    "url": "http://hd.8264.com/xianlu-165601",
    "img": "http://img.qunawan.com/ecmme/wan/xl/goods/20170524/201705241822139370_listfull.jpg",
    "title": "泸沽湖 全景环湖 摩梭家访 猪槽船游湖 篝火晚会（2日行程）",
    "money": "690",
    "date": "09/22",
    "city": "丽江"
  }
]