[
  {
    "url": "http://hd.8264.com/xianlu-165066",
    "img": "http://img.qunawan.com/ecmme/wan/xl/goods/20170518/201705181021005920_listfull.png",
    "title": "徒步 蜀山之王贡嘎西南坡徒步穿越经典游（6日行程）",
    "money": "2280",
    "date": "09/23",
    "city": "成都"
  },
  {
    "url": "http://hd.8264.com/xianlu-165046",
    "img": "http://img.qunawan.com/ecmme/wan/xl/goods/20170517/201705171854301671_listfull.jpg",
    "title": "登恩平牛塘山草原 高山草甸 探云礼石头村 百年古村（1日行程）",
    "money": "125",
    "date": "10/01",
    "city": "广州"
  },
  {
    "url": "http://hd.8264.com/xianlu-165011",
    "img": "http://img.qunawan.com/ecmme/wan/xl/goods/20170517/201705171759234426_listfull.jpg",
    "title": "从你全世界路过 稻城亚丁 海螺沟 新都桥（7日行程）",
    "money": "2780",
    "date": "09/29",
    "city": "成都"
  },
  {
    "url": "http://hd.8264.com/xianlu-164995",
    "img": "http://img.qunawan.com/ecmme/wan/xl/goods/20170517/201705171602029175_listfull.png",
    "title": "徒步 冰峰山地贡嘎全线徒步（8日行程）",
    "money": "2880",
    "date": "09/23",
    "city": "成都"
  },
  {
    "url": "http://hd.8264.com/xianlu-164988",
    "img": "http://img.qunawan.com/ecmme/wan/xl/goods/20170517/201705171541156070_listfull.jpg",
    "title": "冶勒湖 休闲周末游 冕宁冶勒湖 高山草甸孟获城（2日行程）",
    "money": "360",
    "date": "09/23",
    "city": "成都"
  },
  {
    "url": "http://hd.8264.com/xianlu-164985",
    "img": "http://img.qunawan.com/ecmme/wan/xl/goods/20170517/201705171322453839_listfull.png",
    "title": "与陈老驴一起纯玩川藏线送羊湖 探寻神秘青海（18日行程）",
    "money": "3600",
    "date": "09/23",
    "city": "成都"
  },
  {
    "url": "http://hd.8264.com/xianlu-170480",
    "img": "http://img.qunawan.com/ecmme/wan/xl/goods/20170817/201708171628475027_listfull.jpg",
    "title": "丝绸之路环线 青海湖 茶卡盐湖 敦煌莫高窟 鸣沙山月牙泉（8日行程）",
    "money": "3980",
    "date": "09/23",
    "city": "兰州"
  },
  {
    "url": "http://hd.8264.com/xianlu-164950",
    "img": "http://img.qunawan.com/ecmme/wan/xl/goods/20170517/201705170949483278_listfull.jpg",
    "title": "漠河 北红村 北极村原生态找北自由行包车（3日行程）",
    "money": "680",
    "date": "09/22",
    "city": "大兴"
  },
  {
    "url": "http://hd.8264.com/xianlu-164930",
    "img": "http://img.qunawan.com/ecmme/wan/xl/goods/20170516/201705161840386117_listfull.jpg",
    "title": "七彩云南D线 徒步者天堂之雨崩村 寻找香巴拉 朝圣梅里雪山（7日行程）",
    "money": "1980",
    "date": "09/25",
    "city": "丽江"
  },
  {
    "url": "http://hd.8264.com/xianlu-164927",
    "img": "http://img.qunawan.com/ecmme/wan/xl/goods/20170516/201705161821068241_listfull.jpg",
    "title": "七彩云南C线 柔情丽江 泸沽湖 香格里拉 普达措国家公园（5日行程）",
    "money": "1980",
    "date": "09/23",
    "city": "丽江"
  },
  {
    "url": "http://hd.8264.com/xianlu-171579",
    "img": "http://img.qunawan.com/ecmme/wan/xl/goods/20170906/201709061522044405_listfull.jpg",
    "title": "国庆深秋九色甘南 拉卜楞寺 扎尕那 郎木寺 花湖 九曲 年保（7日行程）",
    "money": "2680",
    "date": "09/23",
    "city": "兰州"
  },
  {
    "url": "http://hd.8264.com/xianlu-164917",
    "img": "http://img.qunawan.com/ecmme/wan/xl/goods/20170516/201705161659228491_listfull.jpg",
    "title": "七彩云南B线 大理古城 玉龙雪山 崇圣寺三塔 洱海 双廊（6日行程）",
    "money": "2380",
    "date": "09/23",
    "city": "丽江"
  },
  {
    "url": "http://hd.8264.com/xianlu-165124",
    "img": "http://img.qunawan.com/ecmme/wan/xl/goods/20170518/201705181614432169_listfull.jpg",
    "title": "孟屯河谷 去往梦开始的地方 徒步露营休闲周末游（2日行程）",
    "money": "320",
    "date": "09/23",
    "city": "成都"
  },
  {
    "url": "http://hd.8264.com/xianlu-164910",
    "img": "http://img.qunawan.com/ecmme/wan/xl/goods/20170516/201705161628331019_listfull.jpg",
    "title": "四姑娘山大峰 挑战你人生中第一座5000米级雪山（3日行程）",
    "money": "1280",
    "date": "09/22",
    "city": "成都"
  },
  {
    "url": "http://hd.8264.com/xianlu-164889",
    "img": "http://img.qunawan.com/ecmme/wan/xl/goods/20170516/201705161433219861_listfull.jpg",
    "title": "黄龙山庄 云中草原 绝美花海 清凉盛夏 北京最近的草原（1日行程）",
    "money": "154",
    "date": "09/23",
    "city": "张家"
  },
  {
    "url": "http://hd.8264.com/xianlu-164883",
    "img": "http://img.qunawan.com/ecmme/wan/xl/goods/20170516/201705161356025339_listfull.png",
    "title": "徒步 蜀山之王贡嘎西南坡徒步穿越经典（6日行程）",
    "money": "2280",
    "date": "09/23",
    "city": "成都"
  },
  {
    "url": "http://hd.8264.com/xianlu-164869",
    "img": "http://img.qunawan.com/ecmme/wan/xl/goods/20170516/201705161306054938_listfull.jpg",
    "title": "北京周边 河北阜平登矿山寻宝石 红蓝宝石采集之旅（2日行程）",
    "money": "980",
    "date": "09/22",
    "city": "海淀"
  },
  {
    "url": "http://hd.8264.com/xianlu-164846",
    "img": "http://img.qunawan.com/ecmme/wan/xl/goods/20170516/201705161120287837_listfull.jpg",
    "title": "端午节 九寨沟 黄龙 若尔盖 花湖湿地 年保玉则行摄（8日行程）",
    "money": "2980",
    "date": "09/23",
    "city": "成都"
  },
  {
    "url": "http://hd.8264.com/xianlu-164842",
    "img": "http://img.qunawan.com/ecmme/wan/xl/goods/20170516/201705161113402269_listfull.jpg",
    "title": "端午节 探访苦修密地 走进佛国世界色达 亚青寺 甘孜之旅（8日行程）",
    "money": "3280",
    "date": "10/01",
    "city": "成都"
  },
  {
    "url": "http://hd.8264.com/xianlu-164830",
    "img": "http://img.qunawan.com/ecmme/wan/xl/goods/20170516/201705161003143535_listfull.jpg",
    "title": "端午节 四川最高峰 蜀山之王贡嘎大环线穿越（8日行程）",
    "money": "2880",
    "date": "09/23",
    "city": "成都"
  }
]