[
  {
    "url": "http://hd.8264.com/xianlu-164811",
    "img": "http://img.qunawan.com/ecmme/wan/xl/goods/20170515/201705152209223499_listfull.jpg",
    "title": "攀登四姑娘山二峰 经典徒步 长坪沟穿越毕棚沟（6日行程）",
    "money": "3000",
    "date": "09/23",
    "city": "成都"
  },
  {
    "url": "http://hd.8264.com/xianlu-169050",
    "img": "http://img.qunawan.com/ecmme/wan/xl/goods/20170714/201707141203439368_listfull.jpg",
    "title": "醉美怒江 随我们探秘独龙江 穿越大峡谷 无购物纯玩游（7日行程）",
    "money": "2480",
    "date": "09/23",
    "city": "丽江"
  },
  {
    "url": "http://hd.8264.com/xianlu-164799",
    "img": "http://img.qunawan.com/ecmme/wan/xl/goods/20170515/201705151841538314_listfull.jpg",
    "title": "雪山初登 四姑娘二峰登山（6日行程）",
    "money": "2480",
    "date": "09/30",
    "city": "成都"
  },
  {
    "url": "http://hd.8264.com/xianlu-164798",
    "img": "http://img.qunawan.com/ecmme/wan/xl/goods/20170515/201705151843499022_listfull.jpg",
    "title": "漠河北极村北红村 户外自由行（3日行程）",
    "money": "680",
    "date": "09/22",
    "city": "漠河"
  },
  {
    "url": "http://hd.8264.com/xianlu-164795",
    "img": "http://img.qunawan.com/ecmme/wan/xl/goods/20170515/201705151837021761_listfull.jpg",
    "title": "中国十大徒步线路 四姑娘山长坪沟毕棚沟穿越（6日行程）",
    "money": "2480",
    "date": "09/30",
    "city": "成都"
  },
  {
    "url": "http://hd.8264.com/xianlu-164792",
    "img": "http://img.qunawan.com/ecmme/wan/xl/goods/20170515/201705151833532054_listfull.jpg",
    "title": "毗邻黄龙的极致美景七藏沟徒步（7日行程）",
    "money": "2680",
    "date": "09/30",
    "city": "成都"
  },
  {
    "url": "http://hd.8264.com/xianlu-164783",
    "img": "http://img.qunawan.com/ecmme/wan/xl/goods/20170515/201705151812187086_listfull.jpg",
    "title": "冰封山地 贡嘎神山全线穿越（8日行程）",
    "money": "2880",
    "date": "09/23",
    "city": "成都"
  },
  {
    "url": "http://hd.8264.com/xianlu-164781",
    "img": "http://img.qunawan.com/ecmme/wan/xl/goods/20170515/201705151808142939_listfull.jpg",
    "title": "木雅朝圣 体验式徒步 贡嘎西南坡穿越（6日行程）",
    "money": "2280",
    "date": "09/30",
    "city": "成都"
  },
  {
    "url": "http://hd.8264.com/xianlu-164768",
    "img": "http://img.qunawan.com/ecmme/wan/xl/goods/20170515/201705151735598593_listfull.png",
    "title": "天界之渡 四姑娘山稻城亚丁川藏南线深度游（11日行程）",
    "money": "5800",
    "date": "09/28",
    "city": "成都"
  },
  {
    "url": "http://hd.8264.com/xianlu-164767",
    "img": "http://img.qunawan.com/ecmme/wan/xl/goods/20170515/201705151725415273_listfull.jpg",
    "title": "深度摄影 海螺沟 稻城亚丁 双桥沟 藏居体验（9日行程）",
    "money": "3280",
    "date": "09/22",
    "city": "成都"
  },
  {
    "url": "http://hd.8264.com/xianlu-164765",
    "img": "http://img.qunawan.com/ecmme/wan/xl/goods/20170515/201705151722143300_listfull.jpg",
    "title": "蜀山传奇 四姑娘山丹巴新都桥贡嘎山伍须海摄影深度游（8日行程）",
    "money": "2780",
    "date": "09/23",
    "city": "成都"
  },
  {
    "url": "http://hd.8264.com/xianlu-164762",
    "img": "http://img.qunawan.com/ecmme/wan/xl/goods/20170515/201705151723589399_listfull.jpg",
    "title": "昆明 大理 丽江 泸沽湖恬静之旅（7日行程）",
    "money": "2880",
    "date": "09/23",
    "city": "昆明"
  },
  {
    "url": "http://hd.8264.com/xianlu-164745",
    "img": "http://img.qunawan.com/ecmme/wan/xl/goods/20170515/201705151624527967_listfull.jpg",
    "title": "党岭穿越丹巴藏寨党岭葫芦海 道孚秘境徒步穿越（7日行程）",
    "money": "3180",
    "date": "10/01",
    "city": "成都"
  },
  {
    "url": "http://hd.8264.com/xianlu-164753",
    "img": "http://img.qunawan.com/ecmme/wan/xl/goods/20170515/201705151635367853_listfull.jpg",
    "title": "九顶山 高山花海 杜鹃海子 云海日出 露营徒步（2日行程）",
    "money": "380",
    "date": "09/23",
    "city": "成都"
  },
  {
    "url": "http://hd.8264.com/xianlu-164733",
    "img": "http://img.qunawan.com/ecmme/wan/xl/goods/20170515/201705151542504321_listfull.jpg",
    "title": "一路向北 高端经典漠河黑龙江边境生态游（3日行程）",
    "money": "680",
    "date": "09/22",
    "city": "大兴"
  },
  {
    "url": "http://hd.8264.com/xianlu-164726",
    "img": "http://img.qunawan.com/ecmme/wan/xl/goods/20170515/201705151512014209_listfull.jpg",
    "title": "西藏秘境 山南深度穿越之旅（6日行程）",
    "money": "4980",
    "date": "10/01",
    "city": "拉萨"
  },
  {
    "url": "http://hd.8264.com/xianlu-164723",
    "img": "http://img.qunawan.com/ecmme/wan/xl/goods/20170515/201705151440045704_listfull.jpg",
    "title": "徒步 世外秘境 华尖山 不容拒绝的美丽（3日行程）",
    "money": "580",
    "date": "09/22",
    "city": "成都"
  },
  {
    "url": "http://hd.8264.com/xianlu-164717",
    "img": "http://img.qunawan.com/ecmme/wan/xl/goods/20170515/201705151331209954_listfull.jpg",
    "title": "2017 中国十大经典徒步线路之一四姑娘山长坪沟穿越毕棚沟（6日行程）",
    "money": "2480",
    "date": "09/30",
    "city": "成都"
  },
  {
    "url": "http://hd.8264.com/xianlu-164680",
    "img": "http://img.qunawan.com/ecmme/wan/xl/goods/20170514/201705141942365194_listfull.png",
    "title": "点燃夏日的荷尔蒙 纪龙山速降 探洞寻宝之旅（2日行程）",
    "money": "520",
    "date": "09/23",
    "city": "上海"
  },
  {
    "url": "http://hd.8264.com/xianlu-164728",
    "img": "http://img.qunawan.com/ecmme/wan/xl/goods/20170515/201705151523066516_listfull.jpg",
    "title": "9月徒步墨脱 探寻心中的莲花圣地（8日行程）",
    "money": "5200",
    "date": "09/23",
    "city": "拉萨"
  }
]