[
  {
    "url": "http://hd.8264.com/xianlu-164665",
    "img": "http://img.qunawan.com/ecmme/wan/xl/goods/20170513/201705132159481108_listfull.jpg",
    "title": "魅力阿拉善腾格里沙漠激情徒步穿越行程（2日行程）",
    "money": "1120",
    "date": "09/22",
    "city": "中卫"
  },
  {
    "url": "http://hd.8264.com/xianlu-164663",
    "img": "http://img.qunawan.com/ecmme/wan/xl/goods/20170513/201705132010119935_listfull.jpg",
    "title": "呼伦贝尔 令你陶醉的地方（4日行程）",
    "money": "1800",
    "date": "09/22",
    "city": "乌兰"
  },
  {
    "url": "http://hd.8264.com/xianlu-164657",
    "img": "http://img.qunawan.com/ecmme/wan/xl/goods/20170513/201705131717421763_listfull.jpg",
    "title": "丝绸之路 张掖丹霞 莫高窟 鸣沙山月牙泉 青海湖 雅丹魔鬼城（9日行程）",
    "money": "2980",
    "date": "09/23",
    "city": "兰州"
  },
  {
    "url": "http://hd.8264.com/xianlu-164652",
    "img": "http://img.qunawan.com/ecmme/wan/xl/goods/20170513/201705131628402579_listfull.jpg",
    "title": "稻亚经典 海螺沟 新都桥 稻城亚深度旅行（8日行程）",
    "money": "2980",
    "date": "09/22",
    "city": "成都"
  },
  {
    "url": "http://hd.8264.com/xianlu-164647",
    "img": "http://img.qunawan.com/ecmme/wan/xl/goods/20170513/201705131620061383_listfull.jpg",
    "title": "被人遗忘的老318线 二郎山红岩顶 日出 云海 雪山 星空（2日行程）",
    "money": "360",
    "date": "09/23",
    "city": "成都"
  },
  {
    "url": "http://hd.8264.com/xianlu-164646",
    "img": "http://img.qunawan.com/ecmme/wan/xl/goods/20170513/201705131619049333_listfull.jpg",
    "title": "九寨环线 黄龙 毕棚沟 九曲日落 若尔盖花湖舒适慢旅（7日行程）",
    "money": "3180",
    "date": "09/23",
    "city": "成都"
  },
  {
    "url": "http://hd.8264.com/xianlu-164641",
    "img": "http://img.qunawan.com/ecmme/wan/xl/goods/20170513/201705131516067686_listfull.jpeg",
    "title": "世界之巅 探访尼泊尔EBC 世界顶级徒步圆梦之旅（14日行程）",
    "money": "8500",
    "date": "10/01",
    "city": "加德"
  },
  {
    "url": "http://hd.8264.com/xianlu-164635",
    "img": "http://img.qunawan.com/ecmme/wan/xl/goods/20170513/201705131327416493_listfull.jpg",
    "title": "重庆 武隆天坑三硚 仙女山 地缝行摄（3日行程）",
    "money": "838",
    "date": "09/22",
    "city": "成都"
  },
  {
    "url": "http://hd.8264.com/xianlu-164633",
    "img": "http://img.qunawan.com/ecmme/wan/xl/goods/20170513/201705131319013019_listfull.jpg",
    "title": "九寨沟 黄龙 熊猫乐园行摄（3日行程）",
    "money": "998",
    "date": "09/22",
    "city": "成都"
  },
  {
    "url": "http://hd.8264.com/xianlu-164632",
    "img": "http://img.qunawan.com/ecmme/wan/xl/goods/20170513/201705131311455149_listfull.png",
    "title": "心怀虔诚 便是朝圣 探秘世界最大佛学院（4日行程）",
    "money": "668",
    "date": "09/22",
    "city": "成都"
  },
  {
    "url": "http://hd.8264.com/xianlu-164628",
    "img": "http://img.qunawan.com/ecmme/wan/xl/goods/20170513/201705131237323461_listfull.jpg",
    "title": "雪山初登 四姑娘山二峰攀登及长坪沟徒步（6日行程）",
    "money": "2480",
    "date": "09/30",
    "city": "成都"
  },
  {
    "url": "http://hd.8264.com/xianlu-164626",
    "img": "http://img.qunawan.com/ecmme/wan/xl/goods/20170513/201705131227568960_listfull.jpg",
    "title": "天界之渡 四姑娘山 稻城亚丁 林芝 拉萨 318川藏南线（11日行程）",
    "money": "6200",
    "date": "09/28",
    "city": "成都"
  },
  {
    "url": "http://hd.8264.com/xianlu-164622",
    "img": "http://img.qunawan.com/ecmme/wan/xl/goods/20170513/201705131201197971_listfull.jpg",
    "title": "木格措 燕子沟行摄（3日行程）",
    "money": "668",
    "date": "09/22",
    "city": "成都"
  },
  {
    "url": "http://hd.8264.com/xianlu-164620",
    "img": "http://img.qunawan.com/ecmme/wan/xl/goods/20170513/201705131150376965_listfull.jpg",
    "title": "海螺沟 燕子沟行摄（3日行程）",
    "money": "618",
    "date": "09/22",
    "city": "成都"
  },
  {
    "url": "http://hd.8264.com/xianlu-164615",
    "img": "http://img.qunawan.com/ecmme/wan/xl/goods/20170513/201705131127595042_listfull.jpg",
    "title": "泸沽湖 西昌 泸山 邛海行摄（4日行程）",
    "money": "618",
    "date": "09/22",
    "city": "成都"
  },
  {
    "url": "http://hd.8264.com/xianlu-164614",
    "img": "http://img.qunawan.com/ecmme/wan/xl/goods/20170513/201705131120365074_listfull.jpg",
    "title": "都江堰青城山行摄（1日行程）",
    "money": "258",
    "date": "09/22",
    "city": "成都"
  },
  {
    "url": "http://hd.8264.com/xianlu-164606",
    "img": "http://img.qunawan.com/ecmme/wan/xl/goods/20170512/201705122247423385_listfull.jpg",
    "title": "四川西部穿越藏地之旅（13日行程）",
    "money": "3575",
    "date": "09/22",
    "city": "成都"
  },
  {
    "url": "http://hd.8264.com/xianlu-164605",
    "img": "http://img.qunawan.com/ecmme/wan/xl/goods/20170512/201705121840572797_listfull.jpg",
    "title": "穿越呼伦贝尔 策马扬鞭大草原 边境寻密 亲子玩乐（5日行程）",
    "money": "1800",
    "date": "09/22",
    "city": "呼伦"
  },
  {
    "url": "http://hd.8264.com/xianlu-164602",
    "img": "http://img.qunawan.com/ecmme/wan/xl/goods/20170512/201705122007282968_listfull.jpg",
    "title": "川进青出自驾游 这样走才完美（15日行程）",
    "money": "5480",
    "date": "09/22",
    "city": "成都"
  },
  {
    "url": "http://hd.8264.com/xianlu-164579",
    "img": "http://img.qunawan.com/ecmme/wan/xl/goods/20170512/201705121636223896_listfull.jpg",
    "title": "达瓦更扎 云上的世界 云海的天堂 每周出发达瓦更扎徒步（2日行程）",
    "money": "360",
    "date": "09/23",
    "city": "成都"
  }
]