[
  {
    "url": "http://hd.8264.com/xianlu-163718",
    "img": "http://img.qunawan.com/ecmme/wan/xl/goods/20170504/201705042039205336_listfull.jpg",
    "title": "哈巴雪山登顶 初级云端之路首选（4日行程）",
    "money": "3280",
    "date": "09/22",
    "city": "丽江"
  },
  {
    "url": "http://hd.8264.com/xianlu-169106",
    "img": "http://img.qunawan.com/ecmme/wan/xl/goods/20170717/201707171032542507_listfull.jpg",
    "title": "圆梦西藏 布达拉宫大峡谷羊湖（8日行程）",
    "money": "3980",
    "date": "09/30",
    "city": "安庆"
  },
  {
    "url": "http://hd.8264.com/xianlu-162633",
    "img": "http://img.qunawan.com/ecmme/wan/xl/goods/20170419/201704191012435227_listfull.jpg",
    "title": "朝圣之旅 稻城亚丁 色达自驾（7日行程）",
    "money": "2800",
    "date": "09/22",
    "city": "成都"
  },
  {
    "url": "http://hd.8264.com/xianlu-162554",
    "img": "http://img.qunawan.com/ecmme/wan/xl/goods/20170418/201704181533537401_listfull.jpg",
    "title": "秘境七藏沟穿越徒步（6日行程）",
    "money": "2680",
    "date": "09/22",
    "city": "成都"
  },
  {
    "url": "http://hd.8264.com/xianlu-160488",
    "img": "http://img.qunawan.com/ecmme/wan/xl/goods/20170320/201703201624163509_listfull.jpg",
    "title": "海螺沟冰川 秘境稻城亚丁 丹巴碉楼藏寨 四姑娘山环线深度旅行（9日行程）",
    "money": "2780",
    "date": "09/23",
    "city": "成都"
  },
  {
    "url": "http://hd.8264.com/xianlu-160008",
    "img": "http://img.qunawan.com/ecmme/wan/xl/goods/20170314/201703141508312517_listfull.jpg",
    "title": "国庆深秋 四姑娘山长坪沟徒步 二峰攀登 挑战极限（5日行程）",
    "money": "2480",
    "date": "09/30",
    "city": "成都"
  },
  {
    "url": "http://hd.8264.com/xianlu-159898",
    "img": "http://img.qunawan.com/ecmme/wan/xl/goods/20170519/201705191013341860_listfull.jpg",
    "title": "四姑娘山二峰 攀登你人生的第一座5000米雪山从这里开始（6日行程）",
    "money": "2480",
    "date": "09/30",
    "city": "成都"
  },
  {
    "url": "http://hd.8264.com/xianlu-159011",
    "img": "http://img.qunawan.com/ecmme/wan/xl/goods/20170301/201703011532131184_listfull.jpg",
    "title": "仙居（3日行程）",
    "money": "159",
    "date": "09/22",
    "city": "上海"
  },
  {
    "url": "http://hd.8264.com/xianlu-156935",
    "img": "http://img.qunawan.com/ecmme/wan/xl/goods/20170825/201708251813427618_listfull.png",
    "title": "醉美川滇藏之 川藏线 稻城亚丁 香格里拉 拉萨 经典行摄（10日行程）",
    "money": "6280",
    "date": "09/22",
    "city": "成都"
  },
  {
    "url": "http://hd.8264.com/xianlu-138049",
    "img": "http://img.qunawan.com/ecmme/wan/xl/goods/20170825/201708251655436880_listfull.png",
    "title": "国庆天天出发毕棚沟 山水世界 体验藏羌风情含餐含门票（2日行程）",
    "money": "360",
    "date": "09/22",
    "city": "成都"
  },
  {
    "url": "http://hd.8264.com/xianlu-127700",
    "img": "http://img.qunawan.com/ecmme/wan/xl/goods/20160905/201609052253222094_listfull.jpg",
    "title": "梦中的香格里拉海螺沟 新都桥 稻城亚丁（7日行程）",
    "money": "2380",
    "date": "09/23",
    "city": "成都"
  },
  {
    "url": "http://hd.8264.com/xianlu-124229",
    "img": "http://img.qunawan.com/ecmme/wan/xl/goods/20160825/201608251308025483_listfull.jpg",
    "title": "秘境环线A线 川西绝美秘境 莫斯卡 党岭 色达 丹巴藏寨（8日行程）",
    "money": "2980",
    "date": "09/23",
    "city": "成都"
  },
  {
    "url": "http://hd.8264.com/xianlu-119352",
    "img": "http://img.qunawan.com/ecmme/wan/xl/goods/20160808/201608082149165868_listfull.jpg",
    "title": "远征腾格里沙漠 红酒宴 轻装 徒步 53公里 送纪念款T恤（4日行程）",
    "money": "2680",
    "date": "09/22",
    "city": "银川"
  },
  {
    "url": "http://hd.8264.com/xianlu-116442",
    "img": "http://img.qunawan.com/ecmme/wan/xl/goods/20160727/201607271629165858_listfull.jpg",
    "title": "丽江出发 香格里拉 走进蓝色星球最后一片净土 稻城亚丁（6日行程）",
    "money": "2680",
    "date": "09/24",
    "city": "丽江"
  },
  {
    "url": "http://hd.8264.com/xianlu-16688",
    "img": "http://img.qunawan.com/ecmme/wan/xl/goods/20160625/201606251554234094_listfull.jpg",
    "title": "贡嘎全线完美穿越挑战之旅（8日行程）",
    "money": "2880",
    "date": "09/23",
    "city": "成都"
  },
  {
    "url": "http://hd.8264.com/xianlu-5944",
    "img": "http://img.qunawan.com/ecmme/wan/xl/goods/20160519/201605191130023929_listfull.jpg",
    "title": "鹿院坪加古河床连穿越（3日行程）",
    "money": "598",
    "date": "09/22",
    "city": "利川"
  },
  {
    "url": "http://hd.8264.com/xianlu-172065",
    "img": "http://img.qunawan.com/ecmme/wan/xl/goods/20170916/201709161407312493_listfull.png",
    "title": "圣地 稻城亚丁 海螺沟冰川（6日行程）",
    "money": "1780",
    "date": "09/22",
    "city": "成都"
  },
  {
    "url": "http://hd.8264.com/xianlu-172015",
    "img": "http://img.qunawan.com/ecmme/wan/xl/goods/20170915/201709151330233933_listfull.jpg",
    "title": "2017国庆贡嘎转山 穿越 晋级大神之路 挑战自我（7日行程）",
    "money": "2880",
    "date": "09/23",
    "city": "成都"
  },
  {
    "url": "http://hd.8264.com/xianlu-171883",
    "img": "http://img.qunawan.com/ecmme/wan/xl/goods/20170913/201709131433147802_listfull.jpg",
    "title": "2017年保玉则 仙女湖妖女湖 上下日干措经典穿越全年计划（5日行程）",
    "money": "2980",
    "date": "09/23",
    "city": "成都"
  },
  {
    "url": "http://hd.8264.com/xianlu-171761",
    "img": "http://img.qunawan.com/ecmme/wan/xl/goods/20170911/201709111304522496_listfull.jpg",
    "title": "2017国庆小长假 阿里转山 绝世秘境等你探索（15日行程）",
    "money": "6400",
    "date": "09/23",
    "city": "拉萨"
  }
]