[
  {
    "url": "http://hd.8264.com/xianlu-164572",
    "img": "http://img.qunawan.com/ecmme/wan/xl/goods/20170512/201705121555306426_listfull.jpg",
    "title": "九寨黄龙 贵族精品 童话世界 经典九寨沟 黄龙摄影之旅（3日行程）",
    "money": "580",
    "date": "09/22",
    "city": "成都"
  },
  {
    "url": "http://hd.8264.com/xianlu-164570",
    "img": "http://img.qunawan.com/ecmme/wan/xl/goods/20170512/201705121552296810_listfull.jpg",
    "title": "走进呼伦贝尔大草原 民俗体验 亲子互动 独立成团 纯玩（6日行程）",
    "money": "3550",
    "date": "09/22",
    "city": "呼伦"
  },
  {
    "url": "http://hd.8264.com/xianlu-164569",
    "img": "http://img.qunawan.com/ecmme/wan/xl/goods/20170512/201705121548458036_listfull.jpg",
    "title": "呼伦贝尔大草原 北部林区 满洲里 阿尔山大环线零购物（7日行程）",
    "money": "3880",
    "date": "09/22",
    "city": "呼伦"
  },
  {
    "url": "http://hd.8264.com/xianlu-164561",
    "img": "http://img.qunawan.com/ecmme/wan/xl/goods/20170512/201705121530121227_listfull.jpg",
    "title": "毕棚沟B 纯玩户外队 周六出发 温泉休闲摄影腐败（2日行程）",
    "money": "280",
    "date": "09/23",
    "city": "成都"
  },
  {
    "url": "http://hd.8264.com/xianlu-164556",
    "img": "http://img.qunawan.com/ecmme/wan/xl/goods/20170512/201705121521016943_listfull.jpg",
    "title": "四姑娘山 东方的阿尔卑斯 长坪沟 双桥沟深度体验（2日行程）",
    "money": "360",
    "date": "09/23",
    "city": "成都"
  },
  {
    "url": "http://hd.8264.com/xianlu-164554",
    "img": "http://img.qunawan.com/ecmme/wan/xl/goods/20170512/201705121511132648_listfull.jpg",
    "title": "色达 探秘色达 净化心灵之旅（4日行程）",
    "money": "880",
    "date": "09/22",
    "city": "成都"
  },
  {
    "url": "http://hd.8264.com/xianlu-164543",
    "img": "http://img.qunawan.com/ecmme/wan/xl/goods/20170512/201705121116082170_listfull.jpg",
    "title": "天鹅湖自驾游（1日行程）",
    "money": "198",
    "date": "09/22",
    "city": "嘉峪"
  },
  {
    "url": "http://hd.8264.com/xianlu-164542",
    "img": "http://img.qunawan.com/ecmme/wan/xl/goods/20170512/201705121345482316_listfull.jpg",
    "title": "呼伦贝尔草原自由行 专业领队 穿越草原 深度游（6日行程）",
    "money": "2400",
    "date": "09/22",
    "city": "呼伦"
  },
  {
    "url": "http://hd.8264.com/xianlu-165200",
    "img": "http://img.qunawan.com/ecmme/wan/xl/goods/20170519/201705191331213993_listfull.jpg",
    "title": "西藏跟团游纯玩拉萨出发羊卓雍错湖 羊湖纯玩一日游含门票 车费（1日行程）",
    "money": "168",
    "date": "09/22",
    "city": "拉萨"
  },
  {
    "url": "http://hd.8264.com/xianlu-165210",
    "img": "http://img.qunawan.com/ecmme/wan/xl/goods/20170519/201705191431173019_listfull.jpg",
    "title": "C 敖鲁古雅原始部落六日草原（6日行程）",
    "money": "2580",
    "date": "09/22",
    "city": "呼伦"
  },
  {
    "url": "http://hd.8264.com/xianlu-164536",
    "img": "http://img.qunawan.com/ecmme/wan/xl/goods/20170512/201705121310069762_listfull.jpg",
    "title": "天界之渡 四姑娘山稻城亚丁川藏南线深度游VIP私家小团（10日行程）",
    "money": "5480",
    "date": "09/28",
    "city": "成都"
  },
  {
    "url": "http://hd.8264.com/xianlu-164535",
    "img": "http://img.qunawan.com/ecmme/wan/xl/goods/20170512/201705121306211087_listfull.jpg",
    "title": "蜀山传奇 四姑娘山丹巴新都桥贡嘎山伍须海VIP私家小团（7日行程）",
    "money": "2480",
    "date": "09/23",
    "city": "成都"
  },
  {
    "url": "http://hd.8264.com/xianlu-164529",
    "img": "http://img.qunawan.com/ecmme/wan/xl/goods/20170512/201705121232562520_listfull.jpg",
    "title": "履约色达 若尔盖年保色达新都桥甘孜环线 VIP私家小团（7日行程）",
    "money": "3250",
    "date": "09/23",
    "city": "成都"
  },
  {
    "url": "http://hd.8264.com/xianlu-164528",
    "img": "http://img.qunawan.com/ecmme/wan/xl/goods/20170512/201705121228233936_listfull.jpg",
    "title": "穿越佛国净土 走进最后香格里拉 色达稻亚VIP私家小团（8日行程）",
    "money": "2980",
    "date": "09/22",
    "city": "成都"
  },
  {
    "url": "http://hd.8264.com/xianlu-164523",
    "img": "http://img.qunawan.com/ecmme/wan/xl/goods/20170512/201705121210271504_listfull.jpeg",
    "title": "呼伦贝尔野线专业摄影推荐（7日行程）",
    "money": "2880",
    "date": "09/23",
    "city": "呼伦"
  },
  {
    "url": "http://hd.8264.com/xianlu-164519",
    "img": "http://img.qunawan.com/ecmme/wan/xl/goods/20170512/201705121140001903_listfull.jpg",
    "title": "贡嘎全线穿越 老榆林 贡嘎寺 子梅垭口 巴望海VIP私家小团（7日行程）",
    "money": "2580",
    "date": "09/23",
    "city": "成都"
  },
  {
    "url": "http://hd.8264.com/xianlu-164513",
    "img": "http://img.qunawan.com/ecmme/wan/xl/goods/20170512/201705121011167410_listfull.jpg",
    "title": "贡嘎转山 蜀山之王 贡嘎山大环线完美穿越（8日行程）",
    "money": "2880",
    "date": "09/23",
    "city": "成都"
  },
  {
    "url": "http://hd.8264.com/xianlu-164512",
    "img": "http://img.qunawan.com/ecmme/wan/xl/goods/20170512/201705121013122383_listfull.jpg",
    "title": "木雅朝圣 贡嘎西南坡徒步VIP私家小团（5日行程）",
    "money": "1980",
    "date": "09/30",
    "city": "成都"
  },
  {
    "url": "http://hd.8264.com/xianlu-164510",
    "img": "http://img.qunawan.com/ecmme/wan/xl/goods/20170512/201705121003117284_listfull.jpg",
    "title": "七藏探秘 毗邻黄龙的极致美景七藏沟徒步VIP私家小团（6日行程）",
    "money": "2380",
    "date": "09/30",
    "city": "成都"
  },
  {
    "url": "http://hd.8264.com/xianlu-164501",
    "img": "http://img.qunawan.com/ecmme/wan/xl/goods/20170512/201705120928324221_listfull.jpg",
    "title": "挑战人生中的第一个5000米 四姑娘山大峰攀登（3日行程）",
    "money": "1180",
    "date": "09/22",
    "city": "成都"
  }
]