[
  {
    "url": "http://hd.8264.com/xianlu-164496",
    "img": "http://img.qunawan.com/ecmme/wan/xl/goods/20170511/201705112343512673_listfull.jpg",
    "title": "漠河经典深度游（4日行程）",
    "money": "780",
    "date": "09/22",
    "city": "大兴"
  },
  {
    "url": "http://hd.8264.com/xianlu-164485",
    "img": "http://img.qunawan.com/ecmme/wan/xl/goods/20170511/201705111845127249_listfull.jpg",
    "title": "唐柏古道 四姑娘山长坪沟 毕棚沟穿越徒步活动（6日行程）",
    "money": "2480",
    "date": "09/30",
    "city": "成都"
  },
  {
    "url": "http://hd.8264.com/xianlu-164469",
    "img": "http://img.qunawan.com/ecmme/wan/xl/goods/20170511/201705111716412789_listfull.jpeg",
    "title": "七藏探秘 毗邻黄龙的极致美景 七藏沟徒步 摄影露营魅力体验（7日行程）",
    "money": "2680",
    "date": "09/30",
    "city": "成都"
  },
  {
    "url": "http://hd.8264.com/xianlu-166932",
    "img": "http://img.qunawan.com/ecmme/wan/xl/goods/20170614/201706141142295958_listfull.png",
    "title": "深度摄影川西 四姑娘山 贡嘎山 海螺沟 伍须海 丹巴 新都桥（8日行程）",
    "money": "2780",
    "date": "09/22",
    "city": "成都"
  },
  {
    "url": "http://hd.8264.com/xianlu-164459",
    "img": "http://img.qunawan.com/ecmme/wan/xl/goods/20170511/201705111607333263_listfull.jpg",
    "title": "红岩顶 被人遗忘的老318线 二郎山红岩顶（2日行程）",
    "money": "360",
    "date": "09/23",
    "city": "成都"
  },
  {
    "url": "http://hd.8264.com/xianlu-164457",
    "img": "http://img.qunawan.com/ecmme/wan/xl/goods/20170511/201705111559538408_listfull.jpg",
    "title": "子梅垭口 朝拜蜀山之王 贡嘎雪山 巴王海 泉华滩 草科温泉（3日行程）",
    "money": "480",
    "date": "09/22",
    "city": "成都"
  },
  {
    "url": "http://hd.8264.com/xianlu-164454",
    "img": "http://img.qunawan.com/ecmme/wan/xl/goods/20170511/201705111559131210_listfull.jpg",
    "title": "牛背山 又上牛背 独家上山 周末经典徒步（2日行程）",
    "money": "680",
    "date": "09/23",
    "city": "成都"
  },
  {
    "url": "http://hd.8264.com/xianlu-164452",
    "img": "http://img.qunawan.com/ecmme/wan/xl/goods/20170511/201705111544576878_listfull.jpg",
    "title": "冶勒湖 休闲周末游 冕宁冶勒湖 高山草甸孟获城（2日行程）",
    "money": "360",
    "date": "09/23",
    "city": "成都"
  },
  {
    "url": "http://hd.8264.com/xianlu-164447",
    "img": "http://img.qunawan.com/ecmme/wan/xl/goods/20170511/201705111512401167_listfull.jpg",
    "title": "党岭穿越 丹巴藏寨党岭葫芦海 道孚秘境徒步穿越（7日行程）",
    "money": "3180",
    "date": "10/01",
    "city": "成都"
  },
  {
    "url": "http://hd.8264.com/xianlu-164448",
    "img": "http://img.qunawan.com/ecmme/wan/xl/goods/20170512/201705121552439653_listfull.jpg",
    "title": "色达 探秘色达 净化心灵之旅（4日行程）",
    "money": "680",
    "date": "09/22",
    "city": "成都"
  },
  {
    "url": "http://hd.8264.com/xianlu-164419",
    "img": "http://img.qunawan.com/ecmme/wan/xl/goods/20170511/201705111127339388_listfull.jpg",
    "title": "体验异国风情 2017呼伦贝尔草原 俄罗斯踩线活动（6日行程）",
    "money": "2380",
    "date": "09/22",
    "city": "呼伦"
  },
  {
    "url": "http://hd.8264.com/xianlu-164408",
    "img": "http://img.qunawan.com/ecmme/wan/xl/goods/20170511/201705110947591615_listfull.jpg",
    "title": "上海 滴水湖 淀山湖 苏州 独墅湖 户外帆船拓展（1日行程）",
    "money": "500",
    "date": "09/22",
    "city": "浦东"
  },
  {
    "url": "http://hd.8264.com/xianlu-164379",
    "img": "http://img.qunawan.com/ecmme/wan/xl/goods/20170511/201705110921164058_listfull.png",
    "title": "暑假端午 海螺沟 稻城亚丁 丹巴藏寨 四姑娘山环线深度摄影（9日行程）",
    "money": "3180",
    "date": "09/23",
    "city": "成都"
  },
  {
    "url": "http://hd.8264.com/xianlu-164375",
    "img": "http://img.qunawan.com/ecmme/wan/xl/goods/20170511/201705110902367632_listfull.jpg",
    "title": "暑假端午 四川最高峰 蜀山之王 贡嘎大环线徒步穿越（8日行程）",
    "money": "2880",
    "date": "09/23",
    "city": "成都"
  },
  {
    "url": "http://hd.8264.com/xianlu-164376",
    "img": "http://img.qunawan.com/ecmme/wan/xl/goods/20170511/201705110909482452_listfull.jpg",
    "title": "暑假端午 九寨沟 黄龙瑶池 若尔盖草原 花湖湿地 年保（8日行程）",
    "money": "3380",
    "date": "09/23",
    "city": "成都"
  },
  {
    "url": "http://hd.8264.com/xianlu-164364",
    "img": "http://img.qunawan.com/ecmme/wan/xl/goods/20170510/201705102043312886_listfull.jpg",
    "title": "寻皇大草原 千岛湖畔看风车 看那格桑花开 休闲摄影（1日行程）",
    "money": "159",
    "date": "09/23",
    "city": "广州"
  },
  {
    "url": "http://hd.8264.com/xianlu-164358",
    "img": "http://img.qunawan.com/ecmme/wan/xl/goods/20170510/201705101827155325_listfull.jpg",
    "title": "佛国秘境 穿过佛国净土 走进最后香格里拉 色达 稻城亚丁（9日行程）",
    "money": "3280",
    "date": "09/22",
    "city": "成都"
  },
  {
    "url": "http://hd.8264.com/xianlu-164356",
    "img": "http://img.qunawan.com/ecmme/wan/xl/goods/20170510/201705101810176470_listfull.jpg",
    "title": "稻亚经典 最美川西海螺沟 新都桥 稻城亚丁 红石滩 深度旅行（8日行程）",
    "money": "2780",
    "date": "09/22",
    "city": "成都"
  },
  {
    "url": "http://hd.8264.com/xianlu-164354",
    "img": "http://img.qunawan.com/ecmme/wan/xl/goods/20170527/201705271144156434_listfull.jpg",
    "title": "川藏南线 中国人文景观大道川藏南线 稻城亚丁来古冰川（11日行程）",
    "money": "5800",
    "date": "09/28",
    "city": "成都"
  },
  {
    "url": "http://hd.8264.com/xianlu-164352",
    "img": "http://img.qunawan.com/ecmme/wan/xl/goods/20170510/201705101744025273_listfull.jpg",
    "title": "岗什卡雪山（1日行程）",
    "money": "600",
    "date": "09/22",
    "city": "西宁"
  }
]