[
  {
    "url": "http://hd.8264.com/xianlu-164348",
    "img": "http://img.qunawan.com/ecmme/wan/xl/goods/20170510/201705101725354170_listfull.jpg",
    "title": "房车游青海（1日行程）",
    "money": "400",
    "date": "09/22",
    "city": "西宁"
  },
  {
    "url": "http://hd.8264.com/xianlu-164347",
    "img": "http://img.qunawan.com/ecmme/wan/xl/goods/20170510/201705101723147791_listfull.jpg",
    "title": "冰峰山地 贡嘎老榆林全线徒步完美穿越摄影之旅（7日行程）",
    "money": "2880",
    "date": "09/23",
    "city": "成都"
  },
  {
    "url": "http://hd.8264.com/xianlu-164342",
    "img": "http://img.qunawan.com/ecmme/wan/xl/goods/20170510/201705101644393807_listfull.jpg",
    "title": "阿里大北线 西藏全境穿越 让灵魂去呼吸（13日行程）",
    "money": "6800",
    "date": "09/22",
    "city": "拉萨"
  },
  {
    "url": "http://hd.8264.com/xianlu-164341",
    "img": "http://img.qunawan.com/ecmme/wan/xl/goods/20170510/201705101638056547_listfull.jpg",
    "title": "九顶山 高山花海 杜鹃海子 云海日出 露营徒步（2日行程）",
    "money": "380",
    "date": "09/23",
    "city": "成都"
  },
  {
    "url": "http://hd.8264.com/xianlu-164337",
    "img": "http://img.qunawan.com/ecmme/wan/xl/goods/20170510/201705101542459606_listfull.jpg",
    "title": "青海房车游（1日行程）",
    "money": "400",
    "date": "09/22",
    "city": "西宁"
  },
  {
    "url": "http://hd.8264.com/xianlu-165196",
    "img": "http://img.qunawan.com/ecmme/wan/xl/goods/20170519/201705191147416280_listfull.jpg",
    "title": "走进中俄小镇 观阿尔山 天池南北环线草原（8日行程）",
    "money": "3380",
    "date": "09/22",
    "city": "呼伦"
  },
  {
    "url": "http://hd.8264.com/xianlu-164329",
    "img": "http://img.qunawan.com/ecmme/wan/xl/goods/20170510/201705101523404866_listfull.png",
    "title": "活动招募 真纯玩 二进峨眉 懒人游舒适版（2日行程）",
    "money": "780",
    "date": "09/22",
    "city": "成都"
  },
  {
    "url": "http://hd.8264.com/xianlu-164321",
    "img": "http://img.qunawan.com/ecmme/wan/xl/goods/20170510/201705101402104337_listfull.jpg",
    "title": "北塘古镇 游轮出海打鱼摸虾 古镇撕名牌（1日行程）",
    "money": "180",
    "date": "09/23",
    "city": "北京"
  },
  {
    "url": "http://hd.8264.com/xianlu-164312",
    "img": "http://img.qunawan.com/ecmme/wan/xl/goods/20170510/201705101253492066_listfull.jpeg",
    "title": "九寨徒步 扎依扎嘎神山 扎如沟 转山 撒龙达原生态之旅（8日行程）",
    "money": "3680",
    "date": "09/23",
    "city": "成都"
  },
  {
    "url": "http://hd.8264.com/xianlu-164310",
    "img": "http://img.qunawan.com/ecmme/wan/xl/goods/20170510/201705101113012922_listfull.jpg",
    "title": "雪线之上 挑战人生中的第一个5000米 四姑娘山大峰登山（3日行程）",
    "money": "1380",
    "date": "09/22",
    "city": "成都"
  },
  {
    "url": "http://hd.8264.com/xianlu-164272",
    "img": "http://img.qunawan.com/ecmme/wan/xl/goods/20170509/201705092229159538_listfull.jpg",
    "title": "漠河户外自由行深度游（3日行程）",
    "money": "650",
    "date": "09/22",
    "city": "大兴"
  },
  {
    "url": "http://hd.8264.com/xianlu-164271",
    "img": "http://img.qunawan.com/ecmme/wan/xl/goods/20170509/201705092204472140_listfull.jpg",
    "title": "佛色稻亚 穿越佛国净土 走进最后香格里拉 色达 稻城亚丁（9日行程）",
    "money": "3580",
    "date": "09/22",
    "city": "成都"
  },
  {
    "url": "http://hd.8264.com/xianlu-164297",
    "img": "http://img.qunawan.com/ecmme/wan/xl/goods/20170510/201705101009034792_listfull.jpg",
    "title": "初级雪山攀登 四姑娘山长坪沟徒步 二峰登山（6日行程）",
    "money": "2480",
    "date": "09/30",
    "city": "成都"
  },
  {
    "url": "http://hd.8264.com/xianlu-164262",
    "img": "http://img.qunawan.com/ecmme/wan/xl/goods/20170509/201705091758576342_listfull.jpg",
    "title": "贵州省内全景游 代驾 旅游包车带司机（7日行程）",
    "money": "300",
    "date": "09/22",
    "city": "贵阳"
  },
  {
    "url": "http://hd.8264.com/xianlu-164257",
    "img": "http://img.qunawan.com/ecmme/wan/xl/goods/20170509/201705091735032868_listfull.jpg",
    "title": "360度观景平台 最美牛背山摄影之旅（3日行程）",
    "money": "580",
    "date": "09/22",
    "city": "成都"
  },
  {
    "url": "http://hd.8264.com/xianlu-164254",
    "img": "http://img.qunawan.com/ecmme/wan/xl/goods/20170509/201705091705484235_listfull.jpg",
    "title": "四人同 云海 日出 雪山 贡嘎 最美观景平台 每周出发（3日行程）",
    "money": "480",
    "date": "09/22",
    "city": "成都"
  },
  {
    "url": "http://hd.8264.com/xianlu-164247",
    "img": "http://img.qunawan.com/ecmme/wan/xl/goods/20170509/201705091612493723_listfull.jpg",
    "title": "红与蓝 一方净土一处天堂朝圣佛国色达 稻城亚丁（9日行程）",
    "money": "3480",
    "date": "09/23",
    "city": "成都"
  },
  {
    "url": "http://hd.8264.com/xianlu-164241",
    "img": "http://img.qunawan.com/ecmme/wan/xl/goods/20170509/201705091509204728_listfull.jpg",
    "title": "川西豪华 稻城亚丁 海螺沟 丹巴藏寨 新都桥（9日行程）",
    "money": "3580",
    "date": "09/23",
    "city": "成都"
  },
  {
    "url": "http://hd.8264.com/xianlu-164230",
    "img": "http://img.qunawan.com/ecmme/wan/xl/goods/20170509/201705091521144500_listfull.jpg",
    "title": "九寨沟 黄龙 色达喇荣五明佛学院 达古冰川经典（7日行程）",
    "money": "2980",
    "date": "09/23",
    "city": "成都"
  },
  {
    "url": "http://hd.8264.com/xianlu-164228",
    "img": "http://img.qunawan.com/ecmme/wan/xl/goods/20170509/201705091508528367_listfull.jpg",
    "title": "穿越南北丝绸之路 西宁 张掖 嘉峪关 敦煌 德令哈 青海湖（8日行程）",
    "money": "3580",
    "date": "09/26",
    "city": "西宁"
  }
]