[
  {
    "url": "http://hd.8264.com/xianlu-164223",
    "img": "http://img.qunawan.com/ecmme/wan/xl/goods/20170509/201705091503546438_listfull.jpg",
    "title": "川藏南线 滇藏线 稻城亚丁 梅里雪山 来古村（10日行程）",
    "money": "6280",
    "date": "09/22",
    "city": "成都"
  },
  {
    "url": "http://hd.8264.com/xianlu-164192",
    "img": "http://img.qunawan.com/ecmme/wan/xl/goods/20170509/201705091152567368_listfull.jpg",
    "title": "漠河夏季包车肆意游（1日行程）",
    "money": "150",
    "date": "09/22",
    "city": "大兴"
  },
  {
    "url": "http://hd.8264.com/xianlu-172037",
    "img": "http://img.qunawan.com/ecmme/wan/xl/goods/20170915/201709152143337399_listfull.png",
    "title": "与国同庆系列 毕棚沟彩林 藏羌风情（2日行程）",
    "money": "420",
    "date": "09/22",
    "city": "成都"
  },
  {
    "url": "http://hd.8264.com/xianlu-172114",
    "img": "http://img.qunawan.com/ecmme/wan/xl/goods/20170918/201709181101013627_listfull.jpg",
    "title": "川藏南线拼车租车包车结伴出游（11日行程）",
    "money": "5680",
    "date": "09/23",
    "city": "成都"
  },
  {
    "url": "http://hd.8264.com/xianlu-164176",
    "img": "http://img.qunawan.com/ecmme/wan/xl/goods/20170509/201705091154486373_listfull.jpg",
    "title": "用 脚 步 丈 量 沙 漠 腾格里大漠深度特色体验徒步穿越（2日行程）",
    "money": "980",
    "date": "09/22",
    "city": "中卫"
  },
  {
    "url": "http://hd.8264.com/xianlu-164174",
    "img": "http://img.qunawan.com/ecmme/wan/xl/goods/20170509/201705091152238315_listfull.jpg",
    "title": "南疆印象 享悠远驼铃 赏人文景观 自驾纯玩 团（9日行程）",
    "money": "8980",
    "date": "09/22",
    "city": "乌鲁"
  },
  {
    "url": "http://hd.8264.com/xianlu-164164",
    "img": "http://img.qunawan.com/ecmme/wan/xl/goods/20170509/201705090933196086_listfull.jpg",
    "title": "腾格里外生存露营 沙漠巨兽冲浪车 激情滑沙 骑骆驼（2日行程）",
    "money": "580",
    "date": "09/22",
    "city": "中卫"
  },
  {
    "url": "http://hd.8264.com/xianlu-164252",
    "img": "http://img.qunawan.com/ecmme/wan/xl/goods/20170509/201705091655526604_listfull.jpg",
    "title": "四人同 云海 日出 最美观景平台（3日行程）",
    "money": "480",
    "date": "09/22",
    "city": "成都"
  },
  {
    "url": "http://hd.8264.com/xianlu-164100",
    "img": "http://img.qunawan.com/ecmme/wan/xl/goods/20170508/201705081840599871_listfull.jpg",
    "title": "呼伦贝尔越野狂欢伙伴们一起吧（6日行程）",
    "money": "2980",
    "date": "09/22",
    "city": "呼伦"
  },
  {
    "url": "http://hd.8264.com/xianlu-164078",
    "img": "http://img.qunawan.com/ecmme/wan/xl/goods/20170508/201705081706515880_listfull.jpg",
    "title": "北欧3国冬季极光摄影之旅（13日行程）",
    "money": "33800",
    "date": "09/22",
    "city": "赫尔"
  },
  {
    "url": "http://hd.8264.com/xianlu-164067",
    "img": "http://img.qunawan.com/ecmme/wan/xl/goods/20170508/201705081624199002_listfull.jpg",
    "title": "醉美广西 桂林 阳朔 古东瀑布 银子岩 龙胜梯田（6日行程）",
    "money": "2580",
    "date": "10/01",
    "city": "桂林"
  },
  {
    "url": "http://hd.8264.com/xianlu-164062",
    "img": "http://img.qunawan.com/ecmme/wan/xl/goods/20170508/201705081618267155_listfull.jpg",
    "title": "极致川藏线自驾拼车包车租车 稻城林芝然乌湖拉萨（10日行程）",
    "money": "3880",
    "date": "09/22",
    "city": "成都"
  },
  {
    "url": "http://hd.8264.com/xianlu-164056",
    "img": "http://img.qunawan.com/ecmme/wan/xl/goods/20170508/201705081549387583_listfull.jpg",
    "title": "芬兰瑞典挪威丹麦 峡湾自驾深度摄影之旅（15日行程）",
    "money": "39800",
    "date": "09/22",
    "city": "赫尔"
  },
  {
    "url": "http://hd.8264.com/xianlu-164051",
    "img": "http://img.qunawan.com/ecmme/wan/xl/goods/20170508/201705081526236433_listfull.jpg",
    "title": "芬兰瑞典挪威 峡湾自驾深度摄影之旅（11日行程）",
    "money": "30800",
    "date": "09/22",
    "city": "赫尔"
  },
  {
    "url": "http://hd.8264.com/xianlu-164034",
    "img": "http://img.qunawan.com/ecmme/wan/xl/goods/20170508/201705081500473223_listfull.jpg",
    "title": "穿越香格里拉 稻城 亚丁 新都桥 虎跳峡 丽江（8日行程）",
    "money": "3980",
    "date": "09/23",
    "city": "成都"
  },
  {
    "url": "http://hd.8264.com/xianlu-167728",
    "img": "http://img.qunawan.com/ecmme/wan/xl/goods/20170626/201706261049088621_listfull.jpg",
    "title": "稻城亚丁 色达 海螺沟自主拼车休闲游 包含全程住宿（9日行程）",
    "money": "3800",
    "date": "09/22",
    "city": "成都"
  },
  {
    "url": "http://hd.8264.com/xianlu-164029",
    "img": "http://img.qunawan.com/ecmme/wan/xl/goods/20170508/201705081448138311_listfull.jpg",
    "title": "马来西亚 仙本那原始海岛 上帝水族箱 潜水 快艇 度假海岛游（7日行程）",
    "money": "2980",
    "date": "10/01",
    "city": "仙本"
  },
  {
    "url": "http://hd.8264.com/xianlu-164043",
    "img": "http://img.qunawan.com/ecmme/wan/xl/goods/20170508/201705081513151095_listfull.jpg",
    "title": "徒步者天堂 雨崩村 探秘巴拉格宗大峡谷 梅里雪山（7日行程）",
    "money": "1980",
    "date": "09/25",
    "city": "丽江"
  },
  {
    "url": "http://hd.8264.com/xianlu-164003",
    "img": "http://img.qunawan.com/ecmme/wan/xl/goods/20170731/201707312140211667_listfull.jpg",
    "title": "云上哈巴领航哈巴雪山计划（5日行程）",
    "money": "2880",
    "date": "09/22",
    "city": "丽江"
  },
  {
    "url": "http://hd.8264.com/xianlu-163971",
    "img": "http://img.qunawan.com/ecmme/wan/xl/goods/20170508/201705081046467838_listfull.jpg",
    "title": "探秘神农架寻找野人的脚印 老君山 九冲河强驴级穿越探险（6日行程）",
    "money": "1980",
    "date": "09/26",
    "city": "宜昌"
  }
]