[
  {
    "url": "http://hd.8264.com/xianlu-163934",
    "img": "http://img.qunawan.com/ecmme/wan/xl/goods/20170507/201705072145064935_listfull.jpg",
    "title": "四川藏地 甘孜 阿坝穿越之旅（8日行程）",
    "money": "2200",
    "date": "09/22",
    "city": "成都"
  },
  {
    "url": "http://hd.8264.com/xianlu-163930",
    "img": "http://img.qunawan.com/ecmme/wan/xl/goods/20170507/201705071808154739_listfull.jpg",
    "title": "南太行白陉古道 王莽岭 抱犊沟 锡崖沟 郭亮（6日行程）",
    "money": "1480",
    "date": "09/23",
    "city": "郑州"
  },
  {
    "url": "http://hd.8264.com/xianlu-163903",
    "img": "http://img.qunawan.com/ecmme/wan/xl/goods/20170718/201707182123491187_listfull.jpeg",
    "title": "独家线路最艰难的进藏路线 丙察察 驾车（10日行程）",
    "money": "4600",
    "date": "09/22",
    "city": "昆明"
  },
  {
    "url": "http://hd.8264.com/xianlu-163898",
    "img": "http://img.qunawan.com/ecmme/wan/xl/goods/20170508/201705081707184567_listfull.jpg",
    "title": "雪山梦四姑娘山大峰初级型雪山攀登（3日行程）",
    "money": "1280",
    "date": "09/22",
    "city": "成都"
  },
  {
    "url": "http://hd.8264.com/xianlu-163889",
    "img": "http://img.qunawan.com/ecmme/wan/xl/goods/20170506/201705062122047549_listfull.jpg",
    "title": "2017年暑假带孩子户外旅行骑行荷兰（12日行程）",
    "money": "7500",
    "date": "09/22",
    "city": "阿姆"
  },
  {
    "url": "http://hd.8264.com/xianlu-164511",
    "img": "http://img.qunawan.com/ecmme/wan/xl/goods/20170512/201705121008154996_listfull.jpg",
    "title": "长毕经典 四姑娘山长坪沟毕棚沟穿越VIP私家小团（5日行程）",
    "money": "2180",
    "date": "09/30",
    "city": "成都"
  },
  {
    "url": "http://hd.8264.com/xianlu-163867",
    "img": "http://img.qunawan.com/ecmme/wan/xl/goods/20170506/201705061525333045_listfull.png",
    "title": "四人同山 观云海 看日落 日出 满天繁星（3日行程）",
    "money": "480",
    "date": "09/22",
    "city": "成都"
  },
  {
    "url": "http://hd.8264.com/xianlu-163863",
    "img": "http://img.qunawan.com/ecmme/wan/xl/goods/20170506/201705061539079010_listfull.png",
    "title": "孟屯河谷星空露营团 星空银河 露营体验（2日行程）",
    "money": "320",
    "date": "09/23",
    "city": "成都"
  },
  {
    "url": "http://hd.8264.com/xianlu-163859",
    "img": "http://img.qunawan.com/ecmme/wan/xl/goods/20170506/201705061351328944_listfull.jpg",
    "title": "川藏色达 川藏南线 色达 稻城亚丁（11日行程）",
    "money": "4000",
    "date": "09/23",
    "city": "成都"
  },
  {
    "url": "http://hd.8264.com/xianlu-165365",
    "img": "http://img.qunawan.com/ecmme/wan/xl/goods/20170522/201705221335364546_listfull.png",
    "title": "白河峡谷扎营 露营烧烤 露天卡拉OK 真人CS 漂流（2日行程）",
    "money": "220",
    "date": "09/23",
    "city": "北京"
  },
  {
    "url": "http://hd.8264.com/xianlu-165909",
    "img": "http://img.qunawan.com/ecmme/wan/xl/goods/20170601/201706011033122764_listfull.png",
    "title": "北京最高峰 东灵山2303米 灵山 挑战灵山主峰（1日行程）",
    "money": "70",
    "date": "09/23",
    "city": "北京"
  },
  {
    "url": "http://hd.8264.com/xianlu-163840",
    "img": "http://img.qunawan.com/ecmme/wan/xl/goods/20170506/201705060018451330_listfull.jpg",
    "title": "青海湖 茶卡盐湖（2日行程）",
    "money": "300",
    "date": "09/22",
    "city": "西宁"
  },
  {
    "url": "http://hd.8264.com/xianlu-163824",
    "img": "http://img.qunawan.com/ecmme/wan/xl/goods/20170505/201705051700401361_listfull.jpg",
    "title": "泸沽湖 浪漫洛洼岛 携手走婚桥 沉醉女神湾 情迷泸沽湖（4日行程）",
    "money": "650",
    "date": "09/28",
    "city": "成都"
  },
  {
    "url": "http://hd.8264.com/xianlu-163821",
    "img": "http://img.qunawan.com/ecmme/wan/xl/goods/20170505/201705051658151477_listfull.jpg",
    "title": "海螺沟稻城 往返经典摄影线路 拼车包车自由行（7日行程）",
    "money": "1980",
    "date": "09/22",
    "city": "成都"
  },
  {
    "url": "http://hd.8264.com/xianlu-163819",
    "img": "http://img.qunawan.com/ecmme/wan/xl/goods/20170505/201705051643122825_listfull.jpg",
    "title": "海螺沟稻城 往返经典摄影线路 拼车包车自由行（7日行程）",
    "money": "1980",
    "date": "09/29",
    "city": "成都"
  },
  {
    "url": "http://hd.8264.com/xianlu-169722",
    "img": "http://img.qunawan.com/ecmme/wan/xl/goods/20170731/201707311345427851_listfull.jpg",
    "title": "可定制 昆明 大理 丽江 香格里拉 泸沽湖纯玩游（10日行程）",
    "money": "2560",
    "date": "09/22",
    "city": "昆明"
  },
  {
    "url": "http://hd.8264.com/xianlu-163802",
    "img": "http://img.qunawan.com/ecmme/wan/xl/goods/20170505/201705051459444667_listfull.jpg",
    "title": "端午活动已成行 高原极度体验 徒步天堂雨崩活动（8日行程）",
    "money": "2980",
    "date": "10/01",
    "city": "丽江"
  },
  {
    "url": "http://hd.8264.com/xianlu-163796",
    "img": "http://img.qunawan.com/ecmme/wan/xl/goods/20170505/201705051349385125_listfull.jpg",
    "title": "神秘西部 大美边疆 户外旅游线路个性定制（1日行程）",
    "money": "500",
    "date": "09/22",
    "city": "成都"
  },
  {
    "url": "http://hd.8264.com/xianlu-163767",
    "img": "http://img.qunawan.com/ecmme/wan/xl/goods/20170505/201705051025368377_listfull.jpg",
    "title": "经典 亚丁 稻城 海螺沟 丹巴 甲居藏寨 新都桥（9日行程）",
    "money": "2429",
    "date": "09/23",
    "city": "成都"
  },
  {
    "url": "http://hd.8264.com/xianlu-163757",
    "img": "http://img.qunawan.com/ecmme/wan/xl/goods/20170505/201705050950449279_listfull.jpg",
    "title": "神农架徒步 挑战华中屋脊神农架 穿越最美神农顶 赏万亩海棠（6日行程）",
    "money": "1880",
    "date": "09/26",
    "city": "宜昌"
  }
]