[
  {
    "url": "http://hd.8264.com/xianlu-163744",
    "img": "http://img.qunawan.com/ecmme/wan/xl/goods/20170505/201705050216051139_listfull.png",
    "title": "黄帝城 黄帝泉 合符坛 轩辕湖 三祖堂 鸡鸣驿 官厅水库（2日行程）",
    "money": "348",
    "date": "09/23",
    "city": "北京"
  },
  {
    "url": "http://hd.8264.com/xianlu-163742",
    "img": "http://img.qunawan.com/ecmme/wan/xl/goods/20170505/201705050205096631_listfull.png",
    "title": "锡林格勒草原白音敖包 贡格尔河 砧子山 达里湖 曼陀山（3日行程）",
    "money": "598",
    "date": "09/22",
    "city": "北京"
  },
  {
    "url": "http://hd.8264.com/xianlu-163739",
    "img": "http://img.qunawan.com/ecmme/wan/xl/goods/20170505/201705050144387439_listfull.png",
    "title": "乌兰布统 公主湖 多伦湖 将军泡子 姑娘湖 骑马草原深度游（3日行程）",
    "money": "590",
    "date": "09/22",
    "city": "北京"
  },
  {
    "url": "http://hd.8264.com/xianlu-163738",
    "img": "http://img.qunawan.com/ecmme/wan/xl/goods/20170505/201705050138247407_listfull.png",
    "title": "乌兰布统 红山军马场 塞罕坝 公主湖 将军泡子 骑马射箭（3日行程）",
    "money": "548",
    "date": "09/22",
    "city": "北京"
  },
  {
    "url": "http://hd.8264.com/xianlu-163730",
    "img": "http://img.qunawan.com/ecmme/wan/xl/goods/20170504/201705042225555176_listfull.jpg",
    "title": "送火车票 青海湖 敦煌 莫高窟 嘉峪关 五彩丹霞 茶卡盐湖（8日行程）",
    "money": "2980",
    "date": "09/23",
    "city": "兰州"
  },
  {
    "url": "http://hd.8264.com/xianlu-163729",
    "img": "http://img.qunawan.com/ecmme/wan/xl/goods/20170504/201705042152022400_listfull.jpg",
    "title": "越野车包车 私人定制 自驾深度游（10日行程）",
    "money": "1200",
    "date": "09/22",
    "city": "成都"
  },
  {
    "url": "http://hd.8264.com/xianlu-163724",
    "img": "http://img.qunawan.com/ecmme/wan/xl/goods/20170504/201705042152413704_listfull.jpg",
    "title": "甘南 年保玉则 扎尕那 若尔盖 拉卜楞寺 尕海湖 黄河九曲（7日行程）",
    "money": "2880",
    "date": "09/23",
    "city": "兰州"
  },
  {
    "url": "http://hd.8264.com/xianlu-163722",
    "img": "http://img.qunawan.com/ecmme/wan/xl/goods/20170504/201705042142033978_listfull.jpg",
    "title": "青海湖 敦煌 雅丹魔鬼城 茶卡盐湖 住湖边标间 湖边骑行（9日行程）",
    "money": "2880",
    "date": "09/23",
    "city": "兰州"
  },
  {
    "url": "http://hd.8264.com/xianlu-163719",
    "img": "http://img.qunawan.com/ecmme/wan/xl/goods/20170504/201705042044263033_listfull.jpg",
    "title": "珠穆朗玛峰 纳木错 圣象天门 羊卓雍错 卡若拉冰川（5日行程）",
    "money": "3299",
    "date": "09/22",
    "city": "拉萨"
  },
  {
    "url": "http://hd.8264.com/xianlu-163720",
    "img": "http://img.qunawan.com/ecmme/wan/xl/goods/20170504/201705042047335979_listfull.jpg",
    "title": "FX 巴松措 米拉山口 林芝 雅鲁藏布江大峡谷 纳木错（9日行程）",
    "money": "3580",
    "date": "10/01",
    "city": "拉萨"
  },
  {
    "url": "http://hd.8264.com/xianlu-163713",
    "img": "http://img.qunawan.com/ecmme/wan/xl/goods/20170504/201705041826342868_listfull.jpg",
    "title": "沙巴美人鱼岛 私人海滩 浮潜 WIFI 海滩日落 蓝眼泪（2日行程）",
    "money": "719",
    "date": "09/22",
    "city": "沙巴"
  },
  {
    "url": "http://hd.8264.com/xianlu-163710",
    "img": "http://img.qunawan.com/ecmme/wan/xl/goods/20170504/201705041829406258_listfull.png",
    "title": "醉美地方串起 年保玉则 九曲黄河 若尔盖 花湖 九寨沟主题游（7日行程）",
    "money": "2980",
    "date": "09/22",
    "city": "成都"
  },
  {
    "url": "http://hd.8264.com/xianlu-163708",
    "img": "http://img.qunawan.com/ecmme/wan/xl/goods/20170504/201705041812255052_listfull.png",
    "title": "探秘世界最大觉姆岛 亚青寺（4日行程）",
    "money": "880",
    "date": "09/22",
    "city": "成都"
  },
  {
    "url": "http://hd.8264.com/xianlu-163699",
    "img": "http://img.qunawan.com/ecmme/wan/xl/goods/20170504/201705041735478929_listfull.jpg",
    "title": "呼伦贝尔 一个迷人的地方（7日行程）",
    "money": "2800",
    "date": "09/22",
    "city": "乌兰"
  },
  {
    "url": "http://hd.8264.com/xianlu-163694",
    "img": "http://img.qunawan.com/ecmme/wan/xl/goods/20170504/201705041735493805_listfull.jpg",
    "title": "云南 泸沽湖 香格里拉 虎跳峡 梅里雪山 白马雪山 奔子栏（7日行程）",
    "money": "2680",
    "date": "09/22",
    "city": "丽江"
  },
  {
    "url": "http://hd.8264.com/xianlu-163690",
    "img": "http://img.qunawan.com/ecmme/wan/xl/goods/20170504/201705041729044831_listfull.png",
    "title": "云南丽江 积木旅行C 香格里拉 虎跳峡 普达措国家森林公园（2日行程）",
    "money": "880",
    "date": "09/22",
    "city": "丽江"
  },
  {
    "url": "http://hd.8264.com/xianlu-163684",
    "img": "http://img.qunawan.com/ecmme/wan/xl/goods/20170504/201705041707397568_listfull.jpg",
    "title": "大理 丽江 虎跳峡 香格里拉 诺邓村 沙溪古镇 普达措（8日行程）",
    "money": "2780",
    "date": "09/30",
    "city": "昆明"
  },
  {
    "url": "http://hd.8264.com/xianlu-163683",
    "img": "http://img.qunawan.com/ecmme/wan/xl/goods/20170504/201705041704512808_listfull.jpg",
    "title": "怒江大峡谷 茶马古道 丙中洛 秋那桶 知子罗 纹面女（9日行程）",
    "money": "3480",
    "date": "09/23",
    "city": "昆明"
  },
  {
    "url": "http://hd.8264.com/xianlu-163676",
    "img": "http://img.qunawan.com/ecmme/wan/xl/goods/20170504/201705041644285746_listfull.png",
    "title": "187色达 九寨 黄龙 若尔盖大草原 九曲黄河 年保玉则（8日行程）",
    "money": "2380",
    "date": "09/23",
    "city": "成都"
  },
  {
    "url": "http://hd.8264.com/xianlu-163677",
    "img": "http://img.qunawan.com/ecmme/wan/xl/goods/20170504/201705041649512956_listfull.jpg",
    "title": "贡嘎西南坡 蜀山之王 徒步穿越经典 无露营版（6日行程）",
    "money": "2180",
    "date": "09/30",
    "city": "成都"
  }
]