[
  {
    "url": "http://hd.8264.com/xianlu-163673",
    "img": "http://img.qunawan.com/ecmme/wan/xl/goods/20170504/201705041628572026_listfull.jpg",
    "title": "轻度徒步明永冰川 香格里拉 明永冰川 梅里雪山 深度休闲（4日行程）",
    "money": "1380",
    "date": "09/24",
    "city": "丽江"
  },
  {
    "url": "http://hd.8264.com/xianlu-163668",
    "img": "http://img.qunawan.com/ecmme/wan/xl/goods/20170504/201705041614014172_listfull.jpg",
    "title": "消失的地平线 香格里拉 深度纯玩行程（2日行程）",
    "money": "880",
    "date": "09/22",
    "city": "丽江"
  },
  {
    "url": "http://hd.8264.com/xianlu-163666",
    "img": "http://img.qunawan.com/ecmme/wan/xl/goods/20170504/201705041609031007_listfull.jpg",
    "title": "海岛自驾 长岛深度体验（2日行程）",
    "money": "500",
    "date": "09/22",
    "city": "济南"
  },
  {
    "url": "http://hd.8264.com/xianlu-163674",
    "img": "http://img.qunawan.com/ecmme/wan/xl/goods/20170504/201705041639178550_listfull.jpg",
    "title": "九寨沟 黄龙 色达喇荣五明佛学院 达古冰川（8日行程）",
    "money": "2880",
    "date": "09/23",
    "city": "成都"
  },
  {
    "url": "http://hd.8264.com/xianlu-163662",
    "img": "http://img.qunawan.com/ecmme/wan/xl/goods/20170504/201705041548397654_listfull.jpg",
    "title": "深度纯玩休闲线路 丽江 香格里拉 泸沽湖 行程招募中（7日行程）",
    "money": "2680",
    "date": "09/23",
    "city": "丽江"
  },
  {
    "url": "http://hd.8264.com/xianlu-163660",
    "img": "http://img.qunawan.com/ecmme/wan/xl/goods/20170504/201705041600418946_listfull.png",
    "title": "四川 西藏 川藏线318线 四姑娘山 稻城亚丁 川藏南线（11日行程）",
    "money": "5800",
    "date": "09/28",
    "city": "成都"
  },
  {
    "url": "http://hd.8264.com/xianlu-163658",
    "img": "http://img.qunawan.com/ecmme/wan/xl/goods/20170504/201705041551131396_listfull.jpg",
    "title": "色达 稻城 亚丁 五明佛学院 汶川 甘孜州 泸定桥 新都桥（9日行程）",
    "money": "3180",
    "date": "09/22",
    "city": "甘孜"
  },
  {
    "url": "http://hd.8264.com/xianlu-163664",
    "img": "http://img.qunawan.com/ecmme/wan/xl/goods/20170504/201705041612243526_listfull.jpg",
    "title": "成都 色达 五明佛学院 亚青寺 德格印经院 新都桥（9日行程）",
    "money": "4580",
    "date": "09/29",
    "city": "成都"
  },
  {
    "url": "http://hd.8264.com/xianlu-163649",
    "img": "http://img.qunawan.com/ecmme/wan/xl/goods/20170504/201705041524407892_listfull.jpg",
    "title": "三江并流 怒江大峡谷 朝圣梅里雪山 香格里拉大环线深度纯玩（7日行程）",
    "money": "2380",
    "date": "09/25",
    "city": "丽江"
  },
  {
    "url": "http://hd.8264.com/xianlu-166960",
    "img": "http://img.qunawan.com/ecmme/wan/xl/goods/20170614/201706141551334715_listfull.jpg",
    "title": "2017暑假国庆 青海湖 茶卡盐湖 丝绸之路（9日行程）",
    "money": "3780",
    "date": "09/27",
    "city": "兰州"
  },
  {
    "url": "http://hd.8264.com/xianlu-163641",
    "img": "http://img.qunawan.com/ecmme/wan/xl/goods/20170504/201705041518033202_listfull.jpg",
    "title": "滇西北精华 梅里雪山泸沽湖一起走（7日行程）",
    "money": "2980",
    "date": "09/24",
    "city": "丽江"
  },
  {
    "url": "http://hd.8264.com/xianlu-163630",
    "img": "http://img.qunawan.com/ecmme/wan/xl/goods/20170504/201705041420437677_listfull.jpg",
    "title": "穿越怒江 走进被人遗忘的雾里村 桃花岛 探寻独龙族的宁静生活（7日行程）",
    "money": "2780",
    "date": "09/30",
    "city": "丽江"
  },
  {
    "url": "http://hd.8264.com/xianlu-163626",
    "img": "http://img.qunawan.com/ecmme/wan/xl/goods/20170504/201705041210018096_listfull.jpg",
    "title": "感受满洲里异国风情 额尔古纳观湿地 根河喂驯鹿夏令营（2日行程）",
    "money": "1080",
    "date": "09/22",
    "city": "呼伦"
  },
  {
    "url": "http://hd.8264.com/xianlu-168634",
    "img": "http://img.qunawan.com/ecmme/wan/xl/goods/20170710/201707100942555915_listfull.jpg",
    "title": "暑期深秋国庆亲子游九寨 黄龙若尔盖草原 花湖年保玉则摄影之旅（7日行程）",
    "money": "3380",
    "date": "09/23",
    "city": "成都"
  },
  {
    "url": "http://hd.8264.com/xianlu-163608",
    "img": "http://img.qunawan.com/ecmme/wan/xl/goods/20170504/201705040951571814_listfull.jpg",
    "title": "丽江 出发稻城亚丁纯玩（6日行程）",
    "money": "2880",
    "date": "09/23",
    "city": "丽江"
  },
  {
    "url": "http://hd.8264.com/xianlu-163607",
    "img": "http://img.qunawan.com/ecmme/wan/xl/goods/20170504/201705040950242851_listfull.jpg",
    "title": "踏寻户外雪山梦 东方阿尔卑斯四姑娘山大峰登山活动（3日行程）",
    "money": "1180",
    "date": "09/22",
    "city": "成都"
  },
  {
    "url": "http://hd.8264.com/xianlu-163598",
    "img": "http://img.qunawan.com/ecmme/wan/xl/goods/20170504/201705040923525053_listfull.png",
    "title": "天下第一草甸张北草原 安固里大草原 中都原始草原（2日行程）",
    "money": "348",
    "date": "09/23",
    "city": "北京"
  },
  {
    "url": "http://hd.8264.com/xianlu-163593",
    "img": "http://img.qunawan.com/ecmme/wan/xl/goods/20170504/201705040729271807_listfull.png",
    "title": "幽州峡谷 永定河 沿河城 清凉谷瀑布 韭园大溶洞（2日行程）",
    "money": "298",
    "date": "09/23",
    "city": "北京"
  },
  {
    "url": "http://hd.8264.com/xianlu-163612",
    "img": "http://img.qunawan.com/ecmme/wan/xl/goods/20170504/201705041546572707_listfull.jpg",
    "title": "四川FD 成都 亚丁 稻城 海螺沟 丹巴 甲居藏寨 新都桥（9日行程）",
    "money": "2430",
    "date": "09/23",
    "city": "成都"
  },
  {
    "url": "http://hd.8264.com/xianlu-166392",
    "img": "http://img.qunawan.com/ecmme/wan/xl/goods/20170606/201706062132105185_listfull.jpg",
    "title": "呼伦贝尔 穿越莫日格勒河草原 徒步穿越原始森林越野车（5日行程）",
    "money": "1950",
    "date": "09/22",
    "city": "安庆"
  }
]