[
  {
    "url": "http://hd.8264.com/xianlu-163565",
    "img": "http://img.qunawan.com/ecmme/wan/xl/goods/20170503/201705031545052923_listfull.png",
    "title": "纵马驰骋 深入呼伦贝尔旅游大草原腹地户外活动计划（6日行程）",
    "money": "2280",
    "date": "09/22",
    "city": "呼伦"
  },
  {
    "url": "http://hd.8264.com/xianlu-164374",
    "img": "http://img.qunawan.com/ecmme/wan/xl/goods/20170511/201705110906429287_listfull.jpg",
    "title": "2017佛国净土 走进最后香格里拉 色达 稻城亚丁（9日行程）",
    "money": "3280",
    "date": "09/22",
    "city": "成都"
  },
  {
    "url": "http://hd.8264.com/xianlu-163551",
    "img": "http://img.qunawan.com/ecmme/wan/xl/goods/20170503/201705031155526420_listfull.jpg",
    "title": "经典北线 深入呼伦贝尔草原 驯鹿乡 室韦骑马 单车 满洲里（7日行程）",
    "money": "2680",
    "date": "09/22",
    "city": "呼伦"
  },
  {
    "url": "http://hd.8264.com/xianlu-163549",
    "img": "http://img.qunawan.com/ecmme/wan/xl/goods/20170503/201705031204521238_listfull.jpg",
    "title": "蜀山之王 贡嘎山大环线完美穿越（8日行程）",
    "money": "2880",
    "date": "09/23",
    "city": "成都"
  },
  {
    "url": "http://hd.8264.com/xianlu-163542",
    "img": "http://img.qunawan.com/ecmme/wan/xl/goods/20170503/201705031100235746_listfull.jpg",
    "title": "呼伦贝尔 中俄界河 骑马穿越 天堂草原 湿地探秘舒适之旅（6日行程）",
    "money": "2180",
    "date": "09/22",
    "city": "呼伦"
  },
  {
    "url": "http://hd.8264.com/xianlu-163521",
    "img": "http://img.qunawan.com/ecmme/wan/xl/goods/20170503/201705030932264046_listfull.jpg",
    "title": "尼泊尔 珠峰大本营EBC 世界顶级徒步圆梦之旅（14日行程）",
    "money": "8500",
    "date": "10/01",
    "city": "加德"
  },
  {
    "url": "http://hd.8264.com/xianlu-163486",
    "img": "http://img.qunawan.com/ecmme/wan/xl/goods/20170502/201705021822495149_listfull.gif",
    "title": "滑翔伞 ATV 树顶吊桥 温泉 牧场 神山公园（1日行程）",
    "money": "259",
    "date": "09/22",
    "city": "沙巴"
  },
  {
    "url": "http://hd.8264.com/xianlu-163485",
    "img": "http://img.qunawan.com/ecmme/wan/xl/goods/20170502/201705021810406041_listfull.jpeg",
    "title": "沙巴沙比岛马努干岛 亚庇双岛游 浮潜深潜 水上项目（1日行程）",
    "money": "279",
    "date": "09/22",
    "city": "沙巴"
  },
  {
    "url": "http://hd.8264.com/xianlu-163468",
    "img": "http://img.qunawan.com/ecmme/wan/xl/goods/20170502/201705021552307355_listfull.png",
    "title": "天生桥瀑布群 灵山聚龙洞 晋察冀根据地城南庄革命纪念馆（2日行程）",
    "money": "288",
    "date": "09/23",
    "city": "北京"
  },
  {
    "url": "http://hd.8264.com/xianlu-163467",
    "img": "http://img.qunawan.com/ecmme/wan/xl/goods/20170502/201705021545473833_listfull.png",
    "title": "鹿黄帝城 黄帝泉 合符坛 轩辕湖 三祖堂 鸡鸣驿 官厅水库（2日行程）",
    "money": "348",
    "date": "09/23",
    "city": "北京"
  },
  {
    "url": "http://hd.8264.com/xianlu-163449",
    "img": "http://img.qunawan.com/ecmme/wan/xl/goods/20170502/201705021320051228_listfull.jpg",
    "title": "中国十大经典徒步线路之 珠峰东坡嘎玛沟徒步（13日行程）",
    "money": "8900",
    "date": "09/22",
    "city": "拉萨"
  },
  {
    "url": "http://hd.8264.com/xianlu-163450",
    "img": "http://img.qunawan.com/ecmme/wan/xl/goods/20170502/201705021324036560_listfull.jpg",
    "title": "行走喜马拉雅 尼泊尔ABC经典徒步（12日行程）",
    "money": "4800",
    "date": "09/22",
    "city": "加德"
  },
  {
    "url": "http://hd.8264.com/xianlu-163437",
    "img": "http://img.qunawan.com/ecmme/wan/xl/goods/20170502/201705021105499233_listfull.png",
    "title": "塞罕坝 天然湖泊月亮湖 七星湖 百花坡 大森林（2日行程）",
    "money": "550",
    "date": "09/23",
    "city": "北京"
  },
  {
    "url": "http://hd.8264.com/xianlu-163434",
    "img": "http://img.qunawan.com/ecmme/wan/xl/goods/20170502/201705021042328242_listfull.jpg",
    "title": "陕北信天游（4日行程）",
    "money": "1680",
    "date": "09/23",
    "city": "西安"
  },
  {
    "url": "http://hd.8264.com/xianlu-163432",
    "img": "http://img.qunawan.com/ecmme/wan/xl/goods/20170502/201705021029085264_listfull.png",
    "title": "乌兰布统 公主湖 多伦湖 将军泡子 姑娘湖 骑马（3日行程）",
    "money": "590",
    "date": "09/22",
    "city": "承德"
  },
  {
    "url": "http://hd.8264.com/xianlu-163424",
    "img": "http://img.qunawan.com/ecmme/wan/xl/goods/20170502/201705020757024007_listfull.png",
    "title": "幽州峡谷 永定河 沿河城 清凉谷瀑布 韭园大溶洞（2日行程）",
    "money": "298",
    "date": "09/23",
    "city": "北京"
  },
  {
    "url": "http://hd.8264.com/xianlu-163411",
    "img": "http://img.qunawan.com/ecmme/wan/xl/goods/20170501/201705012325569582_listfull.jpg",
    "title": "呼伦贝尔大草原 越野车穿越行程（5日行程）",
    "money": "3880",
    "date": "09/22",
    "city": "呼伦"
  },
  {
    "url": "http://hd.8264.com/xianlu-163410",
    "img": "http://img.qunawan.com/ecmme/wan/xl/goods/20170501/201705012039253944_listfull.jpg",
    "title": "珠海外伶仃岛登山看日出（2日行程）",
    "money": "350",
    "date": "09/22",
    "city": "珠海"
  },
  {
    "url": "http://hd.8264.com/xianlu-163401",
    "img": "http://img.qunawan.com/ecmme/wan/xl/goods/20170430/201704301718153095_listfull.jpeg",
    "title": "最纯净的一抹蓝 走进绝世美景稻城亚丁邂逅之旅（6日行程）",
    "money": "2680",
    "date": "09/24",
    "city": "丽江"
  },
  {
    "url": "http://hd.8264.com/xianlu-163397",
    "img": "http://img.qunawan.com/ecmme/wan/xl/goods/20170430/201704301427428626_listfull.jpg",
    "title": "四姑娘山大峰二峰连登 1人成行（5日行程）",
    "money": "3180",
    "date": "09/22",
    "city": "成都"
  }
]