[
  {
    "url": "http://hd.8264.com/xianlu-163394",
    "img": "http://img.qunawan.com/ecmme/wan/xl/goods/20170809/201708091727453884_listfull.jpg",
    "title": "终极越野 丙察察进藏（10日行程）",
    "money": "4600",
    "date": "09/28",
    "city": "昆明"
  },
  {
    "url": "http://hd.8264.com/xianlu-163388",
    "img": "http://img.qunawan.com/ecmme/wan/xl/goods/20170429/201704291803438412_listfull.jpg",
    "title": "丽江租车包车 最全车型近百款 中巴大巴豪车也有（2日行程）",
    "money": "150",
    "date": "09/22",
    "city": "丽江"
  },
  {
    "url": "http://hd.8264.com/xianlu-163385",
    "img": "http://img.qunawan.com/ecmme/wan/xl/goods/20170429/201704291217442906_listfull.jpg",
    "title": "青海湖 祁连 门源精品 高原明珠 东方瑞士（2日行程）",
    "money": "780",
    "date": "09/22",
    "city": "西宁"
  },
  {
    "url": "http://hd.8264.com/xianlu-163383",
    "img": "http://img.qunawan.com/ecmme/wan/xl/goods/20170429/201704290813072151_listfull.jpg",
    "title": "漠河精品自助游漠河北极村北红村（3日行程）",
    "money": "680",
    "date": "09/22",
    "city": "大兴"
  },
  {
    "url": "http://hd.8264.com/xianlu-163381",
    "img": "http://img.qunawan.com/ecmme/wan/xl/goods/20170428/201704281752403679_listfull.jpg",
    "title": "塔尔寺 贵德 人文与自然的结合 精神与视觉的升华（1日行程）",
    "money": "420",
    "date": "09/22",
    "city": "西宁"
  },
  {
    "url": "http://hd.8264.com/xianlu-163376",
    "img": "http://img.qunawan.com/ecmme/wan/xl/goods/20170428/201704281558283056_listfull.jpg",
    "title": "丽江旅行新玩法 房车自驾 专业旅拍（1日行程）",
    "money": "498",
    "date": "09/22",
    "city": "丽江"
  },
  {
    "url": "http://hd.8264.com/xianlu-163374",
    "img": "http://img.qunawan.com/ecmme/wan/xl/goods/20170428/201704281446592271_listfull.jpg",
    "title": "呼伦贝尔阿尔山漠河南北全线（12日行程）",
    "money": "4800",
    "date": "09/22",
    "city": "呼伦"
  },
  {
    "url": "http://hd.8264.com/xianlu-163367",
    "img": "http://img.qunawan.com/ecmme/wan/xl/goods/20170428/201704281107234019_listfull.jpg",
    "title": "F线 跑男录制地阿尔山 呼伦贝尔南北大环线纵马驰骋（8日行程）",
    "money": "2880",
    "date": "09/22",
    "city": "呼伦"
  },
  {
    "url": "http://hd.8264.com/xianlu-163365",
    "img": "http://img.qunawan.com/ecmme/wan/xl/goods/20170428/201704281055274891_listfull.jpg",
    "title": "蜀山传奇 四姑娘山丹巴新都桥贡嘎山伍须海VIP精品摄影小包团（7日行程）",
    "money": "2780",
    "date": "09/23",
    "city": "成都"
  },
  {
    "url": "http://hd.8264.com/xianlu-163364",
    "img": "http://img.qunawan.com/ecmme/wan/xl/goods/20170428/201704281047437505_listfull.jpg",
    "title": "E线 2017呼伦贝尔策马奔腾穿越大草原（6日行程）",
    "money": "1980",
    "date": "09/22",
    "city": "呼伦"
  },
  {
    "url": "http://hd.8264.com/xianlu-163361",
    "img": "http://img.qunawan.com/ecmme/wan/xl/goods/20170428/201704281037438736_listfull.jpg",
    "title": "履约色达 若尔盖年保色达新都桥甘孜环线 VIP精品摄影小包团（7日行程）",
    "money": "3550",
    "date": "09/23",
    "city": "成都"
  },
  {
    "url": "http://hd.8264.com/xianlu-163356",
    "img": "http://img.qunawan.com/ecmme/wan/xl/goods/20170428/201704281010337751_listfull.jpg",
    "title": "穿越佛国净土 走进最后香格里拉 色达稻亚VIP精品摄影小包团（8日行程）",
    "money": "3280",
    "date": "09/22",
    "city": "成都"
  },
  {
    "url": "http://hd.8264.com/xianlu-163346",
    "img": "http://img.qunawan.com/ecmme/wan/xl/goods/20170427/201704272200018899_listfull.jpg",
    "title": "贡嘎全线穿越 老榆林 贡嘎寺 子梅垭口 巴望海 泡草科温泉（7日行程）",
    "money": "2880",
    "date": "09/23",
    "city": "成都"
  },
  {
    "url": "http://hd.8264.com/xianlu-163345",
    "img": "http://img.qunawan.com/ecmme/wan/xl/goods/20170427/201704272156243018_listfull.jpg",
    "title": "木雅朝圣 贡嘎西南坡徒步（5日行程）",
    "money": "2280",
    "date": "09/30",
    "city": "成都"
  },
  {
    "url": "http://hd.8264.com/xianlu-163343",
    "img": "http://img.qunawan.com/ecmme/wan/xl/goods/20170427/201704272148426192_listfull.jpg",
    "title": "雪山初登 二峰攀登 四姑娘二峰登山体验（5日行程）",
    "money": "2480",
    "date": "09/30",
    "city": "成都"
  },
  {
    "url": "http://hd.8264.com/xianlu-163341",
    "img": "http://img.qunawan.com/ecmme/wan/xl/goods/20170427/201704272140181313_listfull.jpg",
    "title": "七藏探秘 毗邻黄龙的极致美景七藏沟徒步（6日行程）",
    "money": "2680",
    "date": "09/30",
    "city": "成都"
  },
  {
    "url": "http://hd.8264.com/xianlu-163332",
    "img": "http://img.qunawan.com/ecmme/wan/xl/goods/20170427/201704271707013952_listfull.jpg",
    "title": "呼伦贝尔 与你不见不散（6日行程）",
    "money": "2000",
    "date": "09/22",
    "city": "呼伦"
  },
  {
    "url": "http://hd.8264.com/xianlu-163329",
    "img": "http://img.qunawan.com/ecmme/wan/xl/goods/20170427/201704271642004636_listfull.jpeg",
    "title": "呼伦贝尔骑马穿越纯玩自由行（7日行程）",
    "money": "2980",
    "date": "09/22",
    "city": "呼伦"
  },
  {
    "url": "http://hd.8264.com/xianlu-163305",
    "img": "http://img.qunawan.com/ecmme/wan/xl/goods/20170427/201704271113024696_listfull.jpg",
    "title": "梦幻流沙穿越行金沙湾青海湖黑马河茶卡盐湖祁连草原百里油菜花（4日行程）",
    "money": "1000",
    "date": "09/22",
    "city": "西宁"
  },
  {
    "url": "http://hd.8264.com/xianlu-163303",
    "img": "http://img.qunawan.com/ecmme/wan/xl/goods/20170427/201704271045427614_listfull.jpg",
    "title": "徒步长坪沟 四姑娘山三峰攀登（1日行程）",
    "money": "2280",
    "date": "09/22",
    "city": "成都"
  }
]