[
  {
    "url": "http://hd.8264.com/xianlu-163299",
    "img": "http://img.qunawan.com/ecmme/wan/xl/goods/20170427/201704271025242786_listfull.jpg",
    "title": "探访梦中的香格里拉 海螺沟 稻城亚丁深度游（8日行程）",
    "money": "2780",
    "date": "09/22",
    "city": "成都"
  },
  {
    "url": "http://hd.8264.com/xianlu-163295",
    "img": "http://img.qunawan.com/ecmme/wan/xl/goods/20170427/201704270937352988_listfull.jpg",
    "title": "聂脚沟娘娘顶轻户外徒步 雪山云海带回家（2日行程）",
    "money": "298",
    "date": "09/22",
    "city": "成都"
  },
  {
    "url": "http://hd.8264.com/xianlu-163276",
    "img": "http://img.qunawan.com/ecmme/wan/xl/goods/20170426/201704262039357672_listfull.jpg",
    "title": "徒步体验冰斗 森林 和 高山（7日行程）",
    "money": "5024",
    "date": "09/22",
    "city": "圣马"
  },
  {
    "url": "http://hd.8264.com/xianlu-168784",
    "img": "http://img.qunawan.com/ecmme/wan/xl/goods/20170711/201707111405533499_listfull.jpg",
    "title": "川藏线进青藏线出 越野车驾车 包车 川进青出（16日行程）",
    "money": "4800",
    "date": "09/22",
    "city": "成都"
  },
  {
    "url": "http://hd.8264.com/xianlu-163271",
    "img": "http://img.qunawan.com/ecmme/wan/xl/goods/20170426/201704261729496765_listfull.jpg",
    "title": "探访最后的摩梭女儿国 中国爱情海 追寻爱情的浪漫之旅（4日行程）",
    "money": "880",
    "date": "09/28",
    "city": "成都"
  },
  {
    "url": "http://hd.8264.com/xianlu-163253",
    "img": "http://img.qunawan.com/ecmme/wan/xl/goods/20170426/201704261410079616_listfull.jpg",
    "title": "西宁至塔尔寺贵德青海湖茶卡盐湖祁连门源 拼车自由行（4日行程）",
    "money": "1380",
    "date": "09/22",
    "city": "西宁"
  },
  {
    "url": "http://hd.8264.com/xianlu-163242",
    "img": "http://img.qunawan.com/ecmme/wan/xl/goods/20170426/201704261119091253_listfull.png",
    "title": "5至55座成都旅游汽车公司 川藏 川西 越野（1日行程）",
    "money": "100",
    "date": "09/22",
    "city": "成都"
  },
  {
    "url": "http://hd.8264.com/xianlu-163232",
    "img": "http://img.qunawan.com/ecmme/wan/xl/goods/20170426/201704261019001768_listfull.jpg",
    "title": "九寨沟黄龙静海游（3日行程）",
    "money": "520",
    "date": "09/22",
    "city": "成都"
  },
  {
    "url": "http://hd.8264.com/xianlu-163239",
    "img": "http://img.qunawan.com/ecmme/wan/xl/goods/20170426/201704261100437645_listfull.jpg",
    "title": "峨眉山乐山游（2日行程）",
    "money": "450",
    "date": "09/22",
    "city": "四川"
  },
  {
    "url": "http://hd.8264.com/xianlu-163213",
    "img": "http://img.qunawan.com/ecmme/wan/xl/goods/20170425/201704251957497732_listfull.jpg",
    "title": "安吉老榧树农庄（1日行程）",
    "money": "200",
    "date": "09/22",
    "city": "安庆"
  },
  {
    "url": "http://hd.8264.com/xianlu-163205",
    "img": "http://img.qunawan.com/ecmme/wan/xl/goods/20170425/201704251651064443_listfull.jpg",
    "title": "七彩云南D线 徒步者天堂之雨崩村 虎跳峡 朝圣梅里雪山（7日行程）",
    "money": "1980",
    "date": "09/25",
    "city": "丽江"
  },
  {
    "url": "http://hd.8264.com/xianlu-163206",
    "img": "http://img.qunawan.com/ecmme/wan/xl/goods/20170425/201704251754065456_listfull.jpg",
    "title": "呼伦贝尔大草原深度游（5日行程）",
    "money": "2880",
    "date": "09/22",
    "city": "呼伦"
  },
  {
    "url": "http://hd.8264.com/xianlu-163200",
    "img": "http://img.qunawan.com/ecmme/wan/xl/goods/20170425/201704251631243113_listfull.jpg",
    "title": "七彩云南C线 柔情丽江 泸沽湖 香格里拉 虎跳峡 普达措（5日行程）",
    "money": "1980",
    "date": "09/23",
    "city": "丽江"
  },
  {
    "url": "http://hd.8264.com/xianlu-163189",
    "img": "http://img.qunawan.com/ecmme/wan/xl/goods/20170425/201704251550101793_listfull.png",
    "title": "候鸟回归 塔尔寺 贵德 鸟岛 黑马河 祁连 七彩丹霞 门源（5日行程）",
    "money": "1700",
    "date": "09/22",
    "city": "西宁"
  },
  {
    "url": "http://hd.8264.com/xianlu-163177",
    "img": "http://img.qunawan.com/ecmme/wan/xl/goods/20170425/201704251534033913_listfull.png",
    "title": "野三坡百里峡 十渡孤山寨 玻璃栈道 划竹筏 休闲摄影（2日行程）",
    "money": "298",
    "date": "09/23",
    "city": "北京"
  },
  {
    "url": "http://hd.8264.com/xianlu-163171",
    "img": "http://img.qunawan.com/ecmme/wan/xl/goods/20170425/201704251458092765_listfull.png",
    "title": "野三坡百里峡 十渡孤山寨 玻璃栈道 划竹筏 休闲摄影（2日行程）",
    "money": "298",
    "date": "09/23",
    "city": "北京"
  },
  {
    "url": "http://hd.8264.com/xianlu-163158",
    "img": "http://img.qunawan.com/ecmme/wan/xl/goods/20170425/201704251319374534_listfull.jpg",
    "title": "川西环线 色达配稻城亚丁 G317配G318（8日行程）",
    "money": "2380",
    "date": "09/22",
    "city": "成都"
  },
  {
    "url": "http://hd.8264.com/xianlu-163157",
    "img": "http://img.qunawan.com/ecmme/wan/xl/goods/20170425/201704251315273704_listfull.jpg",
    "title": "神秘甘南 神话色达（8日行程）",
    "money": "1880",
    "date": "09/22",
    "city": "西宁"
  },
  {
    "url": "http://hd.8264.com/xianlu-163155",
    "img": "http://img.qunawan.com/ecmme/wan/xl/goods/20170425/201704251135372620_listfull.jpg",
    "title": "完美落地自驾 新疆大海道寻宝探险之旅（6日行程）",
    "money": "5800",
    "date": "09/22",
    "city": "重庆"
  },
  {
    "url": "http://hd.8264.com/xianlu-163135",
    "img": "http://img.qunawan.com/ecmme/wan/xl/goods/20170425/201704250801166176_listfull.jpg",
    "title": "中国仙本那 湖北恩施大峡谷 鹿院坪 清江古河床（3日行程）",
    "money": "699",
    "date": "09/23",
    "city": "恩施"
  }
]