[
  {
    "url": "http://hd.8264.com/xianlu-171731",
    "img": "http://img.qunawan.com/ecmme/wan/xl/goods/20170909/201709092328086097_listfull.jpg",
    "title": "川西精华深度摄影 海螺沟 丹巴藏寨 稻城亚丁 四姑娘山（9日行程）",
    "money": "3980",
    "date": "10/21",
    "city": "成都"
  },
  {
    "url": "http://hd.8264.com/xianlu-171704",
    "img": "http://img.qunawan.com/ecmme/wan/xl/goods/20170908/201709081435001530_listfull.jpg",
    "title": "2017国庆 阿里南 珠峰 冈仁波齐 古格王朝（8日行程）",
    "money": "3800",
    "date": "09/23",
    "city": "拉萨"
  },
  {
    "url": "http://hd.8264.com/xianlu-171488",
    "img": "http://img.qunawan.com/ecmme/wan/xl/goods/20170905/201709050009594443_listfull.jpg",
    "title": "中国十大经典徒步路线 四姑娘山长坪沟穿越毕棚沟 长穿毕（5日行程）",
    "money": "2380",
    "date": "09/23",
    "city": "成都"
  },
  {
    "url": "http://hd.8264.com/xianlu-171435",
    "img": "http://img.qunawan.com/ecmme/wan/xl/goods/20170904/201709041204167993_listfull.jpg",
    "title": "南疆胡杨林摄影（10日行程）",
    "money": "2600",
    "date": "10/20",
    "city": "乌鲁"
  },
  {
    "url": "http://hd.8264.com/xianlu-171375",
    "img": "http://img.qunawan.com/ecmme/wan/xl/goods/20170902/201709021548534768_listfull.jpg",
    "title": "成都1至3人臻品VIP攀岩定制团（1日行程）",
    "money": "800",
    "date": "09/22",
    "city": "成都"
  },
  {
    "url": "http://hd.8264.com/xianlu-171295",
    "img": "http://img.qunawan.com/ecmme/wan/xl/goods/20170901/201709011231215012_listfull.jpg",
    "title": "终极越野 丙察察进藏 怒江 独龙江 察隅县 拉萨（10日行程）",
    "money": "4600",
    "date": "09/29",
    "city": "昆明"
  },
  {
    "url": "http://hd.8264.com/xianlu-171268",
    "img": "http://img.qunawan.com/ecmme/wan/xl/goods/20170901/201709010656359659_listfull.jpg",
    "title": "四姑娘山大峰攀登 人生第一个5000 东方的阿尔卑斯（4日行程）",
    "money": "1780",
    "date": "10/03",
    "city": "成都"
  },
  {
    "url": "http://hd.8264.com/xianlu-171228",
    "img": "http://img.qunawan.com/ecmme/wan/xl/goods/20170831/201708311337048627_listfull.jpg",
    "title": "2017国庆川藏线进青藏线出 川进青出 送羊湖特惠（15日行程）",
    "money": "4800",
    "date": "09/22",
    "city": "成都"
  },
  {
    "url": "http://hd.8264.com/xianlu-171230",
    "img": "http://img.qunawan.com/ecmme/wan/xl/goods/20170831/201708311426574365_listfull.jpg",
    "title": "2017国庆年保玉则仙女湖 妖女湖 上下日干措经典穿越（5日行程）",
    "money": "2980",
    "date": "09/23",
    "city": "成都"
  },
  {
    "url": "http://hd.8264.com/xianlu-170987",
    "img": "http://img.qunawan.com/ecmme/wan/xl/goods/20170828/201708281009579762_listfull.jpg",
    "title": "越野川藏行（16日行程）",
    "money": "5800",
    "date": "09/22",
    "city": "成都"
  },
  {
    "url": "http://hd.8264.com/xianlu-170772",
    "img": "http://img.qunawan.com/ecmme/wan/xl/goods/20170823/201708231413082838_listfull.jpg",
    "title": "2017国庆节穿越草原腹地纵马奔腾呼伦贝尔大草原（6日行程）",
    "money": "3880",
    "date": "09/30",
    "city": "上海"
  },
  {
    "url": "http://hd.8264.com/xianlu-170754",
    "img": "http://img.qunawan.com/ecmme/wan/xl/goods/20170823/201708231049532442_listfull.jpg",
    "title": "国庆节一号线路 江西武功山穿越 武功山温泉（5日行程）",
    "money": "500",
    "date": "10/02",
    "city": "上海"
  },
  {
    "url": "http://hd.8264.com/xianlu-170438",
    "img": "http://img.qunawan.com/ecmme/wan/xl/goods/20170816/201708162347424402_listfull.jpg",
    "title": "雪山之颠 四姑娘山二峰 长坪沟穿越毕棚沟（6日行程）",
    "money": "3000",
    "date": "09/23",
    "city": "成都"
  },
  {
    "url": "http://hd.8264.com/xianlu-170437",
    "img": "http://img.qunawan.com/ecmme/wan/xl/goods/20170816/201708162344003290_listfull.jpg",
    "title": "越野丙察察进藏 探秘独龙江 丙中洛（10日行程）",
    "money": "4600",
    "date": "09/29",
    "city": "昆明"
  },
  {
    "url": "http://hd.8264.com/xianlu-170172",
    "img": "http://img.qunawan.com/ecmme/wan/xl/goods/20170810/201708101805152500_listfull.jpg",
    "title": "相约国庆 稻城亚丁 一起看一场秋天的童话（9日行程）",
    "money": "3180",
    "date": "09/23",
    "city": "成都"
  },
  {
    "url": "http://hd.8264.com/xianlu-170086",
    "img": "http://img.qunawan.com/ecmme/wan/xl/goods/20170808/201708081629056287_listfull.jpg",
    "title": "额济纳全景 动车 额济纳胡杨林 敦煌 金塔胡杨林（8日行程）",
    "money": "4180",
    "date": "09/28",
    "city": "兰州"
  },
  {
    "url": "http://hd.8264.com/xianlu-169964",
    "img": "http://img.qunawan.com/ecmme/wan/xl/goods/20170804/201708040954046052_listfull.png",
    "title": "色达 稻城亚丁 317国道 318国道 经典环线（8日行程）",
    "money": "2380",
    "date": "09/22",
    "city": "成都"
  },
  {
    "url": "http://hd.8264.com/xianlu-169953",
    "img": "http://img.qunawan.com/ecmme/wan/xl/goods/20170919/201709191038482737_listfull.jpg",
    "title": "经典徒步穿越贡嘎西南坡 顶级摄影专线 冷噶措 子梅垭口（6日行程）",
    "money": "2480",
    "date": "10/14",
    "city": "成都"
  },
  {
    "url": "http://hd.8264.com/xianlu-169865",
    "img": "http://img.qunawan.com/ecmme/wan/xl/goods/20170802/201708021755349555_listfull.jpg",
    "title": "ABC Poon Hill徒步 尼泊尔 安纳普尔纳 布恩山（13日行程）",
    "money": "4580",
    "date": "09/23",
    "city": "加德"
  },
  {
    "url": "http://hd.8264.com/xianlu-169763",
    "img": "http://img.qunawan.com/ecmme/wan/xl/goods/20170731/201707312130449234_listfull.jpg",
    "title": "伊犁 喀纳斯环线（8日行程）",
    "money": "6500",
    "date": "09/22",
    "city": "乌鲁"
  }
]