[
  {
    "url": "http://hd.8264.com/xianlu-163127",
    "img": "http://img.qunawan.com/ecmme/wan/xl/goods/20170424/201704242216459233_listfull.jpg",
    "title": "四姑娘二峰（4日行程）",
    "money": "1900",
    "date": "09/22",
    "city": "成都"
  },
  {
    "url": "http://hd.8264.com/xianlu-163126",
    "img": "http://img.qunawan.com/ecmme/wan/xl/goods/20170424/201704242055437142_listfull.jpeg",
    "title": "呼伦贝尔自助游指南 甩掉景区（7日行程）",
    "money": "2288",
    "date": "09/26",
    "city": "呼伦"
  },
  {
    "url": "http://hd.8264.com/xianlu-163094",
    "img": "http://img.qunawan.com/ecmme/wan/xl/goods/20170424/201704241649527481_listfull.jpg",
    "title": "贡嘎 子梅垭口 巴王海（3日行程）",
    "money": "580",
    "date": "09/22",
    "city": "成都"
  },
  {
    "url": "http://hd.8264.com/xianlu-163090",
    "img": "http://img.qunawan.com/ecmme/wan/xl/goods/20170424/201704241550311935_listfull.jpg",
    "title": "醉美西北经典小环线拼车游 品质纯玩 零购物（3日行程）",
    "money": "1100",
    "date": "09/22",
    "city": "西宁"
  },
  {
    "url": "http://hd.8264.com/xianlu-163080",
    "img": "http://img.qunawan.com/ecmme/wan/xl/goods/20170424/201704241500134669_listfull.png",
    "title": "宝石猎人营 张北寻宝石小分队 招募营员（2日行程）",
    "money": "980",
    "date": "09/22",
    "city": "北京"
  },
  {
    "url": "http://hd.8264.com/xianlu-163076",
    "img": "http://img.qunawan.com/ecmme/wan/xl/goods/20170424/201704241447227247_listfull.jpg",
    "title": "丙察察进藏（10日行程）",
    "money": "4600",
    "date": "09/28",
    "city": "昆明"
  },
  {
    "url": "http://hd.8264.com/xianlu-163064",
    "img": "http://img.qunawan.com/ecmme/wan/xl/goods/20170424/201704241308124555_listfull.jpg",
    "title": "轻户外8人拼团 色达 马尔康 甘孜 稻城亚丁 新都桥 海螺沟（9日行程）",
    "money": "2950",
    "date": "09/22",
    "city": "成都"
  },
  {
    "url": "http://hd.8264.com/xianlu-163054",
    "img": "http://img.qunawan.com/ecmme/wan/xl/goods/20170424/201704241018105553_listfull.jpg",
    "title": "2017休闲之旅 漠河 海拉尔 阿尔山精品自由行（10日行程）",
    "money": "3480",
    "date": "09/22",
    "city": "大兴"
  },
  {
    "url": "http://hd.8264.com/xianlu-163048",
    "img": "http://img.qunawan.com/ecmme/wan/xl/goods/20170424/201704241008312272_listfull.jpg",
    "title": "2017漠河夏季攻略 漠河旅游 夏季原生态三天两晚精品之旅（3日行程）",
    "money": "680",
    "date": "09/22",
    "city": "大兴"
  },
  {
    "url": "http://hd.8264.com/xianlu-163045",
    "img": "http://img.qunawan.com/ecmme/wan/xl/goods/20170424/201704240930559440_listfull.png",
    "title": "延庆海陀山扎营 两天观云海 赏星空 赏花休闲游（2日行程）",
    "money": "120",
    "date": "09/23",
    "city": "北京"
  },
  {
    "url": "http://hd.8264.com/xianlu-163021",
    "img": "http://img.qunawan.com/ecmme/wan/xl/goods/20170423/201704231618273398_listfull.jpg",
    "title": "越南越美深度玩转西贡 大叻 芽庄 美奈 全年多期（8日行程）",
    "money": "3900",
    "date": "09/22",
    "city": "胡志"
  },
  {
    "url": "http://hd.8264.com/xianlu-163020",
    "img": "http://img.qunawan.com/ecmme/wan/xl/goods/20170423/201704231606381910_listfull.jpeg",
    "title": "鲸鲨共舞蓝色杜马盖地 全年多期（7日行程）",
    "money": "3580",
    "date": "09/22",
    "city": "杜马"
  },
  {
    "url": "http://hd.8264.com/xianlu-163017",
    "img": "http://img.qunawan.com/ecmme/wan/xl/goods/20170423/201704231540278278_listfull.jpg",
    "title": "呼伦贝尔6天6晚超值畅游 纯原生态体验（6日行程）",
    "money": "2000",
    "date": "09/22",
    "city": "呼伦"
  },
  {
    "url": "http://hd.8264.com/xianlu-163016",
    "img": "http://img.qunawan.com/ecmme/wan/xl/goods/20170423/201704231522341960_listfull.jpg",
    "title": "一错再错 西藏阿里大环线 终极摄影 越野探险之旅（13日行程）",
    "money": "6500",
    "date": "09/23",
    "city": "拉萨"
  },
  {
    "url": "http://hd.8264.com/xianlu-163015",
    "img": "http://img.qunawan.com/ecmme/wan/xl/goods/20170423/201704231518166113_listfull.jpg",
    "title": "从泰北玫瑰清迈一直到浪漫天堂拜县的静心之旅（7日行程）",
    "money": "2480",
    "date": "09/22",
    "city": "清迈"
  },
  {
    "url": "http://hd.8264.com/xianlu-168953",
    "img": "http://img.qunawan.com/ecmme/wan/xl/goods/20170713/201707130919051390_listfull.jpg",
    "title": "国庆深秋 四姑娘山长坪沟徒步 二峰攀登 挑战极限（6日行程）",
    "money": "2480",
    "date": "09/30",
    "city": "四川"
  },
  {
    "url": "http://hd.8264.com/xianlu-162990",
    "img": "http://img.qunawan.com/ecmme/wan/xl/goods/20170422/201704221753216779_listfull.jpg",
    "title": "青海湖拼车精品游（1日行程）",
    "money": "200",
    "date": "09/22",
    "city": "西宁"
  },
  {
    "url": "http://hd.8264.com/xianlu-162985",
    "img": "http://img.qunawan.com/ecmme/wan/xl/goods/20170422/201704221642209265_listfull.jpg",
    "title": "呼伦贝尔家庭自助游导航仪（13日行程）",
    "money": "387",
    "date": "09/22",
    "city": "呼伦"
  },
  {
    "url": "http://hd.8264.com/xianlu-162964",
    "img": "http://img.qunawan.com/ecmme/wan/xl/goods/20170422/201704221015309562_listfull.jpg",
    "title": "呼伦贝尔探寻边境 寻迹中俄蒙线路（7日行程）",
    "money": "500",
    "date": "09/22",
    "city": "呼伦"
  },
  {
    "url": "http://hd.8264.com/xianlu-170412",
    "img": "http://img.qunawan.com/ecmme/wan/xl/goods/20170824/201708240918437847_listfull.jpg",
    "title": "九色甘南 拉卜楞寺 扎尕那 郎木寺 花湖 九曲黄河 年宝玉则（7日行程）",
    "money": "2680",
    "date": "09/23",
    "city": "成都"
  }
]