[
  {
    "url": "http://hd.8264.com/xianlu-162950",
    "img": "http://img.qunawan.com/ecmme/wan/xl/goods/20170505/201705051551135389_listfull.jpg",
    "title": "丝绸之路 张掖丹霞 莫高窟 鸣沙山月牙泉 青海湖 雅丹魔鬼城（9日行程）",
    "money": "2980",
    "date": "09/23",
    "city": "兰州"
  },
  {
    "url": "http://hd.8264.com/xianlu-162948",
    "img": "http://img.qunawan.com/ecmme/wan/xl/goods/20170421/201704211707444580_listfull.jpg",
    "title": "甘南大环线 扎尕那 郎木寺 花湖 年保 拉卜楞寺行摄（8日行程）",
    "money": "3480",
    "date": "09/23",
    "city": "兰州"
  },
  {
    "url": "http://hd.8264.com/xianlu-162943",
    "img": "http://img.qunawan.com/ecmme/wan/xl/goods/20170421/201704211637157065_listfull.jpg",
    "title": "九色甘南 扎尕那村 若尔盖 拉卜楞寺 尕海湖 黄河九曲环线（7日行程）",
    "money": "2980",
    "date": "09/23",
    "city": "成都"
  },
  {
    "url": "http://hd.8264.com/xianlu-162947",
    "img": "http://img.qunawan.com/ecmme/wan/xl/goods/20170421/201704211718265079_listfull.jpg",
    "title": "九寨环线 黄龙 毕棚沟 九曲日落 若尔盖花湖舒适慢旅（7日行程）",
    "money": "2980",
    "date": "09/23",
    "city": "成都"
  },
  {
    "url": "http://hd.8264.com/xianlu-162941",
    "img": "http://img.qunawan.com/ecmme/wan/xl/goods/20170421/201704211607449110_listfull.jpg",
    "title": "漠河 北极村 北红村夏季之旅（3日行程）",
    "money": "150",
    "date": "09/22",
    "city": "漠河"
  },
  {
    "url": "http://hd.8264.com/xianlu-162935",
    "img": "http://img.qunawan.com/ecmme/wan/xl/goods/20170421/201704211502214920_listfull.jpg",
    "title": "嵊泗214米 大洋山岛（1日行程）",
    "money": "139",
    "date": "09/24",
    "city": "上海"
  },
  {
    "url": "http://hd.8264.com/xianlu-162933",
    "img": "http://img.qunawan.com/ecmme/wan/xl/goods/20170421/201704211457227889_listfull.jpg",
    "title": "德清725米 王位山古道（1日行程）",
    "money": "99",
    "date": "09/24",
    "city": "上海"
  },
  {
    "url": "http://hd.8264.com/xianlu-162932",
    "img": "http://img.qunawan.com/ecmme/wan/xl/goods/20170421/201704211454333498_listfull.jpg",
    "title": "慈溪424米 栲栳山古道（1日行程）",
    "money": "99",
    "date": "09/23",
    "city": "上海"
  },
  {
    "url": "http://hd.8264.com/xianlu-162929",
    "img": "http://img.qunawan.com/ecmme/wan/xl/goods/20170421/201704211426181996_listfull.jpg",
    "title": "吴兴560米 霞幕山古道（1日行程）",
    "money": "99",
    "date": "09/23",
    "city": "上海"
  },
  {
    "url": "http://hd.8264.com/xianlu-162928",
    "img": "http://img.qunawan.com/ecmme/wan/xl/goods/20170421/201704211319435644_listfull.jpg",
    "title": "天堂草原 森林 胡泊 原生态摄影经典路线（1日行程）",
    "money": "450",
    "date": "09/25",
    "city": "呼伦"
  },
  {
    "url": "http://hd.8264.com/xianlu-162923",
    "img": "http://img.qunawan.com/ecmme/wan/xl/goods/20170421/201704211147191799_listfull.jpg",
    "title": "漠河旅游 呼伦贝尔丰田霸道包车（1日行程）",
    "money": "800",
    "date": "09/22",
    "city": "呼伦"
  },
  {
    "url": "http://hd.8264.com/xianlu-162922",
    "img": "http://img.qunawan.com/ecmme/wan/xl/goods/20170421/201704211134113018_listfull.jpg",
    "title": "漠河旅游格瑞斯商务车为您服务（4日行程）",
    "money": "300",
    "date": "09/22",
    "city": "大兴"
  },
  {
    "url": "http://hd.8264.com/xianlu-162920",
    "img": "http://img.qunawan.com/ecmme/wan/xl/goods/20170421/201704211054214948_listfull.jpg",
    "title": "漠河晓宇车队 福特全顺旅游包车（3日行程）",
    "money": "200",
    "date": "09/22",
    "city": "大兴"
  },
  {
    "url": "http://hd.8264.com/xianlu-162916",
    "img": "http://img.qunawan.com/ecmme/wan/xl/goods/20170421/201704211015192870_listfull.jpg",
    "title": "贵州全景九日游 秘境茂兰 荔波 镇远 西江苗寨 果树深度纯玩（9日行程）",
    "money": "3980",
    "date": "09/23",
    "city": "贵阳"
  },
  {
    "url": "http://hd.8264.com/xianlu-162911",
    "img": "http://img.qunawan.com/ecmme/wan/xl/goods/20170421/201704212115206355_listfull.jpg",
    "title": "怀柔云蒙山包车休闲娱乐自驾游俱乐部轰趴聚会（2日行程）",
    "money": "220",
    "date": "09/22",
    "city": "北京"
  },
  {
    "url": "http://hd.8264.com/xianlu-162908",
    "img": "http://img.qunawan.com/ecmme/wan/xl/goods/20170421/201704210833193545_listfull.jpg",
    "title": "履约色达若尔盖草原 花湖 九曲黄河 年保玉则 色达 甘孜环线（8日行程）",
    "money": "3550",
    "date": "09/23",
    "city": "成都"
  },
  {
    "url": "http://hd.8264.com/xianlu-162906",
    "img": "http://img.qunawan.com/ecmme/wan/xl/goods/20170421/201704211407412155_listfull.jpg",
    "title": "大漠孤烟直 画个圈圈去旅行 青海甘肃6日大环线拼车自由行（6日行程）",
    "money": "1300",
    "date": "09/22",
    "city": "西宁"
  },
  {
    "url": "http://hd.8264.com/xianlu-165542",
    "img": "http://img.qunawan.com/ecmme/wan/xl/goods/20170524/201705240833425286_listfull.jpg",
    "title": "亲子线路 漠河 呼伦贝尔 休闲游（7日行程）",
    "money": "2180",
    "date": "09/22",
    "city": "大兴"
  },
  {
    "url": "http://hd.8264.com/xianlu-162875",
    "img": "http://img.qunawan.com/ecmme/wan/xl/goods/20170420/201704201629064431_listfull.jpg",
    "title": "与众 步 同 彩徒 拓展 嗨翻腾格里（2日行程）",
    "money": "588",
    "date": "09/22",
    "city": "银川"
  },
  {
    "url": "http://hd.8264.com/xianlu-162865",
    "img": "http://img.qunawan.com/ecmme/wan/xl/goods/20170420/201704201615301039_listfull.jpg",
    "title": "四姑娘山 稻城亚丁 林芝 拉萨 318川藏南线（11日行程）",
    "money": "5800",
    "date": "09/28",
    "city": "成都"
  }
]