[
  {
    "url": "http://hd.8264.com/xianlu-162850",
    "img": "http://img.qunawan.com/ecmme/wan/xl/goods/20170420/201704201551404962_listfull.jpg",
    "title": "四姑娘山长坪沟 毕棚沟穿越徒步活动（6日行程）",
    "money": "2480",
    "date": "09/30",
    "city": "成都"
  },
  {
    "url": "http://hd.8264.com/xianlu-162847",
    "img": "http://img.qunawan.com/ecmme/wan/xl/goods/20170420/201704201541226740_listfull.png",
    "title": "妙曼之旅 若尔盖大草原环线（3日行程）",
    "money": "480",
    "date": "09/22",
    "city": "成都"
  },
  {
    "url": "http://hd.8264.com/xianlu-162886",
    "img": "http://img.qunawan.com/ecmme/wan/xl/goods/20170420/201704201805202505_listfull.jpeg",
    "title": "行走喜马拉雅 尼泊尔之经典ABC徒步（11日行程）",
    "money": "3900",
    "date": "10/01",
    "city": "加德"
  },
  {
    "url": "http://hd.8264.com/xianlu-162841",
    "img": "http://img.qunawan.com/ecmme/wan/xl/goods/20170420/201704201524585101_listfull.jpg",
    "title": "四姑娘 丹巴 新都桥 贡嘎山 伍须海摄影（8日行程）",
    "money": "2780",
    "date": "09/23",
    "city": "成都"
  },
  {
    "url": "http://hd.8264.com/xianlu-162836",
    "img": "http://img.qunawan.com/ecmme/wan/xl/goods/20170420/201704201502319959_listfull.jpg",
    "title": "丝绸之路张掖嘉峪关敦煌茶卡盐 青海湖环线 探访青海绝景（9日行程）",
    "money": "3880",
    "date": "09/23",
    "city": "西宁"
  },
  {
    "url": "http://hd.8264.com/xianlu-162834",
    "img": "http://img.qunawan.com/ecmme/wan/xl/goods/20170420/201704201511548150_listfull.jpeg",
    "title": "毗邻黄龙的极致美景 七藏沟徒步 摄影露营魅力体验（7日行程）",
    "money": "2680",
    "date": "09/30",
    "city": "成都"
  },
  {
    "url": "http://hd.8264.com/xianlu-162805",
    "img": "http://img.qunawan.com/ecmme/wan/xl/goods/20170420/201704201313551435_listfull.png",
    "title": "十渡孤山寨 观瀑布 蹦极 挑战玻璃栈道 划竹筏（2日行程）",
    "money": "299",
    "date": "09/23",
    "city": "北京"
  },
  {
    "url": "http://hd.8264.com/xianlu-162813",
    "img": "http://img.qunawan.com/ecmme/wan/xl/goods/20170420/201704201351246740_listfull.jpg",
    "title": "蜀山传奇四姑娘山 丹巴 新都桥 贡嘎山 伍须海海螺沟深度摄影（8日行程）",
    "money": "2780",
    "date": "09/23",
    "city": "成都"
  },
  {
    "url": "http://hd.8264.com/xianlu-162812",
    "img": "http://img.qunawan.com/ecmme/wan/xl/goods/20170420/201704201357174500_listfull.jpg",
    "title": "贡嘎西南坡经典徒步穿越 朝拜蜀山之王 无露营（6日行程）",
    "money": "2280",
    "date": "09/30",
    "city": "成都"
  },
  {
    "url": "http://hd.8264.com/xianlu-162789",
    "img": "http://img.qunawan.com/ecmme/wan/xl/goods/20170420/201704201143582901_listfull.png",
    "title": "渤海明珠翡翠岛 滦州古镇夜景 滑沙 做沙雕（2日行程）",
    "money": "260",
    "date": "09/23",
    "city": "北京"
  },
  {
    "url": "http://hd.8264.com/xianlu-162761",
    "img": "http://img.qunawan.com/ecmme/wan/xl/goods/20170420/201704201033021792_listfull.png",
    "title": "承德避暑山庄 魁星楼 小布达拉宫（2日行程）",
    "money": "368",
    "date": "09/23",
    "city": "北京"
  },
  {
    "url": "http://hd.8264.com/xianlu-162752",
    "img": "http://img.qunawan.com/ecmme/wan/xl/goods/20170420/201704200926106813_listfull.png",
    "title": "易水湖太行水镇品小吃赏夜景赤壁外景地清西陵千佛森林（2日行程）",
    "money": "290",
    "date": "09/23",
    "city": "北京"
  },
  {
    "url": "http://hd.8264.com/xianlu-162744",
    "img": "http://img.qunawan.com/ecmme/wan/xl/goods/20170419/201704192210191062_listfull.png",
    "title": "大环线丝绸之路 茶卡盐湖 敦煌 青海湖 嘉峪关月牙泉张掖（7日行程）",
    "money": "2300",
    "date": "09/22",
    "city": "西宁"
  },
  {
    "url": "http://hd.8264.com/xianlu-162743",
    "img": "http://img.qunawan.com/ecmme/wan/xl/goods/20170419/201704192201314724_listfull.png",
    "title": "丝路之路 可可西里 张掖 莫高窟 青海湖大环线（8日行程）",
    "money": "2700",
    "date": "09/22",
    "city": "兰州"
  },
  {
    "url": "http://hd.8264.com/xianlu-162738",
    "img": "http://img.qunawan.com/ecmme/wan/xl/goods/20170419/201704192134064444_listfull.png",
    "title": "醉美第三极 穿越无人区阿里环线 越野车（18日行程）",
    "money": "15800",
    "date": "09/22",
    "city": "拉萨"
  },
  {
    "url": "http://hd.8264.com/xianlu-162736",
    "img": "http://img.qunawan.com/ecmme/wan/xl/goods/20170419/201704192119221164_listfull.png",
    "title": "醉美第三极 林芝 雅鲁藏布江大峡谷 拉姆拉措 羊湖环线（4日行程）",
    "money": "1899",
    "date": "09/22",
    "city": "拉萨"
  },
  {
    "url": "http://hd.8264.com/xianlu-162723",
    "img": "http://img.qunawan.com/ecmme/wan/xl/goods/20170419/201704191817582601_listfull.jpg",
    "title": "最后的色达 五明佛学院 坛城 卓克基羌藏寨 天葬 4日行程（4日行程）",
    "money": "680",
    "date": "09/22",
    "city": "成都"
  },
  {
    "url": "http://hd.8264.com/xianlu-162718",
    "img": "http://img.qunawan.com/ecmme/wan/xl/goods/20170419/201704191801138197_listfull.jpg",
    "title": "色达稻亚 佛国净土 走进最后香格里拉 色达 稻城亚丁（9日行程）",
    "money": "3280",
    "date": "09/22",
    "city": "成都"
  },
  {
    "url": "http://hd.8264.com/xianlu-162692",
    "img": "http://img.qunawan.com/ecmme/wan/xl/goods/20170419/201704191623198189_listfull.jpg",
    "title": "入门级雪山攀登 四姑娘山二峰（4日行程）",
    "money": "2480",
    "date": "09/22",
    "city": "成都"
  },
  {
    "url": "http://hd.8264.com/xianlu-162673",
    "img": "http://img.qunawan.com/ecmme/wan/xl/goods/20170419/201704191638359134_listfull.jpg",
    "title": "最北漠河邂逅北极光 最美呼伦贝尔草原全线（8日行程）",
    "money": "3080",
    "date": "09/22",
    "city": "哈尔"
  }
]