[
  {
    "url": "http://hd.8264.com/xianlu-162657",
    "img": "http://img.qunawan.com/ecmme/wan/xl/goods/20170419/201704191406408756_listfull.jpg",
    "title": "醉美腾格里（3日行程）",
    "money": "2680",
    "date": "10/02",
    "city": "银川"
  },
  {
    "url": "http://hd.8264.com/xianlu-162644",
    "img": "http://img.qunawan.com/ecmme/wan/xl/goods/20170419/201704191224214670_listfull.jpg",
    "title": "稻城亚丁 海螺沟 冰川 温泉 新都桥 稻城 318段深度游（7日行程）",
    "money": "2900",
    "date": "09/22",
    "city": "成都"
  },
  {
    "url": "http://hd.8264.com/xianlu-162647",
    "img": "http://img.qunawan.com/ecmme/wan/xl/goods/20170419/201704191639577654_listfull.jpg",
    "title": "慢游系列 品味慢游 乐在途中 呼伦贝尔大草原深度体验（6日行程）",
    "money": "1780",
    "date": "09/22",
    "city": "呼伦"
  },
  {
    "url": "http://hd.8264.com/xianlu-172050",
    "img": "http://img.qunawan.com/ecmme/wan/xl/goods/20170916/201709161126188327_listfull.jpg",
    "title": "最美达瓦更扎看日出 观云海 看星空（2日行程）",
    "money": "480",
    "date": "09/28",
    "city": "成都"
  },
  {
    "url": "http://hd.8264.com/xianlu-162611",
    "img": "http://img.qunawan.com/ecmme/wan/xl/goods/20170419/201704191014455656_listfull.jpg",
    "title": "绩溪 小黄山（3日行程）",
    "money": "159",
    "date": "09/22",
    "city": "上海"
  },
  {
    "url": "http://hd.8264.com/xianlu-162609",
    "img": "http://img.qunawan.com/ecmme/wan/xl/goods/20170419/201704191007316112_listfull.jpg",
    "title": "柯桥452米 上青古道 挖笋（1日行程）",
    "money": "99",
    "date": "09/24",
    "city": "上海"
  },
  {
    "url": "http://hd.8264.com/xianlu-162603",
    "img": "http://img.qunawan.com/ecmme/wan/xl/goods/20170419/201704190946539170_listfull.jpg",
    "title": "露营圣地 轿顶山游 暑假最好的选择（2日行程）",
    "money": "398",
    "date": "09/29",
    "city": "成都"
  },
  {
    "url": "http://hd.8264.com/xianlu-162596",
    "img": "http://img.qunawan.com/ecmme/wan/xl/goods/20170418/201704182339438692_listfull.jpg",
    "title": "新疆全境旅游摄影 私家小团 新款丰田霸道包车游（1日行程）",
    "money": "1000",
    "date": "09/22",
    "city": "乌鲁"
  },
  {
    "url": "http://hd.8264.com/xianlu-170965",
    "img": "http://img.qunawan.com/ecmme/wan/xl/goods/20170827/201708271126482041_listfull.png",
    "title": "黄金盛宴 2017国庆相约金秋额济纳旗胡杨林 摄影之旅（9日行程）",
    "money": "3980",
    "date": "09/28",
    "city": "西宁"
  },
  {
    "url": "http://hd.8264.com/xianlu-162581",
    "img": "http://img.qunawan.com/ecmme/wan/xl/goods/20170710/201707101343412360_listfull.jpg",
    "title": "穿过沙漠峡谷 走进金色胡杨 呼唤帕米尔的风（14日行程）",
    "money": "5200",
    "date": "10/21",
    "city": "乌鲁"
  },
  {
    "url": "http://hd.8264.com/xianlu-162569",
    "img": "http://img.qunawan.com/ecmme/wan/xl/goods/20170418/201704181644569214_listfull.jpg",
    "title": "贡嘎老榆林全线徒步完美穿越摄影之旅（8日行程）",
    "money": "2880",
    "date": "09/23",
    "city": "成都"
  },
  {
    "url": "http://hd.8264.com/xianlu-162566",
    "img": "http://img.qunawan.com/ecmme/wan/xl/goods/20170418/201704181634569563_listfull.jpg",
    "title": "最美川西 九寨黄龙 花湖 唐克 年保玉则深度游（8日行程）",
    "money": "2980",
    "date": "09/23",
    "city": "成都"
  },
  {
    "url": "http://hd.8264.com/xianlu-162557",
    "img": "http://img.qunawan.com/ecmme/wan/xl/goods/20170418/201704181554245569_listfull.jpg",
    "title": "经典环线 色达 稻城亚丁新都桥317 318深度游（7日行程）",
    "money": "3280",
    "date": "09/22",
    "city": "成都"
  },
  {
    "url": "http://hd.8264.com/xianlu-162553",
    "img": "http://img.qunawan.com/ecmme/wan/xl/goods/20170418/201704181552157274_listfull.jpg",
    "title": "佛国色达 色达 五明佛学院 远离喧嚣的佛国净土（4日行程）",
    "money": "780",
    "date": "09/24",
    "city": "成都"
  },
  {
    "url": "http://hd.8264.com/xianlu-162546",
    "img": "http://img.qunawan.com/ecmme/wan/xl/goods/20170418/201704181513005611_listfull.png",
    "title": "清远古龙峡猛龙漂 小北江渔家宴（1日行程）",
    "money": "168",
    "date": "09/22",
    "city": "深圳"
  },
  {
    "url": "http://hd.8264.com/xianlu-162542",
    "img": "http://img.qunawan.com/ecmme/wan/xl/goods/20170418/201704181458403065_listfull.jpg",
    "title": "大漠风情之旅行摄青海湖茶卡盐湖敦煌雅丹魔鬼城 嘉峪关（9日行程）",
    "money": "2980",
    "date": "09/23",
    "city": "兰州"
  },
  {
    "url": "http://hd.8264.com/xianlu-162530",
    "img": "http://img.qunawan.com/ecmme/wan/xl/goods/20170418/201704181422211210_listfull.jpg",
    "title": "走进最后香格里拉 色达 稻城亚丁9日（9日行程）",
    "money": "3280",
    "date": "09/22",
    "city": "成都"
  },
  {
    "url": "http://hd.8264.com/xianlu-162528",
    "img": "http://img.qunawan.com/ecmme/wan/xl/goods/20170418/201704181433162742_listfull.jpg",
    "title": "走进传说中的仙境 七藏沟徒步 七藏沟穿越 媲美 九寨沟 黄龙（6日行程）",
    "money": "2880",
    "date": "09/22",
    "city": "成都"
  },
  {
    "url": "http://hd.8264.com/xianlu-162514",
    "img": "http://img.qunawan.com/ecmme/wan/xl/goods/20170418/201704181150087224_listfull.jpg",
    "title": "佛国净土 走进最后香格里拉 色达 稻城亚丁行摄（9日行程）",
    "money": "3280",
    "date": "09/22",
    "city": "成都"
  },
  {
    "url": "http://hd.8264.com/xianlu-162513",
    "img": "http://img.qunawan.com/ecmme/wan/xl/goods/20170418/201704181131005763_listfull.jpg",
    "title": "2017西藏 川藏线 稻城亚丁 羊湖11日自驾游行程（11日行程）",
    "money": "3800",
    "date": "09/24",
    "city": "成都"
  }
]