[
  {
    "url": "http://hd.8264.com/xianlu-162510",
    "img": "http://img.qunawan.com/ecmme/wan/xl/goods/20170418/201704181122443509_listfull.jpg",
    "title": "丝绸之路 大漠风情之旅 青海湖 茶卡盐湖 敦煌 雅丹魔鬼城（9日行程）",
    "money": "2980",
    "date": "09/23",
    "city": "兰州"
  },
  {
    "url": "http://hd.8264.com/xianlu-162508",
    "img": "http://img.qunawan.com/ecmme/wan/xl/goods/20170418/201704181115341058_listfull.jpg",
    "title": "2017西藏 川藏线 稻城亚丁 羊湖 青藏线自驾游行程（18日行程）",
    "money": "3800",
    "date": "09/24",
    "city": "成都"
  },
  {
    "url": "http://hd.8264.com/xianlu-162506",
    "img": "http://img.qunawan.com/ecmme/wan/xl/goods/20170418/201704181103509593_listfull.jpg",
    "title": "甘南大环线 扎尕那 郎木寺 花湖 年保 拉卜楞寺行摄（8日行程）",
    "money": "3480",
    "date": "09/23",
    "city": "兰州"
  },
  {
    "url": "http://hd.8264.com/xianlu-162501",
    "img": "http://img.qunawan.com/ecmme/wan/xl/goods/20170418/201704181028084435_listfull.jpg",
    "title": "贵州全景（9日行程）",
    "money": "4280",
    "date": "09/23",
    "city": "贵阳"
  },
  {
    "url": "http://hd.8264.com/xianlu-162492",
    "img": "http://img.qunawan.com/ecmme/wan/xl/goods/20170418/201704180930366917_listfull.jpg",
    "title": "党岭穿越 丹巴党岭 道孚经典徒步穿越 探寻天堂里的秘境（7日行程）",
    "money": "3180",
    "date": "10/01",
    "city": "成都"
  },
  {
    "url": "http://hd.8264.com/xianlu-162463",
    "img": "http://img.qunawan.com/ecmme/wan/xl/goods/20170417/201704171812219134_listfull.jpg",
    "title": "四姑娘山长坪沟毕棚沟穿越（5日行程）",
    "money": "2480",
    "date": "09/30",
    "city": "成都"
  },
  {
    "url": "http://hd.8264.com/xianlu-162461",
    "img": "http://img.qunawan.com/ecmme/wan/xl/goods/20170417/201704171759138498_listfull.jpg",
    "title": "二峰攀登 四姑娘二峰登山（5日行程）",
    "money": "2480",
    "date": "09/30",
    "city": "成都"
  },
  {
    "url": "http://hd.8264.com/xianlu-162459",
    "img": "http://img.qunawan.com/ecmme/wan/xl/goods/20170417/201704171752467527_listfull.jpg",
    "title": "朝圣蜀山之王 贡嘎全线徒步（7日行程）",
    "money": "2880",
    "date": "09/23",
    "city": "成都"
  },
  {
    "url": "http://hd.8264.com/xianlu-162450",
    "img": "http://img.qunawan.com/ecmme/wan/xl/goods/20170418/201704181058513712_listfull.jpg",
    "title": "追寻秘境仙乡 野性七藏沟经典徒步穿越（7日行程）",
    "money": "2680",
    "date": "09/30",
    "city": "成都"
  },
  {
    "url": "http://hd.8264.com/xianlu-162448",
    "img": "http://img.qunawan.com/ecmme/wan/xl/goods/20170417/2017041715353210000_listfull.jpg",
    "title": "四姑娘山长坪沟穿越毕棚沟 中国十大经典徒步线路之一（6日行程）",
    "money": "2480",
    "date": "09/30",
    "city": "成都"
  },
  {
    "url": "http://hd.8264.com/xianlu-162446",
    "img": "http://img.qunawan.com/ecmme/wan/xl/goods/20170417/201704171557092798_listfull.jpg",
    "title": "重装徒步大明山 后山勇者穿越 体验过瘾攀登（3日行程）",
    "money": "398",
    "date": "09/22",
    "city": "南京"
  },
  {
    "url": "http://hd.8264.com/xianlu-162444",
    "img": "http://img.qunawan.com/ecmme/wan/xl/goods/20170417/201704171541159347_listfull.jpg",
    "title": "原生态与人文之旅 穿越怒江大峡谷 探秘独龙江深度游（7日行程）",
    "money": "2480",
    "date": "09/23",
    "city": "丽江"
  },
  {
    "url": "http://hd.8264.com/xianlu-162421",
    "img": "http://img.qunawan.com/ecmme/wan/xl/goods/20170417/201704171217157958_listfull.jpg",
    "title": "探秘传说中的仙境 七藏沟穿越（7日行程）",
    "money": "2680",
    "date": "09/30",
    "city": "成都"
  },
  {
    "url": "http://hd.8264.com/xianlu-162415",
    "img": "http://img.qunawan.com/ecmme/wan/xl/goods/20170417/201704171128399153_listfull.jpg",
    "title": "初级雪山攀登 四姑娘山长坪沟徒步 二峰攀登（6日行程）",
    "money": "2480",
    "date": "09/30",
    "city": "成都"
  },
  {
    "url": "http://hd.8264.com/xianlu-162405",
    "img": "http://img.qunawan.com/ecmme/wan/xl/goods/20170417/201704171040052145_listfull.jpg",
    "title": "喀纳斯伊犁环线活动（12日行程）",
    "money": "6800",
    "date": "09/22",
    "city": "安庆"
  },
  {
    "url": "http://hd.8264.com/xianlu-162376",
    "img": "http://img.qunawan.com/ecmme/wan/xl/goods/20170416/201704162050523472_listfull.jpg",
    "title": "哈尔滨 扎龙湿地 柴河月亮小镇 阿尔山 满洲里大美环线（9日行程）",
    "money": "3650",
    "date": "09/22",
    "city": "安庆"
  },
  {
    "url": "http://hd.8264.com/xianlu-162367",
    "img": "http://img.qunawan.com/ecmme/wan/xl/goods/20170416/201704161621294953_listfull.jpg",
    "title": "一路向北 漠河 北极村两日游（2日行程）",
    "money": "400",
    "date": "09/22",
    "city": "大兴"
  },
  {
    "url": "http://hd.8264.com/xianlu-162355",
    "img": "http://img.qunawan.com/ecmme/wan/xl/goods/20170416/201704161559187640_listfull.png",
    "title": "承德避暑山庄 魁星楼 隐藏在大山深处的小布达拉宫休闲摄影游（2日行程）",
    "money": "368",
    "date": "09/23",
    "city": "承德"
  },
  {
    "url": "http://hd.8264.com/xianlu-162349",
    "img": "http://img.qunawan.com/ecmme/wan/xl/goods/20170416/201704161447005558_listfull.jpg",
    "title": "一路向北 漠河找北边境游（4日行程）",
    "money": "780",
    "date": "09/22",
    "city": "大兴"
  },
  {
    "url": "http://hd.8264.com/xianlu-162339",
    "img": "http://img.qunawan.com/ecmme/wan/xl/goods/20170713/201707131341247131_listfull.jpg",
    "title": "2017年雪山攀登 四姑娘山 三峰攀登 尝试雪山技术攀登（4日行程）",
    "money": "2380",
    "date": "09/22",
    "city": "成都"
  }
]