[
  {
    "url": "http://hd.8264.com/xianlu-162337",
    "img": "http://img.qunawan.com/ecmme/wan/xl/goods/20170416/201704161058168528_listfull.png",
    "title": "花海田园情 诗画狼牙山 太行水镇 油菜园 挑战棋盘陀（2日行程）",
    "money": "290",
    "date": "09/23",
    "city": "张家"
  },
  {
    "url": "http://hd.8264.com/xianlu-162333",
    "img": "http://img.qunawan.com/ecmme/wan/xl/goods/20170415/201704152235204993_listfull.jpg",
    "title": "云南深度游 元阳 普者黑 坝美 抚仙湖 东川 罗平（9日行程）",
    "money": "3600",
    "date": "09/23",
    "city": "昆明"
  },
  {
    "url": "http://hd.8264.com/xianlu-169386",
    "img": "http://img.qunawan.com/ecmme/wan/xl/goods/20170723/201707231100234357_listfull.jpg",
    "title": "经典徒步 泸沽湖穿越亚丁（10日行程）",
    "money": "5580",
    "date": "09/23",
    "city": "丽江"
  },
  {
    "url": "http://hd.8264.com/xianlu-162373",
    "img": "http://img.qunawan.com/ecmme/wan/xl/goods/20170416/201704162027412839_listfull.jpg",
    "title": "体验异国风情 2017呼伦贝尔草原 俄罗斯踩线活动（6日行程）",
    "money": "2080",
    "date": "09/22",
    "city": "安庆"
  },
  {
    "url": "http://hd.8264.com/xianlu-166856",
    "img": "http://img.qunawan.com/ecmme/wan/xl/goods/20170613/201706131236152597_listfull.jpg",
    "title": "异域之旅徒步 尼泊尔之经典安娜普尔娜ABC 鱼尾峰MBC（11日行程）",
    "money": "3900",
    "date": "10/01",
    "city": "加德"
  },
  {
    "url": "http://hd.8264.com/xianlu-162301",
    "img": "http://img.qunawan.com/ecmme/wan/xl/goods/20170414/201704141552438735_listfull.jpg",
    "title": "九寨后花园 七藏沟徒步（6日行程）",
    "money": "2680",
    "date": "09/30",
    "city": "四川"
  },
  {
    "url": "http://hd.8264.com/xianlu-162298",
    "img": "http://img.qunawan.com/ecmme/wan/xl/goods/20170414/201704141445138483_listfull.jpeg",
    "title": "大美九色（8日行程）",
    "money": "3280",
    "date": "09/23",
    "city": "成都"
  },
  {
    "url": "http://hd.8264.com/xianlu-162286",
    "img": "http://img.qunawan.com/ecmme/wan/xl/goods/20170414/201704141141487920_listfull.jpg",
    "title": "川西环线摄影（6日行程）",
    "money": "3180",
    "date": "09/23",
    "city": "成都"
  },
  {
    "url": "http://hd.8264.com/xianlu-162271",
    "img": "http://img.qunawan.com/ecmme/wan/xl/goods/20170414/201704140904325646_listfull.jpg",
    "title": "九寨 黄龙 若尔盖草原 花湖 年保玉则 休闲旅游摄影（7日行程）",
    "money": "3380",
    "date": "09/23",
    "city": "成都"
  },
  {
    "url": "http://hd.8264.com/xianlu-162270",
    "img": "http://img.qunawan.com/ecmme/wan/xl/goods/20170414/201704140515368101_listfull.jpg",
    "title": "尼泊尔轻奢全程高端酒店含加都博卡拉机票（8日行程）",
    "money": "5200",
    "date": "09/23",
    "city": "加德"
  },
  {
    "url": "http://hd.8264.com/xianlu-162243",
    "img": "http://img.qunawan.com/ecmme/wan/xl/goods/20170413/201704131506137046_listfull.jpg",
    "title": "七藏探秘（7日行程）",
    "money": "2680",
    "date": "09/30",
    "city": "成都"
  },
  {
    "url": "http://hd.8264.com/xianlu-162242",
    "img": "http://img.qunawan.com/ecmme/wan/xl/goods/20170427/201704271211586318_listfull.jpg",
    "title": "2017年川藏大环线 为高反队友制定的行程（17日行程）",
    "money": "5800",
    "date": "09/25",
    "city": "成都"
  },
  {
    "url": "http://hd.8264.com/xianlu-162240",
    "img": "http://img.qunawan.com/ecmme/wan/xl/goods/20170413/201704131443597122_listfull.png",
    "title": "格聂神山转山及措普沟越野深度旅行8日（8日行程）",
    "money": "6500",
    "date": "09/23",
    "city": "成都"
  },
  {
    "url": "http://hd.8264.com/xianlu-162238",
    "img": "http://img.qunawan.com/ecmme/wan/xl/goods/20170413/201704131437017913_listfull.png",
    "title": "月坨岛 中国马尔代夫 享乐海上温泉 醉美水上木屋 休闲游活动（2日行程）",
    "money": "249",
    "date": "09/23",
    "city": "唐山"
  },
  {
    "url": "http://hd.8264.com/xianlu-166484",
    "img": "http://img.qunawan.com/ecmme/wan/xl/goods/20170607/201706071713475477_listfull.jpg",
    "title": "最经典的呼伦贝尔草原深度穿越线（4日行程）",
    "money": "1350",
    "date": "09/22",
    "city": "呼伦"
  },
  {
    "url": "http://hd.8264.com/xianlu-168661",
    "img": "http://img.qunawan.com/ecmme/wan/xl/goods/20170710/201707101354078550_listfull.jpg",
    "title": "尼泊尔安娜普尔那大本营ABC徒步（11日行程）",
    "money": "3900",
    "date": "09/23",
    "city": "加德"
  },
  {
    "url": "http://hd.8264.com/xianlu-162217",
    "img": "http://img.qunawan.com/ecmme/wan/xl/goods/20170413/201704131114131759_listfull.jpg",
    "title": "呼伦贝尔草原森林胡泊野线穿越穷游（6日行程）",
    "money": "450",
    "date": "09/25",
    "city": "呼伦"
  },
  {
    "url": "http://hd.8264.com/xianlu-162215",
    "img": "http://img.qunawan.com/ecmme/wan/xl/goods/20170413/201704131120173874_listfull.jpg",
    "title": "蚂蚁种树的伙伴看过来（1日行程）",
    "money": "148",
    "date": "09/22",
    "city": "银川"
  },
  {
    "url": "http://hd.8264.com/xianlu-162211",
    "img": "http://img.qunawan.com/ecmme/wan/xl/goods/20170412/201704121831563948_listfull.jpg",
    "title": "最美川西经典环线 佛国色达 稻城亚丁 新都桥深度游（9日行程）",
    "money": "3580",
    "date": "09/22",
    "city": "成都"
  },
  {
    "url": "http://hd.8264.com/xianlu-162208",
    "img": "http://img.qunawan.com/ecmme/wan/xl/goods/20170413/201704131105466092_listfull.jpg",
    "title": "探索神秘草原（5日行程）",
    "money": "2780",
    "date": "09/22",
    "city": "呼伦"
  }
]