[
  {
    "url": "http://hd.8264.com/xianlu-162203",
    "img": "http://img.qunawan.com/ecmme/wan/xl/goods/20170413/201704131034071910_listfull.jpg",
    "title": "五一节 九寨沟仙境 黄龙瑶池 若尔盖草原 花湖湿地 年保玉则（7日行程）",
    "money": "2980",
    "date": "09/23",
    "city": "成都"
  },
  {
    "url": "http://hd.8264.com/xianlu-162207",
    "img": "http://img.qunawan.com/ecmme/wan/xl/goods/20170413/201704131036174634_listfull.jpeg",
    "title": "呼伦贝尔小时向导带您游大草原大森林（6日行程）",
    "money": "100",
    "date": "09/25",
    "city": "呼伦"
  },
  {
    "url": "http://hd.8264.com/xianlu-162199",
    "img": "http://img.qunawan.com/ecmme/wan/xl/goods/20170413/201704131023456469_listfull.jpg",
    "title": "五一节 四姑娘山长坪沟徒步适应高海拔 二峰攀登 初级雪山攀登（5日行程）",
    "money": "2480",
    "date": "09/30",
    "city": "成都"
  },
  {
    "url": "http://hd.8264.com/xianlu-162192",
    "img": "http://img.qunawan.com/ecmme/wan/xl/goods/20170413/201704130940547514_listfull.jpg",
    "title": "踏寻户外私人订制四姑娘山嘛尼寨周末特色游（3日行程）",
    "money": "780",
    "date": "09/22",
    "city": "成都"
  },
  {
    "url": "http://hd.8264.com/xianlu-162183",
    "img": "http://img.qunawan.com/ecmme/wan/xl/goods/20170413/201704130910281496_listfull.jpg",
    "title": "五一推荐 九寨 黄龙 若尔盖草原 花湖 年保玉则 醉美摄影（7日行程）",
    "money": "2980",
    "date": "09/23",
    "city": "成都"
  },
  {
    "url": "http://hd.8264.com/xianlu-162189",
    "img": "http://img.qunawan.com/ecmme/wan/xl/goods/20170413/201704130942143422_listfull.jpeg",
    "title": "海螺沟 稻城亚丁 丹巴藏寨 四姑娘山环线深度摄影（8日行程）",
    "money": "2780",
    "date": "09/23",
    "city": "安庆"
  },
  {
    "url": "http://hd.8264.com/xianlu-163265",
    "img": "http://img.qunawan.com/ecmme/wan/xl/goods/20170426/201704261647478763_listfull.jpg",
    "title": "哈尔滨 漠河 北红村 北极村 穿越原始森林 中俄边境（5日行程）",
    "money": "1980",
    "date": "09/22",
    "city": "哈尔"
  },
  {
    "url": "http://hd.8264.com/xianlu-167044",
    "img": "http://img.qunawan.com/ecmme/wan/xl/goods/20170615/201706151411561179_listfull.jpg",
    "title": "一票两天畅玩双岛 金沙岛 菩提岛（2日行程）",
    "money": "320",
    "date": "09/22",
    "city": "唐山"
  },
  {
    "url": "http://hd.8264.com/xianlu-171822",
    "img": "http://img.qunawan.com/ecmme/wan/xl/goods/20170912/201709121107366114_listfull.jpg",
    "title": "中国十大经典徒步 四姑娘山长坪沟穿越毕棚沟 长穿毕（5日行程）",
    "money": "2580",
    "date": "10/02",
    "city": "成都"
  },
  {
    "url": "http://hd.8264.com/xianlu-167713",
    "img": "http://img.qunawan.com/ecmme/wan/xl/goods/20170626/201706261003267168_listfull.jpg",
    "title": "九色甘南 拉卜楞寺 扎尕那 郎木寺 花湖 九曲黄河第一弯（6日行程）",
    "money": "2680",
    "date": "09/23",
    "city": "成都"
  },
  {
    "url": "http://hd.8264.com/xianlu-162157",
    "img": "http://img.qunawan.com/ecmme/wan/xl/goods/20170412/201704121512292356_listfull.jpg",
    "title": "漫游西藏 中环 林芝山南羊湖环线（4日行程）",
    "money": "2000",
    "date": "09/22",
    "city": "拉萨"
  },
  {
    "url": "http://hd.8264.com/xianlu-162151",
    "img": "http://img.qunawan.com/ecmme/wan/xl/goods/20170412/201704121415491389_listfull.png",
    "title": "自由行 呼伦贝尔大草原 四驱越野穿越草原行摄最美风光（7日行程）",
    "money": "3080",
    "date": "09/22",
    "city": "乌兰"
  },
  {
    "url": "http://hd.8264.com/xianlu-162144",
    "img": "http://img.qunawan.com/ecmme/wan/xl/goods/20170412/201704121400189554_listfull.jpg",
    "title": "欢聚东戴河 给梦想一片海 吃海鲜大餐（2日行程）",
    "money": "360",
    "date": "09/23",
    "city": "北京"
  },
  {
    "url": "http://hd.8264.com/xianlu-162147",
    "img": "http://img.qunawan.com/ecmme/wan/xl/goods/20170412/201704121429285865_listfull.jpg",
    "title": "封存千年山水画 天津北极 梨木台（1日行程）",
    "money": "154",
    "date": "09/23",
    "city": "北京"
  },
  {
    "url": "http://hd.8264.com/xianlu-162112",
    "img": "http://img.qunawan.com/ecmme/wan/xl/goods/20170411/201704112040513318_listfull.jpg",
    "title": "登云中仙境仙华山 访世外桃源嵩溪古村（2日行程）",
    "money": "450",
    "date": "10/14",
    "city": "长宁"
  },
  {
    "url": "http://hd.8264.com/xianlu-162252",
    "img": "http://img.qunawan.com/ecmme/wan/xl/goods/20170413/201704131630357161_listfull.jpg",
    "title": "成都出发峨眉山乐山包车自由行（2日行程）",
    "money": "500",
    "date": "09/22",
    "city": "成都"
  },
  {
    "url": "http://hd.8264.com/xianlu-162092",
    "img": "http://img.qunawan.com/ecmme/wan/xl/goods/20170411/201704111605367592_listfull.jpg",
    "title": "三生三世（8日行程）",
    "money": "3280",
    "date": "09/23",
    "city": "昆明"
  },
  {
    "url": "http://hd.8264.com/xianlu-169985",
    "img": "http://img.qunawan.com/ecmme/wan/xl/goods/20170804/201708041450174081_listfull.jpg",
    "title": "四姑娘山入门级雪山大峰5025米攀登活动（3日行程）",
    "money": "1280",
    "date": "09/22",
    "city": "成都"
  },
  {
    "url": "http://hd.8264.com/xianlu-162091",
    "img": "http://img.qunawan.com/ecmme/wan/xl/goods/20170411/201704111554424980_listfull.jpeg",
    "title": "十大经典徒步线路 四姑娘山长坪沟穿越毕棚沟 长穿毕（5日行程）",
    "money": "2480",
    "date": "09/30",
    "city": "成都"
  },
  {
    "url": "http://hd.8264.com/xianlu-162085",
    "img": "http://img.qunawan.com/ecmme/wan/xl/goods/20170411/201704111532302951_listfull.jpg",
    "title": "九华山（1日行程）",
    "money": "199",
    "date": "09/22",
    "city": "上海"
  }
]