[
  {
    "url": "http://hd.8264.com/xianlu-162075",
    "img": "http://img.qunawan.com/ecmme/wan/xl/goods/20170411/201704111436545949_listfull.jpg",
    "title": "蜀山之王 贡嘎转山 大环线七天穿越 7日行程（8日行程）",
    "money": "2880",
    "date": "09/23",
    "city": "指定"
  },
  {
    "url": "http://hd.8264.com/xianlu-162140",
    "img": "http://img.qunawan.com/ecmme/wan/xl/goods/20170412/201704121337376623_listfull.jpg",
    "title": "探寻铁瓦寺 问道高峰 揽美景赏古松 户外初体验（2日行程）",
    "money": "420",
    "date": "10/14",
    "city": "南京"
  },
  {
    "url": "http://hd.8264.com/xianlu-162042",
    "img": "http://img.qunawan.com/ecmme/wan/xl/goods/20170411/201704111112307732_listfull.jpg",
    "title": "大美川藏 川藏南线 滇藏线 稻城亚丁 梅里雪山 来古村（10日行程）",
    "money": "5780",
    "date": "09/22",
    "city": "成都"
  },
  {
    "url": "http://hd.8264.com/xianlu-162036",
    "img": "http://img.qunawan.com/ecmme/wan/xl/goods/20170411/201704111040192963_listfull.jpg",
    "title": "稻亚经典（8日行程）",
    "money": "2780",
    "date": "09/22",
    "city": "成都"
  },
  {
    "url": "http://hd.8264.com/xianlu-162030",
    "img": "http://img.qunawan.com/ecmme/wan/xl/goods/20170411/201704110959086681_listfull.jpg",
    "title": "大美九寨沟 黄龙 色达喇荣五明佛学院 达古冰川经典（7日行程）",
    "money": "2980",
    "date": "09/23",
    "city": "成都"
  },
  {
    "url": "http://hd.8264.com/xianlu-162022",
    "img": "http://img.qunawan.com/ecmme/wan/xl/goods/20170411/201704110856564345_listfull.jpg",
    "title": "五一重磅推荐 贡嘎西南坡5日徒步穿越 无露营 贡嘎专业户（5日行程）",
    "money": "2280",
    "date": "09/30",
    "city": "成都"
  },
  {
    "url": "http://hd.8264.com/xianlu-162004",
    "img": "http://img.qunawan.com/ecmme/wan/xl/goods/20170410/201704102143366783_listfull.png",
    "title": "北方奇山白石山国家地质公园 十瀑峡 激情体验最长玻璃栈道（2日行程）",
    "money": "330",
    "date": "09/23",
    "city": "西城"
  },
  {
    "url": "http://hd.8264.com/xianlu-162002",
    "img": "http://img.qunawan.com/ecmme/wan/xl/goods/20170410/201704102132128301_listfull.png",
    "title": "山西游 登北岳恒山 观最美风光 悬空寺 云冈石窟（2日行程）",
    "money": "280",
    "date": "09/23",
    "city": "西城"
  },
  {
    "url": "http://hd.8264.com/xianlu-161995",
    "img": "http://img.qunawan.com/ecmme/wan/xl/goods/20170410/201704101820457510_listfull.png",
    "title": "滦州古镇 北方秦淮景 南湖公园 运河唐人街 休闲摄影（2日行程）",
    "money": "329",
    "date": "09/23",
    "city": "西城"
  },
  {
    "url": "http://hd.8264.com/xianlu-161953",
    "img": "http://img.qunawan.com/ecmme/wan/xl/goods/20170410/201704101433346112_listfull.png",
    "title": "婆娑净土 九色甘南（5日行程）",
    "money": "1980",
    "date": "10/02",
    "city": "兰州"
  },
  {
    "url": "http://hd.8264.com/xianlu-161941",
    "img": "http://img.qunawan.com/ecmme/wan/xl/goods/20170410/201704101331342354_listfull.jpg",
    "title": "呼伦贝尔大兴安岭奇亁哟起（6日行程）",
    "money": "2180",
    "date": "09/22",
    "city": "呼伦"
  },
  {
    "url": "http://hd.8264.com/xianlu-170831",
    "img": "http://img.qunawan.com/ecmme/wan/xl/goods/20170824/201708241106142036_listfull.jpg",
    "title": "稻城亚丁 最后的香格里拉（6日行程）",
    "money": "1980",
    "date": "09/22",
    "city": "成都"
  },
  {
    "url": "http://hd.8264.com/xianlu-163170",
    "img": "http://img.qunawan.com/ecmme/wan/xl/goods/20170425/201704251458562854_listfull.jpg",
    "title": "川藏南 北线 滇藏线 稻城亚丁 飞来寺 山南 羊湖（11日行程）",
    "money": "3200",
    "date": "09/23",
    "city": "成都"
  },
  {
    "url": "http://hd.8264.com/xianlu-161925",
    "img": "http://img.qunawan.com/ecmme/wan/xl/goods/20170410/201704101152285884_listfull.jpg",
    "title": "越野318 川藏线 海螺沟 稻城亚丁 米堆冰川 赠送羊湖（12日行程）",
    "money": "3980",
    "date": "09/22",
    "city": "成都"
  },
  {
    "url": "http://hd.8264.com/xianlu-161909",
    "img": "http://img.qunawan.com/ecmme/wan/xl/goods/20170410/201704101045266145_listfull.jpg",
    "title": "东方的阿尔卑斯 纯玩 长坪沟 双桥沟深度体验（2日行程）",
    "money": "320",
    "date": "09/23",
    "city": "成都"
  },
  {
    "url": "http://hd.8264.com/xianlu-161906",
    "img": "http://img.qunawan.com/ecmme/wan/xl/goods/20170410/201704101101217837_listfull.jpg",
    "title": "经典海稻（7日行程）",
    "money": "2580",
    "date": "09/22",
    "city": "成都"
  },
  {
    "url": "http://hd.8264.com/xianlu-161896",
    "img": "http://img.qunawan.com/ecmme/wan/xl/goods/20170410/201704101044326286_listfull.jpg",
    "title": "西冲海边露营 烧烤 看日出 环海单车休闲游（2日行程）",
    "money": "170",
    "date": "09/23",
    "city": "深圳"
  },
  {
    "url": "http://hd.8264.com/xianlu-161895",
    "img": "http://img.qunawan.com/ecmme/wan/xl/goods/20170410/201704101043342665_listfull.jpg",
    "title": "五一重磅推荐 海螺沟 稻城亚丁 丹巴藏寨 四姑娘山环线（9日行程）",
    "money": "3180",
    "date": "09/23",
    "city": "成都"
  },
  {
    "url": "http://hd.8264.com/xianlu-161889",
    "img": "http://img.qunawan.com/ecmme/wan/xl/goods/20170410/201704101012526167_listfull.png",
    "title": "北方奇山白石山国家地质公园 十瀑峡 激情体验最长玻璃栈道（2日行程）",
    "money": "330",
    "date": "09/23",
    "city": "西城"
  },
  {
    "url": "http://hd.8264.com/xianlu-161886",
    "img": "http://img.qunawan.com/ecmme/wan/xl/goods/20170410/201704100859452036_listfull.png",
    "title": "海螺沟 新都桥 稻城亚丁 深度旅行之旅（7日行程）",
    "money": "2780",
    "date": "09/22",
    "city": "成都"
  }
]