[
  {
    "url": "http://hd.8264.com/xianlu-161874",
    "img": "http://img.qunawan.com/ecmme/wan/xl/goods/20170410/201704100844431281_listfull.jpg",
    "title": "九寨 黄龙 若尔盖草原 花湖 年保玉则 醉美摄影地方串起来（7日行程）",
    "money": "2980",
    "date": "09/23",
    "city": "成都"
  },
  {
    "url": "http://hd.8264.com/xianlu-161869",
    "img": "http://img.qunawan.com/ecmme/wan/xl/goods/20170413/201704131323366656_listfull.jpg",
    "title": "越南 越美 胡志明大叻芽庄美奈休闲度假送四岛一日游（8日行程）",
    "money": "3480",
    "date": "09/24",
    "city": "胡志"
  },
  {
    "url": "http://hd.8264.com/xianlu-161868",
    "img": "http://img.qunawan.com/ecmme/wan/xl/goods/20170410/201704100004115831_listfull.png",
    "title": "尼泊尔雪山 加德满都 帕坦 巴德岗 纳加阔特 博卡拉（7日行程）",
    "money": "3580",
    "date": "09/23",
    "city": "加德"
  },
  {
    "url": "http://hd.8264.com/xianlu-161857",
    "img": "http://img.qunawan.com/ecmme/wan/xl/goods/20170409/201704091635088569_listfull.jpg",
    "title": "越南北越情怀 南宁 东兴 下龙湾 河内 凭祥 下龙湾吉婆岛（6日行程）",
    "money": "2680",
    "date": "09/22",
    "city": "南宁"
  },
  {
    "url": "http://hd.8264.com/xianlu-161848",
    "img": "http://img.qunawan.com/ecmme/wan/xl/goods/20170409/201704091519207309_listfull.png",
    "title": "广西 桂林 阳朔 龙胜 龙脊 梯田 古东瀑布 荔浦 银子岩（6日行程）",
    "money": "2580",
    "date": "09/23",
    "city": "桂林"
  },
  {
    "url": "http://hd.8264.com/xianlu-161841",
    "img": "http://img.qunawan.com/ecmme/wan/xl/goods/20170409/201704091504234566_listfull.jpg",
    "title": "履约色达 若尔盖年保色达新都桥甘孜环线 VIP精品摄影小包团（7日行程）",
    "money": "3250",
    "date": "09/23",
    "city": "成都"
  },
  {
    "url": "http://hd.8264.com/xianlu-161838",
    "img": "http://img.qunawan.com/ecmme/wan/xl/goods/20170409/201704091440579785_listfull.jpg",
    "title": "神山贡嘎山全线徒步穿越（7日行程）",
    "money": "2880",
    "date": "09/23",
    "city": "成都"
  },
  {
    "url": "http://hd.8264.com/xianlu-170442",
    "img": "http://img.qunawan.com/ecmme/wan/xl/goods/20170817/201708170927474400_listfull.jpg",
    "title": "西岭峡谷漂流（1日行程）",
    "money": "148",
    "date": "09/22",
    "city": "成都"
  },
  {
    "url": "http://hd.8264.com/xianlu-161815",
    "img": "http://img.qunawan.com/ecmme/wan/xl/goods/20170409/201704091048479203_listfull.png",
    "title": "青藏甘三省 带车向导 兵哥哥（1日行程）",
    "money": "200",
    "date": "09/22",
    "city": "西宁"
  },
  {
    "url": "http://hd.8264.com/xianlu-161836",
    "img": "http://img.qunawan.com/ecmme/wan/xl/goods/20170409/201704091439406180_listfull.jpg",
    "title": "蜀山传奇 四姑娘山丹巴新都桥贡嘎山伍须海VIP精品摄影小包团（7日行程）",
    "money": "2580",
    "date": "09/23",
    "city": "成都"
  },
  {
    "url": "http://hd.8264.com/xianlu-161835",
    "img": "http://img.qunawan.com/ecmme/wan/xl/goods/20170409/201704091434191681_listfull.jpg",
    "title": "天界之渡 四姑娘山稻城亚丁川藏南线深度游VIP精品摄影小包团（10日行程）",
    "money": "5500",
    "date": "09/28",
    "city": "成都"
  },
  {
    "url": "http://hd.8264.com/xianlu-161834",
    "img": "http://img.qunawan.com/ecmme/wan/xl/goods/20170409/201704091430299049_listfull.jpg",
    "title": "木雅朝圣 贡嘎西南坡徒步（5日行程）",
    "money": "2080",
    "date": "09/30",
    "city": "成都"
  },
  {
    "url": "http://hd.8264.com/xianlu-161832",
    "img": "http://img.qunawan.com/ecmme/wan/xl/goods/20170409/201704091415162684_listfull.jpg",
    "title": "雪山初登 二峰攀登 四姑娘二峰登山体验（5日行程）",
    "money": "2280",
    "date": "09/30",
    "city": "成都"
  },
  {
    "url": "http://hd.8264.com/xianlu-161811",
    "img": "http://img.qunawan.com/ecmme/wan/xl/goods/20170409/201704091019054267_listfull.png",
    "title": "尼泊尔雪山 加德满都 帕坦 巴德岗 纳加阔特 奇特旺 博卡拉（7日行程）",
    "money": "3580",
    "date": "09/23",
    "city": "加德"
  },
  {
    "url": "http://hd.8264.com/xianlu-161809",
    "img": "http://img.qunawan.com/ecmme/wan/xl/goods/20170409/201704090959444690_listfull.png",
    "title": "尼泊尔全景游 休闲浪漫之旅（7日行程）",
    "money": "3580",
    "date": "09/23",
    "city": "加德"
  },
  {
    "url": "http://hd.8264.com/xianlu-161806",
    "img": "http://img.qunawan.com/ecmme/wan/xl/goods/20170409/201704090923113087_listfull.jpg",
    "title": "环青海湖自行车租赁（5日行程）",
    "money": "160",
    "date": "09/22",
    "city": "海北"
  },
  {
    "url": "http://hd.8264.com/xianlu-161829",
    "img": "http://img.qunawan.com/ecmme/wan/xl/goods/20170409/201704091408143318_listfull.jpg",
    "title": "七藏探秘 毗邻黄龙的极致美景七藏沟徒步（6日行程）",
    "money": "2480",
    "date": "09/30",
    "city": "成都"
  },
  {
    "url": "http://hd.8264.com/xianlu-161803",
    "img": "http://img.qunawan.com/ecmme/wan/xl/goods/20170409/201704090659225795_listfull.png",
    "title": "广西 桂林漓江 阳朔 龙胜龙脊梯田 古东瀑布 荔浦 银子岩（6日行程）",
    "money": "2580",
    "date": "09/23",
    "city": "桂林"
  },
  {
    "url": "http://hd.8264.com/xianlu-161801",
    "img": "http://img.qunawan.com/ecmme/wan/xl/goods/20170409/201704090240202151_listfull.jpg",
    "title": "蒙古国色楞格省豪华狩猎 自驾游活动 乌兰巴托游 垂钓 骑马（7日行程）",
    "money": "20000",
    "date": "09/22",
    "city": "乌兰"
  },
  {
    "url": "http://hd.8264.com/xianlu-161797",
    "img": "http://img.qunawan.com/ecmme/wan/xl/goods/20170408/201704082109308425_listfull.jpg",
    "title": "信仰之旅 心和灵魂的净化（8日行程）",
    "money": "2000",
    "date": "09/22",
    "city": "西宁"
  }
]