[
  {
    "url": "http://hd.8264.com/xianlu-161790",
    "img": "http://img.qunawan.com/ecmme/wan/xl/goods/20170408/201704081856349336_listfull.jpg",
    "title": "稻亚经典 海螺沟新都桥稻城亚丁深度游经典（7日行程）",
    "money": "2480",
    "date": "09/22",
    "city": "成都"
  },
  {
    "url": "http://hd.8264.com/xianlu-161789",
    "img": "http://img.qunawan.com/ecmme/wan/xl/goods/20170408/201704081851415741_listfull.jpg",
    "title": "蜀山传奇 四姑娘山丹巴新都桥贡嘎山伍须海摄影（7日行程）",
    "money": "2580",
    "date": "09/23",
    "city": "成都"
  },
  {
    "url": "http://hd.8264.com/xianlu-161786",
    "img": "http://img.qunawan.com/ecmme/wan/xl/goods/20170408/201704081839327732_listfull.jpg",
    "title": "木雅朝圣 贡嘎西南坡徒步（5日行程）",
    "money": "2080",
    "date": "09/30",
    "city": "成都"
  },
  {
    "url": "http://hd.8264.com/xianlu-161784",
    "img": "http://img.qunawan.com/ecmme/wan/xl/goods/20170408/201704081836416095_listfull.jpg",
    "title": "党岭穿越 丹巴藏寨党岭葫芦海 道孚秘境徒步穿越（6日行程）",
    "money": "2980",
    "date": "10/01",
    "city": "成都"
  },
  {
    "url": "http://hd.8264.com/xianlu-164345",
    "img": "http://img.qunawan.com/ecmme/wan/xl/goods/20170510/201705101659113645_listfull.jpg",
    "title": "阿坝精华 串联最美川西 九寨黄龙 花湖 唐克 年保玉则（8日行程）",
    "money": "3380",
    "date": "09/23",
    "city": "成都"
  },
  {
    "url": "http://hd.8264.com/xianlu-161780",
    "img": "http://img.qunawan.com/ecmme/wan/xl/goods/20170408/201704081756497937_listfull.jpg",
    "title": "七藏探秘 毗邻黄龙的极致美景七藏沟徒步（6日行程）",
    "money": "2480",
    "date": "09/30",
    "city": "成都"
  },
  {
    "url": "http://hd.8264.com/xianlu-161777",
    "img": "http://img.qunawan.com/ecmme/wan/xl/goods/20170408/201704081747271995_listfull.jpg",
    "title": "穿越佛国净土 走进最后香格里拉 色达稻城亚丁摄影之旅（8日行程）",
    "money": "2980",
    "date": "09/22",
    "city": "成都"
  },
  {
    "url": "http://hd.8264.com/xianlu-161775",
    "img": "http://img.qunawan.com/ecmme/wan/xl/goods/20170408/201704081650381393_listfull.jpg",
    "title": "穿越佛国净土 走进最后香格里拉 色达稻城亚丁摄影之旅（8日行程）",
    "money": "2980",
    "date": "09/22",
    "city": "成都"
  },
  {
    "url": "http://hd.8264.com/xianlu-161767",
    "img": "http://img.qunawan.com/ecmme/wan/xl/goods/20170408/201704081609114446_listfull.jpg",
    "title": "履约色达 若尔盖年保色达新都桥甘孜环线（7日行程）",
    "money": "3250",
    "date": "09/23",
    "city": "成都"
  },
  {
    "url": "http://hd.8264.com/xianlu-161765",
    "img": "http://img.qunawan.com/ecmme/wan/xl/goods/20170408/201704081541183548_listfull.jpg",
    "title": "稻亚经典 海螺沟新都桥稻城亚丁深度游经典（7日行程）",
    "money": "2480",
    "date": "09/22",
    "city": "成都"
  },
  {
    "url": "http://hd.8264.com/xianlu-161762",
    "img": "http://img.qunawan.com/ecmme/wan/xl/goods/20170408/201704081512322657_listfull.jpg",
    "title": "天界之渡 四姑娘山稻城亚丁川藏南线深度游（10日行程）",
    "money": "5500",
    "date": "09/28",
    "city": "成都"
  },
  {
    "url": "http://hd.8264.com/xianlu-161758",
    "img": "http://img.qunawan.com/ecmme/wan/xl/goods/20170408/201704081504388395_listfull.jpg",
    "title": "木雅朝圣 贡嘎西南坡徒步（5日行程）",
    "money": "2080",
    "date": "09/30",
    "city": "成都"
  },
  {
    "url": "http://hd.8264.com/xianlu-161753",
    "img": "http://img.qunawan.com/ecmme/wan/xl/goods/20170408/201704081441175722_listfull.jpg",
    "title": "雪山初登 二峰攀登 四姑娘二峰登山（5日行程）",
    "money": "2280",
    "date": "09/30",
    "city": "成都"
  },
  {
    "url": "http://hd.8264.com/xianlu-161749",
    "img": "http://img.qunawan.com/ecmme/wan/xl/goods/20170408/201704081345156550_listfull.jpg",
    "title": "七藏探秘 毗邻黄龙的极致美景七藏沟徒步（6日行程）",
    "money": "2480",
    "date": "09/30",
    "city": "成都"
  },
  {
    "url": "http://hd.8264.com/xianlu-161747",
    "img": "http://img.qunawan.com/ecmme/wan/xl/goods/20170408/201704081253187693_listfull.jpg",
    "title": "贡嘎全线穿越 老榆林 贡嘎寺 子梅垭口 巴望海 草科温泉（7日行程）",
    "money": "2580",
    "date": "09/23",
    "city": "成都"
  },
  {
    "url": "http://hd.8264.com/xianlu-161828",
    "img": "http://img.qunawan.com/ecmme/wan/xl/goods/20170409/201704091402576439_listfull.jpg",
    "title": "长毕经典 四姑娘山长坪沟毕棚沟穿越（5日行程）",
    "money": "2280",
    "date": "09/30",
    "city": "成都"
  },
  {
    "url": "http://hd.8264.com/xianlu-161827",
    "img": "http://img.qunawan.com/ecmme/wan/xl/goods/20170409/201704091358564435_listfull.jpg",
    "title": "贡嘎全线穿越 老榆林 贡嘎寺 子梅垭口 巴望海 草科温泉（7日行程）",
    "money": "2580",
    "date": "09/23",
    "city": "成都"
  },
  {
    "url": "http://hd.8264.com/xianlu-161743",
    "img": "http://img.qunawan.com/ecmme/wan/xl/goods/20170408/201704081142276623_listfull.png",
    "title": "福建全景游 武夷山 厦门 鼓浪屿 南靖土楼 浪漫云水谣古镇（7日行程）",
    "money": "2580",
    "date": "09/23",
    "city": "厦门"
  },
  {
    "url": "http://hd.8264.com/xianlu-163691",
    "img": "http://img.qunawan.com/ecmme/wan/xl/goods/20170504/201705041733407067_listfull.png",
    "title": "云南丽江 积木旅行A 玉龙雪山 冰川公园蓝月山谷 白水河（1日行程）",
    "money": "550",
    "date": "09/22",
    "city": "丽江"
  },
  {
    "url": "http://hd.8264.com/xianlu-161737",
    "img": "http://img.qunawan.com/ecmme/wan/xl/goods/20170408/201704081038295112_listfull.png",
    "title": "黄山 庐山 三清山 婺源 宏村 塔川 木坑竹海 江西安徽（8日行程）",
    "money": "3380",
    "date": "09/23",
    "city": "九江"
  }
]