[
  {
    "url": "http://hd.8264.com/xianlu-169663",
    "img": "http://img.qunawan.com/ecmme/wan/xl/goods/20170728/201707281523216044_listfull.jpg",
    "title": "年保玉则 黄河十八弯 若尔盖 花湖 九寨沟主题游（7日行程）",
    "money": "3380",
    "date": "09/23",
    "city": "成都"
  },
  {
    "url": "http://hd.8264.com/xianlu-169270",
    "img": "http://img.qunawan.com/ecmme/wan/xl/goods/20170719/201707191755434622_listfull.jpg",
    "title": "贡嘎转山 贡嘎山大环线完美穿越 挑战自我（7日行程）",
    "money": "2880",
    "date": "09/23",
    "city": "成都"
  },
  {
    "url": "http://hd.8264.com/xianlu-168913",
    "img": "http://img.qunawan.com/ecmme/wan/xl/goods/20170712/201707121509413548_listfull.jpg",
    "title": "天池 喀纳斯 白哈巴 禾木 五彩滩 吐鲁番（9日行程）",
    "money": "4580",
    "date": "09/22",
    "city": "乌鲁"
  },
  {
    "url": "http://hd.8264.com/xianlu-168772",
    "img": "http://img.qunawan.com/ecmme/wan/xl/goods/20170711/201707111057306450_listfull.jpg",
    "title": "蜀山之王大环线穿越 穿越挑战极限（7日行程）",
    "money": "2880",
    "date": "09/23",
    "city": "成都"
  },
  {
    "url": "http://hd.8264.com/xianlu-168440",
    "img": "http://img.qunawan.com/ecmme/wan/xl/goods/20170706/201707060130085811_listfull.jpg",
    "title": "不远千里再登武功山 只为遇见最美的你 徒步万亩高山草甸（3日行程）",
    "money": "450",
    "date": "09/28",
    "city": "深圳"
  },
  {
    "url": "http://hd.8264.com/xianlu-168182",
    "img": "http://img.qunawan.com/ecmme/wan/xl/goods/20170707/201707071244313352_listfull.png",
    "title": "出征腾格里 一次说走就走的沙漠之旅（4日行程）",
    "money": "2480",
    "date": "10/01",
    "city": "乌兰"
  },
  {
    "url": "http://hd.8264.com/xianlu-167726",
    "img": "http://img.qunawan.com/ecmme/wan/xl/goods/20170626/201706261106391486_listfull.jpg",
    "title": "西行川藏线纯玩含住宿送羊卓雍措自由行不断招集中（11日行程）",
    "money": "4980",
    "date": "09/23",
    "city": "成都"
  },
  {
    "url": "http://hd.8264.com/xianlu-167183",
    "img": "http://img.qunawan.com/ecmme/wan/xl/goods/20170617/201706171611423776_listfull.jpg",
    "title": "探秘佛国世界色达年保玉则塔公日落新都桥（7日行程）",
    "money": "2780",
    "date": "09/22",
    "city": "成都"
  },
  {
    "url": "http://hd.8264.com/xianlu-167176",
    "img": "http://img.qunawan.com/ecmme/wan/xl/goods/20170617/201706171518512312_listfull.jpg",
    "title": "穿越佛国净土 走进最后香格里拉 色达稻城亚丁经典之旅（9日行程）",
    "money": "3280",
    "date": "09/22",
    "city": "成都"
  },
  {
    "url": "http://hd.8264.com/xianlu-167170",
    "img": "http://img.qunawan.com/ecmme/wan/xl/goods/20170617/201706171436122191_listfull.jpg",
    "title": "七藏沟 探秘传说中的红星海子 长海子 鱼海子经典行程（7日行程）",
    "money": "2680",
    "date": "09/30",
    "city": "成都"
  },
  {
    "url": "http://hd.8264.com/xianlu-166947",
    "img": "http://img.qunawan.com/ecmme/wan/xl/goods/20170614/201706141313103338_listfull.jpg",
    "title": "大悟九女潭 溯溪 游泳 跳潭游（1日行程）",
    "money": "120",
    "date": "09/22",
    "city": "武汉"
  },
  {
    "url": "http://hd.8264.com/xianlu-166901",
    "img": "http://img.qunawan.com/ecmme/wan/xl/goods/20170613/201706132216214406_listfull.png",
    "title": "行摄川西 党岭葫芦海 莫斯卡土拔鼠 色达佛学院 丹巴藏寨（7日行程）",
    "money": "2980",
    "date": "09/22",
    "city": "成都"
  },
  {
    "url": "http://hd.8264.com/xianlu-166642",
    "img": "http://img.qunawan.com/ecmme/wan/xl/goods/20170609/201706091507413756_listfull.jpg",
    "title": "木雅朝圣徒步 蜀山之王贡嘎西南坡徒步穿越经典游 无露营（6日行程）",
    "money": "2280",
    "date": "09/30",
    "city": "成都"
  },
  {
    "url": "http://hd.8264.com/xianlu-166568",
    "img": "http://img.qunawan.com/ecmme/wan/xl/goods/20170608/201706081551304824_listfull.jpg",
    "title": "稻城亚丁 海螺沟经典之旅拼车自由行（7日行程）",
    "money": "1680",
    "date": "09/22",
    "city": "成都"
  },
  {
    "url": "http://hd.8264.com/xianlu-166548",
    "img": "http://img.qunawan.com/ecmme/wan/xl/goods/20170608/201706081349017510_listfull.jpg",
    "title": "圣地稻城亚丁 四姑娘山 丹巴甲居藏寨摄影之旅（8日行程）",
    "money": "2980",
    "date": "09/23",
    "city": "成都"
  },
  {
    "url": "http://hd.8264.com/xianlu-166100",
    "img": "http://img.qunawan.com/ecmme/wan/xl/goods/20170603/201706031732269905_listfull.jpeg",
    "title": "冰峰山地 蜀山之王 贡嘎全线轻装穿越挑战极限（8日行程）",
    "money": "2880",
    "date": "09/23",
    "city": "成都"
  },
  {
    "url": "http://hd.8264.com/xianlu-164761",
    "img": "http://img.qunawan.com/ecmme/wan/xl/goods/20170515/201705151712433573_listfull.jpeg",
    "title": "九寨徒步 原生态深度环线徒步 扎依扎嘎神山 扎如沟 撒龙达（8日行程）",
    "money": "3680",
    "date": "09/23",
    "city": "成都"
  },
  {
    "url": "http://hd.8264.com/xianlu-164711",
    "img": "http://img.qunawan.com/ecmme/wan/xl/goods/20170515/201705151059384238_listfull.jpg",
    "title": "国庆深秋 佛国世界色达 年保玉则 塔公日落 新都桥环线（6日行程）",
    "money": "2780",
    "date": "09/22",
    "city": "成都"
  },
  {
    "url": "http://hd.8264.com/xianlu-164322",
    "img": "http://img.qunawan.com/ecmme/wan/xl/goods/20170510/201705101546373749_listfull.png",
    "title": "上海滴水湖 淀山湖 大航海时代 帆船体验 成人 儿童（1日行程）",
    "money": "198",
    "date": "09/22",
    "city": "浦东"
  },
  {
    "url": "http://hd.8264.com/xianlu-164265",
    "img": "http://img.qunawan.com/ecmme/wan/xl/goods/20170901/201709011751311372_listfull.jpg",
    "title": "探寻秘境 追寻传说中的秘境七藏沟徒步（7日行程）",
    "money": "2680",
    "date": "09/30",
    "city": "成都"
  }
]