[
  {
    "url": "http://hd.8264.com/xianlu-161734",
    "img": "http://img.qunawan.com/ecmme/wan/xl/goods/20170408/201704081025523676_listfull.jpg",
    "title": "呼伦贝尔大手牵小手 暑期我们一起开启呼伦贝尔亲子之旅（7日行程）",
    "money": "3600",
    "date": "09/22",
    "city": "乌兰"
  },
  {
    "url": "http://hd.8264.com/xianlu-161733",
    "img": "http://img.qunawan.com/ecmme/wan/xl/goods/20170408/201704081010595946_listfull.png",
    "title": "湖南全景游 张家界 凤凰古镇 乌龙山 芙蓉镇 袁家界 天子山（7日行程）",
    "money": "2980",
    "date": "09/23",
    "city": "长沙"
  },
  {
    "url": "http://hd.8264.com/xianlu-161731",
    "img": "http://img.qunawan.com/ecmme/wan/xl/goods/20170408/201704080944591555_listfull.png",
    "title": "湖南全景游 张家界 凤凰古镇 乌龙山 芙蓉镇 袁家界 天子山（7日行程）",
    "money": "2980",
    "date": "09/23",
    "city": "长沙"
  },
  {
    "url": "http://hd.8264.com/xianlu-161730",
    "img": "http://img.qunawan.com/ecmme/wan/xl/goods/20170408/201704080950538079_listfull.jpg",
    "title": "拼车结伴 呼伦贝尔大草原户外自助游（6日行程）",
    "money": "2000",
    "date": "09/22",
    "city": "呼伦"
  },
  {
    "url": "http://hd.8264.com/xianlu-161722",
    "img": "http://img.qunawan.com/ecmme/wan/xl/goods/20170407/201704071835283040_listfull.jpg",
    "title": "AB队大美五台山朝台 台怀镇 追寻心灵的净土（3日行程）",
    "money": "280",
    "date": "09/22",
    "city": "北京"
  },
  {
    "url": "http://hd.8264.com/xianlu-161691",
    "img": "http://img.qunawan.com/ecmme/wan/xl/goods/20170407/201704071432517565_listfull.jpg",
    "title": "达尔宫户外2017全年四姑娘山三峰豪华攀登活动（5日行程）",
    "money": "2380",
    "date": "09/22",
    "city": "成都"
  },
  {
    "url": "http://hd.8264.com/xianlu-162430",
    "img": "http://img.qunawan.com/ecmme/wan/xl/goods/20170417/201704171414335868_listfull.jpg",
    "title": "十大经典徒步路线 四姑娘山长坪沟穿越毕棚沟（6日行程）",
    "money": "2480",
    "date": "09/30",
    "city": "成都"
  },
  {
    "url": "http://hd.8264.com/xianlu-161663",
    "img": "http://img.qunawan.com/ecmme/wan/xl/goods/20170407/201704071015524377_listfull.jpg",
    "title": "呼伦贝尔金秋摄影（6日行程）",
    "money": "2680",
    "date": "09/22",
    "city": "呼伦"
  },
  {
    "url": "http://hd.8264.com/xianlu-161609",
    "img": "http://img.qunawan.com/ecmme/wan/xl/goods/20170406/201704061600499650_listfull.png",
    "title": "仙本那跳岛 红树林浪漫萤火虫 丹绒亚路沙滩最美日落（7日行程）",
    "money": "4880",
    "date": "09/22",
    "city": "广州"
  },
  {
    "url": "http://hd.8264.com/xianlu-161606",
    "img": "http://img.qunawan.com/ecmme/wan/xl/goods/20170406/201704061537119950_listfull.jpg",
    "title": "贵州全景游 黄果树瀑布 黔西南 黔东南 镇远 西江苗寨（9日行程）",
    "money": "3980",
    "date": "09/23",
    "city": "贵阳"
  },
  {
    "url": "http://hd.8264.com/xianlu-161597",
    "img": "http://img.qunawan.com/ecmme/wan/xl/goods/20170406/201704061453362111_listfull.jpg",
    "title": "传说中的仙境 七藏沟徒步七藏沟穿越九寨沟 1号线2号线3号线（6日行程）",
    "money": "2680",
    "date": "09/30",
    "city": "成都"
  },
  {
    "url": "http://hd.8264.com/xianlu-161593",
    "img": "http://img.qunawan.com/ecmme/wan/xl/goods/20170406/201704061448467851_listfull.jpg",
    "title": "贡嘎山穿越 徒步贡嘎 贡嘎雪山穿越 子梅垭口贡嘎寺草科温泉（7日行程）",
    "money": "2880",
    "date": "09/23",
    "city": "成都"
  },
  {
    "url": "http://hd.8264.com/xianlu-161585",
    "img": "http://img.qunawan.com/ecmme/wan/xl/goods/20170501/201705011739573571_listfull.jpg",
    "title": "大辣甲岛 嗯哼 海岛季我们去这儿浪（2日行程）",
    "money": "468",
    "date": "09/22",
    "city": "佛山"
  },
  {
    "url": "http://hd.8264.com/xianlu-161584",
    "img": "http://img.qunawan.com/ecmme/wan/xl/goods/20170406/201704061303433648_listfull.jpg",
    "title": "圣湖到巅峰 拉萨 纳木错 日喀则 珠峰 冰川 普莫雍错 羊胡（5日行程）",
    "money": "2800",
    "date": "09/22",
    "city": "拉萨"
  },
  {
    "url": "http://hd.8264.com/xianlu-161576",
    "img": "http://img.qunawan.com/ecmme/wan/xl/goods/20170406/201704061510349582_listfull.jpg",
    "title": "祈福体验 探索佛学圣地 色达佛学院 亚青寺 新都桥 拼车（7日行程）",
    "money": "3280",
    "date": "10/01",
    "city": "成都"
  },
  {
    "url": "http://hd.8264.com/xianlu-161574",
    "img": "http://img.qunawan.com/ecmme/wan/xl/goods/20170406/201704061206327000_listfull.jpeg",
    "title": "品质纯玩 林芝 雅鲁藏布江大峡谷 拉姆拉措 羊湖环线召集（4日行程）",
    "money": "2300",
    "date": "09/22",
    "city": "拉萨"
  },
  {
    "url": "http://hd.8264.com/xianlu-165680",
    "img": "http://img.qunawan.com/ecmme/wan/xl/goods/20170525/201705251738257009_listfull.jpg",
    "title": "东川红土地 弥勒 普者黑 坝美摄影创作游（6日行程）",
    "money": "2780",
    "date": "09/23",
    "city": "昆明"
  },
  {
    "url": "http://hd.8264.com/xianlu-161523",
    "img": "http://img.qunawan.com/ecmme/wan/xl/goods/20170406/201704060927412539_listfull.jpg",
    "title": "最新呼伦贝尔北线深度户外摄影8日自助游（1日行程）",
    "money": "2680",
    "date": "09/22",
    "city": "呼伦"
  },
  {
    "url": "http://hd.8264.com/xianlu-161502",
    "img": "http://img.qunawan.com/ecmme/wan/xl/goods/20170405/201704051601087900_listfull.jpg",
    "title": "朝圣之旅 毕棚沟神山年宝玉则佛国色达（7日行程）",
    "money": "2980",
    "date": "09/23",
    "city": "成都"
  },
  {
    "url": "http://hd.8264.com/xianlu-161498",
    "img": "http://img.qunawan.com/ecmme/wan/xl/goods/20170405/201704051546559573_listfull.jpg",
    "title": "探寻秘境 追寻传说中的秘境七藏沟徒步（7日行程）",
    "money": "2580",
    "date": "09/30",
    "city": "成都"
  }
]