[
  {
    "url": "http://hd.8264.com/xianlu-161495",
    "img": "http://img.qunawan.com/ecmme/wan/xl/goods/20170405/201704051531279044_listfull.jpeg",
    "title": "初级雪山攀登 四姑娘山长坪沟徒步 二峰登山（6日行程）",
    "money": "2280",
    "date": "09/30",
    "city": "成都"
  },
  {
    "url": "http://hd.8264.com/xianlu-161492",
    "img": "http://img.qunawan.com/ecmme/wan/xl/goods/20170405/201704051512557728_listfull.jpg",
    "title": "贡嘎朝圣穿越经典 贡嘎西南坡徒步（6日行程）",
    "money": "2280",
    "date": "09/30",
    "city": "成都"
  },
  {
    "url": "http://hd.8264.com/xianlu-161499",
    "img": "http://img.qunawan.com/ecmme/wan/xl/goods/20170405/201704051553081631_listfull.jpg",
    "title": "川西环线 四姑娘山 丹巴 新都桥 稻城亚丁（8日行程）",
    "money": "2280",
    "date": "09/30",
    "city": "成都"
  },
  {
    "url": "http://hd.8264.com/xianlu-161487",
    "img": "http://img.qunawan.com/ecmme/wan/xl/goods/20170405/201704051450081659_listfull.jpg",
    "title": "辉哥带你走川藏线 全年精品拼车自驾川藏线线路推荐（13日行程）",
    "money": "3800",
    "date": "09/23",
    "city": "成都"
  },
  {
    "url": "http://hd.8264.com/xianlu-161508",
    "img": "http://img.qunawan.com/ecmme/wan/xl/goods/20170608/201706080923014217_listfull.jpg",
    "title": "成都 丹巴 拉萨318川藏线自驾游 含越野车租赁费（10日行程）",
    "money": "10480",
    "date": "10/21",
    "city": "成都"
  },
  {
    "url": "http://hd.8264.com/xianlu-161479",
    "img": "http://img.qunawan.com/ecmme/wan/xl/goods/20170405/201704051400067041_listfull.jpg",
    "title": "海盐251米 南北湖古道（1日行程）",
    "money": "99",
    "date": "09/24",
    "city": "上海"
  },
  {
    "url": "http://hd.8264.com/xianlu-162138",
    "img": "http://img.qunawan.com/ecmme/wan/xl/goods/20170412/201704121220249215_listfull.jpeg",
    "title": "广东第四高峰狗尾嶂穿越 亿年茶岩顶赏高山杜鹃（2日行程）",
    "money": "398",
    "date": "09/23",
    "city": "广州"
  },
  {
    "url": "http://hd.8264.com/xianlu-162141",
    "img": "http://img.qunawan.com/ecmme/wan/xl/goods/20170412/201704121338161764_listfull.jpg",
    "title": "坝上草原闪电湖 张北草原天路 策马奔腾 篝火晚会KTV狂欢（2日行程）",
    "money": "350",
    "date": "09/23",
    "city": "北京"
  },
  {
    "url": "http://hd.8264.com/xianlu-161476",
    "img": "http://img.qunawan.com/ecmme/wan/xl/goods/20170405/201704051327165390_listfull.jpg",
    "title": "新疆精品民俗风情体验（10日行程）",
    "money": "4480",
    "date": "09/22",
    "city": "乌鲁"
  },
  {
    "url": "http://hd.8264.com/xianlu-161466",
    "img": "http://img.qunawan.com/ecmme/wan/xl/goods/20170405/201704051119333557_listfull.jpg",
    "title": "甘南环线 遮阳山官鹅沟 扎尕那 郎木寺 花湖 年保 拉卜楞寺（8日行程）",
    "money": "3480",
    "date": "09/23",
    "city": "兰州"
  },
  {
    "url": "http://hd.8264.com/xianlu-161461",
    "img": "http://img.qunawan.com/ecmme/wan/xl/goods/20170405/201704051029388342_listfull.jpeg",
    "title": "丝绸之路风情之旅 青海湖 茶卡盐湖 敦煌魔鬼城嘉峪关张掖门源（9日行程）",
    "money": "2980",
    "date": "09/23",
    "city": "兰州"
  },
  {
    "url": "http://hd.8264.com/xianlu-161456",
    "img": "http://img.qunawan.com/ecmme/wan/xl/goods/20170405/201704051013303901_listfull.jpg",
    "title": "呼伦贝尔大草原 阿尔山南北环线8天7晚深度穿越自助游（8日行程）",
    "money": "2980",
    "date": "09/22",
    "city": "呼伦"
  },
  {
    "url": "http://hd.8264.com/xianlu-161431",
    "img": "http://img.qunawan.com/ecmme/wan/xl/goods/20170404/201704041409417484_listfull.jpg",
    "title": "专业贡嘎穿越团队 徒步贡嘎 穿越贡嘎大环线 子梅垭口（7日行程）",
    "money": "2880",
    "date": "09/23",
    "city": "成都"
  },
  {
    "url": "http://hd.8264.com/xianlu-161418",
    "img": "http://img.qunawan.com/ecmme/wan/xl/goods/20170403/201704031622479834_listfull.jpg",
    "title": "探秘传说中的仙境 七藏沟徒步 七藏沟穿越九寨沟 1号线七穿九（6日行程）",
    "money": "2680",
    "date": "09/30",
    "city": "成都"
  },
  {
    "url": "http://hd.8264.com/xianlu-161406",
    "img": "http://img.qunawan.com/ecmme/wan/xl/goods/20170403/201704031143474651_listfull.jpeg",
    "title": "蜀山之王 贡嘎山大环线完美穿越（8日行程）",
    "money": "2880",
    "date": "09/23",
    "city": "成都"
  },
  {
    "url": "http://hd.8264.com/xianlu-161402",
    "img": "http://img.qunawan.com/ecmme/wan/xl/goods/20170403/201704030243528091_listfull.jpg",
    "title": "青海湖环线游（3日行程）",
    "money": "700",
    "date": "09/22",
    "city": "西宁"
  },
  {
    "url": "http://hd.8264.com/xianlu-161392",
    "img": "http://img.qunawan.com/ecmme/wan/xl/goods/20170402/201704021351234746_listfull.jpg",
    "title": "四川达尔宫户外全年地接四姑娘山大二三峰豪华版攀登活动（5日行程）",
    "money": "2180",
    "date": "09/22",
    "city": "成都"
  },
  {
    "url": "http://hd.8264.com/xianlu-161391",
    "img": "http://img.qunawan.com/ecmme/wan/xl/goods/20170402/201704021346365399_listfull.jpg",
    "title": "四川达尔宫户外2017四姑娘山大二三峰标准版登山线路（4日行程）",
    "money": "1380",
    "date": "09/22",
    "city": "成都"
  },
  {
    "url": "http://hd.8264.com/xianlu-161388",
    "img": "http://img.qunawan.com/ecmme/wan/xl/goods/20170401/201704012154166423_listfull.jpg",
    "title": "大地无疆户外俱乐部越野车深入草原（7日行程）",
    "money": "5999",
    "date": "09/22",
    "city": "呼伦"
  },
  {
    "url": "http://hd.8264.com/xianlu-161387",
    "img": "http://img.qunawan.com/ecmme/wan/xl/goods/20170401/201704012139561436_listfull.jpg",
    "title": "穿越呼伦贝尔大草原 驾驭纯种蒙古马 探访华俄后裔（6日行程）",
    "money": "2880",
    "date": "09/22",
    "city": "呼伦"
  }
]