[
  {
    "url": "http://hd.8264.com/xianlu-161369",
    "img": "http://img.qunawan.com/ecmme/wan/xl/goods/20170809/201708091702046707_listfull.jpg",
    "title": "四姑娘山二峰加长坪沟穿越毕棚沟活动（6日行程）",
    "money": "3000",
    "date": "09/22",
    "city": "成都"
  },
  {
    "url": "http://hd.8264.com/xianlu-161363",
    "img": "http://img.qunawan.com/ecmme/wan/xl/goods/20170401/201704011317053787_listfull.jpg",
    "title": "入门级雪山攀登 哈巴雪山5396米（4日行程）",
    "money": "3500",
    "date": "09/22",
    "city": "丽江"
  },
  {
    "url": "http://hd.8264.com/xianlu-161376",
    "img": "http://img.qunawan.com/ecmme/wan/xl/goods/20170401/201704011615272205_listfull.jpg",
    "title": "呼伦贝尔特色越野线路 独创线路 仅次一团（6日行程）",
    "money": "2980",
    "date": "09/22",
    "city": "呼伦"
  },
  {
    "url": "http://hd.8264.com/xianlu-161355",
    "img": "http://img.qunawan.com/ecmme/wan/xl/goods/20170401/201704011021305740_listfull.jpg",
    "title": "华夏寻根之旅（8日行程）",
    "money": "2980",
    "date": "10/01",
    "city": "西安"
  },
  {
    "url": "http://hd.8264.com/xianlu-163669",
    "img": "http://img.qunawan.com/ecmme/wan/xl/goods/20170504/201705041626521273_listfull.jpg",
    "title": "九寨沟MF 黄龙 毕棚沟 九曲日落 若尔盖花湖（7日行程）",
    "money": "2880",
    "date": "09/23",
    "city": "成都"
  },
  {
    "url": "http://hd.8264.com/xianlu-161350",
    "img": "http://img.qunawan.com/ecmme/wan/xl/goods/20170401/201704010943441774_listfull.jpg",
    "title": "奇绝挂壁公路探索之旅（6日行程）",
    "money": "2480",
    "date": "10/01",
    "city": "西安"
  },
  {
    "url": "http://hd.8264.com/xianlu-161335",
    "img": "http://img.qunawan.com/ecmme/wan/xl/goods/20170331/201703311736138778_listfull.png",
    "title": "高端甘南摄影之旅（9日行程）",
    "money": "3980",
    "date": "09/23",
    "city": "兰州"
  },
  {
    "url": "http://hd.8264.com/xianlu-164566",
    "img": "http://img.qunawan.com/ecmme/wan/xl/goods/20170627/201706271037597918_listfull.jpg",
    "title": "呼伦贝尔 穿越草原纯玩自助游 篝火晚会 搭帐篷露营（6日行程）",
    "money": "3550",
    "date": "09/22",
    "city": "呼伦"
  },
  {
    "url": "http://hd.8264.com/xianlu-161331",
    "img": "http://img.qunawan.com/ecmme/wan/xl/goods/20170331/201703311650108787_listfull.png",
    "title": "丝绸之路 玄奘西行（7日行程）",
    "money": "2980",
    "date": "09/23",
    "city": "西宁"
  },
  {
    "url": "http://hd.8264.com/xianlu-161329",
    "img": "http://img.qunawan.com/ecmme/wan/xl/goods/20170331/201703311603479899_listfull.jpg",
    "title": "高端甘南路线 探索圣境之旅（7日行程）",
    "money": "2680",
    "date": "09/30",
    "city": "兰州"
  },
  {
    "url": "http://hd.8264.com/xianlu-161463",
    "img": "http://img.qunawan.com/ecmme/wan/xl/goods/20170405/201704051055377004_listfull.jpg",
    "title": "西昌 泸沽湖 丽江 稻城亚丁川滇环线深度体验游（10日行程）",
    "money": "4580",
    "date": "09/22",
    "city": "成都"
  },
  {
    "url": "http://hd.8264.com/xianlu-161320",
    "img": "http://img.qunawan.com/ecmme/wan/xl/goods/20170331/201703311534145675_listfull.jpg",
    "title": "青海甘南大环线（9日行程）",
    "money": "3380",
    "date": "10/02",
    "city": "兰州"
  },
  {
    "url": "http://hd.8264.com/xianlu-161314",
    "img": "http://img.qunawan.com/ecmme/wan/xl/goods/20170608/201706080924206292_listfull.jpg",
    "title": "林芝珠峰拉萨自驾游 全程含普拉多租赁费（8日行程）",
    "money": "8680",
    "date": "09/26",
    "city": "林芝"
  },
  {
    "url": "http://hd.8264.com/xianlu-161308",
    "img": "http://img.qunawan.com/ecmme/wan/xl/goods/20170404/201704041135542566_listfull.jpg",
    "title": "探秘西藏世外桃园索松村（10日行程）",
    "money": "5299",
    "date": "10/05",
    "city": "拉萨"
  },
  {
    "url": "http://hd.8264.com/xianlu-161298",
    "img": "http://img.qunawan.com/ecmme/wan/xl/goods/20170608/201706080931116847_listfull.jpg",
    "title": "自由行 拉萨珠峰日喀则自主自驾游 含全新普拉多租赁费（6日行程）",
    "money": "3780",
    "date": "09/22",
    "city": "拉萨"
  },
  {
    "url": "http://hd.8264.com/xianlu-163306",
    "img": "http://img.qunawan.com/ecmme/wan/xl/goods/20170427/201704271059208717_listfull.jpg",
    "title": "呼伦贝尔大草原骑马穿越纯玩自由行（6日行程）",
    "money": "2580",
    "date": "09/22",
    "city": "呼伦"
  },
  {
    "url": "http://hd.8264.com/xianlu-161260",
    "img": "http://img.qunawan.com/ecmme/wan/xl/goods/20170608/201706080933541161_listfull.jpg",
    "title": "精品自由行 林芝巴松措拉萨自主自驾6日游含全新普拉多租赁费（6日行程）",
    "money": "4800",
    "date": "09/22",
    "city": "拉萨"
  },
  {
    "url": "http://hd.8264.com/xianlu-161246",
    "img": "http://img.qunawan.com/ecmme/wan/xl/goods/20170330/201703301259119653_listfull.jpg",
    "title": "四川达尔宫户外全年地接四姑娘山大二三峰豪华版攀登活动（5日行程）",
    "money": "2280",
    "date": "09/22",
    "city": "成都"
  },
  {
    "url": "http://hd.8264.com/xianlu-163104",
    "img": "http://img.qunawan.com/ecmme/wan/xl/goods/20170424/201704241803492354_listfull.jpg",
    "title": "七彩云南B线 大理古城 玉龙雪山 崇圣寺三塔 洱海 双廊（6日行程）",
    "money": "2380",
    "date": "09/23",
    "city": "丽江"
  },
  {
    "url": "http://hd.8264.com/xianlu-163241",
    "img": "http://img.qunawan.com/ecmme/wan/xl/goods/20170426/201704261109014064_listfull.jpg",
    "title": "都江堰青城山游（1日行程）",
    "money": "280",
    "date": "09/22",
    "city": "成都"
  }
]