[
  {
    "url": "http://hd.8264.com/xianlu-161191",
    "img": "http://img.qunawan.com/ecmme/wan/xl/goods/20170329/201703291553187007_listfull.jpg",
    "title": "探秘古河道活动 地球漏洞（1日行程）",
    "money": "280",
    "date": "09/23",
    "city": "贵阳"
  },
  {
    "url": "http://hd.8264.com/xianlu-161188",
    "img": "http://img.qunawan.com/ecmme/wan/xl/goods/20170329/201703291548267533_listfull.jpg",
    "title": "哈巴雪山探险 独家定制（4日行程）",
    "money": "2980",
    "date": "09/22",
    "city": "丽江"
  },
  {
    "url": "http://hd.8264.com/xianlu-161167",
    "img": "http://img.qunawan.com/ecmme/wan/xl/goods/20170329/201703291143568772_listfull.jpg",
    "title": "长毕经典 四姑娘山长坪沟穿越毕棚沟 中国十大经典徒步线路之一（6日行程）",
    "money": "2480",
    "date": "09/30",
    "city": "成都"
  },
  {
    "url": "http://hd.8264.com/xianlu-161165",
    "img": "http://img.qunawan.com/ecmme/wan/xl/goods/20170904/201709041841228565_listfull.jpg",
    "title": "川藏线 稻城亚丁 林芝 来古冰川 羊卓雍措行摄游（11日行程）",
    "money": "6880",
    "date": "09/23",
    "city": "成都"
  },
  {
    "url": "http://hd.8264.com/xianlu-161142",
    "img": "http://img.qunawan.com/ecmme/wan/xl/goods/20170329/201703290925258140_listfull.jpg",
    "title": "周末短线 新昌小黄山 脱宅脱单拥抱阳光与快乐（3日行程）",
    "money": "420",
    "date": "10/20",
    "city": "上海"
  },
  {
    "url": "http://hd.8264.com/xianlu-161132",
    "img": "http://img.qunawan.com/ecmme/wan/xl/goods/20170731/201707311054491615_listfull.jpg",
    "title": "云南哈巴雪山初级攀登体验计划（4日行程）",
    "money": "2800",
    "date": "09/22",
    "city": "丽江"
  },
  {
    "url": "http://hd.8264.com/xianlu-161108",
    "img": "http://img.qunawan.com/ecmme/wan/xl/goods/20170328/201703281539507871_listfull.jpg",
    "title": "大地最后的秘境 苗厅探洞之旅（1日行程）",
    "money": "280",
    "date": "09/23",
    "city": "贵阳"
  },
  {
    "url": "http://hd.8264.com/xianlu-161107",
    "img": "http://img.qunawan.com/ecmme/wan/xl/goods/20170328/201703281603299575_listfull.jpg",
    "title": "康巴吉祥兄弟户外俱乐部 川藏南线 稻城亚丁行程（11日行程）",
    "money": "3800",
    "date": "09/23",
    "city": "成都"
  },
  {
    "url": "http://hd.8264.com/xianlu-169880",
    "img": "http://img.qunawan.com/ecmme/wan/xl/goods/20170803/201708031007275927_listfull.jpg",
    "title": "国庆节 九寨沟 黄龙 若尔盖草原 花湖 年保玉则 行摄7日（7日行程）",
    "money": "3580",
    "date": "09/23",
    "city": "成都"
  },
  {
    "url": "http://hd.8264.com/xianlu-161096",
    "img": "http://img.qunawan.com/ecmme/wan/xl/goods/20170328/201703281402182973_listfull.png",
    "title": "圣地稻城亚丁 四姑娘山 丹巴甲居藏寨摄影之旅（8日行程）",
    "money": "2780",
    "date": "09/23",
    "city": "成都"
  },
  {
    "url": "http://hd.8264.com/xianlu-161066",
    "img": "http://img.qunawan.com/ecmme/wan/xl/goods/20170328/201703281042394584_listfull.jpg",
    "title": "互助彩虹部落土族园 塔尔寺品质纯玩（1日行程）",
    "money": "300",
    "date": "09/22",
    "city": "西宁"
  },
  {
    "url": "http://hd.8264.com/xianlu-161054",
    "img": "http://img.qunawan.com/ecmme/wan/xl/goods/20170328/201703280035364532_listfull.jpg",
    "title": "水的世界 花的海洋 佛的天国 九寨 花湖 色达 游（8日行程）",
    "money": "4580",
    "date": "09/23",
    "city": "成都"
  },
  {
    "url": "http://hd.8264.com/xianlu-161013",
    "img": "http://img.qunawan.com/ecmme/wan/xl/goods/20170327/201703271637102835_listfull.jpg",
    "title": "常熟263米 虞山古道 尚湖（1日行程）",
    "money": "99",
    "date": "09/24",
    "city": "上海"
  },
  {
    "url": "http://hd.8264.com/xianlu-161012",
    "img": "http://img.qunawan.com/ecmme/wan/xl/goods/20170327/201703271635163952_listfull.jpg",
    "title": "新昌441米 牛背山古道（1日行程）",
    "money": "99",
    "date": "09/23",
    "city": "上海"
  },
  {
    "url": "http://hd.8264.com/xianlu-160992",
    "img": "http://img.qunawan.com/ecmme/wan/xl/goods/20170327/201703271303452825_listfull.jpg",
    "title": "房车带你穿越库布其最美沙漠（4日行程）",
    "money": "2680",
    "date": "09/28",
    "city": "阿拉"
  },
  {
    "url": "http://hd.8264.com/xianlu-160986",
    "img": "http://img.qunawan.com/ecmme/wan/xl/goods/20170327/201703271133096640_listfull.jpg",
    "title": "2017年珠峰东坡精品摄影团 全程轻装徒步 徒步期间包食宿（14日行程）",
    "money": "9800",
    "date": "10/15",
    "city": "拉萨"
  },
  {
    "url": "http://hd.8264.com/xianlu-160959",
    "img": "http://img.qunawan.com/ecmme/wan/xl/goods/20170326/201703261626266394_listfull.jpg",
    "title": "2017年珠峰大本营 纳木错洋湖 双圣湖 环线游（5日行程）",
    "money": "1400",
    "date": "09/22",
    "city": "拉萨"
  },
  {
    "url": "http://hd.8264.com/xianlu-161222",
    "img": "http://img.qunawan.com/ecmme/wan/xl/goods/20170330/201703300917497937_listfull.jpg",
    "title": "呼伦贝尔大草原 民俗 美食 驯鹿 骑马 异域风情6天5晚游（6日行程）",
    "money": "2080",
    "date": "09/22",
    "city": "呼伦"
  },
  {
    "url": "http://hd.8264.com/xianlu-161386",
    "img": "http://img.qunawan.com/ecmme/wan/xl/goods/20170401/201704012120572817_listfull.jpg",
    "title": "大地无疆户外热推全草原深度游（6日行程）",
    "money": "2000",
    "date": "09/22",
    "city": "呼伦"
  },
  {
    "url": "http://hd.8264.com/xianlu-160933",
    "img": "http://img.qunawan.com/ecmme/wan/xl/goods/20170425/201704251744088954_listfull.png",
    "title": "呼伦贝尔大草原深度游（6日行程）",
    "money": "3080",
    "date": "09/22",
    "city": "呼伦"
  }
]