[
  {
    "url": "http://hd.8264.com/xianlu-160919",
    "img": "http://img.qunawan.com/ecmme/wan/xl/goods/20170325/201703251309461330_listfull.jpg",
    "title": "青海湖敦煌大环线（6日行程）",
    "money": "1500",
    "date": "09/22",
    "city": "西宁"
  },
  {
    "url": "http://hd.8264.com/xianlu-160913",
    "img": "http://img.qunawan.com/ecmme/wan/xl/goods/20170325/201703251151192044_listfull.jpg",
    "title": "大蒙古迁徙露营星空之旅（6日行程）",
    "money": "2580",
    "date": "09/22",
    "city": "呼伦"
  },
  {
    "url": "http://hd.8264.com/xianlu-160853",
    "img": "http://img.qunawan.com/ecmme/wan/xl/goods/20170324/201703241125167715_listfull.jpg",
    "title": "西部秘境 撩鼠圣地 云上香巴拉 云下莫斯卡（3日行程）",
    "money": "980",
    "date": "09/22",
    "city": "成都"
  },
  {
    "url": "http://hd.8264.com/xianlu-160832",
    "img": "http://img.qunawan.com/ecmme/wan/xl/goods/20170324/201703240957474192_listfull.jpg",
    "title": "履约色达 若尔盖年保色达甘孜新都桥环线（8日行程）",
    "money": "3750",
    "date": "09/23",
    "city": "成都"
  },
  {
    "url": "http://hd.8264.com/xianlu-160819",
    "img": "http://img.qunawan.com/ecmme/wan/xl/goods/20170323/201703231800201446_listfull.jpg",
    "title": "贡嘎山全线徒步穿越（8日行程）",
    "money": "2880",
    "date": "09/23",
    "city": "成都"
  },
  {
    "url": "http://hd.8264.com/xianlu-160817",
    "img": "http://img.qunawan.com/ecmme/wan/xl/goods/20170323/201703231717519385_listfull.jpg",
    "title": "丹巴党岭葫芦海 道孚秘境徒步穿越（7日行程）",
    "money": "3580",
    "date": "10/01",
    "city": "成都"
  },
  {
    "url": "http://hd.8264.com/xianlu-160813",
    "img": "http://img.qunawan.com/ecmme/wan/xl/goods/20170323/201703231628221916_listfull.png",
    "title": "稻城亚丁转山本命年 亚丁大转山全年接受私人定制（8日行程）",
    "money": "3280",
    "date": "10/01",
    "city": "成都"
  },
  {
    "url": "http://hd.8264.com/xianlu-160812",
    "img": "http://img.qunawan.com/ecmme/wan/xl/goods/20170323/201703231625392595_listfull.jpg",
    "title": "四姑娘山 长坪沟毕棚沟穿越（6日行程）",
    "money": "2480",
    "date": "09/30",
    "city": "成都"
  },
  {
    "url": "http://hd.8264.com/xianlu-160805",
    "img": "http://img.qunawan.com/ecmme/wan/xl/goods/20170323/201703231542264217_listfull.jpg",
    "title": "呼伦贝尔自助游草原经典线路（8日行程）",
    "money": "2800",
    "date": "09/22",
    "city": "呼伦"
  },
  {
    "url": "http://hd.8264.com/xianlu-160804",
    "img": "http://img.qunawan.com/ecmme/wan/xl/goods/20170506/201705061647231734_listfull.png",
    "title": "呼伦贝尔旅游草原深度穿越经典A线（4日行程）",
    "money": "1500",
    "date": "09/22",
    "city": "呼伦"
  },
  {
    "url": "http://hd.8264.com/xianlu-160798",
    "img": "http://img.qunawan.com/ecmme/wan/xl/goods/20170323/201703231526476087_listfull.jpg",
    "title": "呼伦贝尔自助游草原经典线路（3日行程）",
    "money": "1350",
    "date": "09/22",
    "city": "呼伦"
  },
  {
    "url": "http://hd.8264.com/xianlu-160790",
    "img": "http://img.qunawan.com/ecmme/wan/xl/goods/20170323/201703231502472127_listfull.jpg",
    "title": "朝圣世界之巅 尼泊尔 珠峰南坡大本营EBC 岛峰（17日行程）",
    "money": "17800",
    "date": "10/01",
    "city": "加德"
  },
  {
    "url": "http://hd.8264.com/xianlu-160770",
    "img": "http://img.qunawan.com/ecmme/wan/xl/goods/20170323/201703231352501620_listfull.jpg",
    "title": "桑雪登山17年那玛峰攀登（8日行程）",
    "money": "6800",
    "date": "09/28",
    "city": "成都"
  },
  {
    "url": "http://hd.8264.com/xianlu-160757",
    "img": "http://img.qunawan.com/ecmme/wan/xl/goods/20170323/201703231112528711_listfull.jpg",
    "title": "朝圣世界之巅 尼泊尔 珠峰南坡大本营EBC徒步 岛峰攀登（17日行程）",
    "money": "17800",
    "date": "10/01",
    "city": "加德"
  },
  {
    "url": "http://hd.8264.com/xianlu-160746",
    "img": "http://img.qunawan.com/ecmme/wan/xl/goods/20170422/201704221355149999_listfull.jpg",
    "title": "宝贝去哪儿 呼伦贝尔大草原 特色亲子游活动挤牛奶 做列巴（7日行程）",
    "money": "2200",
    "date": "09/22",
    "city": "呼伦"
  },
  {
    "url": "http://hd.8264.com/xianlu-160744",
    "img": "http://img.qunawan.com/ecmme/wan/xl/goods/20170422/201704221403496692_listfull.jpg",
    "title": "高端越野 呼伦贝尔越野车深度探险 穿越莫日格勒 私家牧场（6日行程）",
    "money": "2980",
    "date": "09/22",
    "city": "呼伦"
  },
  {
    "url": "http://hd.8264.com/xianlu-160723",
    "img": "http://img.qunawan.com/ecmme/wan/xl/goods/20170322/201703221739482037_listfull.jpg",
    "title": "2017七藏探秘 毗邻黄龙的极致美景七藏沟徒步（7日行程）",
    "money": "3180",
    "date": "09/30",
    "city": "成都"
  },
  {
    "url": "http://hd.8264.com/xianlu-160720",
    "img": "http://img.qunawan.com/ecmme/wan/xl/goods/20170322/201703221722241097_listfull.jpg",
    "title": "2017长毕经典 四姑娘山长坪沟毕棚沟穿越（6日行程）",
    "money": "2480",
    "date": "09/30",
    "city": "成都"
  },
  {
    "url": "http://hd.8264.com/xianlu-160682",
    "img": "http://img.qunawan.com/ecmme/wan/xl/goods/20170322/201703221416027785_listfull.jpg",
    "title": "朝圣世界之巅 世界顶级路线EBC徒步 岛峰攀登（17日行程）",
    "money": "17800",
    "date": "10/01",
    "city": "加德"
  },
  {
    "url": "http://hd.8264.com/xianlu-160680",
    "img": "http://img.qunawan.com/ecmme/wan/xl/goods/20170322/201703221410103472_listfull.jpg",
    "title": "尼泊尔珠峰南坡大本营EBC岛峰世界顶级路线EBC徒步岛峰攀登（17日行程）",
    "money": "17800",
    "date": "10/01",
    "city": "加德"
  }
]