[
  {
    "url": "http://hd.8264.com/xianlu-160675",
    "img": "http://img.qunawan.com/ecmme/wan/xl/goods/20170322/201703221348067473_listfull.jpg",
    "title": "东极岛（4日行程）",
    "money": "239",
    "date": "09/22",
    "city": "上海"
  },
  {
    "url": "http://hd.8264.com/xianlu-160669",
    "img": "http://img.qunawan.com/ecmme/wan/xl/goods/20170322/201703221341534906_listfull.jpg",
    "title": "兴化 兴化花海 泰州老街（3日行程）",
    "money": "249",
    "date": "09/22",
    "city": "上海"
  },
  {
    "url": "http://hd.8264.com/xianlu-160656",
    "img": "http://img.qunawan.com/ecmme/wan/xl/goods/20170322/201703221210088181_listfull.jpg",
    "title": "呼伦贝尔草原深度自助游B线（5日行程）",
    "money": "2400",
    "date": "09/22",
    "city": "济南"
  },
  {
    "url": "http://hd.8264.com/xianlu-160655",
    "img": "http://img.qunawan.com/ecmme/wan/xl/goods/20170322/201703221201589530_listfull.jpg",
    "title": "呼伦贝尔草原深度自助游A线（5日行程）",
    "money": "1500",
    "date": "09/22",
    "city": "北京"
  },
  {
    "url": "http://hd.8264.com/xianlu-160650",
    "img": "http://img.qunawan.com/ecmme/wan/xl/goods/20170413/201704131256475124_listfull.jpg",
    "title": "川西大环线 色达 稻城亚丁 色达 稻城 甘孜 新都桥 理塘（8日行程）",
    "money": "3580",
    "date": "09/22",
    "city": "成都"
  },
  {
    "url": "http://hd.8264.com/xianlu-160648",
    "img": "http://img.qunawan.com/ecmme/wan/xl/goods/20170322/201703221115125662_listfull.jpg",
    "title": "最美川西经典环线 佛国色达 稻城亚丁 新都桥深度游（8日行程）",
    "money": "3580",
    "date": "09/22",
    "city": "成都"
  },
  {
    "url": "http://hd.8264.com/xianlu-160615",
    "img": "http://img.qunawan.com/ecmme/wan/xl/goods/20170321/201703211914277178_listfull.jpg",
    "title": "宁夏银川出发内蒙古阿拉善腾格里沙漠（1日行程）",
    "money": "200",
    "date": "09/22",
    "city": "银川"
  },
  {
    "url": "http://hd.8264.com/xianlu-160631",
    "img": "http://img.qunawan.com/ecmme/wan/xl/goods/20170322/201703221009398659_listfull.jpg",
    "title": "呼伦贝尔l旅游草原深度穿越自助游（7日行程）",
    "money": "2000",
    "date": "09/22",
    "city": "呼伦"
  },
  {
    "url": "http://hd.8264.com/xianlu-160598",
    "img": "http://img.qunawan.com/ecmme/wan/xl/goods/20170321/201703211717066916_listfull.jpg",
    "title": "稻城亚丁 新都桥 海螺沟精品环线7日游 每周六发团（7日行程）",
    "money": "1980",
    "date": "09/23",
    "city": "成都"
  },
  {
    "url": "http://hd.8264.com/xianlu-160601",
    "img": "http://img.qunawan.com/ecmme/wan/xl/goods/20170321/201703211731172097_listfull.jpg",
    "title": "九寨 黄龙 若尔盖 唐克 年保玉则环线（7日行程）",
    "money": "2980",
    "date": "09/24",
    "city": "成都"
  },
  {
    "url": "http://hd.8264.com/xianlu-160573",
    "img": "http://img.qunawan.com/ecmme/wan/xl/goods/20170321/201703211421544196_listfull.jpg",
    "title": "秘境川西 海螺沟 新都桥 稻城亚丁 深度旅行7日之旅（8日行程）",
    "money": "2380",
    "date": "09/22",
    "city": "成都"
  },
  {
    "url": "http://hd.8264.com/xianlu-160570",
    "img": "http://img.qunawan.com/ecmme/wan/xl/goods/20170321/201703211431484318_listfull.jpg",
    "title": "狂野呼伦贝尔大草原 极度体验（6日行程）",
    "money": "2000",
    "date": "09/22",
    "city": "哈尔"
  },
  {
    "url": "http://hd.8264.com/xianlu-160558",
    "img": "http://img.qunawan.com/ecmme/wan/xl/goods/20170321/201703211335006902_listfull.jpg",
    "title": "七彩云南C线 柔情丽江 泸沽湖 香格里拉 普达措国家公园（5日行程）",
    "money": "1980",
    "date": "09/23",
    "city": "丽江"
  },
  {
    "url": "http://hd.8264.com/xianlu-160559",
    "img": "http://img.qunawan.com/ecmme/wan/xl/goods/20170822/201708221757464675_listfull.jpg",
    "title": "夏尔巴 勇攀高峰之5588米那玛峰登山探险计划（7日行程）",
    "money": "6200",
    "date": "09/23",
    "city": "成都"
  },
  {
    "url": "http://hd.8264.com/xianlu-160554",
    "img": "http://img.qunawan.com/ecmme/wan/xl/goods/20170321/201703211145305626_listfull.jpg",
    "title": "色达稻亚 穿越佛国净土 走进最后香格里拉 色达稻城亚丁环线（9日行程）",
    "money": "3280",
    "date": "09/22",
    "city": "成都"
  },
  {
    "url": "http://hd.8264.com/xianlu-160552",
    "img": "http://img.qunawan.com/ecmme/wan/xl/goods/20170321/201703211146506572_listfull.jpg",
    "title": "走进高尔夫 跟着专业的老师学习（1日行程）",
    "money": "160",
    "date": "10/15",
    "city": "上海"
  },
  {
    "url": "http://hd.8264.com/xianlu-160548",
    "img": "http://img.qunawan.com/ecmme/wan/xl/goods/20170321/201703211126316226_listfull.jpg",
    "title": "腾格里沙漠 五湖连穿 4天3晚（4日行程）",
    "money": "2680",
    "date": "09/28",
    "city": "银川"
  },
  {
    "url": "http://hd.8264.com/xianlu-160547",
    "img": "http://img.qunawan.com/ecmme/wan/xl/goods/20170321/201703211121363160_listfull.jpg",
    "title": "深度探险 穿越无人区（11日行程）",
    "money": "23800",
    "date": "09/22",
    "city": "重庆"
  },
  {
    "url": "http://hd.8264.com/xianlu-160537",
    "img": "http://img.qunawan.com/ecmme/wan/xl/goods/20170321/201703211044367737_listfull.jpg",
    "title": "呼伦贝尔草原深度自助游（6日行程）",
    "money": "2400",
    "date": "09/22",
    "city": "广州"
  },
  {
    "url": "http://hd.8264.com/xianlu-160535",
    "img": "http://img.qunawan.com/ecmme/wan/xl/goods/20170321/201703211042485322_listfull.jpg",
    "title": "金秋最美川西稻亚 色达 毕棚沟环线游（8日行程）",
    "money": "3000",
    "date": "09/23",
    "city": "成都"
  }
]