[
  {
    "url": "http://hd.8264.com/xianlu-165963",
    "img": "http://img.qunawan.com/ecmme/wan/xl/goods/20170601/201706012151078079_listfull.jpg",
    "title": "赏醉美大草原 罗定八排山 登山踏青 云端草原（1日行程）",
    "money": "159",
    "date": "10/14",
    "city": "广州"
  },
  {
    "url": "http://hd.8264.com/xianlu-166436",
    "img": "http://img.qunawan.com/ecmme/wan/xl/goods/20170607/201706071340418186_listfull.jpg",
    "title": "阿里北线终极朝圣 深度中的深度 深度阿里大北线 深度西藏（13日行程）",
    "money": "5888",
    "date": "09/22",
    "city": "拉萨"
  },
  {
    "url": "http://hd.8264.com/xianlu-160506",
    "img": "http://img.qunawan.com/ecmme/wan/xl/goods/20170320/201703201737185763_listfull.jpg",
    "title": "越野车穿越呼伦贝尔大草原深度游（6日行程）",
    "money": "3250",
    "date": "09/22",
    "city": "安庆"
  },
  {
    "url": "http://hd.8264.com/xianlu-160497",
    "img": "http://img.qunawan.com/ecmme/wan/xl/goods/20170320/201703201647397537_listfull.jpg",
    "title": "秘境川西 九寨 黄龙 若尔盖 花湖 年保玉则 醉美摄影环线（8日行程）",
    "money": "2980",
    "date": "09/23",
    "city": "成都"
  },
  {
    "url": "http://hd.8264.com/xianlu-160495",
    "img": "http://img.qunawan.com/ecmme/wan/xl/goods/20170320/201703201632398652_listfull.jpg",
    "title": "七彩云南B线 大理古城 玉龙雪山 洱海游轮 双廊古镇（6日行程）",
    "money": "2380",
    "date": "09/23",
    "city": "丽江"
  },
  {
    "url": "http://hd.8264.com/xianlu-160493",
    "img": "http://img.qunawan.com/ecmme/wan/xl/goods/20170320/201703201638378947_listfull.jpg",
    "title": "徒步天堂 中国十大经典徒步线路之一四姑娘山长坪沟穿越毕棚沟（5日行程）",
    "money": "2480",
    "date": "09/30",
    "city": "成都"
  },
  {
    "url": "http://hd.8264.com/xianlu-160487",
    "img": "http://img.qunawan.com/ecmme/wan/xl/goods/20170320/201703201603358926_listfull.jpg",
    "title": "七彩云南A线 香格里拉 虎跳峡 梅里雪山 西藏盐井 滇藏人文（7日行程）",
    "money": "2680",
    "date": "09/25",
    "city": "丽江"
  },
  {
    "url": "http://hd.8264.com/xianlu-160479",
    "img": "http://img.qunawan.com/ecmme/wan/xl/goods/20170320/201703201538532760_listfull.jpg",
    "title": "2017探访苦修密地 走进佛国世界色达 亚青寺 甘孜佛学之旅（7日行程）",
    "money": "3280",
    "date": "10/01",
    "city": "成都"
  },
  {
    "url": "http://hd.8264.com/xianlu-160470",
    "img": "http://img.qunawan.com/ecmme/wan/xl/goods/20170321/201703211002114455_listfull.jpg",
    "title": "醉美广西游三江侗乡龙脊梯田玩阳朔山水（6日行程）",
    "money": "1580",
    "date": "09/22",
    "city": "桂林"
  },
  {
    "url": "http://hd.8264.com/xianlu-160457",
    "img": "http://img.qunawan.com/ecmme/wan/xl/goods/20170320/201703201246047213_listfull.jpg",
    "title": "九色甘南 若尔盖 拉卜楞寺 黄河九曲环线 精品版（7日行程）",
    "money": "2980",
    "date": "09/23",
    "city": "兰州"
  },
  {
    "url": "http://hd.8264.com/xianlu-160451",
    "img": "http://img.qunawan.com/ecmme/wan/xl/goods/20170320/201703201207523955_listfull.jpg",
    "title": "丹巴藏寨党岭葫芦海 道孚秘境徒步穿越（7日行程）",
    "money": "3180",
    "date": "10/01",
    "city": "成都"
  },
  {
    "url": "http://hd.8264.com/xianlu-160450",
    "img": "http://img.qunawan.com/ecmme/wan/xl/goods/20170320/201703201156589104_listfull.jpg",
    "title": "贡嘎转山 蜀山之王大环线穿越7天穿越挑战极限（8日行程）",
    "money": "2880",
    "date": "09/23",
    "city": "安庆"
  },
  {
    "url": "http://hd.8264.com/xianlu-160423",
    "img": "http://img.qunawan.com/ecmme/wan/xl/goods/20170320/201703200946415221_listfull.jpg",
    "title": "清明节 朝拜蜀山之王 贡嘎西南坡5日徒步穿越 泡草科温泉（5日行程）",
    "money": "2480",
    "date": "09/30",
    "city": "成都"
  },
  {
    "url": "http://hd.8264.com/xianlu-160453",
    "img": "http://img.qunawan.com/ecmme/wan/xl/goods/20170320/201703201227318822_listfull.jpg",
    "title": "世界之巅 探访尼泊尔EBC 世界顶级徒步圆梦之旅（14日行程）",
    "money": "8500",
    "date": "10/01",
    "city": "加德"
  },
  {
    "url": "http://hd.8264.com/xianlu-160403",
    "img": "http://img.qunawan.com/ecmme/wan/xl/goods/20170810/201708101415369641_listfull.jpg",
    "title": "一起走进怒江 丙中洛 独龙江 高黎贡山 探访最后的纹面女（8日行程）",
    "money": "3600",
    "date": "09/29",
    "city": "昆明"
  },
  {
    "url": "http://hd.8264.com/xianlu-160384",
    "img": "http://img.qunawan.com/ecmme/wan/xl/goods/20170422/201704221408441479_listfull.jpg",
    "title": "南北大环线 童话阿尔山 中国最北点漠河 呼伦贝尔大草原（11日行程）",
    "money": "3800",
    "date": "09/22",
    "city": "呼伦"
  },
  {
    "url": "http://hd.8264.com/xianlu-161337",
    "img": "http://img.qunawan.com/ecmme/wan/xl/goods/20170331/201703311754128600_listfull.jpg",
    "title": "丝绸之路 西部传奇之旅（8日行程）",
    "money": "3180",
    "date": "09/30",
    "city": "兰州"
  },
  {
    "url": "http://hd.8264.com/xianlu-160358",
    "img": "http://img.qunawan.com/ecmme/wan/xl/goods/20170317/201703171640189810_listfull.jpg",
    "title": "小众海南游三分之一三亚 洲仔岛 天涯海角 冲浪潜水（7日行程）",
    "money": "3180",
    "date": "09/23",
    "city": "三亚"
  },
  {
    "url": "http://hd.8264.com/xianlu-169095",
    "img": "http://img.qunawan.com/ecmme/wan/xl/goods/20170717/201707170930268333_listfull.jpg",
    "title": "徒步 四姑娘山穿越毕棚沟（6日行程）",
    "money": "2880",
    "date": "09/22",
    "city": "成都"
  },
  {
    "url": "http://hd.8264.com/xianlu-160311",
    "img": "http://img.qunawan.com/ecmme/wan/xl/goods/20170317/201703170948357975_listfull.jpg",
    "title": "美仑美奂的洞穴穿越 亚洲第一的地宫探秘 速降体验极限挑战（4日行程）",
    "money": "2800",
    "date": "09/30",
    "city": "南宁"
  }
]