[
  {
    "url": "http://hd.8264.com/xianlu-160284",
    "img": "http://img.qunawan.com/ecmme/wan/xl/goods/20170316/201703161606498671_listfull.png",
    "title": "孟屯河谷徒步 休闲徒步（2日行程）",
    "money": "420",
    "date": "09/23",
    "city": "成都"
  },
  {
    "url": "http://hd.8264.com/xianlu-160280",
    "img": "http://img.qunawan.com/ecmme/wan/xl/goods/20170316/201703161546295104_listfull.jpg",
    "title": "九顶山徒步 黑龙池（2日行程）",
    "money": "480",
    "date": "09/23",
    "city": "成都"
  },
  {
    "url": "http://hd.8264.com/xianlu-160261",
    "img": "http://img.qunawan.com/ecmme/wan/xl/goods/20170316/201703161435598359_listfull.jpeg",
    "title": "亿年茶岩顶 赏高山杜鹃（2日行程）",
    "money": "398",
    "date": "09/23",
    "city": "广州"
  },
  {
    "url": "http://hd.8264.com/xianlu-160260",
    "img": "http://img.qunawan.com/ecmme/wan/xl/goods/20170316/201703161501555180_listfull.jpg",
    "title": "风景勇气并存 括苍山云海日出大风车 飞鹰道（3日行程）",
    "money": "620",
    "date": "10/20",
    "city": "黄浦"
  },
  {
    "url": "http://hd.8264.com/xianlu-160233",
    "img": "http://img.qunawan.com/ecmme/wan/xl/goods/20170316/201703161252583597_listfull.jpg",
    "title": "珠海最美海岸线 高栏港穿越看风车 看海豚 看海 听海浪（1日行程）",
    "money": "119",
    "date": "10/01",
    "city": "广州"
  },
  {
    "url": "http://hd.8264.com/xianlu-160228",
    "img": "http://img.qunawan.com/ecmme/wan/xl/goods/20170316/201703161223046602_listfull.jpg",
    "title": "游览大美青海湖 重温丝绸之路（6日行程）",
    "money": "1300",
    "date": "09/22",
    "city": "西宁"
  },
  {
    "url": "http://hd.8264.com/xianlu-160216",
    "img": "http://img.qunawan.com/ecmme/wan/xl/goods/20170317/201703171314008540_listfull.jpg",
    "title": "川进青出 川藏线 青藏线经典线路自驾（15日行程）",
    "money": "7280",
    "date": "09/23",
    "city": "成都"
  },
  {
    "url": "http://hd.8264.com/xianlu-160191",
    "img": "http://img.qunawan.com/ecmme/wan/xl/goods/20170316/201703161035149277_listfull.jpeg",
    "title": "SUV 越野车 商务车丽江周边包车定制自由行（1日行程）",
    "money": "500",
    "date": "09/22",
    "city": "丽江"
  },
  {
    "url": "http://hd.8264.com/xianlu-166658",
    "img": "http://img.qunawan.com/ecmme/wan/xl/goods/20170609/201706092305463205_listfull.png",
    "title": "火车团 沙坡头 腾格里沙漠 黄河第一索 西部影视城（3日行程）",
    "money": "750",
    "date": "09/23",
    "city": "银川"
  },
  {
    "url": "http://hd.8264.com/xianlu-160163",
    "img": "http://img.qunawan.com/ecmme/wan/xl/goods/20170315/201703151746205622_listfull.jpg",
    "title": "醉美云南 双廊 丽江 玉龙雪山 泸沽湖 大理 洱海游轮（6日行程）",
    "money": "2380",
    "date": "09/23",
    "city": "云南"
  },
  {
    "url": "http://hd.8264.com/xianlu-160161",
    "img": "http://img.qunawan.com/ecmme/wan/xl/goods/20170504/201705041341342315_listfull.jpg",
    "title": "川藏线318国道极致诱惑自驾之旅（8日行程）",
    "money": "2000",
    "date": "09/22",
    "city": "成都"
  },
  {
    "url": "http://hd.8264.com/xianlu-160154",
    "img": "http://img.qunawan.com/ecmme/wan/xl/goods/20170504/201705041038194246_listfull.jpg",
    "title": "穿梭光影世界 走进摄影家的天堂 新都桥（4日行程）",
    "money": "500",
    "date": "09/22",
    "city": "成都"
  },
  {
    "url": "http://hd.8264.com/xianlu-160104",
    "img": "http://img.qunawan.com/ecmme/wan/xl/goods/20170315/201703151222473905_listfull.jpg",
    "title": "千人走戈壁（7日行程）",
    "money": "12800",
    "date": "09/22",
    "city": "济南"
  },
  {
    "url": "http://hd.8264.com/xianlu-160086",
    "img": "http://img.qunawan.com/ecmme/wan/xl/goods/20170315/201703151039238093_listfull.jpg",
    "title": "皮皮虾 我们走 去九寨沟 花湖 唐克 四姑娘山环线摄影（7日行程）",
    "money": "2680",
    "date": "09/23",
    "city": "安庆"
  },
  {
    "url": "http://hd.8264.com/xianlu-160083",
    "img": "http://img.qunawan.com/ecmme/wan/xl/goods/20170315/201703151024419797_listfull.jpg",
    "title": "国庆深秋 秘境川西之 七藏沟 红星海 鱼海子 徒步穿越（6日行程）",
    "money": "2680",
    "date": "09/30",
    "city": "成都"
  },
  {
    "url": "http://hd.8264.com/xianlu-160081",
    "img": "http://img.qunawan.com/ecmme/wan/xl/goods/20170315/201703151014484909_listfull.jpg",
    "title": "国庆深秋 四姑娘山长坪沟穿越毕棚 中国十大经典徒步线路之一（5日行程）",
    "money": "2480",
    "date": "09/30",
    "city": "成都"
  },
  {
    "url": "http://hd.8264.com/xianlu-160106",
    "img": "http://img.qunawan.com/ecmme/wan/xl/goods/20170315/201703151224243303_listfull.jpg",
    "title": "呼伦贝尔户外穿越草原深度游（6日行程）",
    "money": "1880",
    "date": "09/22",
    "city": "呼伦"
  },
  {
    "url": "http://hd.8264.com/xianlu-160050",
    "img": "http://img.qunawan.com/ecmme/wan/xl/goods/20170523/201705230934462973_listfull.jpg",
    "title": "爱恨船底顶 轻装毕业了（2日行程）",
    "money": "398",
    "date": "09/23",
    "city": "广州"
  },
  {
    "url": "http://hd.8264.com/xianlu-160013",
    "img": "http://img.qunawan.com/ecmme/wan/xl/goods/20170314/201703141458241848_listfull.jpg",
    "title": "2017 海螺沟 稻城亚丁 丹巴藏寨 四姑娘山环线深度摄影（9日行程）",
    "money": "3180",
    "date": "09/23",
    "city": "成都"
  },
  {
    "url": "http://hd.8264.com/xianlu-160005",
    "img": "http://img.qunawan.com/ecmme/wan/xl/goods/20170314/201703141456121169_listfull.jpg",
    "title": "国庆深秋 朝圣贡嘎 朝拜蜀山之王 贡嘎西南坡徒步穿越（5日行程）",
    "money": "2280",
    "date": "09/30",
    "city": "成都"
  }
]