[
  {
    "url": "http://hd.8264.com/xianlu-159999",
    "img": "http://img.qunawan.com/ecmme/wan/xl/goods/20170314/201703141448051228_listfull.jpg",
    "title": "国庆深秋 贡嘎转山 蜀山之王大环线穿越 穿越挑战极限（7日行程）",
    "money": "2880",
    "date": "09/23",
    "city": "成都"
  },
  {
    "url": "http://hd.8264.com/xianlu-159998",
    "img": "http://img.qunawan.com/ecmme/wan/xl/goods/20170314/201703141441087070_listfull.jpg",
    "title": "丝绸之路大环线 青海湖莫高窟鸣沙山月牙泉雅丹魔鬼城嘉峪关（9日行程）",
    "money": "3980",
    "date": "09/23",
    "city": "兰州"
  },
  {
    "url": "http://hd.8264.com/xianlu-159993",
    "img": "http://img.qunawan.com/ecmme/wan/xl/goods/20170314/201703141430277053_listfull.jpg",
    "title": "蜀山传奇 四姑娘山丹巴新都桥贡嘎山伍须海海螺沟（8日行程）",
    "money": "2980",
    "date": "09/23",
    "city": "成都"
  },
  {
    "url": "http://hd.8264.com/xianlu-159991",
    "img": "http://img.qunawan.com/ecmme/wan/xl/goods/20170314/201703141435262126_listfull.jpg",
    "title": "十渡仙西山 竹筏戏水 真人CS 自助烧烤 高空玻璃栈道（1日行程）",
    "money": "180",
    "date": "09/23",
    "city": "北京"
  },
  {
    "url": "http://hd.8264.com/xianlu-159985",
    "img": "http://img.qunawan.com/ecmme/wan/xl/goods/20170314/201703141415179255_listfull.jpg",
    "title": "婺源（3日行程）",
    "money": "199",
    "date": "09/22",
    "city": "上海"
  },
  {
    "url": "http://hd.8264.com/xianlu-159983",
    "img": "http://img.qunawan.com/ecmme/wan/xl/goods/20170314/201703141408331838_listfull.jpg",
    "title": "吴江0米 油菜花古道 黎里古镇（1日行程）",
    "money": "99",
    "date": "09/24",
    "city": "上海"
  },
  {
    "url": "http://hd.8264.com/xianlu-159971",
    "img": "http://img.qunawan.com/ecmme/wan/xl/goods/20170314/201703141157579499_listfull.jpg",
    "title": "呼伦贝尔旅游包车 经典自由行路线（7日行程）",
    "money": "700",
    "date": "09/22",
    "city": "呼伦"
  },
  {
    "url": "http://hd.8264.com/xianlu-159968",
    "img": "http://img.qunawan.com/ecmme/wan/xl/goods/20170314/201703141211014595_listfull.png",
    "title": "秘境川西 探秘九寨沟 花湖 唐克 四姑娘山环线摄影（7日行程）",
    "money": "2680",
    "date": "09/23",
    "city": "成都"
  },
  {
    "url": "http://hd.8264.com/xianlu-159946",
    "img": "http://img.qunawan.com/ecmme/wan/xl/goods/20170314/201703140753377174_listfull.jpg",
    "title": "广西越南 南宁河内 德天瀑布 明仕田园 海防 吉婆岛 下龙湾（7日行程）",
    "money": "3480",
    "date": "09/28",
    "city": "南宁"
  },
  {
    "url": "http://hd.8264.com/xianlu-159945",
    "img": "http://img.qunawan.com/ecmme/wan/xl/goods/20170314/201703140505137693_listfull.jpg",
    "title": "漠河北极村北红村赏春之旅（3日行程）",
    "money": "680",
    "date": "09/22",
    "city": "漠河"
  },
  {
    "url": "http://hd.8264.com/xianlu-159940",
    "img": "http://img.qunawan.com/ecmme/wan/xl/goods/20170313/201703132128548395_listfull.jpg",
    "title": "泸沽湖 遇见最美女儿国 户外纯玩之旅（4日行程）",
    "money": "780",
    "date": "09/28",
    "city": "成都"
  },
  {
    "url": "http://hd.8264.com/xianlu-160928",
    "img": "http://img.qunawan.com/ecmme/wan/xl/goods/20170325/201703251629117324_listfull.png",
    "title": "乌镇 赏古北水镇夜景 登司马台长城 游玩雾灵湖 云岫谷（2日行程）",
    "money": "300",
    "date": "09/23",
    "city": "北京"
  },
  {
    "url": "http://hd.8264.com/xianlu-159923",
    "img": "http://img.qunawan.com/ecmme/wan/xl/goods/20170519/201705191137016852_listfull.jpg",
    "title": "党岭穿越道孚 探寻天堂的秘境（7日行程）",
    "money": "3580",
    "date": "10/01",
    "city": "成都"
  },
  {
    "url": "http://hd.8264.com/xianlu-159920",
    "img": "http://img.qunawan.com/ecmme/wan/xl/goods/20170519/201705191128536538_listfull.jpg",
    "title": "贡嘎西南坡行摄之旅 朝拜蜀山之王（6日行程）",
    "money": "2280",
    "date": "09/30",
    "city": "成都"
  },
  {
    "url": "http://hd.8264.com/xianlu-159875",
    "img": "http://img.qunawan.com/ecmme/wan/xl/goods/20170313/201703131419579188_listfull.jpg",
    "title": "被称为世上最后一片净土稻城亚丁（7日行程）",
    "money": "1880",
    "date": "09/22",
    "city": "成都"
  },
  {
    "url": "http://hd.8264.com/xianlu-159859",
    "img": "http://img.qunawan.com/ecmme/wan/xl/goods/20170313/201703131051432031_listfull.png",
    "title": "腾格里沙漠 徒步体验游（1日行程）",
    "money": "488",
    "date": "09/23",
    "city": "阿拉"
  },
  {
    "url": "http://hd.8264.com/xianlu-159843",
    "img": "http://img.qunawan.com/ecmme/wan/xl/goods/20170312/201703122025169812_listfull.jpg",
    "title": "云南西双版纳 老挝琅勃拉邦 万荣 万象 湄公河探秘跨境游（8日行程）",
    "money": "3980",
    "date": "09/23",
    "city": "西双"
  },
  {
    "url": "http://hd.8264.com/xianlu-161661",
    "img": "http://img.qunawan.com/ecmme/wan/xl/goods/20170414/201704140744106087_listfull.jpg",
    "title": "神秘的呼伦贝尔 巅峰之旅 边防卡线之旅（6日行程）",
    "money": "9680",
    "date": "09/22",
    "city": "呼伦"
  },
  {
    "url": "http://hd.8264.com/xianlu-159840",
    "img": "http://img.qunawan.com/ecmme/wan/xl/goods/20170312/201703121648482679_listfull.jpg",
    "title": "大美青海 私家定制 旅游包车 精品推荐 青藏专线（10日行程）",
    "money": "1800",
    "date": "09/22",
    "city": "西宁"
  },
  {
    "url": "http://hd.8264.com/xianlu-159835",
    "img": "http://img.qunawan.com/ecmme/wan/xl/goods/20170312/201703121321579679_listfull.jpg",
    "title": "贡嘎徒步穿越 蜀山之王 贡嘎山南北全线反穿（6日行程）",
    "money": "2180",
    "date": "09/23",
    "city": "成都"
  }
]