[
  {
    "url": "http://hd.8264.com/xianlu-161716",
    "img": "http://img.qunawan.com/ecmme/wan/xl/goods/20170407/201704071735449213_listfull.png",
    "title": "遇见 色达 稻城亚丁 新都桥行摄之旅（9日行程）",
    "money": "3580",
    "date": "09/22",
    "city": "成都"
  },
  {
    "url": "http://hd.8264.com/xianlu-159797",
    "img": "http://img.qunawan.com/ecmme/wan/xl/goods/20170311/201703111106545221_listfull.jpg",
    "title": "呼伦贝尔北线亲子游（6日行程）",
    "money": "2980",
    "date": "09/22",
    "city": "呼伦"
  },
  {
    "url": "http://hd.8264.com/xianlu-159786",
    "img": "http://img.qunawan.com/ecmme/wan/xl/goods/20170310/201703101923301126_listfull.jpg",
    "title": "结斯沟5417技术型山峰攀登计划（7日行程）",
    "money": "5280",
    "date": "10/15",
    "city": "成都"
  },
  {
    "url": "http://hd.8264.com/xianlu-164894",
    "img": "http://img.qunawan.com/ecmme/wan/xl/goods/20170912/201709121425416993_listfull.jpg",
    "title": "周末 相约易水湖 赤壁外景拍摄地 恋乡太行水镇（1日行程）",
    "money": "89",
    "date": "09/23",
    "city": "东城"
  },
  {
    "url": "http://hd.8264.com/xianlu-160587",
    "img": "http://img.qunawan.com/ecmme/wan/xl/goods/20170321/201703211621481605_listfull.jpg",
    "title": "一起徒步雨崩（6日行程）",
    "money": "1780",
    "date": "09/22",
    "city": "丽江"
  },
  {
    "url": "http://hd.8264.com/xianlu-159769",
    "img": "http://img.qunawan.com/ecmme/wan/xl/goods/20170310/201703101552155551_listfull.jpg",
    "title": "走进雪山 四姑娘山云巅高山大峰登山徒步活动召集中（4日行程）",
    "money": "1380",
    "date": "09/22",
    "city": "成都"
  },
  {
    "url": "http://hd.8264.com/xianlu-159756",
    "img": "http://img.qunawan.com/ecmme/wan/xl/goods/20170310/201703101501411209_listfull.jpg",
    "title": "贡嘎雪山 子梅垭口 巴王海 泉华滩 草科温泉 每周五发团（3日行程）",
    "money": "580",
    "date": "09/22",
    "city": "成都"
  },
  {
    "url": "http://hd.8264.com/xianlu-161285",
    "img": "http://img.qunawan.com/ecmme/wan/xl/goods/20170608/201706080945166418_listfull.jpg",
    "title": "自由行 拉萨巴松措林芝自主自驾 含全新普拉多租赁费（6日行程）",
    "money": "4600",
    "date": "09/22",
    "city": "拉萨"
  },
  {
    "url": "http://hd.8264.com/xianlu-159748",
    "img": "http://img.qunawan.com/ecmme/wan/xl/goods/20170310/201703101229189451_listfull.jpg",
    "title": "七彩云南丽江 泸沽湖 香格里拉 梅里雪山 巴拉格宗深度游（7日行程）",
    "money": "2680",
    "date": "09/25",
    "city": "深圳"
  },
  {
    "url": "http://hd.8264.com/xianlu-159741",
    "img": "http://img.qunawan.com/ecmme/wan/xl/goods/20170310/201703101059124626_listfull.jpg",
    "title": "阿尔山呼伦贝尔豪华大环线（8日行程）",
    "money": "3380",
    "date": "09/22",
    "city": "呼伦"
  },
  {
    "url": "http://hd.8264.com/xianlu-159726",
    "img": "http://img.qunawan.com/ecmme/wan/xl/goods/20170310/201703100932292061_listfull.jpg",
    "title": "贡嘎 约么 穿越挑战极限 贡嘎专业户 不跟你吹牛（8日行程）",
    "money": "2880",
    "date": "09/23",
    "city": "成都"
  },
  {
    "url": "http://hd.8264.com/xianlu-159702",
    "img": "http://img.qunawan.com/ecmme/wan/xl/goods/20170309/201703091658047769_listfull.png",
    "title": "蜀山之王 贡嘎雪山 子梅垭口 巴王海 草科温泉（3日行程）",
    "money": "580",
    "date": "09/22",
    "city": "成都"
  },
  {
    "url": "http://hd.8264.com/xianlu-159683",
    "img": "http://img.qunawan.com/ecmme/wan/xl/goods/20170309/201703091548096737_listfull.jpg",
    "title": "徒步经典 党岭穿越 丹巴藏寨党岭葫芦海 道孚秘境徒步穿越（6日行程）",
    "money": "3180",
    "date": "10/01",
    "city": "成都"
  },
  {
    "url": "http://hd.8264.com/xianlu-159680",
    "img": "http://img.qunawan.com/ecmme/wan/xl/goods/20170316/201703161646489887_listfull.jpg",
    "title": "色达道孚 子梅垭口贡嘎西南坡川西人文 自然景观环线（6日行程）",
    "money": "2380",
    "date": "09/23",
    "city": "成都"
  },
  {
    "url": "http://hd.8264.com/xianlu-159676",
    "img": "http://img.qunawan.com/ecmme/wan/xl/goods/20170309/201703091440486074_listfull.jpg",
    "title": "东方的阿尔卑斯山 四姑娘山长坪沟穿越毕棚沟（5日行程）",
    "money": "2480",
    "date": "09/30",
    "city": "成都"
  },
  {
    "url": "http://hd.8264.com/xianlu-159675",
    "img": "http://img.qunawan.com/ecmme/wan/xl/goods/20170309/201703091430017827_listfull.jpg",
    "title": "九寨黄龙若尔盖草原 花湖年宝玉则休闲环线摄影（7日行程）",
    "money": "2980",
    "date": "09/23",
    "city": "成都"
  },
  {
    "url": "http://hd.8264.com/xianlu-159855",
    "img": "http://img.qunawan.com/ecmme/wan/xl/goods/20170313/201703131047258378_listfull.jpg",
    "title": "远征新西伯利亚 俄罗斯狩猎之旅（7日行程）",
    "money": "68888",
    "date": "10/02",
    "city": "新西"
  },
  {
    "url": "http://hd.8264.com/xianlu-159672",
    "img": "http://img.qunawan.com/ecmme/wan/xl/goods/20170309/201703091159112783_listfull.jpg",
    "title": "蜀山之王 贡嘎西南破徒步体验（5日行程）",
    "money": "2280",
    "date": "09/30",
    "city": "成都"
  },
  {
    "url": "http://hd.8264.com/xianlu-159599",
    "img": "http://img.qunawan.com/ecmme/wan/xl/goods/20170308/201703081507304152_listfull.jpg",
    "title": "随意游 莫斯卡 在醉美的时光遇到你 土拨鼠（3日行程）",
    "money": "980",
    "date": "09/22",
    "city": "成都"
  },
  {
    "url": "http://hd.8264.com/xianlu-159592",
    "img": "http://img.qunawan.com/ecmme/wan/xl/goods/20170308/201703081439407639_listfull.jpg",
    "title": "桂林 阳朔 古东瀑布 银子岩 龙胜梯田 醉美广西（6日行程）",
    "money": "2380",
    "date": "10/01",
    "city": "桂林"
  }
]